Iteration	Posterior	Likelihood	Prior	alpha_morpho	rates_morpho[1]	rates_morpho[2]	rates_morpho[3]	rates_morpho[4]	TL
0	-9958.964	-9880.107	-78.85633	1.001439	0.137241	0.477184	1.00024	2.38534	13.34775
10	-7809.919	-7693.396	-116.5233	1.001133	0.13718	0.477092	1.00019	2.38554	17.11448
20	-7643.709	-7546.813	-96.89595	1.140661	0.164135	0.5153	1.01989	2.30067	15.13779
30	-7595.204	-7498.328	-96.87604	1.218848	0.178452	0.53392	1.02854	2.25909	15.12798
40	-7556.938	-7454.618	-102.3205	1.428074	0.213995	0.576129	1.0459	2.16397	15.65151
50	-7547.363	-7456.556	-90.80679	1.458796	0.218887	0.581551	1.04791	2.15165	14.49706
60	-7545.707	-7457.196	-88.51116	1.669496	0.250359	0.614536	1.059	2.07611	14.24642
70	-7540.697	-7446.43	-94.26702	1.755214	0.262195	0.626174	1.06246	2.04917	14.81344
80	-7513.866	-7428.851	-85.01528	1.69648	0.254142	0.618298	1.06014	2.06742	13.89414
90	-7555.221	-7447.897	-107.3237	1.838391	0.273189	0.636649	1.06536	2.0248	16.11079
100	-7533.574	-7431.996	-101.5774	1.750284	0.261528	0.625529	1.06227	2.05067	15.54497
110	-7536.308	-7440.159	-96.1486	2.037442	0.297704	0.658937	1.0709	1.97246	14.97337
120	-7541.381	-7437.889	-103.4919	1.94259	0.286324	0.648767	1.06848	1.99643	15.71719
130	-7547.439	-7453.553	-93.88547	2.075107	0.302078	0.66277	1.07176	1.96339	14.7433
140	-7529.161	-7429.8	-99.36075	2.525913	0.3489	0.701367	1.07892	1.87082	15.24574
150	-7541.343	-7445.192	-96.15061	2.028969	0.296708	0.658059	1.0707	1.97453	14.97442
160	-7537.865	-7447.898	-89.9663	1.988044	0.291843	0.653736	1.06969	1.98473	14.36008
170	-7510.381	-7426.638	-83.74267	2.069697	0.301455	0.662226	1.07164	1.96468	13.72956
180	-7544.765	-7438.935	-105.8293	1.996594	0.292868	0.654651	1.0699	1.98258	15.94552
190	-7536.295	-7441.891	-94.40395	2.138904	0.30931	0.669016	1.07311	1.94857	14.78876
200	-7528.272	-7437.069	-91.2024	2.022383	0.295932	0.657373	1.07054	1.97616	14.48026
210	-7566.19	-7473.066	-93.12362	1.857119	0.275601	0.638906	1.06597	2.01953	14.68891
220	-7532.113	-7444.372	-87.74095	1.890014	0.279782	0.642784	1.06698	2.01046	14.14735
230	-7538.835	-7447.011	-91.8237	2.080974	0.302753	0.663357	1.07189	1.962	14.53653
240	-7518.41	-7433.034	-85.37607	2.076838	0.302278	0.662943	1.0718	1.96298	13.89218
250	-7508.273	-7417.884	-90.38971	1.720986	0.257532	0.621635	1.06114	2.0597	14.42913
260	-7533.115	-7445.437	-87.678	2.135921	0.308977	0.66873	1.07305	1.94925	14.11647
270	-7529.275	-7434.28	-94.99506	1.710757	0.256122	0.620251	1.06073	2.0629	14.89069
280	-7536.125	-7444.922	-91.20259	1.83416	0.272641	0.636134	1.06523	2.026	14.4991
290	-7512.285	-7430.177	-82.10827	1.848035	0.274434	0.637816	1.06568	2.02207	13.58828
300	-7535.825	-7442.357	-93.46831	1.955341	0.287885	0.650179	1.06883	1.99311	14.71355
310	-7529.138	-7444.436	-84.70147	1.873416	0.277681	0.640841	1.06647	2.015	13.84506
320	-7509.716	-7420.371	-89.34508	2.151639	0.310728	0.670227	1.07336	1.94569	14.2816
330	-7536.522	-7449.475	-87.04692	2.224603	0.318688	0.676953	1.07471	1.92965	14.04449
340	-7550.587	-7449.443	-101.1446	2.139562	0.309384	0.669079	1.07312	1.94842	15.46277
350	-7529.425	-7441.657	-87.76805	2.05938	0.300261	0.661183	1.07141	1.96715	14.13313
360	-7541.078	-7448.394	-92.68386	2.303354	0.326983	0.683827	1.07601	1.91318	14.60031
370	-7517.439	-7430.639	-86.80009	1.783243	0.265952	0.629789	1.06348	2.04078	14.06394
380	-7522.492	-7426.357	-96.13558	2.069118	0.301388	0.662168	1.07163	1.96482	14.9689
390	-7530.363	-7444.486	-85.87627	2.156199	0.311233	0.670658	1.07345	1.94466	13.93427
400	-7528.687	-7435.514	-93.17219	1.939691	0.285968	0.648443	1.0684	1.99718	14.68551
410	-7527.7	-7435.921	-91.77944	2.140885	0.309531	0.669205	1.07315	1.94812	14.52611
420	-7525.329	-7439.517	-85.81272	1.519807	0.228366	0.59182	1.05156	2.12825	13.99155
430	-7516.837	-7431.763	-85.07392	1.962249	0.288726	0.650938	1.06902	1.99132	13.87343
440	-7524.967	-7438.755	-86.21225	2.081097	0.302767	0.663369	1.07189	1.96197	13.97537
450	-7536.721	-7437.872	-98.84923	1.901239	0.281193	0.644083	1.06731	2.00741	15.25706
460	-7554.344	-7451.723	-102.6205	2.181526	0.314021	0.673026	1.07393	1.93902	15.60616
470	-7531.169	-7439.21	-91.95942	1.772319	0.264494	0.628391	1.06309	2.04403	14.58097
480	-7535.117	-7440.562	-94.55526	1.929252	0.284681	0.647273	1.06811	1.99993	14.82486
490	-7560.298	-7444.998	-115.2993	1.956382	0.288012	0.650294	1.06886	1.99284	16.89655
500	-7537.174	-7445.805	-91.36893	2.228292	0.319084	0.677284	1.07478	1.92886	14.47632
510	-7540.744	-7445.578	-95.16655	2.098716	0.30478	0.665117	1.07227	1.95783	14.86904
520	-7543.574	-7451.481	-92.09245	1.996492	0.292856	0.65464	1.0699	1.9826	14.57185
530	-7519.073	-7432.002	-87.07072	1.649533	0.247525	0.611691	1.05812	2.08267	14.10438
540	-7534.142	-7437.868	-96.27416	1.604069	0.24096	0.605009	1.05599	2.09804	15.02927
550	-7549.867	-7456.665	-93.20203	1.865672	0.276695	0.639924	1.06623	2.01715	14.69589
560	-7531.761	-7441.071	-90.68925	1.878605	0.27834	0.641451	1.06663	2.01358	14.44332
570	-7543.167	-7452.214	-90.95287	2.212255	0.31736	0.67584	1.07449	1.93231	14.43632
580	-7535.966	-7440.916	-95.04944	2.23794	0.320114	0.678144	1.07494	1.9268	14.84341
590	-7541.902	-7450.014	-91.88831	1.660887	0.249141	0.613316	1.05862	2.07892	14.585
600	-7521.806	-7433.048	-88.75775	2.172252	0.313004	0.672164	1.07376	1.94107	14.22081
610	-7529.35	-7445.59	-83.76042	2.013279	0.294855	0.656418	1.07032	1.97841	13.73697
620	-7533.194	-7437.46	-95.7345	2.522881	0.348615	0.701145	1.07888	1.87136	14.88342
630	-7532.529	-7435.65	-96.87873	2.102657	0.305228	0.665504	1.07236	1.95691	15.03987
640	-7527.852	-7448.609	-79.24258	1.619556	0.243215	0.607318	1.05673	2.09273	13.32456
650	-7533.163	-7435.494	-97.66929	2.302966	0.326943	0.683794	1.076	1.91326	15.09889
660	-7526.364	-7430.584	-95.77976	2.063018	0.300683	0.661552	1.07149	1.96628	14.93393
670	-7532.57	-7434.663	-97.90716	1.888086	0.279539	0.64256	1.06692	2.01098	15.16417
680	-7536.004	-7444.924	-91.08074	1.776564	0.265062	0.628936	1.06324	2.04276	14.49268
690	-7529.186	-7436.172	-93.01363	1.905672	0.281749	0.644593	1.06744	2.00622	14.67305
700	-7535.922	-7443.606	-92.31581	2.078073	0.30242	0.663067	1.07183	1.96269	14.58603
710	-7537.97	-7442.971	-94.99876	1.691712	0.253477	0.61764	1.05994	2.06894	14.89296
720	-7547.348	-7450.176	-97.17151	1.91004	0.282294	0.645093	1.06757	2.00505	15.08841
730	-7540.519	-7448.171	-92.34807	2.059355	0.300258	0.66118	1.07141	1.96715	14.59113
740	-7532.553	-7432.151	-100.4022	1.60819	0.241562	0.605627	1.05619	2.09662	15.44166
750	-7530.037	-7440.486	-89.55064	2.198157	0.315834	0.674556	1.07424	1.93537	14.29751
760	-7556.398	-7455.278	-101.1199	1.974111	0.290165	0.652232	1.06933	1.98828	15.47684
770	-7537.231	-7447.397	-89.83376	2.003274	0.293665	0.655361	1.07007	1.9809	14.34531
780	-7556.056	-7448.344	-107.7119	2.003274	0.293665	0.655361	1.07007	1.9809	16.13313
790	-7518.678	-7440.908	-77.7704	1.845733	0.274137	0.637538	1.0656	2.02272	13.15473
800	-7537.236	-7445.124	-92.11226	1.952271	0.28751	0.64984	1.06875	1.9939	14.57826
810	-7534.709	-7443.318	-91.39116	2.252056	0.321614	0.679393	1.07518	1.92381	14.47617
820	-7535.446	-7443.072	-92.37395	1.535391	0.230738	0.594343	1.05243	2.12248	14.64611
830	-7520.469	-7424.449	-96.02004	2.248951	0.321285	0.679119	1.07513	1.92446	14.93937
840	-7509.988	-7429.669	-80.31871	1.901433	0.281218	0.644106	1.06732	2.00736	13.40399
850	-7502.641	-7422.589	-80.05179	1.859284	0.275878	0.639164	1.06603	2.01892	13.38151
860	-7527.378	-7430.881	-96.4964	2.143132	0.309782	0.669419	1.07319	1.94761	14.99758
870	-7528.948	-7434.078	-94.87001	1.624626	0.243948	0.608066	1.05697	2.09101	14.8868
880	-7541.836	-7443.5	-98.33603	1.947421	0.286916	0.649303	1.06862	1.99516	15.20112
890	-7559.391	-7452.558	-106.8335	1.864022	0.276484	0.639729	1.06618	2.01761	16.05921
900	-7544.827	-7453.33	-91.49652	2.321292	0.328831	0.685341	1.07628	1.90954	14.47978
910	-7525.48	-7434.95	-90.52984	2.161663	0.311838	0.671173	1.07355	1.94344	14.39908
920	-7543.455	-7444.502	-98.95263	2.107383	0.305765	0.665967	1.07246	1.95581	15.24678
930	-7540.658	-7445.707	-94.95082	2.073301	0.30187	0.662589	1.07172	1.96382	14.85001
940	-7555.182	-7448.428	-106.7539	2.383735	0.335149	0.690465	1.07718	1.89721	15.99928
950	-7529.432	-7439.103	-90.32948	1.996939	0.292909	0.654688	1.06991	1.98249	14.39551
960	-7537.947	-7441.74	-96.20676	1.803316	0.26861	0.632324	1.06419	2.03488	15.0026
970	-7539.256	-7438.301	-100.9556	2.001205	0.293418	0.655142	1.07002	1.98142	15.4577
980	-7519.797	-7428.908	-90.88951	1.951773	0.287449	0.649785	1.06873	1.99403	14.45603
990	-7522.631	-7439.83	-82.80038	2.080896	0.302744	0.663349	1.07189	1.96202	13.63421
1000	-7526.871	-7437.856	-89.0146	1.731893	0.259027	0.623097	1.06157	2.05631	14.29053
1010	-7548.102	-7452.252	-95.85022	2.110463	0.306114	0.666269	1.07252	1.95509	14.93623
1020	-7546.125	-7446.525	-99.60021	1.896791	0.280635	0.64357	1.06718	2.00862	15.3326
1030	-7548.415	-7453.402	-95.01279	2.012512	0.294764	0.656338	1.0703	1.9786	14.86229
1040	-7524.663	-7438.582	-86.08109	2.160096	0.311665	0.671025	1.07352	1.94379	13.95436
1050	-7528.984	-7432.525	-96.45897	2.12097	0.3073	0.66729	1.07274	1.95267	14.99606
1060	-7534.903	-7443.368	-91.53513	2.297071	0.326332	0.683293	1.07591	1.91446	14.48606
1070	-7532.631	-7436.13	-96.50082	1.896299	0.280573	0.643513	1.06716	2.00875	15.02271
1080	-7535.988	-7432.936	-103.0523	2.446586	0.341333	0.69541	1.07799	1.88526	15.62283
1090	-7530.065	-7431.225	-98.83954	1.668173	0.250172	0.614349	1.05894	2.07654	15.2794
1100	-7529.073	-7430.234	-98.83886	2.164267	0.312125	0.671417	1.0736	1.94285	15.22972
1110	-7541.21	-7447.965	-93.24492	1.740379	0.260184	0.624224	1.06189	2.0537	14.71271
1120	-7536.121	-7444.463	-91.65796	1.889477	0.279715	0.642722	1.06696	2.0106	14.53911
1130	-7531.386	-7430.169	-101.2169	1.837039	0.273014	0.636485	1.06532	2.02518	15.50025
1140	-7549.307	-7458.888	-90.41834	1.857434	0.275641	0.638943	1.06598	2.01944	14.41835
1150	-7520.765	-7432.271	-88.49371	1.866471	0.276797	0.640019	1.06626	2.01693	14.22498
1160	-7521.918	-7431.453	-90.465	1.859816	0.275946	0.639228	1.06605	2.01878	14.42278
1170	-7525.524	-7437.55	-87.97476	1.907555	0.281984	0.644809	1.06749	2.00571	14.16898
1180	-7530.076	-7441.814	-88.26282	2.004054	0.293758	0.655444	1.07009	1.98071	14.18813
1190	-7538.12	-7445.426	-92.69405	2.024202	0.296147	0.657563	1.07058	1.97571	14.62924
1200	-7539.727	-7449.081	-90.64552	1.692379	0.25357	0.617732	1.05997	2.06873	14.45757
1210	-7532.763	-7433.556	-99.20679	1.998447	0.293089	0.654848	1.06995	1.98211	15.28309
1220	-7519.616	-7436.325	-83.2911	1.715896	0.256831	0.620948	1.06093	2.06129	13.71978
1230	-7530.766	-7437.705	-93.0609	2.215435	0.317703	0.676127	1.07455	1.93162	14.6468
1240	-7520.566	-7439.024	-81.54204	2.069235	0.301402	0.66218	1.07163	1.96479	13.50954
1250	-7511.188	-7426.569	-84.61982	1.861208	0.276124	0.639394	1.06609	2.01839	13.83812
1260	-7527.25	-7442.506	-84.74387	1.657113	0.248605	0.612778	1.05846	2.08016	13.87093
1270	-7518.968	-7433.279	-85.68918	1.710377	0.25607	0.6202	1.06071	2.06302	13.96014
1280	-7521.947	-7426.768	-95.17904	2.084684	0.303178	0.663727	1.07197	1.96112	14.87169
1290	-7532.286	-7438.729	-93.55707	2.112308	0.306322	0.666448	1.07256	1.95467	14.70673
1300	-7532.371	-7437.302	-95.06852	2.021448	0.295822	0.657275	1.07052	1.97639	14.86697
1310	-7553.193	-7447.132	-106.0605	1.908297	0.282077	0.644894	1.06752	2.00551	15.97748
1320	-7533.698	-7435.881	-97.81671	2.023525	0.296067	0.657492	1.07057	1.97587	15.14158
1330	-7529.084	-7442.13	-86.95375	1.851889	0.27493	0.638279	1.0658	2.02099	14.07244
1340	-7541.25	-7447.591	-93.65946	1.933383	0.285191	0.647737	1.06823	1.99884	14.73487
1350	-7531.481	-7439.434	-92.0472	2.031234	0.296975	0.658294	1.07075	1.97398	14.56385
1360	-7533.153	-7441.394	-91.75996	2.140818	0.309524	0.669199	1.07314	1.94813	14.52417
1370	-7545.407	-7440.715	-104.6916	1.862964	0.276349	0.639603	1.06615	2.0179	15.84513
1380	-7545.937	-7449.823	-96.11443	1.92798	0.284523	0.64713	1.06808	2.00027	14.9809
1390	-7528.32	-7434.143	-94.1776	1.940376	0.286052	0.64852	1.06842	1.997	14.78598
1400	-7543.516	-7447.821	-95.69516	2.171472	0.312919	0.672091	1.07374	1.94125	14.91463
1410	-7529.2	-7441.854	-87.34548	2.052441	0.299455	0.660477	1.07125	1.96882	14.09156
1420	-7535.763	-7438.728	-97.03458	2.378649	0.334641	0.690056	1.07711	1.89819	15.02785
1430	-7555.809	-7459.206	-96.60268	1.820755	0.270897	0.634491	1.06478	2.02983	15.04045
1440	-7529.828	-7434.868	-94.95998	1.907956	0.282034	0.644855	1.06751	2.00561	14.86746
1450	-7526.325	-7426.431	-99.8946	2.206632	0.316753	0.675329	1.07439	1.93352	15.33106
1460	-7508.475	-7431.278	-77.19673	2.037634	0.297726	0.658957	1.0709	1.97241	13.07817
1470	-7540.03	-7455.231	-84.7993	1.792902	0.267234	0.631015	1.06382	2.03793	13.8629
1480	-7535.842	-7443.346	-92.49548	1.640338	0.24621	0.610363	1.0577	2.08573	14.64777
1490	-7519.204	-7432.615	-86.5889	2.317159	0.328407	0.684994	1.07622	1.91038	13.98943
1500	-7542.318	-7441.116	-101.2023	2.237943	0.320114	0.678145	1.07494	1.9268	15.4587
1510	-7547.322	-7442.748	-104.5739	1.871702	0.277463	0.640638	1.06642	2.01548	15.83247
1520	-7540.551	-7445.522	-95.02948	1.837998	0.273138	0.636602	1.06535	2.02491	14.88141
1530	-7521.175	-7442.421	-78.75393	2.08317	0.303005	0.663576	1.07194	1.96148	13.22933
1540	-7539.038	-7444.561	-94.47707	1.969123	0.289561	0.65169	1.0692	1.98955	14.81305
1550	-7526.521	-7432.141	-94.38027	1.806522	0.269032	0.632725	1.0643	2.03394	14.81963
1560	-7544.025	-7439.828	-104.1972	1.879377	0.278438	0.641542	1.06666	2.01336	15.79404
1570	-7535.989	-7432.357	-103.6315	2.02794	0.296587	0.657952	1.07067	1.97479	15.72262
1580	-7539.718	-7449.87	-89.8477	2.062177	0.300586	0.661467	1.07147	1.96648	14.34081
1590	-7537.748	-7441.178	-96.57059	1.762077	0.26312	0.627068	1.06271	2.0471	15.04311
1600	-7536.055	-7441.17	-94.88522	2.048641	0.299013	0.660088	1.07116	1.96974	14.84592
1610	-7523.319	-7425.609	-97.71036	2.07237	0.301763	0.662495	1.0717	1.96404	15.12606
1620	-7537.617	-7436.476	-101.1402	1.745504	0.26088	0.624901	1.06209	2.05213	15.50173
1630	-7542.789	-7449.512	-93.27691	2.474335	0.34401	0.697529	1.07833	1.88013	14.64252
1640	-7527.204	-7437.824	-89.37971	2.11987	0.307176	0.667184	1.07272	1.95292	14.28824
1650	-7513.163	-7430.256	-82.90667	2.182525	0.314131	0.673118	1.07395	1.9388	13.63467
1660	-7522.412	-7443.527	-78.88505	2.107677	0.305798	0.665996	1.07246	1.95574	13.24
1670	-7533.575	-7442.591	-90.98443	2.194521	0.315439	0.674223	1.07417	1.93616	14.44125
1680	-7524.482	-7437.269	-87.21343	1.970054	0.289674	0.651791	1.06922	1.98931	14.0866
1690	-7524.43	-7441.703	-82.72648	2.184882	0.314388	0.673336	1.074	1.93828	13.61642
1700	-7540.57	-7452.805	-87.76525	2.047979	0.298936	0.660021	1.07115	1.9699	14.13399
1710	-7542.523	-7463.084	-79.43861	1.70044	0.254693	0.618842	1.06031	2.06616	13.33607
1720	-7530.114	-7432.186	-97.92813	1.75238	0.261812	0.625804	1.06235	2.05003	15.17983
1730	-7527.815	-7442.264	-85.55093	1.678115	0.251573	0.615748	1.05937	2.07331	13.94954
1740	-7526.435	-7437.201	-89.23364	1.938197	0.285784	0.648277	1.06836	1.99758	14.2918
1750	-7520.88	-7431.993	-88.88691	1.83658	0.272955	0.636429	1.06531	2.02531	14.26729
1760	-7517.926	-7425.936	-91.98936	2.248469	0.321234	0.679077	1.07512	1.92457	14.53635
1770	-7545.42	-7450.007	-95.41234	2.122138	0.307431	0.667403	1.07277	1.9524	14.89128
1780	-7533.323	-7439.585	-93.73742	2.19278	0.31525	0.674064	1.07414	1.93655	14.71672
1790	-7521.459	-7436.589	-84.87028	2.169488	0.3127	0.671906	1.0737	1.94169	13.83234
1800	-7527.863	-7438.854	-89.00835	1.964962	0.289056	0.651235	1.06909	1.99062	14.2666
1810	-7524.512	-7428.477	-96.03412	2.378152	0.334591	0.690016	1.0771	1.89829	14.92785
1820	-7525.508	-7437.611	-87.89713	2.074168	0.30197	0.662676	1.07174	1.96361	14.14455
1830	-7529.074	-7439.307	-89.76704	2.30208	0.326851	0.683719	1.07599	1.91344	14.30875
1840	-7528.825	-7432.71	-96.11518	1.904454	0.281596	0.644453	1.0674	2.00655	14.98333
1850	-7544.05	-7447.054	-96.99586	2.633742	0.358781	0.708996	1.08	1.85223	14.99847
1860	-7533.475	-7439.985	-93.48952	2.212938	0.317434	0.675902	1.07451	1.93216	14.68992
1870	-7534.092	-7448.918	-85.17421	2.097217	0.30461	0.664969	1.07224	1.95818	13.86996
1880	-7539.213	-7450.101	-89.1121	1.626081	0.244159	0.608281	1.05704	2.09052	14.31086
1890	-7532.089	-7433.024	-99.06547	2.600411	0.355774	0.706692	1.07968	1.85785	15.20876
1900	-7537.47	-7448.505	-88.96436	1.946718	0.28683	0.649225	1.0686	1.99535	14.26402
1910	-7519.598	-7434.535	-85.06351	2.05703	0.299989	0.660944	1.07135	1.96771	13.86291
1920	-7532.014	-7444.107	-87.90711	1.483254	0.222724	0.585745	1.04942	2.14211	14.20464
1930	-7532.279	-7433.412	-98.86691	1.954753	0.287813	0.650114	1.06882	1.99326	15.25347
1940	-7536.515	-7436.373	-100.1427	2.389235	0.335697	0.690907	1.07725	1.89614	15.3376
1950	-7523.194	-7429.502	-93.69147	1.988093	0.291849	0.653742	1.06969	1.98472	14.7326
1960	-7538.09	-7442.279	-95.81081	2.339294	0.330671	0.686841	1.07655	1.90594	14.90941
1970	-7536.044	-7450.665	-85.37813	2.270459	0.323555	0.681002	1.07549	1.91996	13.87303
1980	-7513.939	-7434.049	-79.88945	1.821952	0.271053	0.634638	1.06482	2.02949	13.36901
1990	-7535.338	-7434.478	-100.8598	2.266346	0.323122	0.680644	1.07542	1.92081	15.42161
2000	-7529.35	-7431.321	-98.0294	1.9382	0.285784	0.648277	1.06836	1.99758	15.17138
2010	-7533.925	-7447.567	-86.35822	2.1333	0.308684	0.668479	1.07299	1.94984	13.98475
2020	-7544.338	-7450.678	-93.66017	2.045869	0.298689	0.659804	1.0711	1.97041	14.72369
2030	-7531.579	-7440.068	-91.51097	1.765494	0.263579	0.62751	1.06284	2.04607	14.53681
2040	-7540.617	-7440.298	-100.319	2.032391	0.297111	0.658414	1.07078	1.9737	15.39092
2050	-7533.089	-7441.867	-91.22231	1.764187	0.263403	0.627341	1.06279	2.04646	14.50807
2060	-7542.041	-7443.877	-98.16374	1.550493	0.233018	0.596751	1.05325	2.11698	15.22358
2070	-7558.928	-7452.312	-106.6158	1.917806	0.283262	0.645979	1.06779	2.00297	16.03206
2080	-7531.976	-7438.832	-93.14443	1.836301	0.272919	0.636395	1.0653	2.02539	14.69307
2090	-7537.416	-7441.147	-96.26963	1.927308	0.28444	0.647054	1.06806	2.00045	14.99649
2100	-7528.052	-7439.768	-88.2846	2.650377	0.360265	0.710128	1.08015	1.84946	14.12568
2110	-7534.647	-7449.898	-84.74997	2.011625	0.294658	0.656244	1.07028	1.97882	13.83609
2120	-7508.874	-7419.021	-89.85377	2.455567	0.342203	0.6961	1.0781	1.88359	14.30208
2130	-7542.538	-7446.289	-96.2499	2.204263	0.316496	0.675114	1.07435	1.93404	14.96682
2140	-7534.902	-7450.201	-84.70169	1.734759	0.259418	0.623478	1.06168	2.05543	13.85895
2150	-7540.501	-7440.347	-100.1535	2.427273	0.339451	0.693913	1.07775	1.88888	15.33488
2160	-7536.941	-7444.953	-91.98792	1.923065	0.283915	0.646575	1.06794	2.00157	14.56874
2170	-7533.734	-7440.586	-93.14748	2.016684	0.295258	0.656776	1.0704	1.97756	14.67534
2180	-7532.524	-7445.838	-86.68583	2.137626	0.309168	0.668894	1.07308	1.94886	14.01708
2190	-7542.032	-7445.36	-96.67228	2.201353	0.316181	0.674848	1.0743	1.93467	15.00935
2200	-7530.352	-7427.115	-103.237	2.403199	0.337083	0.692019	1.07744	1.89346	15.64564
2210	-7536.71	-7443.524	-93.18619	1.833852	0.272601	0.636097	1.06522	2.02609	14.69749
2220	-7540.679	-7439.195	-101.4839	2.135422	0.308921	0.668683	1.07304	1.94936	15.49711
2230	-7530.966	-7438.251	-92.71463	1.959827	0.288432	0.650673	1.06895	1.99194	14.63774
2240	-7540.636	-7446.506	-94.13003	1.736804	0.259697	0.62375	1.06176	2.0548	14.80158
2250	-7555.547	-7460.82	-94.72686	1.891443	0.279962	0.64295	1.06702	2.01007	14.8458
2260	-7549.179	-7453.914	-95.26565	2.081877	0.302856	0.663447	1.07191	1.96179	14.88064
2270	-7539.909	-7442.34	-97.56862	2.31261	0.327939	0.68461	1.07615	1.9113	15.08786
2280	-7529.167	-7435.028	-94.13865	2.073141	0.301852	0.662573	1.07172	1.96386	14.76881
2290	-7530.292	-7452.391	-77.90076	2.067509	0.301202	0.662006	1.07159	1.9652	13.14558
2300	-7548.511	-7455.08	-93.43049	1.711027	0.256159	0.620288	1.06074	2.06282	14.7342
2310	-7548.862	-7458.457	-90.40457	1.93621	0.285539	0.648054	1.06831	1.9981	14.40909
2320	-7520.006	-7426.523	-93.48303	1.936616	0.285589	0.6481	1.06832	1.99799	14.7169
2330	-7532.782	-7433.679	-99.10314	1.874367	0.277802	0.640953	1.0665	2.01474	15.28514
2340	-7519.024	-7432.131	-86.89221	1.612173	0.242142	0.606222	1.05638	2.09525	14.09026
2350	-7535.938	-7436.862	-99.07523	1.790359	0.266897	0.630693	1.06374	2.03867	15.29075
2360	-7524.963	-7430.644	-94.31928	1.968252	0.289455	0.651595	1.06917	1.98978	14.79736
2370	-7529.632	-7441.052	-88.58078	1.80915	0.269377	0.633053	1.06439	2.03318	14.23942
2380	-7545.935	-7451.602	-94.33345	2.096957	0.30458	0.664943	1.07224	1.95824	14.78591
2390	-7513.224	-7427.065	-86.15897	2.007881	0.294214	0.655849	1.07019	1.97975	13.97737
2400	-7523.638	-7434.431	-89.20695	2.412271	0.337978	0.692736	1.07756	1.89173	14.24173
2410	-7550.938	-7459.057	-91.88096	2.171277	0.312897	0.672073	1.07374	1.94129	14.53323
2420	-7533.432	-7446.59	-86.84184	2.280533	0.32461	0.681874	1.07565	1.91786	14.01839
2430	-7531.437	-7439.116	-92.32081	1.928532	0.284592	0.647192	1.06809	2.00012	14.60149
2440	-7524.868	-7432.716	-92.15204	1.685269	0.252577	0.616746	1.05967	2.071	14.60894
2450	-7546.686	-7452.176	-94.50973	2.216968	0.317868	0.676266	1.07458	1.93129	14.79153
2460	-7531.639	-7437.765	-93.87385	2.139674	0.309396	0.669089	1.07312	1.94839	14.73568
2470	-7528.624	-7425.43	-103.1934	2.088525	0.303618	0.664109	1.07205	1.96022	15.67275
2480	-7514.78	-7425.272	-89.50761	2.014113	0.294954	0.656506	1.07034	1.9782	14.31161
2490	-7521.209	-7433.909	-87.29976	1.914082	0.282798	0.645555	1.06768	2.00396	14.10083
2500	-7551.539	-7460.143	-91.39629	2.054136	0.299652	0.66065	1.07129	1.96841	14.49647
2510	-7533.492	-7435.02	-98.47114	2.345665	0.331318	0.687367	1.07664	1.90467	15.17481
2520	-7540.279	-7442.421	-97.85793	2.058028	0.300105	0.661046	1.07138	1.96747	15.14225
2530	-7535.176	-7441.846	-93.32991	2.263351	0.322807	0.680383	1.07537	1.92144	14.66891
2540	-7548.468	-7450.223	-98.24538	1.973952	0.290145	0.652215	1.06932	1.98832	15.1894
2550	-7535.368	-7440.329	-95.03907	1.659108	0.248888	0.613062	1.05854	2.07951	14.90025
2560	-7540.382	-7444.284	-96.09807	2.003383	0.293678	0.655373	1.07007	1.98087	14.97173
2570	-7541.186	-7451.126	-90.05991	1.918267	0.283319	0.646031	1.0678	2.00285	14.37642
2580	-7539.389	-7439.61	-99.77953	2.491955	0.345693	0.698854	1.07854	1.87692	15.29102
2590	-7544.525	-7441.864	-102.6618	1.891991	0.280032	0.643014	1.06704	2.00992	15.63924
2600	-7539.065	-7445.135	-93.92963	2.467483	0.343352	0.697009	1.07825	1.88139	14.70847
2610	-7543.768	-7436.369	-107.3985	2.077065	0.302304	0.662966	1.0718	1.96293	16.0944
2620	-7543.35	-7441.164	-102.1868	2.003201	0.293656	0.655354	1.07007	1.98092	15.58062
2630	-7555.002	-7460.208	-94.79348	2.206006	0.316685	0.675272	1.07438	1.93366	14.82101
2640	-7521.6	-7434.79	-86.80961	2.016366	0.295221	0.656743	1.07039	1.97764	14.04158
2650	-7539.39	-7442.309	-97.08051	2.291013	0.325703	0.682775	1.07582	1.9157	15.04121
2660	-7538.69	-7449.42	-89.26909	1.767801	0.263889	0.627809	1.06292	2.04538	14.31239
2670	-7568.184	-7476.476	-91.70784	1.44605	0.216867	0.579323	1.04709	2.15672	14.58844
2680	-7533.321	-7438.399	-94.9222	1.737092	0.259736	0.623788	1.06177	2.05471	14.88077
2690	-7520.537	-7435.549	-84.98835	2.180126	0.313868	0.672896	1.07391	1.93933	13.84308
2700	-7557.573	-7455.945	-101.6281	2.173714	0.313165	0.6723	1.07379	1.94075	15.50769
2710	-7549.092	-7442.971	-106.1207	1.843525	0.273853	0.637271	1.06553	2.02334	15.98997
2720	-7533.23	-7437.551	-95.67994	1.732249	0.259075	0.623144	1.06158	2.0562	14.95703
2730	-7532.244	-7442.228	-90.01658	2.125546	0.307814	0.667733	1.07284	1.95162	14.35136
2740	-7544.506	-7448.385	-96.12091	1.747478	0.261148	0.62516	1.06216	2.05153	14.9996
2750	-7538.974	-7440.493	-98.48118	2.040488	0.29806	0.659251	1.07097	1.97172	15.20633
2760	-7538.588	-7453.286	-85.30175	1.998738	0.293124	0.654879	1.06996	1.98204	13.89256
2770	-7559.141	-7458.823	-100.3186	2.213625	0.317508	0.675964	1.07452	1.93201	15.37276
2780	-7530.808	-7437.015	-93.79323	1.73091	0.258892	0.622966	1.06153	2.05662	14.76849
2790	-7539.729	-7446.245	-93.48379	1.958791	0.288305	0.650559	1.06892	1.99221	14.71476
2800	-7545.426	-7456.303	-89.12273	1.991444	0.292251	0.654101	1.06977	1.98387	14.27539
2810	-7524.027	-7438.985	-85.04212	1.743141	0.260559	0.624589	1.062	2.05285	13.89216
2820	-7538.831	-7446.854	-91.97709	1.990329	0.292118	0.653981	1.06975	1.98416	14.56093
2830	-7531.025	-7437.055	-93.97011	1.761528	0.263046	0.626996	1.06269	2.04727	14.78312
2840	-7542.988	-7443.016	-99.97183	2.264715	0.322951	0.680502	1.07539	1.92115	15.33297
2850	-7535.812	-7437.829	-97.98249	1.876271	0.278044	0.641177	1.06656	2.01422	15.17288
2860	-7529.993	-7438.829	-91.16407	1.88415	0.279042	0.6421	1.0668	2.01206	14.49025
2870	-7532.826	-7449.069	-83.75714	1.936975	0.285633	0.64814	1.06833	1.9979	13.74428
2880	-7545.357	-7438.973	-106.3839	1.810648	0.269574	0.633239	1.06444	2.03275	16.01959
2890	-7531.77	-7432.446	-99.32432	1.99721	0.292941	0.654717	1.06992	1.98242	15.29497
2900	-7546.107	-7439.826	-106.2803	2.184949	0.314396	0.673342	1.074	1.93827	15.97179
2910	-7536.68	-7444.511	-92.16903	1.921554	0.283727	0.646404	1.0679	2.00197	14.58701
2920	-7546.95	-7456.315	-90.63436	1.972176	0.289931	0.652022	1.06928	1.98877	14.42848
2930	-7566.516	-7467.51	-99.00608	2.225147	0.318746	0.677002	1.07472	1.92953	15.24035
2940	-7542.174	-7448.055	-94.1185	1.798162	0.26793	0.631678	1.06401	2.03638	14.79429
2950	-7549.217	-7449.244	-99.9731	1.720486	0.257463	0.621568	1.06112	2.05985	15.38752
2960	-7540.459	-7446.545	-93.91387	1.722657	0.257761	0.62186	1.0612	2.05918	14.78138
2970	-7540.463	-7445.638	-94.8256	1.366693	0.203976	0.564751	1.04153	2.18974	14.90815
2980	-7534.023	-7441.28	-92.74338	1.828521	0.271909	0.635445	1.06504	2.02761	14.65374
2990	-7537.366	-7444.6	-92.766	1.913956	0.282783	0.64554	1.06768	2.004	14.64746
3000	-7541.013	-7445.287	-95.72602	1.629051	0.244587	0.608717	1.05718	2.08952	14.97196
3010	-7529.285	-7440.058	-89.22695	1.650903	0.247721	0.611888	1.05818	2.08221	14.31986
3020	-7528.369	-7447.294	-81.07595	1.716856	0.256964	0.621078	1.06097	2.06099	13.49817
3030	-7561.42	-7454.916	-106.5043	1.992236	0.292346	0.654186	1.06979	1.98367	16.01346
3040	-7540.532	-7452.275	-88.2567	2.345426	0.331294	0.687347	1.07664	1.90472	14.15339
3050	-7531.835	-7441.839	-89.99691	2.044476	0.298527	0.659661	1.07106	1.97075	14.3575
3060	-7533.256	-7440.033	-93.2229	1.653526	0.248095	0.612264	1.0583	2.08135	14.7192
3070	-7526.705	-7425.302	-101.4036	1.744329	0.260721	0.624746	1.06205	2.05249	15.52819
3080	-7534.438	-7433.009	-101.429	1.793615	0.267329	0.631105	1.06385	2.03772	15.52579
3090	-7531.959	-7444.136	-87.82298	1.82857	0.271915	0.635451	1.06504	2.02759	14.1617
3100	-7542.697	-7445.656	-97.04114	1.962827	0.288797	0.651002	1.06903	1.99117	15.07009
3110	-7519.188	-7430.445	-88.74329	1.69375	0.253762	0.617922	1.06003	2.06829	14.26721
3120	-7532.045	-7439.773	-92.27228	1.65397	0.248158	0.612328	1.05832	2.0812	14.62409
3130	-7527.429	-7441.303	-86.1258	1.610586	0.241911	0.605985	1.05631	2.0958	14.01378
3140	-7535.418	-7437.003	-98.4145	1.961811	0.288673	0.65089	1.069	1.99143	15.20753
3150	-7541.461	-7451.951	-89.51003	1.898288	0.280823	0.643743	1.06722	2.00821	14.32343
3160	-7535.448	-7446.449	-88.99868	2.14003	0.309436	0.669123	1.07313	1.94831	14.24812
3170	-7533.728	-7436.786	-96.9424	1.895795	0.28051	0.643455	1.06715	2.00889	15.06692
3180	-7543.305	-7449.226	-94.07851	2.245604	0.32093	0.678824	1.07507	1.92517	14.74555
3190	-7540.247	-7450.423	-89.82327	2.04907	0.299063	0.660132	1.07117	1.96963	14.33968
3200	-7535.59	-7449.858	-85.73106	1.949101	0.287122	0.64949	1.06866	1.99473	13.94045
3210	-7540.935	-7443.26	-97.67481	2.162907	0.311975	0.671289	1.07358	1.94316	15.11345
3220	-7534.075	-7439.548	-94.52708	1.972912	0.29002	0.652102	1.0693	1.98858	14.81767
3230	-7532.972	-7434.395	-98.57728	1.968234	0.289453	0.651593	1.06917	1.98978	15.22316
3240	-7542.591	-7436.961	-105.6297	2.020545	0.295715	0.657181	1.0705	1.97661	15.92318
3250	-7552.002	-7449.19	-102.812	2.425237	0.339252	0.693754	1.07773	1.88927	15.60093
3260	-7554.243	-7448.938	-105.3052	1.593289	0.239381	0.603382	1.05546	2.10178	15.93345
3270	-7558.877	-7462.297	-96.57999	1.783153	0.26594	0.629778	1.06348	2.0408	15.04194
3280	-7526.798	-7446.286	-80.51166	1.48379	0.222808	0.585836	1.04946	2.1419	13.46505
3290	-7527.188	-7431.86	-95.32817	1.699427	0.254552	0.618703	1.06026	2.06648	14.92513
3300	-7543.243	-7441.053	-102.1901	1.925842	0.284259	0.646889	1.06802	2.00083	15.58868
3310	-7555.641	-7452.763	-102.8786	2.05559	0.299821	0.660798	1.07132	1.96806	15.64456
3320	-7521.653	-7440.308	-81.34512	2.109567	0.306012	0.666181	1.0725	1.9553	13.48581
3330	-7519.899	-7436.799	-83.10039	1.981194	0.291019	0.652999	1.06951	1.98647	13.67418
3340	-7533.847	-7432.821	-101.026	1.926333	0.28432	0.646944	1.06803	2.0007	15.47222
3350	-7533.022	-7441.955	-91.06698	2.077597	0.302365	0.663019	1.07182	1.9628	14.4612
3360	-7525.416	-7435.182	-90.23401	2.059867	0.300318	0.661232	1.07142	1.96703	14.37967
3370	-7552.55	-7446.263	-106.2873	1.95081	0.287331	0.649679	1.06871	1.99428	15.99591
3380	-7539.157	-7440.881	-98.27624	2.454592	0.342109	0.696026	1.07809	1.88377	15.14442
3390	-7536.573	-7438.006	-98.56649	1.842856	0.273766	0.63719	1.06551	2.02353	15.23462
3400	-7544.984	-7456.914	-88.06934	1.906176	0.281812	0.644651	1.06745	2.00608	14.17857
3410	-7523.344	-7431.388	-91.95599	2.179416	0.31379	0.67283	1.07389	1.93949	14.53992
3420	-7531.916	-7434.505	-97.41072	1.863001	0.276354	0.639607	1.06615	2.01789	15.11703
3430	-7518.85	-7432.193	-86.65712	2.015337	0.295099	0.656635	1.07037	1.9779	14.02644
3440	-7524.258	-7430.286	-93.97231	2.347723	0.331527	0.687537	1.07667	1.90426	14.72472
3450	-7533.682	-7433.708	-99.97378	1.862052	0.276232	0.639494	1.06612	2.01815	15.37343
3460	-7517.131	-7435.011	-82.11954	1.877246	0.278168	0.641291	1.06659	2.01395	13.58649
3470	-7550.662	-7445.275	-105.3873	1.950503	0.287294	0.649645	1.0687	1.99436	15.90594
3480	-7542.559	-7441.969	-100.5902	2.133514	0.308708	0.6685	1.073	1.94979	15.40793
3490	-7548.046	-7452.902	-95.14471	1.784108	0.266067	0.6299	1.06351	2.04052	14.89832
3500	-7549.027	-7444.725	-104.3027	2.361984	0.332968	0.688705	1.07688	1.90145	15.75633
3510	-7534.058	-7441.576	-92.48182	1.52084	0.228524	0.591989	1.05162	2.12786	14.65836
3520	-7530.711	-7443.911	-86.79976	1.838949	0.273261	0.636717	1.06538	2.02464	14.05834
3530	-7525.63	-7432.916	-92.71351	1.878131	0.27828	0.641395	1.06662	2.01371	14.6458
3540	-7538.235	-7443.324	-94.91096	2.069195	0.301397	0.662176	1.07163	1.9648	14.84643
3550	-7541.786	-7443.132	-98.65457	1.8718	0.277476	0.64065	1.06642	2.01545	15.24054
3560	-7538.259	-7444.798	-93.46141	2.088232	0.303584	0.66408	1.07205	1.96029	14.69958
3570	-7534.318	-7453.819	-80.49852	1.99879	0.29313	0.654885	1.06996	1.98203	13.41223
3580	-7540.501	-7447.671	-92.83042	1.851538	0.274885	0.638237	1.06579	2.02109	14.66015
3590	-7539.659	-7446.064	-93.59534	2.253339	0.32175	0.679506	1.07521	1.92354	14.69646
3600	-7545.224	-7445.112	-100.1124	1.91691	0.28315	0.645877	1.06776	2.00321	15.38181
3610	-7556.268	-7460.838	-95.42977	1.985545	0.291543	0.653468	1.06962	1.98537	14.90668
3620	-7523.372	-7434.215	-89.15681	2.269106	0.323413	0.680885	1.07547	1.92024	14.25103
3630	-7539.581	-7445.18	-94.4009	2.175451	0.313356	0.672462	1.07382	1.94036	14.7848
3640	-7534.291	-7446.599	-87.69147	1.845219	0.274071	0.637476	1.06559	2.02287	14.14688
3650	-7526.361	-7430.846	-95.51442	2.188453	0.314778	0.673665	1.07406	1.93749	14.89485
3660	-7523.465	-7434.157	-89.30719	2.163451	0.312035	0.671341	1.07359	1.94304	14.27663
3670	-7544.332	-7438.019	-106.3132	1.952007	0.287478	0.649811	1.06874	1.99397	15.99838
3680	-7548.01	-7448.803	-99.20721	2.434949	0.340201	0.69451	1.07785	1.88744	15.23948
3690	-7519.661	-7431.433	-88.22806	1.68964	0.253188	0.617353	1.05986	2.0696	14.2161
3700	-7556.483	-7452.099	-104.384	1.841144	0.273545	0.636983	1.06545	2.02402	15.81654
3710	-7545.482	-7444.206	-101.2755	2.126289	0.307898	0.667804	1.07285	1.95145	15.47718
3720	-7524.38	-7435.908	-88.47212	1.910597	0.282364	0.645157	1.06758	2.0049	14.21841
3730	-7538.79	-7449.646	-89.14413	1.745481	0.260877	0.624898	1.06209	2.05214	14.30212
3740	-7553.736	-7447.002	-106.7338	1.555405	0.233756	0.597526	1.05352	2.1152	16.0801
3750	-7571.961	-7455.204	-116.757	1.65562	0.248393	0.612564	1.05839	2.08065	17.0724
3760	-7555.45	-7457.797	-97.65311	1.621973	0.243565	0.607675	1.05685	2.09191	15.16537
3770	-7543.304	-7445.728	-97.57655	1.964897	0.289048	0.651228	1.06909	1.99064	15.12342
3780	-7536.248	-7448.856	-87.39195	2.122599	0.307483	0.667448	1.07278	1.95229	14.08919
3790	-7559.474	-7454.466	-105.0077	1.889825	0.279759	0.642762	1.06697	2.01051	15.87404
3800	-7536.945	-7450.667	-86.27743	1.813151	0.269902	0.63355	1.06452	2.03202	14.00869
3810	-7546.983	-7456.258	-90.72439	2.104849	0.305477	0.665719	1.0724	1.9564	14.42421
3820	-7531.305	-7444.206	-87.09884	1.655643	0.248396	0.612567	1.05839	2.08065	14.10658
3830	-7524.706	-7438.347	-86.35947	2.028393	0.296641	0.657999	1.07068	1.97468	13.99537
3840	-7535.542	-7446.632	-88.90961	1.618174	0.243014	0.607114	1.05667	2.0932	14.2914
3850	-7543.858	-7438.811	-105.047	2.167182	0.312446	0.67169	1.07366	1.9422	15.85024
3860	-7535.526	-7446.466	-89.06041	1.815079	0.270155	0.633789	1.06459	2.03147	14.28679
3870	-7526.498	-7443.657	-82.84058	1.963415	0.288868	0.651066	1.06905	1.99102	13.64997
3880	-7546.232	-7448.956	-97.27579	2.05869	0.300181	0.661113	1.07139	1.96731	15.08397
3890	-7552.473	-7446.523	-105.9497	2.11774	0.306936	0.666977	1.07267	1.95341	15.94546
3900	-7540.055	-7445.609	-94.44631	1.881822	0.278747	0.641828	1.06673	2.01269	14.81871
3910	-7539.077	-7448.289	-90.78852	2.388296	0.335604	0.690831	1.07724	1.89632	14.40228
3920	-7534.287	-7436.378	-97.90901	2.13604	0.30899	0.668742	1.07305	1.94922	15.13955
3930	-7540.866	-7443.319	-97.54672	1.995882	0.292783	0.654575	1.06989	1.98276	15.11734
3940	-7535.275	-7444.186	-91.08803	1.768565	0.263991	0.627907	1.06295	2.04515	14.4942
3950	-7543.533	-7458.336	-85.19646	1.901756	0.281258	0.644143	1.06732	2.00727	13.89173
3960	-7543.487	-7447.76	-95.7269	2.139451	0.309371	0.669068	1.07312	1.94844	14.921
3970	-7528.401	-7437.782	-90.61863	2.370604	0.333835	0.689406	1.077	1.89976	14.38706
3980	-7545.927	-7449.429	-96.49768	2.113555	0.306463	0.66657	1.07259	1.95438	15.00067
3990	-7534.267	-7448.482	-85.78525	1.804005	0.268701	0.63241	1.06421	2.03468	13.96038
4000	-7523.137	-7432.011	-91.12661	2.021495	0.295827	0.65728	1.07052	1.97637	14.47277
4010	-7534.801	-7438.252	-96.54862	1.956648	0.288044	0.650323	1.06887	1.99277	15.02146
4020	-7542.456	-7439.5	-102.9561	1.761995	0.263109	0.627057	1.06271	2.04713	15.68167
4030	-7547.675	-7457.637	-90.03842	1.773211	0.264613	0.628506	1.06312	2.04376	14.38878
4040	-7546.798	-7452.728	-94.06996	2.284218	0.324995	0.682192	1.07571	1.9171	14.74083
4050	-7531.965	-7437.537	-94.42857	1.687512	0.252891	0.617058	1.05977	2.07028	14.83636
4060	-7514.751	-7423.918	-90.83274	1.738643	0.259947	0.623994	1.06183	2.05423	14.47167
4070	-7521.801	-7434.789	-87.01164	1.594732	0.239593	0.603601	1.05553	2.10127	14.10395
4080	-7529.779	-7435.371	-94.40857	1.504375	0.225998	0.589283	1.05068	2.13404	14.85268
4090	-7544.536	-7445.191	-99.34483	2.129516	0.30826	0.668115	1.07292	1.95071	15.28379
4100	-7545.564	-7454.065	-91.49903	1.711419	0.256214	0.620341	1.06075	2.06269	14.54102
4110	-7518.41	-7425.591	-92.81904	1.594782	0.2396	0.603608	1.05553	2.10126	14.68468
4120	-7536.23	-7446.113	-90.11668	2.000182	0.293296	0.655033	1.06999	1.98168	14.37391
4130	-7522.713	-7438.553	-84.15944	1.537836	0.231109	0.594735	1.05257	2.12159	13.82442
4140	-7534.516	-7432.601	-101.9155	2.328683	0.329588	0.685959	1.07639	1.90806	15.52094
4150	-7525.691	-7432.889	-92.80202	1.928346	0.284569	0.647171	1.06809	2.00017	14.64963
4160	-7527.89	-7442.783	-85.10757	2.196815	0.315689	0.674434	1.07422	1.93566	13.85333
4170	-7556.201	-7453.821	-102.3802	1.877496	0.278199	0.641321	1.0666	2.01388	15.61253
4180	-7522.803	-7430.897	-91.9057	1.913885	0.282774	0.645532	1.06768	2.00402	14.56144
4190	-7543.694	-7451.861	-91.83352	2.260497	0.322506	0.680134	1.07532	1.92204	14.51956
4200	-7522.884	-7430.069	-92.81541	2.168026	0.312539	0.671769	1.07368	1.94201	14.627
4210	-7533.007	-7440.139	-92.8681	2.666428	0.361688	0.711209	1.08029	1.84681	14.58243
4220	-7538.573	-7457.705	-80.86784	2.09773	0.304668	0.665019	1.07225	1.95806	13.43927
4230	-7528.91	-7446.356	-82.5537	2.24826	0.321212	0.679058	1.07512	1.92461	13.5928
4240	-7527.601	-7443.819	-83.782	2.050309	0.299207	0.660259	1.0712	1.96933	13.73543
4250	-7545.096	-7443.395	-101.7011	2.051017	0.29929	0.660331	1.07122	1.96916	15.52727
4260	-7515.253	-7425.368	-89.88487	2.192089	0.315174	0.674	1.07413	1.9367	14.33154
4270	-7523.777	-7436.188	-87.58896	2.188048	0.314734	0.673628	1.07405	1.93758	14.10235
4280	-7536.76	-7447.381	-89.37926	1.91874	0.283378	0.646085	1.06782	2.00272	14.30831
4290	-7519.511	-7422.588	-96.92234	1.959765	0.288424	0.650666	1.06895	1.99196	15.05852
4300	-7533.137	-7434.984	-98.15261	1.801949	0.26843	0.632153	1.06414	2.03528	15.19732
4310	-7527.922	-7433.06	-94.86197	1.800745	0.268271	0.632002	1.0641	2.03563	14.86838
4320	-7539.717	-7453.578	-86.13939	1.643353	0.246642	0.6108	1.05784	2.08472	14.01186
4330	-7528.386	-7434.774	-93.61154	2.191461	0.315106	0.673942	1.07412	1.93683	14.70427
4340	-7537.383	-7438.371	-99.01192	1.845124	0.274059	0.637465	1.06558	2.02289	15.27894
4350	-7527.783	-7440.484	-87.29919	1.704748	0.255291	0.619432	1.06048	2.06479	14.1217
4360	-7533.29	-7449.091	-84.19978	1.698129	0.254371	0.618525	1.06021	2.06689	13.81242
4370	-7527.92	-7436.774	-91.1463	1.884145	0.279041	0.6421	1.0668	2.01206	14.48847
4380	-7524.911	-7438.319	-86.59138	1.916268	0.28307	0.645804	1.06775	2.00338	14.02977
4390	-7524.359	-7443.479	-80.87975	1.525413	0.229222	0.592732	1.05188	2.12617	13.49769
4400	-7522.779	-7423.367	-99.41207	2.259288	0.322379	0.680028	1.0753	1.92229	15.27754
4410	-7528.934	-7428.235	-100.699	2.159501	0.311599	0.670969	1.07351	1.94392	15.4162
4420	-7515.405	-7425.942	-89.46259	1.58724	0.23849	0.602462	1.05516	2.10389	14.34979
4430	-7550.378	-7442.202	-108.1757	2.214713	0.317625	0.676062	1.07454	1.93177	16.15836
4440	-7532.735	-7445.871	-86.86355	1.909762	0.28226	0.645062	1.06756	2.00512	14.05764
4450	-7521.409	-7438.605	-82.80373	1.81526	0.270178	0.633812	1.0646	2.03141	13.66111
4460	-7533.172	-7439.376	-93.79549	1.721946	0.257664	0.621764	1.06117	2.0594	14.76961
4470	-7519.933	-7430.977	-88.95563	1.780786	0.265625	0.629476	1.06339	2.0415	14.27974
4480	-7528.913	-7436.381	-92.53264	1.746475	0.261012	0.625028	1.06213	2.05183	14.64087
4490	-7517.753	-7428.933	-88.81951	2.126557	0.307928	0.66783	1.07286	1.95139	14.23155
4500	-7525.192	-7430.178	-95.01397	2.232359	0.319519	0.677647	1.07485	1.92799	14.84042
4510	-7534.881	-7438.627	-96.25327	2.052883	0.299507	0.660522	1.07126	1.96871	14.9823
4520	-7534.913	-7447.207	-87.70583	1.646187	0.247048	0.611209	1.05797	2.08378	14.16822
4530	-7524.612	-7430.351	-94.26086	2.042407	0.298285	0.659449	1.07102	1.97125	14.7841
4540	-7542.604	-7438.108	-104.4954	1.903686	0.2815	0.644365	1.06738	2.00675	15.82143
4550	-7530.56	-7441.021	-89.53901	1.783113	0.265935	0.629773	1.06348	2.04081	14.33785
4560	-7547.287	-7440.399	-106.8879	2.314263	0.328109	0.68475	1.07618	1.91096	16.01962
4570	-7550.55	-7453.435	-97.11539	1.930613	0.284849	0.647426	1.06815	1.99957	15.08074
4580	-7528.648	-7426.505	-102.1423	1.917634	0.28324	0.645959	1.06778	2.00302	15.58473
4590	-7534.459	-7438.975	-95.48368	1.814645	0.270098	0.633736	1.06458	2.03159	14.92916
4600	-7536.25	-7438.163	-98.08719	2.108644	0.305908	0.666091	1.07248	1.95552	15.16011
4610	-7528.713	-7439.113	-89.60004	2.080112	0.302654	0.663271	1.07187	1.9622	14.31425
4620	-7538.932	-7449.405	-89.52748	1.850973	0.274812	0.638169	1.06577	2.02125	14.32991
4630	-7538.579	-7448.564	-90.01443	2.097812	0.304678	0.665027	1.07225	1.95804	14.35392
4640	-7530.435	-7438.444	-91.99179	1.915878	0.283022	0.645759	1.06773	2.00348	14.56985
4650	-7514.839	-7431.71	-83.12936	1.735253	0.259485	0.623544	1.0617	2.05527	13.70167
4660	-7536.424	-7439.324	-97.10003	1.805075	0.268842	0.632544	1.06425	2.03437	15.09175
4670	-7547.882	-7450.559	-97.32282	1.789032	0.266721	0.630525	1.06369	2.03907	15.11564
4680	-7561.848	-7468.774	-93.07337	1.677598	0.2515	0.615675	1.05935	2.07348	14.70184
4690	-7525.754	-7431.432	-94.32242	2.297358	0.326362	0.683317	1.07592	1.9144	14.76476
4700	-7515.344	-7427.551	-87.79372	1.577988	0.237122	0.601043	1.05469	2.10714	14.18383
4710	-7521.559	-7431.366	-90.19312	1.995414	0.292727	0.654525	1.06987	1.98287	14.38203
4720	-7535.014	-7438.269	-96.74545	2.725	0.366801	0.715068	1.08077	1.83736	14.9643
4730	-7512.35	-7422.874	-89.47623	1.990816	0.292176	0.654033	1.06976	1.98403	14.3108
4740	-7542.789	-7455.935	-86.85378	1.97286	0.290013	0.652096	1.0693	1.98859	14.05035
4750	-7536.99	-7446.593	-90.39741	2.285992	0.32518	0.682344	1.07574	1.91674	14.3734
4760	-7541.49	-7440.547	-100.9432	2.033704	0.297265	0.658551	1.07081	1.97337	15.4532
4770	-7537.88	-7441.96	-95.9199	1.671903	0.250699	0.614875	1.0591	2.07532	14.98706
4780	-7526.622	-7432.755	-93.86659	2.340419	0.330785	0.686934	1.07657	1.90571	14.71488
4790	-7525.505	-7433.612	-91.89321	2.168444	0.312586	0.671808	1.07368	1.94192	14.53474
4800	-7537.558	-7439.034	-98.5246	2.187971	0.314726	0.673621	1.07405	1.9376	15.19592
4810	-7532.034	-7435.982	-96.05226	1.890063	0.279789	0.64279	1.06698	2.01044	14.97848
4820	-7532.999	-7439.344	-93.65497	1.918638	0.283365	0.646073	1.06781	2.00275	14.73589
4830	-7515.168	-7421.38	-93.78809	2.054791	0.299729	0.660716	1.0713	1.96825	14.73559
4840	-7537.046	-7446.556	-90.49004	1.995367	0.292721	0.65452	1.06987	1.98289	14.41173
4850	-7538.49	-7446.025	-92.46414	2.201773	0.316227	0.674887	1.07431	1.93458	14.58849
4860	-7534.173	-7442.662	-91.51102	2.204043	0.316473	0.675094	1.07435	1.93409	14.49296
4870	-7542.526	-7442.049	-100.4771	2.075983	0.302179	0.662858	1.07178	1.96318	15.40237
4880	-7535.401	-7442.102	-93.29887	2.014922	0.29505	0.656591	1.07036	1.978	14.69065
4890	-7523.877	-7432.605	-91.2717	1.637121	0.245749	0.609896	1.05755	2.0868	14.52572
4900	-7547.683	-7465.444	-82.23929	1.76651	0.263715	0.627642	1.06288	2.04577	13.60954
4910	-7552.267	-7457.248	-95.01919	1.694973	0.253932	0.61809	1.06008	2.0679	14.89468
4920	-7546.023	-7448.303	-97.72035	1.888157	0.279548	0.642568	1.06692	2.01096	15.14548
4930	-7532.848	-7427.52	-105.3278	1.915707	0.283001	0.64574	1.06773	2.00353	15.90347
4940	-7535.327	-7437.715	-97.61215	1.816236	0.270306	0.633933	1.06463	2.03113	15.14185
4950	-7539.621	-7439.28	-100.3408	1.889397	0.279705	0.642712	1.06696	2.01062	15.4074
4960	-7537.948	-7439.445	-98.50341	1.750156	0.261511	0.625512	1.06227	2.05071	15.23758
4970	-7549.054	-7449.209	-99.84445	1.873932	0.277747	0.640901	1.06649	2.01486	15.35931
4980	-7532.429	-7438.416	-94.01334	1.694614	0.253882	0.618041	1.06007	2.06801	14.79413
4990	-7536.458	-7439.048	-97.41041	1.906072	0.281799	0.644639	1.06745	2.00611	15.11269
5000	-7540.984	-7445.449	-95.53441	1.817135	0.270424	0.634044	1.06466	2.03087	14.93399
5010	-7531.234	-7426.827	-104.4071	1.975454	0.290327	0.652378	1.06936	1.98793	15.80542
5020	-7517.058	-7436.682	-80.37588	1.885477	0.27921	0.642255	1.06684	2.01169	13.4113
5030	-7521.313	-7428.753	-92.55963	2.276963	0.324237	0.681566	1.07559	1.9186	14.59052
5040	-7522.836	-7431.63	-91.20581	1.738882	0.25998	0.624026	1.06184	2.05416	14.50895
5050	-7531.225	-7438.396	-92.82875	1.772281	0.264489	0.628386	1.06309	2.04404	14.66791
5060	-7546.463	-7451.571	-94.89218	1.979659	0.290834	0.652833	1.06947	1.98686	14.85351
5070	-7516.489	-7430.863	-85.62663	2.141334	0.309582	0.669248	1.07315	1.94802	13.91079
5080	-7514.64	-7437.367	-77.27302	2.004154	0.29377	0.655455	1.07009	1.98068	13.08915
5090	-7526.663	-7437.607	-89.056	2.470015	0.343595	0.697202	1.07828	1.88092	14.22086
5100	-7538.859	-7441.465	-97.39453	1.914603	0.282863	0.645614	1.0677	2.00382	15.11025
5110	-7522.828	-7429.48	-93.34873	2.147416	0.310259	0.669827	1.07328	1.94664	14.68239
5120	-7555.848	-7454.573	-101.2753	1.920315	0.283573	0.646264	1.06786	2.0023	15.49776
5130	-7535.438	-7440.802	-94.63525	1.920789	0.283632	0.646317	1.06787	2.00218	14.8337
5140	-7533.03	-7438.385	-94.6449	1.876364	0.278056	0.641188	1.06656	2.01419	14.83911
5150	-7548.228	-7454.803	-93.42477	2.269302	0.323433	0.680902	1.07547	1.9202	14.6778
5160	-7534.165	-7449.605	-84.56031	1.942371	0.286297	0.648742	1.06848	1.99648	13.82405
5170	-7532.936	-7437.44	-95.49627	1.965177	0.289082	0.651259	1.06909	1.99057	14.91537
5180	-7538.529	-7445.126	-93.40334	1.798903	0.268028	0.631771	1.06403	2.03617	14.7227
5190	-7533.734	-7448.647	-85.08758	2.055499	0.299811	0.660788	1.07132	1.96808	13.86547
5200	-7554.292	-7462.031	-92.26127	1.535085	0.230692	0.594294	1.05242	2.1226	14.63488
5210	-7535.561	-7440.016	-95.54513	1.817701	0.270498	0.634114	1.06468	2.03071	14.935
5220	-7525.351	-7432.536	-92.81532	2.098059	0.304706	0.665052	1.07226	1.95798	14.63398
5230	-7534.201	-7454.028	-80.17215	1.994503	0.292618	0.654428	1.06985	1.9831	13.38002
5240	-7530.912	-7437.268	-93.64438	2.089356	0.303713	0.664191	1.07207	1.96002	14.71776
5250	-7547.409	-7442.121	-105.2885	2.372131	0.333988	0.68953	1.07702	1.89946	15.85389
5260	-7548.084	-7454.34	-93.7437	2.292958	0.325905	0.682942	1.07585	1.91531	14.70733
5270	-7538.85	-7442.119	-96.73033	2.206738	0.316764	0.675339	1.0744	1.9335	15.01462
5280	-7535.535	-7443.98	-91.55519	1.91748	0.283221	0.645942	1.06778	2.00306	14.52603
5290	-7535.769	-7446.241	-89.52811	1.68494	0.252531	0.616701	1.05966	2.07111	14.34658
5300	-7524.476	-7427.057	-97.41922	2.078088	0.302421	0.663069	1.07183	1.96268	15.09637
5310	-7546.71	-7439.392	-107.3186	2.092196	0.304037	0.664473	1.07213	1.95936	16.08489
5320	-7540.236	-7433.966	-106.2701	1.96645	0.289237	0.651398	1.06913	1.99024	15.99262
5330	-7530.455	-7443.303	-87.15218	1.993947	0.292551	0.654368	1.06984	1.98324	14.07808
5340	-7528.713	-7433.997	-94.71585	1.864859	0.276591	0.639828	1.06621	2.01737	14.84736
5350	-7533.727	-7438.358	-95.36865	1.80915	0.269377	0.633053	1.06439	2.03318	14.91821
5360	-7518.026	-7436.825	-81.20121	1.60806	0.241543	0.605608	1.05618	2.09667	13.52157
5370	-7532.005	-7434.711	-97.29403	2.10708	0.30573	0.665938	1.07245	1.95588	15.08095
5380	-7532.943	-7439.65	-93.29289	2.444099	0.341092	0.695219	1.07796	1.88573	14.64714
5390	-7528.826	-7440.767	-88.05845	1.818049	0.270543	0.634157	1.06469	2.03061	14.1863
5400	-7528.536	-7438.644	-89.89202	1.834258	0.272654	0.636146	1.06523	2.02597	14.36803
5410	-7528.596	-7440.137	-88.45982	2.192402	0.315209	0.674029	1.07413	1.93663	14.189
5420	-7529.008	-7431.362	-97.64598	1.981175	0.291017	0.652997	1.06951	1.98647	15.12874
5430	-7526.639	-7439.099	-87.53961	1.799678	0.26813	0.631868	1.06406	2.03594	14.13625
5440	-7534.801	-7444.384	-90.41721	1.863786	0.276454	0.6397	1.06617	2.01767	14.4176
5450	-7531.689	-7438.735	-92.95415	2.192601	0.31523	0.674047	1.07414	1.93658	14.63841
5460	-7544.424	-7457.039	-87.38565	1.652541	0.247954	0.612123	1.05825	2.08167	14.13557
5470	-7532.895	-7445.134	-87.76096	2.146582	0.310166	0.669748	1.07326	1.94683	14.1237
5480	-7518.416	-7434.89	-83.52549	1.572091	0.236247	0.600132	1.05439	2.10923	13.7576
5490	-7535.922	-7449.047	-86.87462	1.94104	0.286133	0.648594	1.06844	1.99683	14.05562
5500	-7527.813	-7434.362	-93.45175	2.200748	0.316115	0.674793	1.07429	1.9348	14.68736
5510	-7535.902	-7442.852	-93.05037	1.728559	0.258571	0.622652	1.06144	2.05734	14.69444
5520	-7535.761	-7431.845	-103.9163	1.756028	0.262304	0.62628	1.06249	2.04893	15.77828
5530	-7528.615	-7432.804	-95.81078	2.093955	0.304238	0.664647	1.07217	1.95894	14.93394
5540	-7537.945	-7446.621	-91.32444	1.671466	0.250637	0.614814	1.05908	2.07547	14.52756
5550	-7521.181	-7433.702	-87.47882	2.096537	0.304532	0.664902	1.07223	1.95834	14.10049
5560	-7530.878	-7432.974	-97.90427	2.279393	0.324491	0.681776	1.07563	1.9181	15.12475
5570	-7518.856	-7430.902	-87.95391	1.895496	0.280473	0.64342	1.06714	2.00897	14.1681
5580	-7541.765	-7446.694	-95.07181	2.000478	0.293332	0.655065	1.07	1.9816	14.86939
5590	-7551.043	-7454.611	-96.43133	2.574728	0.353429	0.704884	1.07943	1.86226	14.94792
5600	-7524.889	-7436.202	-88.68705	2.424559	0.339186	0.693701	1.07772	1.8894	14.18851
5610	-7531.18	-7440.174	-91.00633	1.943076	0.286384	0.648821	1.0685	1.9963	14.46858
5620	-7525.146	-7433.082	-92.06354	1.81616	0.270296	0.633923	1.06463	2.03115	14.587
5630	-7514.612	-7418.075	-96.53697	1.623684	0.243812	0.607928	1.05693	2.09133	15.05359
5640	-7521.307	-7427.385	-93.92214	1.729677	0.258724	0.622801	1.06148	2.057	14.7815
5650	-7517.374	-7429.291	-88.08263	1.813375	0.269932	0.633578	1.06453	2.03196	14.18918
5660	-7518.169	-7428.956	-89.21309	2.084141	0.303116	0.663673	1.07196	1.96125	14.27515
5670	-7516.861	-7425.717	-91.14469	1.985977	0.291595	0.653514	1.06963	1.98526	14.47813
5680	-7532.036	-7442.708	-89.32862	1.557269	0.234035	0.597819	1.05362	2.11453	14.33939
5690	-7527.184	-7432.539	-94.64461	1.891121	0.279922	0.642913	1.06701	2.01016	14.83761
5700	-7514.309	-7420.724	-93.58551	2.066466	0.301082	0.6619	1.07157	1.96545	14.71416
5710	-7557.163	-7452.271	-104.8917	1.823636	0.271273	0.634846	1.06488	2.029	15.86906
5720	-7563.986	-7465.402	-98.58407	2.075039	0.302071	0.662763	1.07176	1.96341	15.21316
5730	-7520.894	-7435.434	-85.46084	2.056034	0.299873	0.660843	1.07133	1.96795	13.90274
5740	-7541.357	-7442.945	-98.41242	1.988288	0.291873	0.653762	1.06969	1.98467	15.20467
5750	-7535.327	-7440.202	-95.12478	1.677362	0.251467	0.615642	1.05934	2.07355	14.907
5760	-7539.7	-7445.112	-94.58783	1.741206	0.260296	0.624333	1.06193	2.05344	14.84692
5770	-7544.418	-7450.499	-93.91931	2.615645	0.357154	0.707751	1.07983	1.85527	14.69263
5780	-7533.573	-7452.435	-81.13728	1.941434	0.286182	0.648638	1.06845	1.99673	13.48184
5790	-7537.583	-7453.773	-83.80929	2.198953	0.315921	0.674629	1.07425	1.9352	13.72329
5800	-7542.008	-7451.719	-90.28881	2.024106	0.296135	0.657553	1.07058	1.97573	14.38873
5810	-7537.259	-7451.323	-85.93551	2.42593	0.33932	0.693808	1.07774	1.88914	13.91322
5820	-7524.565	-7435.273	-89.29198	2.167887	0.312524	0.671756	1.07367	1.94205	14.27467
5830	-7549.404	-7448.226	-101.1776	2.188806	0.314817	0.673698	1.07407	1.93742	15.46114
5840	-7556.675	-7456.492	-100.1831	2.239505	0.320281	0.678283	1.07497	1.92646	15.35662
5850	-7572.254	-7457.709	-114.545	1.697381	0.254267	0.618422	1.06018	2.06713	16.84702
5860	-7534.325	-7441.779	-92.5458	2.465987	0.343208	0.696896	1.07823	1.88167	14.57024
5870	-7546.281	-7447.193	-99.08864	1.935022	0.285393	0.647921	1.06828	1.99841	15.27762
5880	-7532.543	-7437.949	-94.59324	2.214773	0.317632	0.676068	1.07454	1.93176	14.80011
5890	-7550.516	-7454.213	-96.30312	1.421744	0.212976	0.57499	1.04548	2.16656	15.0504
5900	-7526.485	-7432.016	-94.46863	1.75645	0.262361	0.626335	1.0625	2.0488	14.83348
5910	-7540.823	-7449.066	-91.7566	2.07536	0.302107	0.662795	1.07177	1.96333	14.53038
5920	-7541.205	-7444.124	-97.08114	2.307498	0.327411	0.684179	1.07607	1.91234	15.03962
5930	-7561.17	-7457.256	-103.9142	1.745842	0.260926	0.624945	1.0621	2.05203	15.77909
5940	-7533.739	-7448.496	-85.24343	1.76844	0.263974	0.627891	1.06295	2.04519	13.90976
5950	-7540.342	-7436.225	-104.1173	2.011789	0.294678	0.656261	1.07028	1.97878	15.77281
5960	-7562.717	-7465.821	-96.89561	1.799485	0.268105	0.631844	1.06405	2.036	15.07187
5970	-7538.618	-7454.454	-84.16391	1.840819	0.273503	0.636944	1.06544	2.02411	13.79457
5980	-7535.983	-7441.713	-94.26938	1.859839	0.275949	0.639231	1.06605	2.01877	14.80321
5990	-7540.802	-7443.383	-97.41971	1.937232	0.285665	0.648169	1.06834	1.99783	15.11051
6000	-7538.161	-7449.386	-88.77459	1.708952	0.255873	0.620006	1.06065	2.06347	14.26882
6010	-7540.861	-7455.232	-85.6286	1.815995	0.270275	0.633903	1.06462	2.0312	13.94352
6020	-7546.476	-7447.529	-98.94687	1.592384	0.239247	0.603245	1.05542	2.10209	15.29771
6030	-7523.31	-7433.846	-89.46337	1.803746	0.268667	0.632378	1.0642	2.03475	14.32822
6040	-7529.768	-7432.406	-97.36175	1.874606	0.277832	0.640981	1.06651	2.01468	15.11097
6050	-7528.065	-7433.282	-94.78295	2.025461	0.296295	0.657694	1.07061	1.9754	14.83801
6060	-7536.805	-7449.305	-87.49975	1.695885	0.254059	0.618216	1.06012	2.06761	14.14264
6070	-7534.264	-7446.663	-87.60129	2.165864	0.312301	0.671567	1.07364	1.9425	14.1058
6080	-7531.87	-7437.209	-94.66078	1.868526	0.277059	0.640263	1.06632	2.01636	14.84148
6090	-7529.651	-7435.958	-93.69321	1.921776	0.283755	0.646429	1.0679	2.00191	14.7394
6100	-7521.351	-7433.059	-88.29208	1.909302	0.282202	0.645009	1.06755	2.00524	14.20054
6110	-7545.483	-7456.282	-89.2013	2.029543	0.296776	0.658119	1.07071	1.97439	14.27943
6120	-7537.009	-7436.997	-100.0117	2.16592	0.312307	0.671572	1.07364	1.94248	15.34684
6130	-7545.932	-7457.874	-88.05854	1.992924	0.292429	0.654259	1.06981	1.9835	14.16882
6140	-7535.283	-7444.556	-90.72738	1.706062	0.255473	0.619612	1.06054	2.06438	14.46439
6150	-7531.242	-7444.816	-86.42597	2.168028	0.31254	0.671769	1.07368	1.94201	13.98805
6160	-7544.506	-7440.476	-104.0304	2.067486	0.3012	0.662003	1.07159	1.96521	15.75855
6170	-7533.435	-7440.72	-92.71453	2.067486	0.3012	0.662003	1.07159	1.96521	14.62696
6180	-7545.022	-7456.668	-88.35385	2.300593	0.326697	0.683593	1.07597	1.91374	14.16758
6190	-7538.061	-7440.333	-97.72779	1.97299	0.290029	0.65211	1.0693	1.98856	15.13774
6200	-7531.223	-7448.07	-83.15378	1.66339	0.249495	0.613671	1.05873	2.0781	13.7113
6210	-7563.817	-7450.897	-112.9193	1.936084	0.285524	0.64804	1.0683	1.99813	16.66058
6220	-7534.945	-7432.771	-102.1737	1.913338	0.282706	0.64547	1.06766	2.00416	15.58829
6230	-7526.792	-7436.594	-90.19828	2.043876	0.298457	0.6596	1.07105	1.97089	14.3777
6240	-7539.349	-7444.674	-94.67497	2.496454	0.34612	0.699191	1.07859	1.8761	14.78011
6250	-7542.513	-7454.511	-88.0023	1.756958	0.26243	0.626402	1.06252	2.04865	14.18679
6260	-7537.225	-7446.41	-90.81507	2.196685	0.315674	0.674422	1.07421	1.93569	14.4241
6270	-7534.994	-7443.622	-91.37175	1.58628	0.238348	0.602315	1.05511	2.10423	14.54081
6280	-7539.078	-7457.554	-81.52483	1.965881	0.289168	0.651336	1.06911	1.99038	13.51815
6290	-7534.885	-7440.085	-94.80001	1.939786	0.285979	0.648454	1.06841	1.99716	14.84828
6300	-7528.967	-7440.258	-88.70916	1.784207	0.26608	0.629912	1.06352	2.04049	14.25475
6310	-7526.717	-7429.628	-97.08946	1.83287	0.272474	0.635977	1.06518	2.02637	15.08792
6320	-7534.127	-7437.96	-96.16714	1.840528	0.273466	0.636908	1.06543	2.02419	14.99492
6330	-7542.76	-7451.078	-91.68175	1.721427	0.257592	0.621695	1.06115	2.05956	14.55829
6340	-7529.537	-7432.149	-97.38761	1.518716	0.228199	0.591642	1.0515	2.12866	15.14915
6350	-7536.224	-7447.143	-89.08143	2.311362	0.32781	0.684505	1.07613	1.91155	14.23927
6360	-7532.858	-7444.32	-88.53762	2.211553	0.317284	0.675776	1.07448	1.93246	14.19487
6370	-7531.684	-7437.446	-94.2376	2.125351	0.307792	0.667714	1.07283	1.95166	14.77348
6380	-7532.135	-7446.525	-85.6095	2.041912	0.298227	0.659398	1.071	1.97137	13.91902
6390	-7556.442	-7463.541	-92.9001	2.08513	0.303229	0.663771	1.07198	1.96102	14.64376
6400	-7559.967	-7457.062	-102.9056	1.895542	0.280478	0.643425	1.06714	2.00895	15.66326
6410	-7541.501	-7444.588	-96.91315	1.554084	0.233558	0.597318	1.05345	2.11568	15.09817
6420	-7546.85	-7448.994	-97.85564	2.24044	0.320381	0.678366	1.07499	1.92627	15.12378
6430	-7540.252	-7450.109	-90.14301	1.822848	0.27117	0.634749	1.06485	2.02923	14.39427
6440	-7548.523	-7449.276	-99.24699	2.342361	0.330983	0.687094	1.0766	1.90533	15.25272
6450	-7546.098	-7446.129	-99.96845	2.061451	0.300501	0.661393	1.07145	1.96665	15.35296
6460	-7532.772	-7442.961	-89.81032	2.143439	0.309816	0.669448	1.0732	1.94754	14.32895
6470	-7541.074	-7441.665	-99.40828	2.329825	0.329705	0.686054	1.07641	1.90783	15.2701
6480	-7542.08	-7437.333	-104.747	1.900309	0.281077	0.643976	1.06728	2.00766	15.84693
6490	-7563.592	-7458.723	-104.8691	2.139198	0.309343	0.669044	1.07311	1.9485	15.83525
6500	-7544.274	-7448.375	-95.89888	1.904372	0.281586	0.644444	1.0674	2.00657	14.96171
6510	-7537.208	-7446.788	-90.41962	1.866536	0.276805	0.640027	1.06626	2.01691	14.41757
6520	-7550.642	-7451.959	-98.68344	1.606319	0.241289	0.605347	1.0561	2.09726	15.26997
6530	-7528.794	-7433.085	-95.70892	2.019681	0.295613	0.65709	1.07047	1.97682	14.93118
6540	-7525.251	-7431.156	-94.09452	1.681529	0.252052	0.616225	1.05952	2.07221	14.80356
6550	-7549.911	-7453.972	-95.93963	1.759881	0.262824	0.626782	1.06263	2.04776	14.98023
6560	-7529.153	-7440.926	-88.22689	1.805412	0.268886	0.632586	1.06426	2.03427	14.20441
6570	-7534.981	-7443.853	-91.12788	2.104766	0.305468	0.665711	1.0724	1.95642	14.46457
6580	-7540.864	-7437.702	-103.1625	1.823088	0.271201	0.634778	1.06486	2.02916	15.6962
6590	-7546.299	-7440.354	-105.9454	2.024483	0.29618	0.657592	1.07059	1.97564	15.95435
6600	-7523.47	-7434.64	-88.8303	1.823188	0.271214	0.634791	1.06486	2.02913	14.26297
6610	-7541.5	-7455.719	-85.78161	1.658395	0.248787	0.61296	1.05851	2.07974	13.97458
6620	-7534.01	-7443.779	-90.23121	1.860924	0.276088	0.63936	1.06609	2.01847	14.39929
6630	-7536.673	-7445.921	-90.75202	1.569684	0.235889	0.599759	1.05426	2.11009	14.48049
6640	-7544.808	-7457.661	-87.14727	1.977367	0.290558	0.652585	1.06941	1.98744	14.07925
6650	-7538.385	-7446.359	-92.02576	1.650143	0.247613	0.611779	1.05814	2.08246	14.59982
6660	-7530.893	-7446.482	-84.41118	1.806566	0.269038	0.632731	1.0643	2.03393	13.82272
6670	-7515.806	-7427.899	-87.9068	2.382225	0.334998	0.690344	1.07716	1.8975	14.11472
6680	-7536.607	-7440.332	-96.27515	1.730762	0.258872	0.622946	1.06152	2.05666	15.0167
6690	-7526.788	-7437.96	-88.82775	1.843891	0.2739	0.637316	1.06554	2.02324	14.26064
6700	-7534.515	-7437.444	-97.07056	2.138461	0.309261	0.668974	1.0731	1.94867	15.05547
6710	-7536.709	-7437.901	-98.80842	1.70538	0.255378	0.619519	1.06051	2.0646	15.27256
6720	-7539.955	-7436.11	-103.8453	2.069555	0.301439	0.662212	1.07164	1.96471	15.73983
6730	-7534.91	-7440.737	-94.17309	1.829079	0.271981	0.635514	1.06506	2.02745	14.79666
6740	-7547.471	-7444.551	-102.9207	1.976568	0.290461	0.652499	1.06939	1.98765	15.65667
6750	-7520.45	-7424.225	-96.22514	2.275019	0.324033	0.681398	1.07556	1.91901	14.95727
6760	-7545.563	-7445.677	-99.88591	2.252785	0.321691	0.679457	1.0752	1.92366	15.32557
6770	-7542.858	-7452.995	-89.863	2.059366	0.30026	0.661182	1.07141	1.96715	14.34262
6780	-7515.819	-7428.89	-86.92914	1.963194	0.288841	0.651042	1.06904	1.99108	14.05885
6790	-7532.098	-7437.735	-94.36249	1.879424	0.278444	0.641547	1.06666	2.01335	14.81057
6800	-7524.685	-7442.629	-82.05575	1.595452	0.239698	0.60371	1.05557	2.10102	13.60829
6810	-7546.145	-7456.006	-90.13911	2.075464	0.30212	0.662806	1.07177	1.96331	14.36862
6820	-7530.203	-7449.239	-80.96435	1.739764	0.2601	0.624143	1.06187	2.05389	13.48472
6830	-7535.93	-7443.672	-92.25714	2.180705	0.313932	0.67295	1.07392	1.9392	14.5699
6840	-7528.515	-7448.41	-80.10464	1.767453	0.263842	0.627764	1.06291	2.04548	13.39598
6850	-7533.615	-7446.308	-87.30735	2.050499	0.299229	0.660278	1.0712	1.96929	14.08794
6860	-7533.747	-7440.899	-92.84794	1.7966	0.267724	0.631481	1.06395	2.03684	14.66739
6870	-7541.265	-7452.007	-89.25841	1.548741	0.232755	0.596473	1.05316	2.11761	14.33322
6880	-7565.976	-7468.341	-97.63495	1.800659	0.26826	0.631991	1.0641	2.03565	15.14569
6890	-7540.771	-7437.456	-103.3147	1.756475	0.262365	0.626339	1.0625	2.04879	15.71808
6900	-7531.841	-7441.196	-90.645	2.21441	0.317592	0.676035	1.07453	1.93184	14.40532
6910	-7535.134	-7435.991	-99.14274	2.327603	0.329478	0.685869	1.07638	1.90828	15.24377
6920	-7539.589	-7452.556	-87.03316	2.388963	0.33567	0.690885	1.07725	1.8962	14.02668
6930	-7541.296	-7448.256	-93.03927	2.031576	0.297015	0.65833	1.07076	1.97389	14.66303
6940	-7551.159	-7458.044	-93.11515	1.862622	0.276305	0.639562	1.06614	2.01799	14.68751
6950	-7539.473	-7449.185	-90.28778	2.066277	0.30106	0.661881	1.07156	1.9655	14.38441
6960	-7535.282	-7444.36	-90.92184	1.923881	0.284016	0.646667	1.06796	2.00135	14.46205
6970	-7545.083	-7448.191	-96.89185	2.271841	0.3237	0.681122	1.07551	1.91967	15.02426
6980	-7543.877	-7453.797	-90.0796	2.174495	0.313251	0.672373	1.0738	1.94058	14.35277
6990	-7536.761	-7446.535	-90.22633	2.174495	0.313251	0.672373	1.0738	1.94058	14.36744
7000	-7542.5	-7449.231	-93.26974	2.001333	0.293434	0.655155	1.07002	1.98139	14.6891
7010	-7532.343	-7449.892	-82.45081	1.877217	0.278164	0.641288	1.06659	2.01396	13.61962
7020	-7559.56	-7456.938	-102.6217	2.138081	0.309219	0.668937	1.07309	1.94875	15.61062
7030	-7533.575	-7440.765	-92.80994	2.191925	0.315157	0.673985	1.07413	1.93673	14.62406
7040	-7534.436	-7439.161	-95.275	1.884078	0.279033	0.642092	1.0668	2.01208	14.90135
7050	-7534.533	-7442.053	-92.47951	2.241299	0.320472	0.678443	1.075	1.92608	14.58608
7060	-7544.674	-7442.073	-102.6009	2.199916	0.316025	0.674717	1.07427	1.93499	15.60236
7070	-7523.936	-7428.712	-95.22305	1.833182	0.272514	0.636015	1.06519	2.02628	14.90125
7080	-7535.52	-7444.391	-91.12961	2.073499	0.301893	0.662609	1.07172	1.96377	14.46787
7090	-7556.967	-7451.53	-105.4367	1.721902	0.257658	0.621758	1.06117	2.05941	15.93374
7100	-7548.357	-7453.937	-94.41995	1.909507	0.282228	0.645032	1.06755	2.00519	14.8133
7110	-7552.728	-7457.565	-95.16359	1.977476	0.290571	0.652597	1.06942	1.98742	14.88087
7120	-7539.287	-7449.09	-90.19615	1.904861	0.281647	0.6445	1.06742	2.00644	14.39139
7130	-7545.33	-7456.555	-88.77542	1.982831	0.291217	0.653175	1.06955	1.98605	14.24152
7140	-7550.26	-7456.921	-93.33856	2.079087	0.302536	0.663169	1.07185	1.96245	14.68821
7150	-7545.551	-7451.156	-94.39469	2.126487	0.30792	0.667824	1.07285	1.9514	14.78908
7160	-7555.427	-7452.955	-102.4724	1.894098	0.280297	0.643258	1.0671	2.00935	15.62008
7170	-7553.9	-7465.75	-88.14962	1.929649	0.28473	0.647318	1.06813	1.99983	14.18426
7180	-7554.042	-7461.302	-92.74001	1.716914	0.256971	0.621086	1.06097	2.06097	14.66457
7190	-7535.487	-7425.882	-109.6051	2.124341	0.307679	0.667616	1.07281	1.95189	16.31033
7200	-7538.981	-7441.083	-97.8978	2.367007	0.333474	0.689114	1.07695	1.90046	15.11534
7210	-7521.064	-7442.577	-78.48702	1.666266	0.249903	0.614079	1.05886	2.07716	13.24433
7220	-7524.896	-7429.579	-95.31718	2.294373	0.326052	0.683062	1.07587	1.91502	14.86454
7230	-7540.395	-7443.111	-97.28385	1.779908	0.265508	0.629364	1.06336	2.04177	15.11265
7240	-7543.483	-7441.948	-101.5351	2.201014	0.316144	0.674818	1.07429	1.93475	15.49567
7250	-7547.046	-7448.067	-98.97903	2.308526	0.327517	0.684265	1.07609	1.91213	15.22931
7260	-7540.417	-7453.883	-86.53448	1.936855	0.285619	0.648127	1.06833	1.99793	14.02202
7270	-7546.241	-7453.459	-92.7821	2.023305	0.296041	0.657469	1.07056	1.97593	14.63814
7280	-7553.471	-7454.621	-98.84986	1.89422	0.280312	0.643272	1.0671	2.00931	15.25782
7290	-7552.031	-7465.786	-86.24512	1.867358	0.27691	0.640124	1.06629	2.01668	14.00003
7300	-7539.739	-7443.548	-96.19064	1.851763	0.274914	0.638264	1.0658	2.02103	14.99615
7310	-7531.094	-7441.414	-89.67938	1.801988	0.268435	0.632158	1.06414	2.03527	14.35
7320	-7534.943	-7438.077	-96.86605	1.97251	0.289971	0.652058	1.06929	1.98868	15.05161
7330	-7549.57	-7454.869	-94.7007	2.374666	0.334242	0.689735	1.07705	1.89897	14.79486
7340	-7539.404	-7445.274	-94.12967	1.998969	0.293152	0.654904	1.06996	1.98198	14.77533
7350	-7559.614	-7468.534	-91.08005	2.474639	0.344039	0.697552	1.07833	1.88008	14.4228
7360	-7552.392	-7455.77	-96.62166	2.130087	0.308324	0.66817	1.07293	1.95058	15.01142
7370	-7546.899	-7449.995	-96.90336	1.963373	0.288863	0.651061	1.06905	1.99103	15.05626
7380	-7539.637	-7452.274	-87.36345	2.101648	0.305114	0.665405	1.07234	1.95714	14.08844
7390	-7527.685	-7432.633	-95.05157	2.086073	0.303337	0.663865	1.072	1.9608	14.85881
7400	-7544.147	-7453.728	-90.4187	1.854444	0.275258	0.638586	1.06588	2.02028	14.41868
7410	-7547.345	-7452.864	-94.48136	1.943584	0.286446	0.648877	1.06851	1.99617	14.81604
7420	-7530.312	-7441.545	-88.76738	2.017954	0.295409	0.656909	1.07043	1.97725	14.2372
7430	-7541.287	-7443.026	-98.26123	2.185218	0.314425	0.673367	1.074	1.93821	15.16986
7440	-7546.97	-7450.015	-96.95494	2.030894	0.296935	0.658259	1.07074	1.97406	15.05466
7450	-7554.819	-7451.358	-103.4614	2.093287	0.304162	0.664581	1.07216	1.9591	15.69907
7460	-7536.456	-7439.264	-97.19144	1.830057	0.272108	0.635633	1.06509	2.02717	15.0984
7470	-7535.471	-7437.79	-97.68041	2.213757	0.317522	0.675976	1.07452	1.93198	15.10892
7480	-7522.569	-7429.518	-93.05141	1.811368	0.269668	0.633329	1.06446	2.03254	14.68626
7490	-7531.355	-7429.413	-101.9419	1.848035	0.274434	0.637816	1.06568	2.02207	15.57164
7500	-7519.56	-7437.687	-81.87313	2.085891	0.303316	0.663847	1.072	1.96084	13.54098
7510	-7536.249	-7451.139	-85.11016	1.956369	0.28801	0.650292	1.06886	1.99284	13.87764
7520	-7526.347	-7441.295	-85.05159	2.124971	0.30775	0.667677	1.07282	1.95175	13.85492
7530	-7535.73	-7449.214	-86.51581	1.932787	0.285117	0.647671	1.06821	1.999	14.02056
7540	-7525.13	-7428.882	-96.24768	1.767449	0.263841	0.627763	1.06291	2.04548	15.01028
7550	-7532.33	-7445.35	-86.98058	2.131491	0.308481	0.668305	1.07296	1.95026	14.04717
7560	-7530.274	-7446.56	-83.71433	1.870176	0.277269	0.640458	1.06637	2.0159	13.74667
7570	-7544.504	-7450.374	-94.12952	1.555321	0.233743	0.597513	1.05351	2.11523	14.81968
7580	-7536.576	-7444.561	-92.01438	1.928426	0.284579	0.64718	1.06809	2.00015	14.57085
7590	-7522.476	-7431.218	-91.25747	2.446661	0.341341	0.695416	1.078	1.88525	14.44334
7600	-7544.343	-7452.893	-91.45035	2.098095	0.30471	0.665055	1.07226	1.95797	14.49748
7610	-7535.543	-7442.338	-93.20548	1.916275	0.283071	0.645805	1.06775	2.00338	14.69118
7620	-7550.712	-7447.852	-102.86	2.118681	0.307042	0.667068	1.07269	1.9532	15.63639
7630	-7555.54	-7447.742	-107.798	2.500496	0.346504	0.699492	1.07863	1.87537	16.09201
7640	-7537.718	-7439.465	-98.25366	2.151561	0.310719	0.67022	1.07336	1.9457	15.17247
7650	-7563.413	-7460.459	-102.9541	1.963429	0.28887	0.651068	1.06905	1.99102	15.66132
7660	-7537.391	-7447.039	-90.35179	2.000637	0.293351	0.655081	1.07001	1.98156	14.39737
7670	-7533.144	-7447.937	-85.20665	2.110742	0.306145	0.666296	1.07253	1.95503	13.87185
7680	-7531.735	-7436.107	-95.62804	2.24936	0.321328	0.679156	1.07514	1.92438	14.90013
7690	-7525.874	-7435.764	-90.11022	1.943306	0.286412	0.648846	1.0685	1.99624	14.37895
7700	-7544.744	-7447.96	-96.78433	1.779863	0.265502	0.629358	1.06336	2.04178	15.06271
7710	-7537.253	-7443.321	-93.93229	1.374916	0.205337	0.56632	1.04215	2.1862	14.818
7720	-7535.816	-7442.114	-93.70231	2.035281	0.29745	0.658714	1.07085	1.97299	14.72896
7730	-7519.266	-7431.185	-88.08126	1.820076	0.270808	0.634407	1.06476	2.03003	14.18838
7740	-7518.394	-7435.33	-83.06337	1.994484	0.292615	0.654426	1.06985	1.98311	13.66915
7750	-7541.508	-7449.215	-92.29282	2.447117	0.341385	0.695451	1.078	1.88516	14.54683
7760	-7524.085	-7435.841	-88.24367	1.875362	0.277929	0.64107	1.06653	2.01447	14.19909
7770	-7522.516	-7434.919	-87.59678	1.829168	0.271993	0.635525	1.06506	2.02742	14.13902
7780	-7529.151	-7438.541	-90.60968	1.792866	0.26723	0.63101	1.06382	2.03794	14.44394
7790	-7534.7	-7440.897	-93.80289	1.874589	0.27783	0.640979	1.06651	2.01468	14.75509
7800	-7550.226	-7451.457	-98.7692	1.614039	0.242414	0.6065	1.05647	2.09462	15.27777
7810	-7535.521	-7436.594	-98.92699	1.937253	0.285668	0.648171	1.06834	1.99782	15.26123
7820	-7526.732	-7427.748	-98.98465	1.939003	0.285883	0.648367	1.06839	1.99736	15.26682
7830	-7531.262	-7434.823	-96.43883	2.03466	0.297377	0.658649	1.07083	1.97314	15.00268
7840	-7538.871	-7435.185	-103.6862	2.047656	0.298898	0.659987	1.07114	1.96998	15.72611
7850	-7527.766	-7427.011	-100.7549	2.204856	0.316561	0.675168	1.07436	1.93391	15.41726
7860	-7541.853	-7451.702	-90.15156	2.188504	0.314784	0.67367	1.07406	1.93748	14.35856
7870	-7520.621	-7437.655	-82.96621	2.378996	0.334676	0.690084	1.07711	1.89813	13.62098
7880	-7544.419	-7451.311	-93.10763	2.184203	0.314314	0.673273	1.07398	1.93843	14.6546
7890	-7554.552	-7454.86	-99.69148	2.028652	0.296671	0.658026	1.07069	1.97461	15.32854
7900	-7541.948	-7445.647	-96.30142	1.792386	0.267166	0.63095	1.06381	2.03808	15.01316
7910	-7542.316	-7449.621	-92.69524	2.258419	0.322287	0.679952	1.07529	1.92247	14.60594
7920	-7516.507	-7426.174	-90.3331	1.840356	0.273443	0.636888	1.06543	2.02424	14.41153
7930	-7522.708	-7424.788	-97.91962	2.411928	0.337944	0.692709	1.07755	1.89179	15.11303
7940	-7533.263	-7440.375	-92.88757	1.774967	0.264848	0.628731	1.06318	2.04324	14.67352
7950	-7537.463	-7451.424	-86.03906	2.229427	0.319205	0.677385	1.0748	1.92861	13.94322
7960	-7527.464	-7431.254	-96.21068	2.060067	0.300341	0.661253	1.07142	1.96698	14.97732
7970	-7534.987	-7441.751	-93.236	2.103	0.305267	0.665538	1.07237	1.95683	14.67556
7980	-7527.023	-7438.389	-88.63351	2.306087	0.327266	0.684059	1.07605	1.91262	14.195
7990	-7520.158	-7434.28	-85.87737	1.881917	0.27876	0.641839	1.06673	2.01267	13.9618
8000	-7543.01	-7442.6	-100.4097	1.850529	0.274755	0.638116	1.06576	2.02137	15.41817
8010	-7549.613	-7459.735	-89.87825	1.922648	0.283863	0.646528	1.06793	2.00168	14.35782
8020	-7525.7	-7437.769	-87.93155	2.123984	0.307639	0.667582	1.0728	1.95198	14.14301
8030	-7556.366	-7449.171	-107.1944	2.31536	0.328222	0.684842	1.07619	1.91074	16.05016
8040	-7551.005	-7452.256	-98.74848	1.843049	0.273791	0.637214	1.06552	2.02348	15.2528
8050	-7554.034	-7466.923	-87.11118	2.064818	0.300891	0.661734	1.07153	1.96584	14.06689
8060	-7544.94	-7445.165	-99.7749	1.966879	0.289289	0.651445	1.06914	1.99013	15.34306
8070	-7533.703	-7438.901	-94.80201	1.654639	0.248253	0.612424	1.05835	2.08098	14.87699
8080	-7527.404	-7435.893	-91.51092	1.839435	0.273324	0.636776	1.0654	2.0245	14.52941
8090	-7528.957	-7439.791	-89.16561	1.799778	0.268143	0.631881	1.06407	2.03591	14.29884
8100	-7539.716	-7440.805	-98.91115	1.905404	0.281715	0.644562	1.06743	2.00629	15.26283
8110	-7514.168	-7436.668	-77.49997	1.841694	0.273616	0.63705	1.06547	2.02386	13.12809
8120	-7531.833	-7428.692	-103.1416	2.251643	0.32157	0.679357	1.07518	1.9239	15.65125
8130	-7544.656	-7456.492	-88.16403	1.997364	0.29296	0.654733	1.06992	1.98238	14.17893
8140	-7524.93	-7431.853	-93.07707	2.204935	0.316569	0.675175	1.07436	1.93389	14.64947
8150	-7545.316	-7450.805	-94.51107	1.991433	0.29225	0.6541	1.06977	1.98388	14.81422
8160	-7544.323	-7446.599	-97.72406	2.094644	0.304317	0.664715	1.07219	1.95878	15.1252
8170	-7518.549	-7427.683	-90.86595	2.002729	0.2936	0.655304	1.07006	1.98104	14.44858
8180	-7532.2	-7443.167	-89.03248	1.854404	0.275253	0.638581	1.06588	2.02029	14.28007
8190	-7533.665	-7444.134	-89.53166	2.217146	0.317887	0.676282	1.07458	1.93125	14.29371
8200	-7546.467	-7456.828	-89.63892	1.871789	0.277474	0.640649	1.06642	2.01545	14.33897
8210	-7562.142	-7469.339	-92.80359	1.574597	0.236619	0.60052	1.05452	2.10834	14.68516
8220	-7542.028	-7446.187	-95.84052	2.097495	0.304641	0.664996	1.07225	1.95811	14.93656
8230	-7516.491	-7430.513	-85.97865	2.127918	0.308081	0.667962	1.07288	1.95107	13.94733
8240	-7529.533	-7430.785	-98.74794	1.957794	0.288184	0.650449	1.0689	1.99247	15.24127
8250	-7532.93	-7442.983	-89.94685	1.644061	0.246744	0.610902	1.05787	2.08448	14.39254
8260	-7558.067	-7453.808	-104.259	1.928218	0.284553	0.647157	1.06809	2.00021	15.79534
8270	-7536.836	-7443.025	-93.8109	2.118429	0.307013	0.667044	1.07269	1.95325	14.73151
8280	-7547.156	-7447.395	-99.76141	1.649102	0.247464	0.611629	1.0581	2.08281	15.37349
8290	-7553.82	-7452.139	-101.6811	2.112291	0.30632	0.666447	1.07256	1.95467	15.51913
8300	-7552.703	-7467.609	-85.09364	1.875746	0.277977	0.641115	1.06654	2.01436	13.88405
8310	-7539.52	-7435.82	-103.6998	2.039882	0.297989	0.659189	1.07096	1.97187	15.72825
8320	-7526.295	-7436.802	-89.49308	1.991371	0.292242	0.654093	1.06977	1.98389	14.31243
8330	-7534.536	-7437.867	-96.66884	1.705998	0.255464	0.619603	1.06053	2.0644	15.05854
8340	-7534.359	-7429.752	-104.6069	2.216871	0.317857	0.676257	1.07458	1.93131	15.80126
8350	-7526.716	-7432.621	-94.09441	2.129069	0.30821	0.668072	1.07291	1.95081	14.75879
8360	-7542.749	-7446.919	-95.83005	2.004236	0.29378	0.655463	1.0701	1.98066	14.94484
8370	-7553.223	-7460.428	-92.79504	1.840968	0.273522	0.636962	1.06545	2.02407	14.65767
8380	-7549.183	-7452.306	-96.87644	1.909138	0.282182	0.64499	1.06754	2.00529	15.05899
8390	-7544.568	-7449.588	-94.98007	2.197859	0.315802	0.674529	1.07423	1.93543	14.84048
8400	-7530.995	-7445.667	-85.32804	1.802708	0.26853	0.632248	1.06417	2.03506	13.91479
8410	-7552.845	-7446.946	-105.8991	2.392761	0.336048	0.691188	1.0773	1.89546	15.91289
8420	-7537.969	-7441.793	-96.176	1.936151	0.285532	0.648048	1.06831	1.99811	14.98624
8430	-7524.106	-7425.64	-98.46648	1.628006	0.244437	0.608563	1.05713	2.08987	15.24611
8440	-7548.928	-7453.518	-95.40993	1.797369	0.267825	0.631578	1.06398	2.03662	14.92351
8450	-7541.122	-7436.613	-104.5089	2.122293	0.307449	0.667418	1.07277	1.95236	15.80092
8460	-7546.728	-7445.001	-101.7265	2.188341	0.314766	0.673655	1.07406	1.93752	15.51607
8470	-7534.53	-7444.136	-90.39387	1.711545	0.256231	0.620358	1.06076	2.06265	14.43049
8480	-7530.829	-7436.261	-94.56781	1.733105	0.259192	0.623258	1.06161	2.05594	14.84573
8490	-7525.737	-7435.398	-90.33914	1.933226	0.285171	0.64772	1.06823	1.99888	14.40285
8500	-7558.201	-7460.283	-97.91724	1.599865	0.240345	0.604377	1.05579	2.09949	15.194
8510	-7538.801	-7447.204	-91.59696	2.322178	0.328922	0.685415	1.0763	1.90937	14.48974
8520	-7542.761	-7442.838	-99.92264	1.981351	0.291038	0.653016	1.06952	1.98643	15.35639
8530	-7535.587	-7448.441	-87.1456	2.090296	0.30382	0.664285	1.07209	1.9598	14.06779
8540	-7530.45	-7439.921	-90.5289	1.678598	0.251641	0.615815	1.05939	2.07315	14.44729
8550	-7542.604	-7440.133	-102.4715	1.885306	0.279188	0.642236	1.06684	2.01174	15.62088
8560	-7534.063	-7448.77	-85.29339	1.812269	0.269787	0.633441	1.06449	2.03228	13.91037
8570	-7544.888	-7452.917	-91.97112	1.653471	0.248087	0.612257	1.05829	2.08136	14.59402
8580	-7559.676	-7447.929	-111.747	1.819448	0.270726	0.63433	1.06474	2.03021	16.55501
8590	-7535.509	-7443.125	-92.38365	2.179146	0.313761	0.672805	1.07389	1.93955	14.58271
8600	-7532.243	-7433.285	-98.95762	1.961489	0.288634	0.650855	1.069	1.99152	15.26187
8610	-7538.306	-7438.123	-100.1832	1.944929	0.286611	0.649027	1.06855	1.99581	15.38609
8620	-7519.792	-7437.029	-82.76318	1.740617	0.260216	0.624255	1.0619	2.05363	13.66451
8630	-7538.189	-7446.073	-92.11553	1.904699	0.281627	0.644481	1.06741	2.00648	14.58334
8640	-7550.454	-7446.529	-103.925	2.132183	0.308559	0.668372	1.07297	1.9501	15.74154
8650	-7510.774	-7426.586	-84.18832	1.881181	0.278666	0.641753	1.06671	2.01287	13.79297
8660	-7512.462	-7424.96	-87.50207	2.037962	0.297765	0.658991	1.07091	1.97233	14.10867
8670	-7536.969	-7437.523	-99.44675	2.005397	0.293918	0.655586	1.07012	1.98037	15.30639
8680	-7531.953	-7434.398	-97.55499	1.930163	0.284793	0.647376	1.06814	1.99969	15.12474
8690	-7528.341	-7442.215	-86.12579	2.362786	0.333049	0.68877	1.07689	1.90129	13.93856
8700	-7540.957	-7447.035	-93.92238	2.388676	0.335642	0.690862	1.07725	1.89625	14.71563
8710	-7535.856	-7444.287	-91.56869	2.220953	0.318296	0.676625	1.07465	1.93043	14.49703
8720	-7545.366	-7442.24	-103.1264	2.044071	0.298479	0.65962	1.07105	1.97085	15.67049
8730	-7538.107	-7444.394	-93.71312	2.615598	0.357149	0.707748	1.07983	1.85528	14.67201
8740	-7519.706	-7423.99	-95.71568	2.010521	0.294527	0.656128	1.07025	1.97909	14.93277
8750	-7530.135	-7442.745	-87.38951	2.190716	0.315025	0.673874	1.0741	1.937	14.08214
8760	-7532.499	-7441.026	-91.47286	2.01076	0.294556	0.656153	1.07026	1.97903	14.50847
8770	-7512.08	-7425.713	-86.36693	2.105807	0.305586	0.665813	1.07242	1.95618	13.98837
8780	-7527.896	-7444.1	-83.79565	2.327459	0.329463	0.685857	1.07638	1.9083	13.70908
8790	-7519.856	-7432.599	-87.25636	2.018184	0.295436	0.656934	1.07044	1.97719	14.08608
8800	-7533.991	-7437.128	-96.86279	2.256155	0.322048	0.679753	1.07525	1.92295	15.02292
8810	-7555.59	-7466.639	-88.95045	2.139759	0.309406	0.669098	1.07312	1.94837	14.24333
8820	-7534.004	-7442.574	-91.42921	2.087597	0.303512	0.664017	1.07203	1.96044	14.49642
8830	-7534.842	-7435.877	-98.96446	2.150736	0.310628	0.670142	1.07334	1.94589	15.24363
8840	-7551.52	-7440.01	-111.5103	1.813551	0.269955	0.6336	1.06454	2.03191	16.53194
8850	-7533.438	-7435.944	-97.49417	2.084552	0.303163	0.663714	1.07197	1.96115	15.10322
8860	-7544.173	-7447.911	-96.26258	1.932138	0.285037	0.647598	1.06819	1.99917	14.9953
8870	-7521.365	-7438.334	-83.03066	1.759618	0.262789	0.626748	1.06262	2.04784	13.68936
8880	-7536.94	-7457.683	-79.25677	1.743151	0.260561	0.62459	1.062	2.05285	13.31362
8890	-7549.458	-7452.534	-96.92318	2.376796	0.334456	0.689907	1.07708	1.89855	15.0169
8900	-7537.883	-7451.831	-86.05205	2.135552	0.308936	0.668695	1.07304	1.94933	13.95391
8910	-7539.637	-7443.122	-96.51461	1.776582	0.265064	0.628938	1.06324	2.04275	15.03606
8920	-7555.972	-7455.614	-100.3576	2.020943	0.295762	0.657222	1.07051	1.97651	15.39592
8930	-7528.307	-7435.386	-92.92174	2.21343	0.317487	0.675946	1.07452	1.93205	14.63309
8940	-7516.55	-7430.186	-86.36458	1.886756	0.279371	0.642405	1.06688	2.01134	14.01004
8950	-7526.126	-7437.995	-88.13056	1.800161	0.268194	0.631929	1.06408	2.0358	14.1953
8960	-7532.102	-7429.806	-102.2961	1.813986	0.270012	0.633654	1.06455	2.03178	15.61047
8970	-7523.189	-7430.519	-92.66942	2.108883	0.305935	0.666114	1.07249	1.95546	14.61831
8980	-7533.778	-7445.343	-88.43493	1.715903	0.256832	0.620949	1.06093	2.06129	14.23416
8990	-7540.416	-7435.13	-105.2863	1.653086	0.248032	0.612201	1.05828	2.08149	15.92558
9000	-7558.337	-7444.12	-114.2173	1.614645	0.242502	0.60659	1.0565	2.09441	16.82252
9010	-7531.174	-7436.142	-95.03201	1.7924	0.267168	0.630951	1.06381	2.03807	14.88622
9020	-7532.807	-7450.961	-81.84601	1.765939	0.263639	0.627568	1.06285	2.04594	13.57027
9030	-7534.523	-7446.58	-87.94244	1.46257	0.219482	0.582205	1.04815	2.15017	14.21024
9040	-7532.478	-7437.653	-94.82485	2.355745	0.332339	0.688195	1.07679	1.90268	14.80917
9050	-7535.529	-7448.154	-87.37571	2.296858	0.32631	0.683275	1.07591	1.91451	14.07014
9060	-7540.684	-7445.969	-94.71441	1.817747	0.270504	0.63412	1.06468	2.0307	14.85192
9070	-7543.956	-7449.795	-94.16033	1.834813	0.272726	0.636214	1.06525	2.02581	14.79481
9080	-7539.549	-7446.716	-92.83313	1.860028	0.275974	0.639253	1.06606	2.01872	14.65957
9090	-7543.066	-7447.881	-95.18538	2.010899	0.294572	0.656168	1.07026	1.979	14.87971
9100	-7537.717	-7441.413	-96.30446	1.987163	0.291738	0.653642	1.06967	1.98496	14.99399
9110	-7525.48	-7434.073	-91.40701	1.7847	0.266146	0.629975	1.06353	2.04034	14.52449
9120	-7534.332	-7443.317	-91.01532	2.11436	0.306554	0.666648	1.0726	1.95419	14.45235
9130	-7531.625	-7449.001	-82.62434	1.777084	0.265131	0.629003	1.06326	2.04261	13.64698
9140	-7530.484	-7447.516	-82.96808	1.888814	0.279631	0.642644	1.06694	2.01078	13.67019
9150	-7534.241	-7443.21	-91.03093	1.766488	0.263713	0.627639	1.06288	2.04577	14.4887
9160	-7535.182	-7441.085	-94.09697	2.125183	0.307773	0.667698	1.07283	1.9517	14.75944
9170	-7529.397	-7440.284	-89.11262	1.908389	0.282088	0.644904	1.06752	2.00549	14.28268
9180	-7523.433	-7434.602	-88.83085	2.119843	0.307173	0.667181	1.07272	1.95293	14.23336
9190	-7519.119	-7434.434	-84.6854	2.147491	0.310267	0.669834	1.07328	1.94662	13.81605
9200	-7529.873	-7437.845	-92.02798	2.09025	0.303815	0.66428	1.07209	1.95981	14.55603
9210	-7528.279	-7440.54	-87.73941	1.903535	0.281481	0.644347	1.06738	2.00679	14.14585
9220	-7541.247	-7452.967	-88.27932	1.943475	0.286433	0.648865	1.06851	1.99619	14.19584
9230	-7526.148	-7438.614	-87.53475	1.804712	0.268794	0.632499	1.06424	2.03447	14.13526
9240	-7553.318	-7452.702	-100.6162	2.190094	0.314957	0.673817	1.07409	1.93713	15.40487
9250	-7531.549	-7438.675	-92.87332	1.858396	0.275765	0.639058	1.06601	2.01917	14.66375
9260	-7542.379	-7439.567	-102.8121	2.079985	0.302639	0.663258	1.07187	1.96223	15.63547
9270	-7518.88	-7428.619	-90.26134	1.995565	0.292745	0.654541	1.06988	1.98284	14.38884
9280	-7525.809	-7428.778	-97.0308	1.921989	0.283781	0.646453	1.06791	2.00186	15.07314
9290	-7541.07	-7455.145	-85.92528	1.902832	0.281393	0.644267	1.06736	2.00698	13.9645
9300	-7565.665	-7461.404	-104.2607	2.369731	0.333748	0.689335	1.07699	1.89993	15.75136
9310	-7540.398	-7436.543	-103.8555	1.723362	0.257858	0.621955	1.06123	2.05896	15.77547
9320	-7537.106	-7444.293	-92.81256	1.955133	0.287859	0.650156	1.06883	1.99316	14.648
9330	-7541.948	-7455.509	-86.43852	1.864695	0.27657	0.639808	1.0662	2.01742	14.01964
9340	-7511.909	-7423.891	-88.01816	2.000962	0.29339	0.655116	1.07001	1.98148	14.16398
9350	-7551.76	-7455.165	-96.59514	1.890097	0.279793	0.642794	1.06698	2.01043	15.03276
9360	-7543.12	-7446.09	-97.03056	2.008426	0.294278	0.655907	1.0702	1.97962	15.06447
9370	-7542.85	-7438.984	-103.8662	2.172142	0.312992	0.672154	1.07376	1.9411	15.73166
9380	-7533.555	-7437.392	-96.163	2.131246	0.308454	0.668282	1.07295	1.95031	14.96543
9390	-7519.006	-7442.03	-76.9759	1.646048	0.247028	0.611189	1.05796	2.08382	13.09524
9400	-7541.818	-7444.557	-97.26124	1.956919	0.288077	0.650353	1.06887	1.9927	15.09269
9410	-7540.731	-7438.232	-102.4995	1.898246	0.280818	0.643738	1.06722	2.00822	15.62238
9420	-7526.135	-7439.638	-86.49718	1.642936	0.246583	0.610739	1.05782	2.08486	14.04768
9430	-7539.616	-7440.19	-99.42544	1.914573	0.282859	0.645611	1.0677	2.00383	15.31335
9440	-7530.014	-7441.125	-88.88884	2.193699	0.31535	0.674148	1.07416	1.93634	14.23177
9450	-7538.756	-7442.097	-96.65909	2.037072	0.29766	0.658899	1.07089	1.97255	15.02446
9460	-7534.567	-7444.569	-89.99812	2.023301	0.29604	0.657469	1.07056	1.97593	14.35974
9470	-7538.057	-7437.892	-100.1659	2.049475	0.29911	0.660174	1.07118	1.96954	15.3739
9480	-7533.393	-7432.683	-100.7105	2.319241	0.328621	0.685168	1.07625	1.90996	15.40138
9490	-7526.803	-7438.527	-88.27532	1.586589	0.238394	0.602362	1.05513	2.10412	14.23113
9500	-7551.778	-7449.197	-102.5811	1.496093	0.224718	0.587905	1.05019	2.13719	15.67076
9510	-7531.674	-7442.186	-89.48733	1.827669	0.271798	0.635341	1.06501	2.02785	14.32822
9520	-7529.9	-7443.522	-86.37796	1.906825	0.281893	0.644725	1.06747	2.00591	14.00937
9530	-7531.377	-7444.25	-87.12746	1.922855	0.283889	0.646551	1.06793	2.00163	14.08272
9540	-7545.041	-7448.153	-96.88804	1.699963	0.254626	0.618777	1.06029	2.06631	15.08107
9550	-7537.183	-7437.739	-99.44368	2.027654	0.296554	0.657922	1.07067	1.97486	15.30386
9560	-7530.905	-7441.414	-89.49152	1.799263	0.268075	0.631816	1.06405	2.03606	14.33148
9570	-7542.894	-7447.462	-95.43153	2.789936	0.372329	0.719192	1.08126	1.82722	14.82642
9580	-7520.003	-7433.874	-86.12928	1.691666	0.253471	0.617634	1.05994	2.06895	14.00602
9590	-7536.503	-7443.109	-93.39451	1.684549	0.252476	0.616646	1.05964	2.07123	14.73325
9600	-7520.564	-7427.452	-93.11142	2.383169	0.335093	0.69042	1.07717	1.89732	14.63508
9610	-7535.628	-7440.012	-95.61619	2.206123	0.316698	0.675283	1.07438	1.93363	14.90326
9620	-7527.784	-7442.714	-85.06968	2.012863	0.294805	0.656375	1.07031	1.97851	13.86794
9630	-7538.046	-7461.112	-76.93406	2.238043	0.320125	0.678154	1.07495	1.92678	13.03186
9640	-7525.634	-7442.496	-83.13769	1.833041	0.272496	0.635998	1.06519	2.02632	13.69272
9650	-7548.1	-7455.921	-92.1792	1.855013	0.275331	0.638654	1.0659	2.02012	14.59468
9660	-7533.394	-7444.3	-89.09373	1.672556	0.250791	0.614967	1.05913	2.07511	14.30438
9670	-7515.049	-7429.557	-85.49199	2.475144	0.344087	0.69759	1.07834	1.87998	13.86394
9680	-7532.401	-7446.08	-86.32069	2.166562	0.312378	0.671632	1.07365	1.94234	13.97767
9690	-7522.282	-7432.706	-89.57558	1.868643	0.277074	0.640277	1.06633	2.01632	14.33295
9700	-7548.358	-7450.602	-97.75541	2.05344	0.299572	0.660579	1.07127	1.96858	15.13245
9710	-7535.869	-7437.085	-98.78379	1.470119	0.220669	0.583506	1.04862	2.14721	15.29362
9720	-7542.726	-7444.388	-98.33791	1.747841	0.261197	0.625208	1.06218	2.05142	15.22126
9730	-7536.348	-7450.994	-85.35443	1.873198	0.277654	0.640815	1.06647	2.01506	13.91038
9740	-7544.309	-7457.251	-87.05863	1.938904	0.285871	0.648355	1.06838	1.99739	14.07423
9750	-7515.729	-7432.585	-83.14413	1.899854	0.28102	0.643924	1.06727	2.00779	13.68669
9760	-7529.233	-7439.795	-89.43738	1.860896	0.276085	0.639357	1.06608	2.01847	14.31991
9770	-7529.975	-7437.412	-92.56267	2.022486	0.295944	0.657384	1.07054	1.97613	14.61628
9780	-7529.11	-7432.471	-96.63936	1.902949	0.281408	0.64428	1.06736	2.00695	15.0359
9790	-7529.644	-7438.717	-90.92773	1.721414	0.257591	0.621693	1.06115	2.05956	14.48289
9800	-7531.112	-7440.367	-90.74459	2.263064	0.322777	0.680358	1.07537	1.9215	14.41041
9810	-7520.258	-7431.616	-88.64263	1.712045	0.2563	0.620426	1.06078	2.0625	14.25532
9820	-7535.236	-7440.778	-94.45777	1.897646	0.280743	0.643669	1.0672	2.00838	14.81827
9830	-7533.787	-7435.945	-97.84211	2.002563	0.29358	0.655286	1.07005	1.98108	15.14621
9840	-7545.379	-7447.336	-98.04262	2.126817	0.307957	0.667855	1.07286	1.95133	15.15384
9850	-7546.991	-7444.159	-102.832	2.076393	0.302226	0.662899	1.07179	1.96309	15.63781
9860	-7522.025	-7426.298	-95.72753	2.093277	0.304161	0.66458	1.07216	1.9591	14.92568
9870	-7532.946	-7442.722	-90.22409	1.914895	0.2829	0.645647	1.06771	2.00375	14.39318
9880	-7538.705	-7443.585	-95.12	1.793408	0.267301	0.631079	1.06384	2.03778	14.89492
9890	-7522.115	-7423.525	-98.59057	1.897469	0.28072	0.643648	1.0672	2.00843	15.23157
9900	-7526.378	-7447.19	-79.18874	1.761407	0.263029	0.626981	1.06269	2.0473	13.30499
9910	-7553.716	-7462.056	-91.65993	2.67032	0.362032	0.71147	1.08032	1.84618	14.46122
9920	-7541.337	-7441.25	-100.0862	1.914537	0.282855	0.645607	1.0677	2.00384	15.37943
9930	-7552.174	-7457.312	-94.86228	1.912539	0.282606	0.645379	1.06764	2.00438	14.85723
9940	-7548.544	-7452.342	-96.20161	1.947233	0.286893	0.649283	1.06861	1.99521	14.9877
9950	-7532.455	-7446.936	-85.51955	2.390396	0.335813	0.690999	1.07727	1.89592	13.87517
9960	-7552.574	-7454.86	-97.71387	2.111759	0.30626	0.666395	1.07255	1.95479	15.12247
9970	-7518.262	-7424.663	-93.59851	2.285892	0.32517	0.682336	1.07574	1.91676	14.69352
9980	-7545.246	-7441.484	-103.7619	2.316947	0.328385	0.684976	1.07622	1.91042	15.70676
9990	-7530.923	-7442.325	-88.59847	1.712782	0.256402	0.620526	1.06081	2.06226	14.25083
10000	-7554.441	-7460.597	-93.84473	1.883845	0.279004	0.642065	1.06679	2.01214	14.75835
10010	-7538.746	-7456.705	-82.04084	2.114823	0.306606	0.666694	1.07261	1.95409	13.55486
10020	-7525.033	-7439.095	-85.93729	1.907668	0.281998	0.644822	1.0675	2.00568	13.96522
10030	-7538.606	-7446.793	-91.81383	2.104632	0.305453	0.665698	1.0724	1.95645	14.53318
10040	-7541.341	-7449.077	-92.26419	1.439674	0.215851	0.578197	1.04667	2.15928	14.64471
10050	-7528.645	-7439.562	-89.08395	1.945728	0.286709	0.649116	1.06857	1.99561	14.27608
10060	-7537.879	-7456.245	-81.63385	1.960732	0.288542	0.650772	1.06898	1.99171	13.52957
10070	-7528.662	-7433.652	-95.01023	2.317159	0.328407	0.684994	1.07622	1.91038	14.83157
10080	-7534.516	-7437.713	-96.80247	1.744359	0.260725	0.62475	1.06205	2.05248	15.06807
10090	-7563.722	-7463.971	-99.7501	2.317268	0.328418	0.685003	1.07622	1.91036	15.30554
10100	-7542.588	-7443.298	-99.2896	2.341937	0.33094	0.687059	1.07659	1.90541	15.25702
10110	-7542.716	-7437.681	-105.0348	2.125889	0.307853	0.667766	1.07284	1.95154	15.85315
10120	-7537.941	-7435.668	-102.2729	2.094423	0.304291	0.664693	1.07218	1.95883	15.58011
10130	-7545.189	-7450.049	-95.13959	2.209522	0.317065	0.675592	1.07445	1.9329	14.85526
10140	-7526.136	-7433.422	-92.71418	2.155445	0.31115	0.670587	1.07343	1.94483	14.61813
10150	-7531.811	-7435.467	-96.3437	2.728024	0.367062	0.715263	1.0808	1.83688	14.92383
10160	-7555.302	-7461.463	-93.83849	2.113466	0.306453	0.666561	1.07259	1.9544	14.73476
10170	-7543.32	-7466.827	-76.49303	1.53522	0.230712	0.594316	1.05242	2.12255	13.05804
10180	-7534.836	-7445.329	-89.50729	1.646029	0.247025	0.611186	1.05796	2.08383	14.34838
10190	-7546.714	-7463.083	-83.63072	1.956399	0.288014	0.650296	1.06886	1.99283	13.72969
10200	-7529.917	-7437.303	-92.61334	2.160027	0.311657	0.671019	1.07352	1.9438	14.60759
10210	-7546.271	-7462.559	-83.71228	2.035702	0.2975	0.658757	1.07086	1.97289	13.72992
10220	-7540.459	-7450.844	-89.61477	1.699405	0.254549	0.6187	1.06026	2.06649	14.35379
10230	-7521.966	-7433.739	-88.22635	2.123202	0.307551	0.667506	1.07279	1.95216	14.17257
10240	-7535.231	-7444.504	-90.72718	2.019029	0.295536	0.657022	1.07046	1.97698	14.43307
10250	-7531.176	-7437.71	-93.46599	2.137256	0.309126	0.668858	1.07307	1.94894	14.69513
10260	-7527.286	-7441.257	-86.02993	1.826328	0.271623	0.635176	1.06497	2.02823	13.98262
10270	-7523.661	-7435.232	-88.42899	2.19811	0.315829	0.674552	1.07424	1.93538	14.18535
10280	-7515.745	-7441.738	-74.0071	1.680661	0.251931	0.616104	1.05948	2.07249	12.7949
10290	-7523.58	-7433.751	-89.82923	1.711397	0.25621	0.620338	1.06075	2.0627	14.37404
10300	-7519.22	-7426.744	-92.47582	1.562775	0.234859	0.598682	1.0539	2.11255	14.65356
10310	-7526.259	-7436.892	-89.36698	2.026836	0.296457	0.657837	1.07065	1.97506	14.29627
10320	-7518.599	-7429.681	-88.91718	2.283216	0.32489	0.682106	1.07569	1.91731	14.22565
10330	-7538.362	-7444.392	-93.96946	1.774412	0.264774	0.62866	1.06316	2.0434	14.78176
10340	-7533.734	-7444.287	-89.44646	1.908325	0.28208	0.644897	1.06752	2.00551	14.31607
10350	-7536.947	-7446.132	-90.81452	2.192098	0.315176	0.674001	1.07413	1.93669	14.4245
10360	-7557.349	-7461.742	-95.60717	1.947622	0.286941	0.649326	1.06862	1.99511	14.92821
10370	-7513.01	-7423.428	-89.58149	1.859599	0.275919	0.639202	1.06604	2.01884	14.33445
10380	-7538.175	-7443.567	-94.60777	1.726802	0.25833	0.622416	1.06137	2.05789	14.85035
10390	-7542.737	-7450.75	-91.98768	2.206641	0.316754	0.67533	1.07439	1.93352	14.54036
10400	-7527.489	-7439.716	-87.77267	1.875843	0.27799	0.641126	1.06655	2.01434	14.15194
10410	-7532.01	-7434.391	-97.61864	1.697451	0.254277	0.618432	1.06018	2.06711	15.15438
10420	-7542.253	-7448.251	-94.00214	2.154976	0.311098	0.670543	1.07342	1.94494	14.74697
10430	-7554.882	-7452.466	-102.4161	2.124269	0.307671	0.667609	1.07281	1.95191	15.59144
10440	-7531.353	-7438.388	-92.96502	1.720248	0.25743	0.621536	1.06111	2.05993	14.68674
10450	-7543.661	-7451.035	-92.62582	2.266702	0.32316	0.680676	1.07543	1.92074	14.59817
10460	-7532.62	-7447.952	-84.66782	2.01785	0.295396	0.656899	1.07043	1.97728	13.82726
10470	-7545.749	-7443.133	-102.616	1.997659	0.292995	0.654764	1.06993	1.98231	15.62409
10480	-7536.081	-7441.194	-94.88683	1.559827	0.234418	0.598221	1.05375	2.11361	14.89496
10490	-7525.488	-7429.271	-96.21626	2.205802	0.316663	0.675254	1.07438	1.9337	14.9633
10500	-7513.96	-7427.916	-86.04404	1.801918	0.268426	0.632149	1.06414	2.03529	13.98647
10510	-7525.284	-7442.629	-82.65459	2.1332	0.308673	0.668469	1.07299	1.94987	13.6144
10520	-7541.123	-7448.262	-92.86178	2.099604	0.304881	0.665204	1.07229	1.95762	14.63848
10530	-7539.719	-7447.681	-92.03867	1.843621	0.273865	0.637283	1.06553	2.02332	14.58176
10540	-7514.662	-7422.053	-92.60948	2.165623	0.312275	0.671544	1.07363	1.94255	14.60664
10550	-7556.857	-7453.532	-103.3251	2.199643	0.315996	0.674692	1.07427	1.93504	15.6748
10560	-7533.567	-7449.827	-83.73936	2.069355	0.301415	0.662192	1.07163	1.96476	13.72926
10570	-7533.634	-7450.13	-83.5036	2.084609	0.30317	0.663719	1.07197	1.96114	13.70416
10580	-7526.767	-7431.295	-95.47263	1.676997	0.251416	0.615591	1.05932	2.07367	14.94182
10590	-7530.608	-7428.36	-102.2481	2.008733	0.294315	0.655939	1.07021	1.97954	15.58619
10600	-7531.333	-7433.812	-97.52105	1.650822	0.247709	0.611877	1.05817	2.08224	15.14928
10610	-7546.974	-7443.458	-103.5154	1.699494	0.254561	0.618713	1.06027	2.06646	15.74385
10620	-7539.934	-7442.62	-97.31362	2.135863	0.308971	0.668725	1.07305	1.94926	15.08003
10630	-7544.853	-7443.951	-100.9027	2.084824	0.303194	0.663741	1.07197	1.96109	15.44405
10640	-7559.767	-7458.943	-100.8244	1.761482	0.26304	0.62699	1.06269	2.04728	15.46855
10650	-7553.597	-7460.008	-93.58887	1.910037	0.282294	0.645093	1.06757	2.00505	14.73014
10660	-7545.522	-7451.316	-94.20526	2.096649	0.304545	0.664913	1.07223	1.95831	14.77312
10670	-7551.691	-7446.254	-105.4362	1.542051	0.231746	0.595409	1.0528	2.12005	15.95167
10680	-7542.384	-7450.391	-91.99355	2.227266	0.318974	0.677192	1.07476	1.92908	14.53889
10690	-7524.378	-7424.514	-99.86416	1.719522	0.25733	0.621438	1.06108	2.06015	15.37672
10700	-7554.757	-7455.306	-99.45101	1.986599	0.29167	0.653581	1.06965	1.9851	15.3087
10710	-7523.544	-7434.413	-89.13069	2.031404	0.296995	0.658312	1.07076	1.97394	14.27219
10720	-7533.534	-7438.265	-95.26848	1.611829	0.242092	0.606171	1.05637	2.09537	14.92792
10730	-7534.78	-7439.476	-95.30394	1.823256	0.271223	0.634799	1.06487	2.02911	14.91033
10740	-7567.513	-7467.355	-100.1575	2.028882	0.296698	0.65805	1.0707	1.97456	15.37512
10750	-7554.355	-7456.114	-98.24031	1.813136	0.2699	0.633548	1.06452	2.03203	15.20498
10760	-7554.871	-7451.736	-103.1353	2.420455	0.338783	0.69338	1.07767	1.89017	15.63374
10770	-7529.012	-7429.748	-99.2635	1.831826	0.272338	0.63585	1.06515	2.02666	15.30543
10780	-7524.321	-7430.429	-93.89144	1.880466	0.278576	0.641669	1.06669	2.01307	14.76336
10790	-7533.656	-7435.416	-98.24036	1.785197	0.266212	0.630038	1.06355	2.0402	15.20777
10800	-7538.951	-7446.571	-92.38013	1.530904	0.230057	0.593621	1.05219	2.12414	14.64718
10810	-7543.895	-7444.37	-99.52538	1.951495	0.287415	0.649755	1.06873	1.9941	15.31965
10820	-7559.852	-7457.15	-102.7015	2.072076	0.301729	0.662466	1.07169	1.96411	15.6252
10830	-7550.199	-7449.585	-100.6142	1.873657	0.277712	0.640869	1.06648	2.01494	15.43631
10840	-7539.419	-7448.757	-90.66255	1.994557	0.292624	0.654434	1.06985	1.98309	14.42906
10850	-7535.862	-7450.562	-85.30013	2.048663	0.299015	0.660091	1.07116	1.96973	13.88741
10860	-7523.567	-7433.799	-89.76782	1.964872	0.289045	0.651225	1.06909	1.99064	14.34255
10870	-7528.101	-7436.725	-91.37614	1.797619	0.267858	0.631609	1.06399	2.03654	14.52011
10880	-7537.755	-7443.873	-93.88184	2.042219	0.298263	0.659429	1.07101	1.9713	14.74622
10890	-7546.778	-7460.652	-86.12586	2.266361	0.323124	0.680646	1.07542	1.92081	13.94821
10900	-7530.652	-7446.965	-83.6871	1.998669	0.293116	0.654872	1.06996	1.98206	13.7311
10910	-7541.619	-7454.592	-87.02705	1.654656	0.248256	0.612426	1.05835	2.08097	14.0995
10920	-7537.853	-7442.134	-95.71978	1.941119	0.286143	0.648603	1.06844	1.99681	14.94012
10930	-7535.314	-7442.265	-93.04888	1.967655	0.289383	0.651529	1.06916	1.98993	14.67038
10940	-7540.964	-7440.369	-100.5947	1.975221	0.290299	0.652353	1.06936	1.98799	15.4242
10950	-7537.793	-7441.444	-96.34932	1.886343	0.279319	0.642357	1.06687	2.01146	15.00856
10960	-7525.699	-7432.808	-92.89114	2.139321	0.309357	0.669056	1.07311	1.94847	14.63744
10970	-7536.472	-7445.038	-91.43391	2.0297	0.296794	0.658135	1.07072	1.97435	14.50268
10980	-7536.098	-7441.849	-94.24937	1.972583	0.28998	0.652066	1.06929	1.98867	14.78994
10990	-7564.608	-7463.317	-101.2916	1.503841	0.225915	0.589194	1.05065	2.13424	15.54103
11000	-7543.472	-7446.23	-97.24225	2.204736	0.316548	0.675157	1.07436	1.93394	15.06601
11010	-7554.664	-7454.247	-100.4166	2.259336	0.322384	0.680032	1.0753	1.92228	15.37799
11020	-7548.629	-7457.173	-91.45637	2.212985	0.317439	0.675906	1.07451	1.93215	14.4866
11030	-7547.561	-7448.511	-99.05024	2.070085	0.3015	0.662265	1.07165	1.96459	15.26027
11040	-7525.521	-7437.444	-88.07705	2.329766	0.329699	0.686049	1.07641	1.90784	14.13699
11050	-7520.92	-7436.899	-84.02163	1.711819	0.256269	0.620396	1.06077	2.06257	13.79324
11060	-7511.814	-7427.012	-84.80248	1.794573	0.267456	0.631226	1.06388	2.03744	13.86305
11070	-7519.208	-7431.683	-87.52576	2.065374	0.300955	0.66179	1.07154	1.96571	14.1083
11080	-7524.904	-7439.063	-85.84119	2.590451	0.354868	0.705995	1.07958	1.85955	13.88733
11090	-7543.192	-7449.648	-93.54358	2.281403	0.324701	0.681949	1.07566	1.91768	14.68848
11100	-7518.206	-7431.37	-86.83621	1.815539	0.270215	0.633846	1.06461	2.03133	14.06433
11110	-7531.365	-7437.582	-93.78294	2.218906	0.318076	0.676441	1.07461	1.93087	14.71866
11120	-7526.384	-7430.718	-95.66588	1.917938	0.283278	0.645994	1.06779	2.00293	14.93705
11130	-7531.407	-7435.512	-95.89454	1.661019	0.249159	0.613334	1.05863	2.07888	14.98561
11140	-7531.247	-7434.726	-96.5218	1.916877	0.283146	0.645873	1.06776	2.00322	15.02275
11150	-7538.127	-7442.798	-95.32915	2.267511	0.323245	0.680746	1.07544	1.92057	14.86842
11160	-7529.943	-7440.549	-89.39396	1.947923	0.286978	0.649359	1.06863	1.99503	14.30686
11170	-7528.505	-7437.032	-91.47267	2.084102	0.303111	0.663669	1.07196	1.96126	14.50112
11180	-7529.137	-7435.837	-93.30076	2.164794	0.312183	0.671467	1.07361	1.94274	14.67586
11190	-7514.376	-7418.386	-95.99013	1.853235	0.275103	0.638441	1.06584	2.02061	14.97595
11200	-7529.433	-7433.588	-95.84537	1.535984	0.230828	0.594438	1.05247	2.12227	14.9932
11210	-7534.617	-7439.765	-94.85105	2.144548	0.30994	0.669554	1.07322	1.94729	14.83291
11220	-7521.828	-7430.45	-91.37796	1.798857	0.268022	0.631765	1.06403	2.03618	14.52017
11230	-7529.986	-7444.118	-85.86771	2.347376	0.331492	0.687508	1.07667	1.90433	13.91429
11240	-7537.127	-7442.707	-94.41973	1.776738	0.265085	0.628958	1.06325	2.04271	14.82656
11250	-7539.212	-7445.77	-93.4424	1.915865	0.28302	0.645758	1.06773	2.00349	14.71491
11260	-7536.022	-7441.563	-94.4597	1.901972	0.281285	0.644168	1.06733	2.00722	14.81803
11270	-7528.385	-7443.696	-84.68897	1.762889	0.263229	0.627173	1.06274	2.04686	13.85487
11280	-7530.581	-7430.935	-99.64655	2.117896	0.306953	0.666992	1.07268	1.95338	15.31512
11290	-7532.238	-7437.823	-94.4152	2.366102	0.333383	0.68904	1.07693	1.90064	14.76717
11300	-7527.228	-7439.828	-87.40005	1.883868	0.279006	0.642067	1.06679	2.01213	14.11388
11310	-7548.673	-7445.947	-102.7258	1.573261	0.236421	0.600313	1.05445	2.10882	15.67751
11320	-7542.073	-7441.649	-100.4239	2.201701	0.316219	0.67488	1.0743	1.9346	15.38448
11330	-7532.075	-7443.956	-88.11823	1.685365	0.25259	0.61676	1.05968	2.07097	14.20554
11340	-7541.098	-7449.501	-91.59733	1.977171	0.290534	0.652564	1.06941	1.98749	14.52427
11350	-7530.05	-7442.517	-87.53382	1.791665	0.267071	0.630858	1.06378	2.03829	14.13647
11360	-7560.347	-7460.607	-99.74029	2.171047	0.312872	0.672051	1.07373	1.94134	15.31918
11370	-7533.31	-7436.091	-97.21958	1.984864	0.291461	0.653394	1.06961	1.98554	15.08573
11380	-7534.301	-7435.792	-98.5095	1.908799	0.282139	0.644951	1.06753	2.00538	15.22233
11390	-7551.101	-7453.093	-98.00774	1.814785	0.270116	0.633753	1.06458	2.03155	15.18155
11400	-7534.002	-7440.269	-93.73297	2.321279	0.32883	0.68534	1.07628	1.90955	14.70343
11410	-7541.757	-7452.089	-89.66782	1.892924	0.280149	0.643122	1.06706	2.00967	14.33975
11420	-7536.581	-7456.652	-79.92983	1.954819	0.287821	0.650122	1.06882	1.99324	13.35976
11430	-7532.646	-7442.142	-90.50438	1.967749	0.289394	0.65154	1.06916	1.9899	14.41592
11440	-7530.25	-7444.23	-86.02063	2.142606	0.309723	0.669369	1.07318	1.94773	13.95006
11450	-7548.428	-7462.373	-86.05511	2.110416	0.306108	0.666264	1.07252	1.95511	13.95673
11460	-7536.128	-7456.131	-79.99637	1.914646	0.282869	0.645619	1.0677	2.00381	13.37043
11470	-7543.508	-7446.725	-96.78332	1.905756	0.281759	0.644603	1.06744	2.0062	15.05002
11480	-7525.41	-7443.861	-81.54935	2.098818	0.304792	0.665127	1.07228	1.9578	13.50731
11490	-7541.622	-7448.647	-92.97561	1.862748	0.276321	0.639577	1.06614	2.01796	14.67354
11500	-7539.53	-7449.684	-89.84637	2.089271	0.303703	0.664183	1.07207	1.96004	14.33797
11510	-7542.087	-7446.091	-95.9958	1.943469	0.286432	0.648864	1.06851	1.9962	14.96749
11520	-7541.641	-7443.511	-98.13036	1.711788	0.256264	0.620391	1.06077	2.06258	15.20412
11530	-7523.387	-7433.987	-89.40035	1.943516	0.286438	0.64887	1.06851	1.99618	14.30794
11540	-7521.738	-7428.372	-93.36604	2.075835	0.302162	0.662843	1.07178	1.96322	14.69128
11550	-7549.295	-7454.263	-95.03148	2.366851	0.333458	0.689101	1.07695	1.9005	14.82872
11560	-7535.834	-7442.009	-93.82544	2.234845	0.319784	0.677869	1.07489	1.92746	14.72132
11570	-7531.444	-7430.861	-100.5836	2.165402	0.31225	0.671523	1.07363	1.9426	15.40408
11580	-7539.591	-7452.323	-87.26807	1.853197	0.275098	0.638436	1.06584	2.02062	14.10375
11590	-7533.376	-7440.471	-92.90532	1.94822	0.287014	0.649392	1.06864	1.99496	14.65797
11600	-7540.272	-7452.768	-87.50404	1.835061	0.272758	0.636244	1.06526	2.02574	14.12916
11610	-7539.326	-7443.19	-96.13603	2.142056	0.309662	0.669317	1.07317	1.94785	14.96166
11620	-7549.865	-7446.162	-103.7037	2.175544	0.313366	0.67247	1.07382	1.94034	15.71507
11630	-7539.924	-7445.474	-94.44973	1.813358	0.269929	0.633576	1.06453	2.03196	14.82589
11640	-7526.404	-7432.384	-94.01908	2.205687	0.31665	0.675243	1.07438	1.93373	14.7436
11650	-7533.406	-7436.415	-96.99114	1.851101	0.274828	0.638185	1.06577	2.02121	15.07626
11660	-7541.317	-7446.075	-95.24222	2.104576	0.305446	0.665693	1.0724	1.95646	14.87602
11670	-7536.905	-7444.139	-92.76651	2.142181	0.309676	0.669329	1.07317	1.94782	14.62469
11680	-7532.007	-7437.981	-94.0268	1.656674	0.248542	0.612715	1.05844	2.08031	14.79927
11690	-7540.428	-7432.34	-108.0878	1.859242	0.275873	0.639159	1.06603	2.01894	16.18512
11700	-7539.47	-7452.707	-86.76372	1.729863	0.258749	0.622826	1.06149	2.05694	14.06564
11710	-7530.293	-7432.632	-97.66119	2.407561	0.337514	0.692364	1.0775	1.89262	15.08762
11720	-7522.047	-7425.147	-96.89977	1.980087	0.290886	0.652879	1.06948	1.98675	15.05423
11730	-7533.867	-7445.234	-88.63287	1.672744	0.250817	0.614994	1.05914	2.07505	14.25827
11740	-7536.683	-7445.658	-91.02522	2.390867	0.33586	0.691037	1.07728	1.89583	14.42569
11750	-7526.265	-7437.885	-88.38046	1.829202	0.271997	0.635529	1.06506	2.02741	14.21738
11760	-7540.572	-7451.244	-89.32791	2.108819	0.305927	0.666108	1.07249	1.95548	14.28417
11770	-7542.442	-7445.751	-96.69113	1.800063	0.268181	0.631916	1.06407	2.03583	15.05137
11780	-7516.491	-7427.669	-88.82248	1.877368	0.278183	0.641306	1.06659	2.01392	14.25677
11790	-7523.337	-7432.915	-90.42285	1.855579	0.275404	0.638722	1.06592	2.01996	14.41899
11800	-7544.236	-7451.567	-92.66822	1.586768	0.23842	0.602389	1.05514	2.10405	14.6704
11810	-7520.34	-7434.8	-85.54069	1.731492	0.258972	0.623043	1.06155	2.05644	13.94318
11820	-7549.281	-7452.703	-96.57793	1.867187	0.276888	0.640104	1.06628	2.01673	15.03333
11830	-7525.6	-7437.201	-88.39862	1.667357	0.250057	0.614234	1.05891	2.0768	14.23538
11840	-7525.494	-7440.633	-84.86103	1.760143	0.262859	0.626816	1.06264	2.04768	13.87235
11850	-7530.801	-7437.374	-93.42695	2.168007	0.312537	0.671767	1.07368	1.94202	14.68815
11860	-7526.849	-7433.59	-93.25805	1.946017	0.286744	0.649148	1.06858	1.99553	14.69346
11870	-7524.003	-7426.251	-97.75195	1.962277	0.28873	0.650941	1.06902	1.99131	15.14123
11880	-7522.523	-7435.43	-87.09305	1.883277	0.278932	0.641998	1.06677	2.0123	14.08324
11890	-7532.812	-7438.746	-94.06657	2.065429	0.300962	0.661796	1.07154	1.9657	14.76237
11900	-7523.891	-7439.614	-84.27692	1.842095	0.273668	0.637098	1.06548	2.02375	13.80574
11910	-7521.509	-7436.453	-85.0553	1.91059	0.282363	0.645156	1.06758	2.0049	13.87673
11920	-7515.942	-7431.788	-84.15397	1.952218	0.287503	0.649835	1.06875	1.99392	13.78243
11930	-7542.439	-7446.938	-95.5011	2.471759	0.343763	0.697334	1.0783	1.8806	14.86519
11940	-7533.95	-7444.329	-89.62182	2.03451	0.29736	0.658634	1.07083	1.97318	14.32099
11950	-7543.236	-7449.819	-93.41719	2.045717	0.298672	0.659789	1.07109	1.97045	14.69941
11960	-7542.508	-7441.934	-100.5741	1.612282	0.242158	0.606238	1.05639	2.09522	15.45844
11970	-7535.542	-7446.019	-89.5232	1.740628	0.260218	0.624257	1.0619	2.05362	14.34052
11980	-7527.418	-7432.794	-94.62424	1.999643	0.293232	0.654976	1.06998	1.98181	14.82472
11990	-7536.355	-7435.828	-100.5267	1.790925	0.266972	0.630765	1.06376	2.03851	15.43584
12000	-7541.26	-7444.302	-96.95757	2.166371	0.312357	0.671614	1.07365	1.94238	15.04138
12010	-7539.813	-7445.726	-94.08733	2.032762	0.297154	0.658453	1.07079	1.9736	14.76772
12020	-7554.217	-7455.827	-98.38962	1.924278	0.284065	0.646712	1.06797	2.00125	15.20879
12030	-7545.079	-7449.183	-95.89589	1.647613	0.247251	0.611415	1.05803	2.0833	14.98709
12040	-7537.617	-7444.51	-93.10692	1.809035	0.269362	0.633038	1.06438	2.03322	14.69205
12050	-7544.51	-7456.43	-88.08007	1.896587	0.28061	0.643546	1.06717	2.00867	14.18061
12060	-7543.871	-7444.069	-99.80214	2.013727	0.294908	0.656466	1.07033	1.9783	15.3411
12070	-7533.375	-7437.755	-95.61988	2.29648	0.326271	0.683242	1.0759	1.91458	14.8946
12080	-7537.238	-7453.407	-83.83119	1.773793	0.264691	0.628581	1.06314	2.04359	13.768
12090	-7522.779	-7435.96	-86.81913	1.950462	0.287289	0.64964	1.0687	1.99437	14.04912
12100	-7522.578	-7434.781	-87.79697	2.180991	0.313963	0.672976	1.07392	1.93914	14.12386
12110	-7523.733	-7429.341	-94.39173	1.717555	0.25706	0.621172	1.061	2.06077	14.82968
12120	-7549.673	-7455.559	-94.11394	1.712763	0.256399	0.620524	1.06081	2.06227	14.80238
12130	-7520.043	-7436.417	-83.62604	1.994012	0.292559	0.654375	1.06984	1.98323	13.72546
12140	-7551.291	-7455.578	-95.71357	2.107225	0.305747	0.665952	1.07245	1.95585	14.92289
12150	-7542.508	-7448.719	-93.78896	1.908084	0.28205	0.64487	1.06751	2.00557	14.75035
12160	-7546.835	-7455.893	-90.94185	1.778757	0.265354	0.629217	1.06332	2.04211	14.47857
12170	-7529.674	-7442.008	-87.66671	1.666481	0.249933	0.61411	1.05887	2.07709	14.16228
12180	-7546.804	-7450.062	-96.74152	2.087983	0.303556	0.664055	1.07204	1.96035	15.02761
12190	-7543.401	-7447.346	-96.05571	1.988956	0.291953	0.653834	1.06971	1.9845	14.96893
12200	-7528.231	-7442.507	-85.72331	1.73783	0.259837	0.623886	1.0618	2.05448	13.96081
12210	-7539.878	-7450.184	-89.69386	1.788323	0.266627	0.630435	1.06366	2.03927	14.35281
12220	-7546.534	-7450.491	-96.04316	2.062367	0.300608	0.661486	1.07147	1.96643	14.96034
12230	-7520.308	-7432.56	-87.74826	1.884245	0.279054	0.642112	1.0668	2.01203	14.14866
12240	-7518.801	-7435.494	-83.30674	1.820579	0.270874	0.634469	1.06478	2.02988	13.71087
12250	-7541.519	-7452.473	-89.04548	2.056608	0.29994	0.660901	1.07134	1.96782	14.26115
12260	-7547.936	-7456.041	-91.89473	2.098987	0.304811	0.665143	1.07228	1.95777	14.54183
12270	-7536.13	-7441.486	-94.64463	1.806721	0.269058	0.63275	1.0643	2.03389	14.84605
12280	-7556.586	-7452.816	-103.7693	1.883722	0.278988	0.64205	1.06679	2.01217	15.75081
12290	-7541.099	-7450.179	-90.92076	1.844584	0.273989	0.637399	1.06557	2.02305	14.46988
12300	-7531.624	-7440.989	-90.63536	1.899019	0.280915	0.643827	1.06724	2.00801	14.43589
12310	-7526.952	-7441.699	-85.25295	1.955159	0.287863	0.650159	1.06883	1.99315	13.89204
12320	-7558.088	-7461.355	-96.7331	1.990984	0.292196	0.654052	1.06976	1.98399	15.03647
12330	-7550.45	-7456.779	-93.67132	2.068576	0.301326	0.662113	1.07161	1.96495	14.72253
12340	-7539.628	-7440.889	-98.73847	1.893984	0.280282	0.643245	1.0671	2.00938	15.24671
12350	-7537.082	-7437.79	-99.29138	2.095327	0.304394	0.664782	1.0722	1.95862	15.28186
12360	-7532.782	-7440.246	-92.53559	2.019222	0.295559	0.657042	1.07046	1.97694	14.6139
12370	-7538.273	-7452.335	-85.93847	1.932372	0.285066	0.647624	1.0682	1.99911	13.96287
12380	-7550.245	-7456.352	-93.89266	1.940507	0.286068	0.648534	1.06843	1.99697	14.75747
12390	-7536.072	-7439.784	-96.2881	1.9559	0.287953	0.650241	1.06885	1.99296	14.99548
12400	-7532.842	-7437.854	-94.9879	1.894245	0.280315	0.643275	1.0671	2.00931	14.87162
12410	-7546.501	-7449.518	-96.98341	2.093295	0.304163	0.664581	1.07216	1.9591	15.05127
12420	-7533.317	-7443.263	-90.0537	1.943176	0.286396	0.648832	1.0685	1.99627	14.37331
12430	-7534.694	-7437.561	-97.13334	2.038257	0.297799	0.659021	1.07092	1.97226	15.07177
12440	-7555.522	-7454.911	-100.611	1.696881	0.254198	0.618353	1.06016	2.06729	15.45367
12450	-7536.852	-7444.032	-92.82	2.212949	0.317435	0.675903	1.07451	1.93216	14.62296
12460	-7553.819	-7449.085	-104.7335	2.144799	0.309968	0.669578	1.07322	1.94723	15.82113
12470	-7566.441	-7463.264	-103.1767	1.845463	0.274103	0.637506	1.06559	2.0228	15.69538
12480	-7542.41	-7437.815	-104.5951	2.433628	0.340072	0.694408	1.07783	1.88769	15.7784
12490	-7555.926	-7450.104	-105.8222	1.934653	0.285347	0.64788	1.06826	1.99851	15.95102
12500	-7546.454	-7455.325	-91.12893	2.089237	0.303699	0.664179	1.07207	1.96005	14.46623
12510	-7536.939	-7444.177	-92.76128	1.87141	0.277426	0.640604	1.06641	2.01556	14.65125
12520	-7522.018	-7438.639	-83.3789	1.7394	0.26005	0.624094	1.06186	2.054	13.72621
12530	-7550.781	-7464.823	-85.95846	2.396272	0.336396	0.691468	1.07735	1.89479	13.91848
12540	-7560.615	-7464.96	-95.65464	2.197704	0.315785	0.674515	1.07423	1.93547	14.90795
12550	-7547.576	-7450.914	-96.66263	1.834847	0.27273	0.636218	1.06525	2.0258	15.04504
12560	-7541.732	-7441.062	-100.6703	1.927551	0.28447	0.647082	1.06807	2.00038	15.43654
12570	-7539.039	-7446.72	-92.31941	2.208072	0.316908	0.67546	1.07442	1.93321	14.57339
12580	-7521.277	-7433.821	-87.45605	2.333349	0.330065	0.686347	1.07646	1.90712	14.07453
12590	-7545.187	-7448.736	-96.45111	1.97889	0.290742	0.65275	1.06945	1.98706	15.00948
12600	-7518.441	-7435.375	-83.06638	1.683086	0.252271	0.616442	1.05958	2.07171	13.70059
12610	-7537.774	-7438.12	-99.65393	1.773446	0.264645	0.628536	1.06313	2.04369	15.35031
12620	-7528.175	-7436.904	-91.27111	1.803348	0.268614	0.632328	1.06419	2.03487	14.50903
12630	-7528.282	-7431.433	-96.84936	1.806916	0.269084	0.632774	1.06431	2.03383	15.0665
12640	-7553.029	-7455.776	-97.25258	1.648278	0.247346	0.611511	1.05806	2.08308	15.12269
12650	-7538.812	-7449.23	-89.58188	1.96415	0.288957	0.651147	1.06907	1.99083	14.32403
12660	-7530.444	-7433.291	-97.15299	1.984875	0.291462	0.653396	1.06961	1.98554	15.07907
12670	-7535.973	-7439.555	-96.41844	1.865468	0.276669	0.6399	1.06623	2.0172	15.01756
12680	-7543.586	-7457.965	-85.62003	1.869724	0.277211	0.640405	1.06636	2.01602	13.93729
12690	-7520.602	-7440.393	-80.20914	2.096076	0.30448	0.664856	1.07222	1.95845	13.37356
12700	-7548.766	-7450.967	-97.79874	1.796134	0.267662	0.631422	1.06394	2.03698	15.16252
12710	-7550.848	-7456.403	-94.44487	1.787793	0.266557	0.630368	1.06364	2.03943	14.82797
12720	-7538.429	-7439.96	-98.46845	2.110915	0.306165	0.666313	1.07253	1.95499	15.19801
12730	-7551.976	-7456.598	-95.37833	2.368165	0.33359	0.689208	1.07696	1.90024	14.86328
12740	-7530.732	-7446.846	-83.88526	2.141283	0.309576	0.669243	1.07315	1.94803	13.73666
12750	-7540.304	-7452.714	-87.59002	2.660314	0.361147	0.710799	1.08023	1.84782	14.05523
12760	-7518.159	-7433.028	-85.13057	2.267281	0.323221	0.680726	1.07544	1.92062	13.84859
12770	-7535.083	-7442	-93.08234	1.983941	0.29135	0.653295	1.06958	1.98577	14.6721
12780	-7558.829	-7463.356	-95.47367	1.56065	0.234541	0.59835	1.05379	2.11332	14.95356
12790	-7527.254	-7441.023	-86.23085	1.756107	0.262315	0.626291	1.06249	2.0489	14.00973
12800	-7538.982	-7451.109	-87.87281	1.857661	0.27567	0.638971	1.06598	2.01938	14.16377
12810	-7529.739	-7442.156	-87.58301	1.908986	0.282163	0.644973	1.06754	2.00533	14.12966
12820	-7554.121	-7455.505	-98.61611	2.234591	0.319757	0.677846	1.07489	1.92751	15.20041
12830	-7528.956	-7445.818	-83.13806	1.836373	0.272928	0.636404	1.0653	2.02537	13.69243
12840	-7529.943	-7442.897	-87.04576	2.067107	0.301156	0.661965	1.07158	1.9653	14.06012
12850	-7530.853	-7438.808	-92.04407	1.610693	0.241927	0.606001	1.05631	2.09576	14.6056
12860	-7561.356	-7464.135	-97.22053	1.770724	0.26428	0.628186	1.06303	2.0445	15.10724
12870	-7544.238	-7448.576	-95.66247	1.913776	0.28276	0.64552	1.06767	2.00405	14.93713
12880	-7564.555	-7465.865	-98.69036	1.869902	0.277234	0.640426	1.06637	2.01598	15.2443
12890	-7548.555	-7460.876	-87.67902	1.508727	0.226668	0.590003	1.05093	2.1324	14.17929
12900	-7553.593	-7459.157	-94.43578	2.20252	0.316308	0.674955	1.07432	1.93442	14.78558
12910	-7534.983	-7438.781	-96.20235	2.160352	0.311693	0.671049	1.07353	1.94373	14.96646
12920	-7542.121	-7457.55	-84.57123	1.767246	0.263814	0.627737	1.0629	2.04555	13.84266
12930	-7558.305	-7451.686	-106.619	2.140008	0.309434	0.669121	1.07313	1.94832	16.01016
12940	-7517.849	-7431.92	-85.92901	1.909853	0.282271	0.645072	1.06756	2.0051	13.96417
12950	-7539.098	-7448.262	-90.83599	2.017914	0.295404	0.656905	1.07043	1.97726	14.44407
12960	-7524.402	-7440.613	-83.78884	2.400189	0.336785	0.69178	1.0774	1.89403	13.70112
12970	-7533.01	-7436.466	-96.54365	2.248955	0.321285	0.67912	1.07513	1.92446	14.99173
12980	-7541.641	-7447.229	-94.4124	1.793625	0.26733	0.631106	1.06385	2.03771	14.82414
12990	-7536.212	-7436.342	-99.86984	2.005994	0.293989	0.65565	1.07014	1.98022	15.34864
13000	-7537.805	-7432.611	-105.1942	1.689597	0.253182	0.617347	1.05986	2.06962	15.91272
13010	-7542.186	-7447.1	-95.0852	1.856538	0.275527	0.638836	1.06595	2.01969	14.88512
13020	-7530.638	-7441.307	-89.33163	1.896487	0.280597	0.643535	1.06717	2.0087	14.30577
13030	-7519.768	-7433.814	-85.95415	1.771336	0.264363	0.628265	1.06305	2.04432	13.98054
13040	-7528.355	-7432.71	-95.64536	2.060352	0.300374	0.661282	1.07143	1.96692	14.92076
13050	-7528.621	-7442.135	-86.48691	1.889054	0.279661	0.642672	1.06695	2.01072	14.02204
13060	-7534.498	-7443.105	-91.39298	1.942304	0.286289	0.648735	1.06848	1.9965	14.50733
13070	-7562.367	-7459.581	-102.7858	1.645802	0.246993	0.611154	1.05795	2.08391	15.67625
13080	-7540.078	-7436.735	-103.3425	1.855724	0.275422	0.638739	1.06592	2.01992	15.71094
13090	-7540.151	-7450.645	-89.50642	2.040223	0.298029	0.659224	1.07096	1.97178	14.30888
13100	-7520.445	-7431.772	-88.67237	2.203458	0.316409	0.675041	1.07434	1.93421	14.20915
13110	-7523.579	-7436.485	-87.09492	1.701314	0.254814	0.618962	1.06034	2.06588	14.10162
13120	-7517.072	-7427.095	-89.97737	2.016646	0.295254	0.656772	1.0704	1.97757	14.35833
13130	-7546.017	-7446.032	-99.98529	1.76643	0.263705	0.627632	1.06287	2.04579	15.38414
13140	-7540.056	-7441.731	-98.32561	1.873299	0.277666	0.640827	1.06647	2.01504	15.20749
13150	-7521.702	-7426.928	-94.77386	2.189281	0.314869	0.673742	1.07408	1.93731	14.82072
13160	-7536.161	-7453.93	-82.2308	2.0091	0.294359	0.655978	1.07022	1.97945	13.58443
13170	-7526.958	-7447.305	-79.65346	1.954756	0.287813	0.650115	1.06882	1.99326	13.33213
13180	-7548.71	-7446.128	-102.5821	1.828834	0.27195	0.635484	1.06505	2.02752	15.63758
13190	-7532.305	-7437.693	-94.61141	1.974547	0.290217	0.652279	1.06934	1.98816	14.82594
13200	-7525.429	-7435.717	-89.71279	2.240414	0.320378	0.678364	1.07499	1.92627	14.3095
13210	-7526.541	-7427.307	-99.23366	1.844793	0.274016	0.637425	1.06557	2.02299	15.30114
13220	-7538.777	-7447.792	-90.98491	2.26144	0.322606	0.680216	1.07534	1.92184	14.4346
13230	-7545.41	-7456.8	-88.61039	2.075595	0.302135	0.662819	1.07177	1.96328	14.21574
13240	-7541.468	-7447.957	-93.51117	1.949331	0.28715	0.649515	1.06867	1.99467	14.71844
13250	-7546.097	-7444.181	-101.9166	1.769832	0.264161	0.628071	1.063	2.04477	15.57694
13260	-7537.691	-7439.997	-97.69384	1.604384	0.241006	0.605057	1.05601	2.09793	15.1712
13270	-7549.42	-7446.407	-103.0128	2.099504	0.30487	0.665194	1.07229	1.95764	15.65359
13280	-7545.499	-7456.548	-88.9515	1.703562	0.255126	0.61927	1.06043	2.06517	14.28705
13290	-7549.547	-7457.33	-92.21661	1.608983	0.241678	0.605746	1.05623	2.09635	14.62302
13300	-7536.694	-7444.1	-92.59395	1.743723	0.260638	0.624666	1.06202	2.05267	14.64728
13310	-7544.853	-7454.848	-90.00489	1.796988	0.267775	0.63153	1.06397	2.03673	14.38305
13320	-7542.555	-7445.826	-96.72844	2.486348	0.345158	0.698434	1.07847	1.87794	14.98647
13330	-7533.057	-7445.667	-87.38941	1.757115	0.262451	0.626422	1.06253	2.0486	14.12549
13340	-7539.461	-7442.397	-97.06381	1.983413	0.291287	0.653238	1.06957	1.98591	15.0703
13350	-7542.051	-7455.181	-86.87	2.020247	0.29568	0.65715	1.07049	1.97668	14.04723
13360	-7535.319	-7447.322	-87.99765	2.099804	0.304904	0.665224	1.0723	1.95757	14.15204
13370	-7553.52	-7459.927	-93.59308	1.895077	0.28042	0.643372	1.06713	2.00908	14.73206
13380	-7527.71	-7438.802	-88.90757	1.841813	0.273632	0.637064	1.06548	2.02383	14.26883
13390	-7532.808	-7442.75	-90.05758	1.993251	0.292468	0.654294	1.06982	1.98342	14.36869
13400	-7552.154	-7450.694	-101.461	2.579493	0.353866	0.705222	1.07948	1.86144	15.45041
13410	-7542.6	-7449.348	-93.25211	1.752788	0.261867	0.625857	1.06237	2.04991	14.71219
13420	-7544.792	-7446.106	-98.68577	1.924532	0.284096	0.646741	1.06798	2.00118	15.23838
13430	-7514.909	-7421.809	-93.09996	1.990746	0.292168	0.654026	1.06976	1.98405	14.67318
13440	-7535.821	-7441.085	-94.73595	2.094494	0.304299	0.6647	1.07218	1.95882	14.8264
13450	-7535.549	-7447.245	-88.30474	1.93966	0.285964	0.64844	1.0684	1.99719	14.19877
13460	-7537.283	-7452.31	-84.97321	1.680416	0.251896	0.61607	1.05947	2.07257	13.89154
13470	-7517.215	-7434.999	-82.21615	1.92112	0.283673	0.646355	1.06788	2.00209	13.59176
13480	-7527.576	-7452.703	-74.87287	2.321363	0.328838	0.685347	1.07628	1.90953	12.81741
13490	-7526.011	-7441.708	-84.30283	1.715325	0.256752	0.620871	1.06091	2.06147	13.82101
13500	-7527.763	-7440.419	-87.34417	1.720577	0.257475	0.62158	1.06112	2.05982	14.12462
13510	-7525.674	-7437.998	-87.6756	1.758385	0.262622	0.626588	1.06258	2.04821	14.15398
13520	-7523.938	-7442.584	-81.35369	2.077869	0.302396	0.663047	1.07182	1.96274	13.48984
13530	-7524.134	-7436.74	-87.39349	1.941931	0.286243	0.648693	1.06847	1.9966	14.10741
13540	-7537.64	-7443.394	-94.24512	2.032672	0.297144	0.658444	1.07079	1.97363	14.7835
13550	-7552.664	-7459.165	-93.49908	2.320816	0.328782	0.685301	1.07628	1.90964	14.68008
13560	-7526.877	-7436.361	-90.51571	2.238549	0.320179	0.678199	1.07495	1.92667	14.38997
13570	-7536.6	-7451.154	-85.44583	1.905856	0.281772	0.644614	1.06744	2.00617	13.91626
13580	-7546.313	-7448.702	-97.61092	2.415397	0.338286	0.692982	1.0776	1.89113	15.08181
13590	-7531.877	-7450.137	-81.74056	1.565972	0.235336	0.599181	1.05407	2.11141	13.57972
13600	-7552.42	-7466.069	-86.35018	2.378162	0.334592	0.690017	1.0771	1.89829	13.95946
13610	-7531.767	-7440.99	-90.77651	2.034257	0.29733	0.658608	1.07082	1.97324	14.43648
13620	-7515.981	-7434.61	-81.37072	2.391049	0.335878	0.691052	1.07728	1.89579	13.46023
13630	-7529.741	-7433.554	-96.18725	2.750557	0.368994	0.71671	1.08097	1.83332	14.90593
13640	-7526.98	-7437.991	-88.98882	1.903308	0.281453	0.644321	1.06737	2.00686	14.27081
13650	-7538.69	-7446.731	-91.95889	1.920047	0.28354	0.646233	1.06785	2.00237	14.56614
13660	-7548.937	-7446.038	-102.899	1.645619	0.246966	0.611127	1.05794	2.08397	15.6876
13670	-7546.332	-7457.916	-88.41619	2.208245	0.316927	0.675476	1.07442	1.93317	14.18305
13680	-7547.452	-7451.412	-96.04019	2.267027	0.323194	0.680704	1.07543	1.92067	14.93957
13690	-7523.652	-7436.781	-86.87097	1.881036	0.278648	0.641736	1.06671	2.01291	14.06125
13700	-7539.389	-7447.357	-92.03155	2.059407	0.300265	0.661186	1.07141	1.96714	14.55947
13710	-7540.799	-7448.091	-92.70791	1.949879	0.287217	0.649576	1.06868	1.99452	14.63806
13720	-7538.647	-7449.253	-89.39352	1.736239	0.25962	0.623675	1.06173	2.05497	14.32799
13730	-7529.111	-7439.351	-89.75974	2.500566	0.34651	0.699497	1.07863	1.87536	14.28818
13740	-7558.653	-7460.595	-98.05872	1.787241	0.266484	0.630298	1.06362	2.03959	15.18941
13750	-7526.135	-7431.38	-94.75516	2.499988	0.346456	0.699454	1.07863	1.87546	14.78778
13760	-7541.388	-7448.715	-92.67308	1.882224	0.278798	0.641875	1.06674	2.01258	14.64134
13770	-7538.134	-7440.57	-97.56341	1.918127	0.283302	0.646015	1.0678	2.00288	15.12679
13780	-7541.626	-7456.744	-84.88158	2.369527	0.333727	0.689318	1.07698	1.89997	13.81346
13790	-7535.173	-7439.412	-95.76065	2.2404	0.320376	0.678363	1.07499	1.92627	14.91428
13800	-7546.225	-7458.603	-87.622	1.860591	0.276046	0.63932	1.06607	2.01856	14.1384
13810	-7552.118	-7448.567	-103.5514	2.009234	0.294375	0.655992	1.07022	1.97941	15.71647
13820	-7540.522	-7448.295	-92.22771	1.857245	0.275617	0.638921	1.06597	2.01949	14.59931
13830	-7533.865	-7444.538	-89.32708	1.997878	0.293021	0.654788	1.06994	1.98225	14.29518
13840	-7533.845	-7438.886	-94.95883	2.380642	0.33484	0.690217	1.07714	1.89781	14.82008
13850	-7524.885	-7433.947	-90.93785	2.030203	0.296854	0.658187	1.07073	1.97423	14.45302
13860	-7541.048	-7452.795	-88.25265	2.040163	0.298022	0.659218	1.07096	1.9718	14.18351
13870	-7531.966	-7437.144	-94.82236	2.116198	0.306762	0.666827	1.07264	1.95377	14.83287
13880	-7533.988	-7439.641	-94.34694	2.272114	0.323728	0.681146	1.07551	1.91961	14.76974
13890	-7548.943	-7451.431	-97.51242	2.291636	0.325768	0.682828	1.07583	1.91558	15.08434
13900	-7533.5	-7448.553	-84.94694	2.078987	0.302525	0.663158	1.07185	1.96247	13.84905
13910	-7537.746	-7446.21	-91.53532	2.281322	0.324693	0.681942	1.07566	1.9177	14.48766
13920	-7537.034	-7445.312	-91.72162	1.611519	0.242047	0.606124	1.05635	2.09548	14.57327
13930	-7548.711	-7446.787	-101.9241	2.460646	0.342693	0.696489	1.07817	1.88265	15.5086
13940	-7538.622	-7438.82	-99.80133	1.970648	0.289746	0.651856	1.06924	1.98916	15.34533
13950	-7531.306	-7434.736	-96.57046	2.179529	0.313803	0.672841	1.0739	1.93946	15.00135
13960	-7543.099	-7444.417	-98.68217	1.823148	0.271209	0.634786	1.06486	2.02914	15.24816
13970	-7529.167	-7434.359	-94.80789	1.907741	0.282007	0.64483	1.0675	2.00566	14.85227
13980	-7544.815	-7451.378	-93.43706	2.202631	0.31632	0.674965	1.07432	1.93439	14.6857
13990	-7529.708	-7434.081	-95.62754	1.990453	0.292132	0.653995	1.06975	1.98412	14.92597
14000	-7534.919	-7441.132	-93.78674	1.970832	0.289768	0.651876	1.06924	1.98911	14.74385
14010	-7547.318	-7442.297	-105.0208	2.098088	0.304709	0.665055	1.07226	1.95798	15.85453
14020	-7527.145	-7442.583	-84.56137	2.100136	0.304942	0.665256	1.0723	1.9575	13.80838
14030	-7538.871	-7449.249	-89.62248	2.287257	0.325312	0.682453	1.07576	1.91648	14.29578
14040	-7529.653	-7442.229	-87.42459	2.055467	0.299807	0.660785	1.07132	1.96809	14.09917
14050	-7534.788	-7435.609	-99.1791	1.783711	0.266014	0.629849	1.0635	2.04064	15.3018
14060	-7532.821	-7436.489	-96.33227	1.871115	0.277389	0.640569	1.0664	2.01564	15.00837
14070	-7536.985	-7452.575	-84.40989	1.760645	0.262927	0.626882	1.06266	2.04753	13.82718
14080	-7523.312	-7440.886	-82.4257	2.087351	0.303484	0.663992	1.07203	1.9605	13.59609
14090	-7536.828	-7438.969	-97.85949	1.936394	0.285562	0.648075	1.06831	1.99805	15.15457
14100	-7519.072	-7435.246	-83.82588	1.739129	0.260014	0.624058	1.06185	2.05408	13.77093
14110	-7532.909	-7439.398	-93.51194	2.212788	0.317417	0.675888	1.0745	1.93219	14.69217
14120	-7548.61	-7449.173	-99.4361	1.812594	0.269829	0.633481	1.06451	2.03218	15.32461
14130	-7533.81	-7442.448	-91.36219	2.303241	0.326971	0.683818	1.07601	1.9132	14.46815
14140	-7518.087	-7431.653	-86.43384	2.176908	0.313516	0.672597	1.07385	1.94004	13.98795
14150	-7533.032	-7447.309	-85.7231	1.943787	0.286471	0.6489	1.06852	1.99611	13.94019
14160	-7534.904	-7446.314	-88.58982	1.943736	0.286465	0.648894	1.06852	1.99613	14.22687
14170	-7551.922	-7456.436	-95.48589	2.138706	0.309288	0.668997	1.0731	1.94861	14.89698
14180	-7538.829	-7435.201	-103.6286	1.946209	0.286768	0.649169	1.06858	1.99548	15.7305
14190	-7542.264	-7452.186	-90.07802	2.07937	0.302569	0.663197	1.07185	1.96238	14.36212
14200	-7547.495	-7448.15	-99.34468	1.878758	0.278359	0.641469	1.06664	2.01353	15.30885
14210	-7539.846	-7443.425	-96.42042	2.132959	0.308646	0.668446	1.07299	1.94992	14.991
14220	-7534.987	-7445.481	-89.50558	1.930924	0.284887	0.647461	1.06816	1.99949	14.31972
14230	-7539.812	-7437.827	-101.9848	1.814572	0.270088	0.633727	1.06457	2.03161	15.57928
14240	-7535.063	-7445.981	-89.08117	2.727864	0.367048	0.715253	1.0808	1.8369	14.19759
14250	-7528.962	-7437.542	-91.42029	1.896467	0.280595	0.643532	1.06717	2.0087	14.51464
14260	-7534.819	-7444.251	-90.56798	1.825983	0.271579	0.635134	1.06496	2.02833	14.43646
14270	-7528.812	-7447.076	-81.73551	1.625293	0.244045	0.608165	1.057	2.09079	13.57328
14280	-7548.95	-7453.646	-95.30424	1.840872	0.27351	0.63695	1.06545	2.02409	14.90859
14290	-7546.405	-7449.135	-97.27093	2.201503	0.316197	0.674862	1.0743	1.93464	15.0692
14300	-7524.346	-7440.257	-84.08864	1.769767	0.264152	0.628062	1.063	2.04479	13.79415
14310	-7533.355	-7430.836	-102.5195	1.909133	0.282181	0.64499	1.06754	2.00529	15.6233
14320	-7520.805	-7431.305	-89.5001	1.679967	0.251833	0.616007	1.05945	2.07271	14.34427
14330	-7539.419	-7451.464	-87.95505	2.130908	0.308416	0.668249	1.07294	1.95039	14.14467
14340	-7528.304	-7433.034	-95.27019	1.968636	0.289502	0.651636	1.06918	1.98968	14.89241
14350	-7544.13	-7460.07	-84.06015	2.041512	0.29818	0.659357	1.07099	1.97147	13.76412
14360	-7530.69	-7442.563	-88.12656	1.965192	0.289084	0.651261	1.06909	1.99056	14.1784
14370	-7534.89	-7449.339	-85.55157	1.91892	0.2834	0.646105	1.06782	2.00267	13.92552
14380	-7526.281	-7433.476	-92.80526	1.88754	0.27947	0.642496	1.0669	2.01113	14.65403
14390	-7526.068	-7441.419	-84.64882	2.022215	0.295912	0.657355	1.07054	1.9762	13.82492
14400	-7521.013	-7438.398	-82.61532	1.821	0.270929	0.634521	1.06479	2.02976	13.64169
14410	-7537.943	-7453.649	-84.29382	1.889902	0.279768	0.642771	1.06697	2.01049	13.80265
14420	-7524.538	-7435.986	-88.5518	2.221297	0.318333	0.676656	1.07465	1.93036	14.19531
14430	-7544.312	-7439.338	-104.9737	2.019313	0.295569	0.657052	1.07047	1.97691	15.8577
14440	-7522.954	-7439.921	-83.03322	1.801335	0.268349	0.632076	1.06412	2.03546	13.68545
14450	-7544.286	-7444.281	-100.0058	2.173747	0.313169	0.672303	1.07379	1.94074	15.34546
14460	-7528.987	-7436.367	-92.6195	2.2683	0.323328	0.680815	1.07545	1.9204	14.59738
14470	-7537.002	-7437.202	-99.80054	1.966017	0.289184	0.651351	1.06912	1.99035	15.34571
14480	-7537.849	-7444.675	-93.17397	1.710154	0.256039	0.620169	1.0607	2.06309	14.70864
14490	-7563.213	-7460.674	-102.5384	1.849111	0.274573	0.637945	1.06571	2.02177	15.63118
14500	-7540.332	-7451.083	-89.24899	2.233109	0.319599	0.677714	1.07486	1.92783	14.26385
14510	-7551.97	-7451.61	-100.3604	1.815832	0.270253	0.633883	1.06462	2.03125	15.41671
14520	-7537.698	-7444.751	-92.94697	2.327923	0.329511	0.685895	1.07638	1.90821	14.62416
14530	-7536.446	-7436.808	-99.63896	1.853736	0.275167	0.638501	1.06586	2.02047	15.34078
14540	-7531.641	-7441.447	-90.1949	2.50434	0.346868	0.699777	1.07868	1.87468	14.33131
14550	-7543.484	-7455.466	-88.01889	1.70616	0.255486	0.619625	1.06054	2.06435	14.19353
14560	-7536.446	-7445.851	-90.59493	2.021221	0.295795	0.657252	1.07051	1.97644	14.41963
14570	-7537.547	-7437.68	-99.86668	1.956326	0.288005	0.650288	1.06886	1.99285	15.35329
14580	-7541.414	-7436.335	-105.0794	2.405188	0.337279	0.692177	1.07747	1.89308	15.82968
14590	-7527.551	-7435.93	-91.62126	2.51186	0.347578	0.700334	1.07876	1.87333	14.4732
14600	-7543.214	-7445.315	-97.89833	2.078701	0.302492	0.66313	1.07184	1.96254	15.14422
14610	-7546.416	-7455.729	-90.68747	2.114718	0.306595	0.666683	1.07261	1.95411	14.41953
14620	-7530.6	-7439.817	-90.78348	2.572972	0.353268	0.70476	1.07941	1.86256	14.38331
14630	-7547.108	-7451.422	-95.6858	2.13431	0.308797	0.668576	1.07301	1.94961	14.91741
14640	-7551.114	-7453.719	-97.3946	1.853944	0.275194	0.638526	1.06586	2.02042	15.11632
14650	-7529.251	-7446.964	-82.28728	1.834508	0.272686	0.636177	1.06524	2.0259	13.60754
14660	-7534.561	-7445.815	-88.7461	1.834183	0.272644	0.636137	1.06523	2.02599	14.25345
14670	-7537.215	-7454.94	-82.27551	1.789261	0.266752	0.630554	1.0637	2.039	13.61088
14680	-7525.119	-7432.476	-92.64349	2.235116	0.319813	0.677893	1.0749	1.9274	14.6031
14690	-7535.957	-7446.573	-89.38433	2.046368	0.298748	0.659856	1.07111	1.97029	14.29605
14700	-7528.51	-7441.216	-87.29424	1.734116	0.25933	0.623393	1.06165	2.05562	14.11827
14710	-7533.075	-7456.753	-76.32218	1.761661	0.263064	0.627014	1.0627	2.04723	13.01831
14720	-7531.394	-7438.672	-92.72134	1.768768	0.264018	0.627934	1.06296	2.04509	14.65752
14730	-7517.164	-7431.934	-85.23024	1.882961	0.278892	0.641961	1.06676	2.01238	13.89699
14740	-7537.241	-7438.792	-98.44906	2.0584	0.300148	0.661083	1.07138	1.96738	15.20132
14750	-7522.725	-7432.123	-90.60233	2.173259	0.313115	0.672258	1.07378	1.94085	14.40516
14760	-7531.853	-7452.018	-79.83532	2.287947	0.325384	0.682512	1.07577	1.91634	13.317
14770	-7539.47	-7447.658	-91.81206	1.813932	0.270005	0.633647	1.06455	2.0318	14.56207
14780	-7516.321	-7424.009	-92.31203	1.867064	0.276872	0.64009	1.06628	2.01676	14.60675
14790	-7529.847	-7434.134	-95.71236	1.665476	0.249791	0.613967	1.05882	2.07742	14.96695
14800	-7540.405	-7450.707	-89.69804	1.887163	0.279423	0.642452	1.06689	2.01123	14.34335
14810	-7542.019	-7450.449	-91.57092	1.818581	0.270613	0.634223	1.06471	2.03046	14.53749
14820	-7534.248	-7435.969	-98.27883	1.893984	0.280282	0.643245	1.0671	2.00938	15.20074
14830	-7534.355	-7436.973	-97.38156	1.846028	0.274175	0.637574	1.06561	2.02264	15.11581
14840	-7531.137	-7432.001	-99.13625	1.736409	0.259643	0.623698	1.06174	2.05492	15.30224
14850	-7541.612	-7443.544	-98.06868	1.670871	0.250553	0.61473	1.05906	2.07566	15.20204
14860	-7537.275	-7443.304	-93.97066	1.976156	0.290412	0.652454	1.06938	1.98775	14.76171
14870	-7535.429	-7448.377	-87.05183	1.514347	0.22753	0.590927	1.05125	2.13029	14.11601
14880	-7524.443	-7439.875	-84.56874	2.089934	0.303779	0.664249	1.07209	1.95989	13.81014
14890	-7549.939	-7459.986	-89.95235	1.854671	0.275287	0.638613	1.06589	2.02021	14.37203
14900	-7544.989	-7452.848	-92.14058	1.560963	0.234588	0.598399	1.05381	2.1132	14.62022
14910	-7519.901	-7435.917	-83.98431	1.797543	0.267848	0.6316	1.06399	2.03656	13.78093
14920	-7535.885	-7449.813	-86.07188	1.492449	0.224154	0.587295	1.04998	2.13858	14.0202
14930	-7528.737	-7438.816	-89.9212	2.112881	0.306387	0.666504	1.07257	1.95454	14.34309
14940	-7528.416	-7433.592	-94.82345	2.053038	0.299525	0.660538	1.07126	1.96868	14.8393
14950	-7540.125	-7439.66	-100.4653	1.987475	0.291775	0.653675	1.06967	1.98488	15.41004
14960	-7541.131	-7442.908	-98.22349	1.828307	0.271881	0.635419	1.06503	2.02767	15.20178
14970	-7533.74	-7441.221	-92.5196	1.726677	0.258313	0.6224	1.06136	2.05793	14.64155
14980	-7537.608	-7437.681	-99.92696	2.241818	0.320527	0.678489	1.07501	1.92597	15.33077
14990	-7529.916	-7435.06	-94.85557	1.665359	0.249774	0.613951	1.05882	2.07746	14.88128
15000	-7527.586	-7436.56	-91.02667	2.334263	0.330158	0.686423	1.07648	1.90694	14.4315
15010	-7549.473	-7443.487	-105.9856	2.431159	0.339831	0.694216	1.0778	1.88815	15.9177
15020	-7541.193	-7447.641	-93.55186	1.91435	0.282832	0.645585	1.06769	2.00389	14.72601
15030	-7528.424	-7445.126	-83.29767	2.072325	0.301758	0.662491	1.0717	1.96405	13.68479
15040	-7526.406	-7438.13	-88.27599	1.981153	0.291015	0.652994	1.06951	1.98648	14.19174
15050	-7533.141	-7444.767	-88.37388	1.893236	0.280188	0.643158	1.06707	2.00958	14.21032
15060	-7545.324	-7458.168	-87.15666	1.866896	0.276851	0.64007	1.06627	2.01681	14.09123
15070	-7524.976	-7445.737	-79.23849	1.966424	0.289234	0.651395	1.06913	1.99025	13.28946
15080	-7543.101	-7450.513	-92.58817	2.120644	0.307263	0.667259	1.07273	1.95274	14.60901
15090	-7557.665	-7467.436	-90.22831	2.177568	0.313588	0.672659	1.07386	1.9399	14.36733
15100	-7536.729	-7432.36	-104.3691	2.025368	0.296284	0.657684	1.07061	1.97542	15.79663
15110	-7559.431	-7460.147	-99.28381	1.693983	0.253794	0.617954	1.06004	2.06821	15.32124
15120	-7538.086	-7441.173	-96.91344	2.016959	0.295291	0.656805	1.07041	1.9775	15.05191
15130	-7526.421	-7436.655	-89.76609	2.033323	0.29722	0.658511	1.0708	1.97347	14.33553
15140	-7530.942	-7440.477	-90.46406	2.372112	0.333986	0.689528	1.07702	1.89947	14.37145
15150	-7534.853	-7439.327	-95.52643	1.897125	0.280677	0.643608	1.06719	2.00853	14.92519
15160	-7516.253	-7432.983	-83.26941	1.78749	0.266517	0.630329	1.06363	2.03952	13.71045
15170	-7523.792	-7429.931	-93.86106	1.711075	0.256166	0.620295	1.06074	2.0628	14.77726
15180	-7548.887	-7445.837	-103.0497	2.400416	0.336807	0.691798	1.0774	1.89399	15.62719
15190	-7560.537	-7459.316	-101.2214	1.896747	0.28063	0.643565	1.06718	2.00863	15.49473
15200	-7538.511	-7435.702	-102.8095	1.859865	0.275953	0.639234	1.06605	2.01876	15.65722
15210	-7535.685	-7441.756	-93.92909	1.611297	0.242015	0.606091	1.05634	2.09555	14.79404
15220	-7562.404	-7454.679	-107.7251	2.108132	0.30585	0.666041	1.07247	1.95564	16.12396
15230	-7543.845	-7448.984	-94.86096	2.274554	0.323984	0.681358	1.07555	1.9191	14.8209
15240	-7537.938	-7448.423	-89.51459	2.334608	0.330193	0.686452	1.07648	1.90687	14.28026
15250	-7540.588	-7453.087	-87.5006	2.020269	0.295682	0.657152	1.07049	1.97668	14.11029
15260	-7535.345	-7452.997	-82.34803	2.114586	0.30658	0.66667	1.07261	1.95414	13.5856
15270	-7541.164	-7444.255	-96.90935	1.830049	0.272107	0.635632	1.06509	2.02717	15.07019
15280	-7535.799	-7442.121	-93.67773	1.966388	0.289229	0.651391	1.06913	1.99025	14.73339
15290	-7525.715	-7425.449	-100.2662	1.85964	0.275924	0.639207	1.06604	2.01882	15.40291
15300	-7536.325	-7444.44	-91.88475	1.884196	0.279048	0.642106	1.0668	2.01204	14.56231
15310	-7526.609	-7429.515	-97.09449	1.698925	0.254482	0.618634	1.06024	2.06664	15.10181
15320	-7561.842	-7453.63	-108.2119	2.448479	0.341517	0.695556	1.07802	1.88491	16.1386
15330	-7531.83	-7441.808	-90.02179	1.708098	0.255754	0.619889	1.06062	2.06374	14.39363
15340	-7526.533	-7450.51	-76.02289	1.952354	0.28752	0.64985	1.06875	1.99388	12.96931
15350	-7534.68	-7439.367	-95.31292	2.20462	0.316535	0.675146	1.07436	1.93396	14.87309
15360	-7540.978	-7445.591	-95.38606	1.996215	0.292822	0.654611	1.06989	1.98267	14.90124
15370	-7540.934	-7440.687	-100.2471	1.666114	0.249881	0.614058	1.05885	2.07721	15.42036
15380	-7540.226	-7442.656	-97.57064	1.97469	0.290235	0.652295	1.06934	1.98813	15.12185
15390	-7525.857	-7440.519	-85.33782	2.118021	0.306967	0.667004	1.07268	1.95335	13.88424
15400	-7536.725	-7445.467	-91.25803	2.172759	0.31306	0.672211	1.07377	1.94096	14.47079
15410	-7526.013	-7429.572	-96.44079	2.184409	0.314337	0.673292	1.07399	1.93838	14.9879
15420	-7511.618	-7427.238	-84.38032	2.117389	0.306896	0.666943	1.07267	1.95349	13.78855
15430	-7530.144	-7441.972	-88.17156	1.669704	0.250388	0.614565	1.05901	2.07604	14.21244
15440	-7543.955	-7453.803	-90.1522	1.884393	0.279073	0.642129	1.06681	2.01199	14.38904
15450	-7538.293	-7449.942	-88.3511	1.790275	0.266886	0.630683	1.06373	2.0387	14.21834
15460	-7537.966	-7438.657	-99.3083	1.802601	0.268516	0.632235	1.06416	2.03509	15.31283
15470	-7524.026	-7430.212	-93.81344	2.145696	0.310067	0.669663	1.07324	1.94703	14.72903
15480	-7545.754	-7452.382	-93.372	1.878046	0.278269	0.641385	1.06662	2.01373	14.71165
15490	-7551.936	-7448.877	-103.0588	1.782125	0.265803	0.629647	1.06344	2.04111	15.68992
15500	-7532.156	-7438.301	-93.85537	1.637449	0.245796	0.609943	1.05757	2.08669	14.78405
15510	-7532.994	-7438.434	-94.5596	2.412933	0.338043	0.692788	1.07757	1.8916	14.77692
15520	-7536.233	-7444.675	-91.55753	2.173694	0.313163	0.672298	1.07378	1.94075	14.50064
15530	-7527.848	-7438.406	-89.44243	1.984292	0.291392	0.653333	1.06959	1.98568	14.30807
15540	-7539.348	-7456.739	-82.60845	1.912765	0.282634	0.645405	1.06765	2.00432	13.63183
15550	-7524.033	-7431.33	-92.70233	1.950307	0.28727	0.649623	1.06869	1.99441	14.63746
15560	-7533.921	-7437.665	-96.2561	1.729243	0.258664	0.622743	1.06146	2.05713	15.01494
15570	-7528.406	-7441.924	-86.48193	1.886879	0.279387	0.642419	1.06688	2.01131	14.02176
15580	-7523.639	-7436.155	-87.48331	2.027512	0.296537	0.657908	1.07066	1.97489	14.10784
15590	-7528.104	-7438.171	-89.93273	2.041617	0.298192	0.659367	1.071	1.97144	14.35137
15600	-7506.337	-7428.324	-78.01266	1.872969	0.277624	0.640788	1.06646	2.01513	13.17623
15610	-7537.38	-7448.304	-89.07641	1.684078	0.25241	0.616581	1.05962	2.07139	14.30149
15620	-7536.163	-7443.292	-92.87033	2.504093	0.346844	0.699759	1.07867	1.87472	14.59888
15630	-7540.99	-7437.479	-103.5116	2.246312	0.321005	0.678886	1.07509	1.92502	15.68878
15640	-7536.603	-7442.759	-93.84417	2.137471	0.30915	0.668879	1.07308	1.94889	14.73293
15650	-7527.092	-7433.233	-93.8587	1.662464	0.249364	0.61354	1.05869	2.0784	14.78188
15660	-7534.726	-7443.809	-90.91717	1.855393	0.27538	0.638699	1.06591	2.02001	14.46844
15670	-7524.715	-7430.399	-94.31575	2.425149	0.339243	0.693747	1.07773	1.88928	14.75132
15680	-7521.949	-7423.75	-98.19903	1.887979	0.279526	0.642547	1.06692	2.01101	15.19336
15690	-7538.399	-7448.993	-89.4062	1.603992	0.240949	0.604998	1.05599	2.09807	14.34248
15700	-7523.493	-7440.618	-82.87576	1.504082	0.225952	0.589234	1.05066	2.13415	13.69943
15710	-7532.763	-7446.322	-86.44063	1.728501	0.258563	0.622644	1.06143	2.05736	14.03347
15720	-7543.421	-7442.674	-100.7466	2.39598	0.336367	0.691445	1.07734	1.89484	15.39732
15730	-7515.992	-7426.172	-89.8202	2.275918	0.324127	0.681476	1.07558	1.91882	14.31669
15740	-7545.12	-7444.515	-100.6046	1.831523	0.272299	0.635813	1.06514	2.02675	15.43957
15750	-7520.327	-7434.102	-86.22422	1.682851	0.252238	0.61641	1.05957	2.07178	14.01639
15760	-7537.556	-7443.738	-93.8183	1.795769	0.267614	0.631376	1.06393	2.03708	14.76451
15770	-7534.332	-7438.324	-96.00739	2.224934	0.318724	0.676983	1.07472	1.92957	14.9405
15780	-7545.346	-7439.565	-105.7806	1.970048	0.289673	0.65179	1.06922	1.98932	15.94332
15790	-7532.174	-7434.917	-97.25665	2.282187	0.324783	0.682017	1.07568	1.91752	15.0597
15800	-7549.409	-7451.79	-97.61951	2.372153	0.333991	0.689531	1.07702	1.89946	15.08699
15810	-7546.268	-7448.945	-97.32252	1.665522	0.249797	0.613974	1.05883	2.0774	15.12796
15820	-7560.936	-7464.038	-96.89833	1.750852	0.261605	0.625603	1.06229	2.0505	15.07701
15830	-7549.437	-7444.242	-105.1946	1.881682	0.27873	0.641812	1.06673	2.01273	15.89355
15840	-7526.687	-7436.694	-89.99228	1.63416	0.245323	0.609464	1.05742	2.0878	14.39807
15850	-7523.593	-7431.864	-91.72848	1.570564	0.23602	0.599895	1.05431	2.10977	14.57805
15860	-7532.932	-7440.334	-92.59793	1.684117	0.252415	0.616586	1.05962	2.07137	14.65364
15870	-7532.522	-7446.192	-86.33065	1.819251	0.2707	0.634305	1.06473	2.03026	14.0134
15880	-7520.176	-7430.982	-89.1942	2.223984	0.318622	0.676897	1.0747	1.92978	14.25928
15890	-7524.174	-7432.755	-91.41897	1.996967	0.292912	0.654691	1.06991	1.98248	14.50446
15900	-7535.089	-7446.049	-89.04028	2.159141	0.311559	0.670935	1.07351	1.944	14.25037
15910	-7535.496	-7442.598	-92.89821	1.565001	0.235191	0.59903	1.05402	2.11176	14.69558
15920	-7536.908	-7435.454	-101.4545	1.841385	0.273576	0.637012	1.06546	2.02395	15.52357
15930	-7513.956	-7429.84	-84.11568	1.775864	0.264968	0.628846	1.06322	2.04297	13.79624
15940	-7533.036	-7440.125	-92.91132	1.90769	0.282001	0.644824	1.0675	2.00568	14.66262
15950	-7532.226	-7437.735	-94.49058	1.621649	0.243518	0.607628	1.05683	2.09202	14.84915
15960	-7535.137	-7440.5	-94.63631	1.677153	0.251438	0.615613	1.05933	2.07362	14.85817
15970	-7538.7	-7434.718	-103.9829	1.976544	0.290459	0.652496	1.06939	1.98765	15.7629
15980	-7536.717	-7436.646	-100.0707	2.147275	0.310243	0.669813	1.07327	1.94667	15.3546
15990	-7532.707	-7440.53	-92.17752	1.890256	0.279813	0.642812	1.06698	2.01039	14.59099
16000	-7522.531	-7428.878	-93.65229	2.397902	0.336558	0.691598	1.07737	1.89447	14.6877
16010	-7526.362	-7431.101	-95.26106	2.042836	0.298335	0.659493	1.07103	1.97115	14.88408
16020	-7547.186	-7452.324	-94.86222	1.820237	0.270829	0.634427	1.06476	2.02998	14.86646
16030	-7532.642	-7439.853	-92.78925	1.678545	0.251634	0.615808	1.05939	2.07317	14.67333
16040	-7536.979	-7437.423	-99.55582	1.931253	0.284928	0.647498	1.06817	1.9994	15.32471
16050	-7521.003	-7433.875	-87.12829	1.72451	0.258016	0.622109	1.06128	2.0586	14.10264
16060	-7533.015	-7441.414	-91.60062	2.000489	0.293333	0.655066	1.07	1.9816	14.52227
16070	-7551.876	-7451.908	-99.96757	2.361614	0.332931	0.688675	1.07687	1.90152	15.32285
16080	-7533.792	-7431.585	-102.2068	2.242143	0.320562	0.678518	1.07502	1.9259	15.55872
16090	-7524.835	-7426.498	-98.33775	1.790495	0.266915	0.63071	1.06374	2.03863	15.21698
16100	-7531.746	-7448.485	-83.26038	1.936693	0.285599	0.648108	1.06832	1.99797	13.69463
16110	-7539.823	-7446.185	-93.63732	2.073845	0.301933	0.662643	1.07173	1.96369	14.71861
16120	-7528.074	-7437.331	-90.74259	2.307023	0.327362	0.684138	1.07607	1.91243	14.40582
16130	-7522.513	-7434.382	-88.13029	1.826314	0.271622	0.635175	1.06497	2.02824	14.19266
16140	-7522.4	-7435.723	-86.67692	1.618624	0.243079	0.60718	1.05669	2.09305	14.06809
16150	-7538.797	-7447.165	-91.63247	2.518017	0.348158	0.700788	1.07883	1.87222	14.4737
16160	-7545.818	-7442.006	-103.8125	1.702729	0.25501	0.619156	1.0604	2.06543	15.77324
16170	-7532.59	-7434.82	-97.77062	2.060588	0.300401	0.661306	1.07143	1.96686	15.13326
16180	-7528.091	-7438.365	-89.72633	2.013225	0.294848	0.656413	1.07032	1.97842	14.33357
16190	-7529.719	-7443.156	-86.56273	2.192725	0.315244	0.674059	1.07414	1.93656	13.99926
16200	-7523.781	-7433.495	-90.28548	2.20704	0.316797	0.675367	1.0744	1.93344	14.3701
16210	-7525.99	-7441.939	-84.05107	1.831941	0.272353	0.635864	1.06515	2.02663	13.78417
16220	-7533.549	-7448.429	-85.11983	1.989939	0.292071	0.65394	1.06974	1.98425	13.87525
16230	-7531.922	-7444.761	-87.16087	1.631125	0.244886	0.609021	1.05728	2.08882	14.11523
16240	-7525.266	-7433.638	-91.62762	2.02983	0.29681	0.658149	1.07072	1.97432	14.52204
16250	-7530.409	-7436.516	-93.89308	1.927919	0.284516	0.647123	1.06808	2.00028	14.75877
16260	-7516.748	-7437.853	-78.8951	1.563284	0.234935	0.598762	1.05393	2.11237	13.29544
16270	-7533.442	-7445.26	-88.18173	1.732933	0.259169	0.623235	1.06161	2.05599	14.20714
16280	-7526.313	-7433.998	-92.3144	2.446467	0.341322	0.695401	1.07799	1.88528	14.54905
16290	-7528.035	-7441.264	-86.77092	1.649506	0.247522	0.611687	1.05812	2.08268	14.0744
16300	-7522.768	-7435.747	-87.02164	2.080136	0.302657	0.663273	1.07187	1.9622	14.05641
16310	-7530.061	-7442.662	-87.3996	1.582603	0.237805	0.601752	1.05493	2.10552	14.14396
16320	-7548.756	-7453.831	-94.92424	2.346322	0.331385	0.687421	1.07665	1.90454	14.82005
16330	-7542.388	-7457.631	-84.75695	1.935248	0.285421	0.647947	1.06828	1.99835	13.84443
16340	-7537.422	-7442.602	-94.82023	2.063998	0.300796	0.661651	1.07151	1.96604	14.83788
16350	-7530.85	-7447.105	-83.7453	2.023657	0.296082	0.657506	1.07057	1.97584	13.73442
16360	-7535.346	-7441.002	-94.34363	1.996594	0.292868	0.654651	1.0699	1.98258	14.79696
16370	-7529.023	-7435.458	-93.56507	2.221169	0.31832	0.676644	1.07465	1.93038	14.69665
16380	-7523.001	-7432.404	-90.59697	1.812213	0.269779	0.633434	1.06449	2.03229	14.44073
16390	-7524.156	-7428.422	-95.73325	2.117852	0.306948	0.666988	1.07268	1.95339	14.9238
16400	-7516.359	-7427.366	-88.99278	2.048542	0.299001	0.660078	1.07116	1.96976	14.25668
16410	-7536.29	-7436.897	-99.39338	2.161157	0.311782	0.671125	1.07354	1.94355	15.28548
16420	-7519.266	-7424.205	-95.06081	2.369308	0.333705	0.689301	1.07698	1.90001	14.83141
16430	-7530.194	-7441.951	-88.24293	2.023074	0.296014	0.657445	1.07056	1.97598	14.18424
16440	-7527.541	-7438.226	-89.31506	1.928355	0.28457	0.647172	1.06809	2.00017	14.30093
16450	-7550.498	-7457.86	-92.63797	2.034614	0.297372	0.658645	1.07083	1.97315	14.62259
16460	-7541.181	-7442.309	-98.87212	1.914736	0.28288	0.645629	1.0677	2.00379	15.258
16470	-7531.196	-7446.059	-85.13722	1.83837	0.273186	0.636647	1.06536	2.0248	13.89214
16480	-7536.966	-7437.858	-99.10809	2.031581	0.297016	0.65833	1.07076	1.97389	15.26991
16490	-7526.793	-7434.746	-92.04696	2.056715	0.299952	0.660912	1.07135	1.96779	14.56128
16500	-7525.05	-7438.231	-86.81944	2.152901	0.310868	0.670347	1.07338	1.9454	14.02891
16510	-7534.796	-7440.324	-94.47129	1.917544	0.283229	0.645949	1.06778	2.00304	14.81763
16520	-7541.87	-7443.472	-98.39799	1.900995	0.281163	0.644055	1.0673	2.00748	15.21196
16530	-7522.222	-7430.46	-91.76277	1.99747	0.292973	0.654744	1.06993	1.98236	14.53879
16540	-7523.204	-7442.483	-80.72052	1.607226	0.241422	0.605483	1.05614	2.09695	13.47359
16550	-7520.711	-7434.236	-86.47473	2.014295	0.294975	0.656525	1.07034	1.97816	14.0083
16560	-7544.177	-7448.197	-95.98025	2.059481	0.300273	0.661193	1.07141	1.96712	14.95434
16570	-7554.765	-7456.55	-98.21472	1.806281	0.269	0.632695	1.06429	2.03402	15.2031
16580	-7534.079	-7440.418	-93.66115	2.215469	0.317706	0.67613	1.07455	1.93161	14.70683
16590	-7518.727	-7431.49	-87.23758	1.745911	0.260935	0.624954	1.06211	2.052	14.11142
16600	-7549.163	-7448.771	-100.392	2.056406	0.299916	0.660881	1.07134	1.96786	15.39582
16610	-7533.572	-7450.178	-83.39448	1.677652	0.251508	0.615683	1.05935	2.07346	13.73394
16620	-7526.529	-7437.873	-88.65609	1.499515	0.225248	0.588476	1.05039	2.13588	14.27792
16630	-7531.878	-7431.413	-100.4651	1.858841	0.275822	0.639112	1.06602	2.01905	15.42288
16640	-7531.939	-7449.163	-82.77676	1.744019	0.260679	0.624705	1.06203	2.05258	13.66553
16650	-7528.507	-7440.837	-87.66972	1.814361	0.270061	0.6337	1.06457	2.03167	14.14779
16660	-7538.448	-7448.386	-90.06186	1.962296	0.288732	0.650943	1.06902	1.99131	14.37222
16670	-7521.037	-7431.935	-89.10171	2.024041	0.296128	0.657546	1.07058	1.97575	14.27003
16680	-7554.424	-7447.613	-106.8105	2.097846	0.304681	0.665031	1.07226	1.95803	16.03353
16690	-7552.366	-7449.706	-102.6601	1.604917	0.241084	0.605137	1.05603	2.09775	15.66777
16700	-7529.102	-7435.274	-93.82782	1.887925	0.279519	0.642541	1.06691	2.01103	14.75625
16710	-7539.196	-7436.76	-102.4362	2.271626	0.323677	0.681104	1.07551	1.91971	15.57872
16720	-7555.826	-7459.096	-96.73069	1.611361	0.242024	0.606101	1.05634	2.09553	15.07419
16730	-7524.004	-7445.666	-78.3381	2.098405	0.304745	0.665086	1.07227	1.9579	13.18623
16740	-7513.176	-7431.505	-81.67169	1.97298	0.290028	0.652109	1.0693	1.98856	13.53213
16750	-7536.108	-7439.283	-96.82445	1.724334	0.257991	0.622085	1.06127	2.05865	15.07227
16760	-7540.576	-7436.341	-104.2355	1.749429	0.261412	0.625417	1.06224	2.05093	15.81086
16770	-7541.716	-7448.256	-93.46027	1.637317	0.245777	0.609924	1.05756	2.08674	14.74455
16780	-7537.856	-7440.519	-97.33673	1.907383	0.281962	0.644789	1.06749	2.00576	15.10519
16790	-7520.461	-7434.892	-85.56925	1.656426	0.248507	0.612679	1.05842	2.08039	13.95354
16800	-7531.68	-7437.308	-94.37197	2.026114	0.296372	0.657762	1.07063	1.97524	14.79684
16810	-7536.322	-7449.192	-87.12991	2.123068	0.307536	0.667493	1.07278	1.95219	14.06294
16820	-7501.044	-7422.854	-78.18916	1.698901	0.254479	0.618631	1.06024	2.06665	13.21128
16830	-7524.325	-7436.401	-87.92413	2.523915	0.348712	0.701221	1.07889	1.87117	14.10228
16840	-7546.037	-7447.772	-98.26555	1.586467	0.238376	0.602344	1.05512	2.10416	15.23017
16850	-7519.187	-7434.985	-84.20203	1.916032	0.283041	0.645777	1.06774	2.00344	13.79086
16860	-7535.753	-7441.313	-94.43991	2.039279	0.297919	0.659127	1.07094	1.97201	14.80232
16870	-7531.897	-7433.468	-98.42886	1.825294	0.271489	0.63505	1.06493	2.02853	15.22261
16880	-7545.091	-7448.716	-96.37573	2.3474	0.331494	0.68751	1.07667	1.90433	14.96509
16890	-7555.719	-7454.596	-101.1236	2.408209	0.337578	0.692416	1.07751	1.8925	15.43379
16900	-7552.393	-7454.791	-97.60206	1.600704	0.240468	0.604503	1.05583	2.0992	15.16239
16910	-7566.492	-7459.826	-106.6664	1.58548	0.23823	0.602193	1.05507	2.10451	16.07035
16920	-7539.319	-7439.537	-99.78204	2.110354	0.306101	0.666258	1.07252	1.95512	15.32943
16930	-7523.099	-7430.854	-92.24514	1.933943	0.28526	0.6478	1.06825	1.99869	14.59338
16940	-7542.455	-7439.154	-103.3009	2.234266	0.319722	0.677817	1.07488	1.92758	15.66892
16950	-7563.402	-7463.807	-99.59521	2.777371	0.37127	0.718406	1.08117	1.82915	15.24404
16960	-7527.75	-7449.117	-78.63282	1.569352	0.23584	0.599707	1.05425	2.11021	13.26861
16970	-7522.944	-7434.306	-88.63767	1.801187	0.268329	0.632057	1.06411	2.0355	14.24591
16980	-7522.517	-7430.674	-91.84313	2.048708	0.299021	0.660095	1.07116	1.96972	14.5417
16990	-7548.079	-7458.943	-89.13612	1.995307	0.292714	0.654514	1.06987	1.9829	14.27634
17000	-7517.858	-7425.923	-91.93546	1.686503	0.252749	0.616918	1.05973	2.07061	14.58715
17010	-7545.964	-7459.383	-86.5805	1.925731	0.284245	0.646876	1.06802	2.00086	14.02774
17020	-7528.58	-7434.977	-93.60366	2.159729	0.311624	0.670991	1.07352	1.94387	14.70665
17030	-7551.438	-7446.559	-104.8792	1.725669	0.258175	0.622264	1.06132	2.05824	15.87761
17040	-7539.431	-7440.101	-99.33034	1.830005	0.272102	0.635627	1.06509	2.02718	15.31229
17050	-7532.978	-7436.66	-96.31804	1.796531	0.267715	0.631472	1.06395	2.03686	15.01441
17060	-7540.838	-7452.22	-88.61775	2.114385	0.306557	0.666651	1.0726	1.95419	14.2126
17070	-7533.254	-7442.711	-90.54269	2.067989	0.301258	0.662054	1.0716	1.96509	14.40973
17080	-7534.403	-7441.361	-93.04141	1.631719	0.244972	0.609107	1.0573	2.08862	14.70323
17090	-7542.504	-7449.302	-93.20179	1.943885	0.286483	0.648911	1.06852	1.99609	14.68805
17100	-7544.768	-7460.227	-84.54115	2.067598	0.301213	0.662015	1.07159	1.96518	13.80961
17110	-7520.926	-7432.92	-88.00596	2.140471	0.309485	0.669165	1.07314	1.94821	14.14881
17120	-7525.013	-7433.665	-91.34854	1.953835	0.287701	0.650013	1.06879	1.9935	14.50173
17130	-7525.754	-7434.299	-91.45475	2.37292	0.334067	0.689593	1.07703	1.89931	14.47044
17140	-7525.169	-7425.863	-99.30639	1.970389	0.289714	0.651828	1.06923	1.98923	15.29586
17150	-7545.076	-7449.167	-95.90927	2.639128	0.359262	0.709363	1.08005	1.85133	14.88927
17160	-7527.127	-7433.456	-93.67089	1.987783	0.291812	0.653708	1.06968	1.9848	14.73057
17170	-7550.789	-7456.284	-94.50542	1.958625	0.288285	0.650541	1.06892	1.99226	14.81694
17180	-7532.384	-7439.037	-93.34654	1.999823	0.293254	0.654995	1.06999	1.98177	14.69693
17190	-7512.294	-7423.344	-88.95001	2.019257	0.295563	0.657046	1.07046	1.97693	14.25533
17200	-7533.067	-7436.424	-96.64351	2.105972	0.305605	0.665829	1.07243	1.95614	15.01601
17210	-7509.369	-7424.867	-84.50211	1.852611	0.275023	0.638366	1.06582	2.02079	13.82721
17220	-7511.31	-7425.81	-85.49957	1.4971	0.224874	0.588073	1.05025	2.1368	13.96251
17230	-7543.083	-7447.897	-95.18552	1.999452	0.293209	0.654955	1.06998	1.98186	14.88086
17240	-7539.035	-7435.891	-103.1437	2.034762	0.297389	0.65866	1.07084	1.97312	15.67315
17250	-7533.678	-7444.758	-88.9203	1.789618	0.266799	0.630599	1.06371	2.03889	14.27533
17260	-7533.606	-7433.326	-100.2803	2.361468	0.332916	0.688663	1.07687	1.90155	15.35414
17270	-7548.002	-7449.713	-98.28961	2.05884	0.300199	0.661128	1.07139	1.96728	15.18533
17280	-7522.208	-7436.856	-85.35242	1.516966	0.227931	0.591356	1.0514	2.12931	13.9458
17290	-7539.56	-7444.601	-94.959	1.953703	0.287685	0.649998	1.06879	1.99353	14.86279
17300	-7539.183	-7447.088	-92.09441	1.862278	0.276261	0.639521	1.06613	2.01809	14.58547
17310	-7528.662	-7439.54	-89.12153	2.333192	0.330049	0.686334	1.07646	1.90716	14.24109
17320	-7531.182	-7435.086	-96.09666	2.048784	0.299029	0.660103	1.07116	1.9697	14.96705
17330	-7544.19	-7449.139	-95.05107	1.981151	0.291014	0.652994	1.06951	1.98648	14.86925
17340	-7543.968	-7453.428	-90.54045	1.881197	0.278668	0.641755	1.06671	2.01287	14.42818
17350	-7524.271	-7428.027	-96.24349	1.913998	0.282788	0.645545	1.06768	2.00399	14.99521
17360	-7531.699	-7446.15	-85.54816	2.143616	0.309836	0.669465	1.0732	1.9475	13.90271
17370	-7534.43	-7456.262	-78.16831	1.599962	0.24036	0.604391	1.05579	2.09946	13.21909
17380	-7515.682	-7432.338	-83.34344	1.890575	0.279853	0.642849	1.06699	2.0103	13.70754
17390	-7527.957	-7426.079	-101.8781	2.166628	0.312385	0.671638	1.07365	1.94233	15.53341
17400	-7532.039	-7436.001	-96.03808	1.787998	0.266584	0.630394	1.06365	2.03937	14.98727
17410	-7516.124	-7429.568	-86.55619	1.981228	0.291024	0.653003	1.06951	1.98646	14.01975
17420	-7518.768	-7433.217	-85.55128	1.786329	0.266362	0.630182	1.06359	2.03986	13.93875
17430	-7535.375	-7445.16	-90.21523	2.017082	0.295305	0.656818	1.07041	1.97747	14.38207
17440	-7534.187	-7436.692	-97.49567	1.91384	0.282768	0.645527	1.06768	2.00403	15.12044
17450	-7519.185	-7439.298	-79.88768	1.788993	0.266716	0.63052	1.06369	2.03908	13.37213
17460	-7532.737	-7429.11	-103.6268	2.153273	0.310909	0.670382	1.07339	1.94532	15.70961
17470	-7542.818	-7450.887	-91.93121	2.279854	0.324539	0.681816	1.07564	1.91801	14.52739
17480	-7546.064	-7448.446	-97.61753	1.825119	0.271466	0.635028	1.06493	2.02858	15.1415
17490	-7536.198	-7446.65	-89.54803	2.152633	0.310838	0.670321	1.07338	1.94546	14.3018
17500	-7532.96	-7439.443	-93.5177	1.581665	0.237667	0.601608	1.05488	2.10585	14.75586
17510	-7539.413	-7450.275	-89.13825	1.951634	0.287432	0.64977	1.06873	1.99407	14.28092
17520	-7539.689	-7444.964	-94.72517	2.223916	0.318614	0.676891	1.0747	1.92979	14.81238
17530	-7542.455	-7449.73	-92.72522	2.370749	0.33385	0.689418	1.077	1.89973	14.59771
17540	-7524.005	-7434.074	-89.93076	1.958773	0.288303	0.650557	1.06892	1.99222	14.35946
17550	-7553.227	-7465.051	-88.17644	1.68665	0.25277	0.616938	1.05973	2.07056	14.21124
17560	-7546.12	-7465.756	-80.36476	1.433009	0.214786	0.577012	1.04623	2.16197	13.45543
17570	-7527.988	-7442.257	-85.73142	2.516675	0.348032	0.700689	1.07881	1.87246	13.88373
17580	-7541.493	-7454.556	-86.93701	1.706582	0.255545	0.619683	1.06056	2.06422	14.0853
17590	-7547.31	-7446.212	-101.0976	2.325666	0.32928	0.685707	1.07635	1.90866	15.43945
17600	-7531.951	-7432.509	-99.44204	2.22009	0.318204	0.676547	1.07463	1.93062	15.28445
17610	-7533.651	-7451.24	-82.41049	2.019814	0.295628	0.657104	1.07048	1.97679	13.60133
17620	-7523.356	-7438.753	-84.60293	1.962443	0.28875	0.65096	1.06902	1.99127	13.82631
17630	-7550.262	-7456.375	-93.88762	2.220155	0.318211	0.676553	1.07463	1.9306	14.729
17640	-7540.326	-7441.856	-98.47042	2.161543	0.311825	0.671161	1.07355	1.94346	15.19315
17650	-7523.496	-7436.243	-87.25271	1.775091	0.264865	0.628747	1.06319	2.0432	14.11002
17660	-7537.101	-7452.86	-84.24035	1.789715	0.266812	0.630612	1.06371	2.03886	13.80732
17670	-7531.007	-7444.218	-86.78861	2.225174	0.318749	0.677004	1.07472	1.92952	14.0186
17680	-7547.427	-7453.445	-93.98215	1.840218	0.273425	0.636871	1.06542	2.02428	14.77645
17690	-7553.822	-7455.586	-98.23579	2.325043	0.329216	0.685655	1.07634	1.90879	15.15333
17700	-7535.129	-7441.872	-93.2571	1.660431	0.249076	0.613251	1.0586	2.07907	14.72193
17710	-7538.123	-7452.602	-85.52111	1.793928	0.26737	0.631144	1.06386	2.03762	13.93498
17720	-7543.989	-7456.917	-87.07141	1.961225	0.288602	0.650826	1.06899	1.99158	14.07328
17730	-7530.414	-7445.359	-85.05425	1.737827	0.259836	0.623886	1.0618	2.05448	13.8939
17740	-7530.627	-7432.036	-98.59106	2.011301	0.29462	0.65621	1.07027	1.9789	15.22023
17750	-7553.302	-7454.352	-98.94952	1.873611	0.277706	0.640864	1.06648	2.01495	15.26985
17760	-7542.367	-7438.123	-104.2433	1.894401	0.280335	0.643293	1.06711	2.00926	15.79715
17770	-7531.915	-7447.197	-84.71736	1.996287	0.292831	0.654618	1.0699	1.98265	13.83437
17780	-7534.779	-7436.436	-98.3439	1.740536	0.260205	0.624245	1.0619	2.05365	15.22259
17790	-7531.438	-7438.819	-92.61917	2.073305	0.301871	0.662589	1.07172	1.96382	14.61685
17800	-7531.731	-7460.147	-71.58364	1.790912	0.266971	0.630763	1.06375	2.03851	12.54153
17810	-7528.19	-7444.056	-84.13315	1.709954	0.256011	0.620142	1.06069	2.06315	13.80458
17820	-7531.947	-7450.776	-81.17164	1.757656	0.262524	0.626493	1.06255	2.04844	13.50366
17830	-7537.359	-7449.517	-87.842	1.817442	0.270464	0.634082	1.06467	2.03078	14.16471
17840	-7538.718	-7443.864	-94.85472	2.348369	0.331593	0.68759	1.07668	1.90414	14.81289
17850	-7529.314	-7441.906	-87.40735	1.658756	0.248838	0.613012	1.05853	2.07962	14.13712
17860	-7538.09	-7450.231	-87.85865	2.070044	0.301495	0.662261	1.07165	1.9646	14.14112
17870	-7529.4	-7439.651	-89.74871	1.868051	0.276998	0.640207	1.06631	2.01649	14.35032
17880	-7534.487	-7442.917	-91.56925	2.31697	0.328387	0.684978	1.07622	1.91042	14.48749
17890	-7531.433	-7442.671	-88.76219	2.037746	0.297739	0.658968	1.07091	1.97239	14.2347
17900	-7556.665	-7460.148	-96.51683	1.882198	0.278795	0.641872	1.06674	2.01259	15.02572
17910	-7528.374	-7444.623	-83.75042	1.654312	0.248207	0.612377	1.05833	2.08109	13.77187
17920	-7561.22	-7462.578	-98.64201	1.722535	0.257745	0.621844	1.0612	2.05921	15.25421
17930	-7533.928	-7437.025	-96.90247	2.278673	0.324416	0.681714	1.07562	1.91825	15.02464
17940	-7552.29	-7460.168	-92.12207	1.810842	0.269599	0.633263	1.06445	2.03269	14.59338
17950	-7551.529	-7462.417	-89.11189	2.225452	0.318779	0.677029	1.07473	1.92946	14.2509
17960	-7553.224	-7451.455	-101.7686	1.899375	0.28096	0.643868	1.06725	2.00792	15.54918
17970	-7549.598	-7459.547	-90.05173	2.434441	0.340152	0.694471	1.07784	1.88753	14.32399
17980	-7552.894	-7449.196	-103.6978	2.094345	0.304282	0.664685	1.07218	1.95885	15.72261
17990	-7540.236	-7455.107	-85.12845	2.039408	0.297934	0.65914	1.07095	1.97198	13.87116
18000	-7538.386	-7449.305	-89.08055	1.843227	0.273814	0.637235	1.06552	2.02343	14.28599
18010	-7551.618	-7456.683	-94.93504	1.493457	0.22431	0.587464	1.05004	2.13819	14.90642
18020	-7569.002	-7478.814	-90.18854	2.023634	0.29608	0.657504	1.07057	1.97585	14.37875
18030	-7531.972	-7445.56	-86.4124	1.890454	0.279838	0.642835	1.06699	2.01034	14.01445
18040	-7541.848	-7458.33	-83.51808	1.794599	0.267459	0.631229	1.06388	2.03743	13.73461
18050	-7529.551	-7442.069	-87.48271	2.384794	0.335255	0.690551	1.07719	1.897	14.07205
18060	-7534.973	-7442.341	-92.63188	1.632865	0.245137	0.609275	1.05736	2.08823	14.66216
18070	-7525.527	-7438.476	-87.05164	1.990492	0.292137	0.653999	1.06975	1.98411	14.06837
18080	-7527.511	-7435.218	-92.29254	2.174162	0.313214	0.672342	1.07379	1.94065	14.5741
18090	-7534.559	-7448.281	-86.2778	1.990998	0.292198	0.654053	1.06976	1.98399	13.99094
18100	-7537.585	-7444.776	-92.80873	2.274562	0.323985	0.681358	1.07555	1.9191	14.61568
18110	-7554.568	-7445.658	-108.9096	1.604322	0.240997	0.605047	1.056	2.09795	16.29278
18120	-7531.407	-7430.459	-100.9481	2.083145	0.303002	0.663574	1.07194	1.96149	15.44875
18130	-7538.239	-7439.529	-98.71004	2.091874	0.304001	0.664441	1.07213	1.95943	15.22407
18140	-7532.375	-7437.157	-95.21786	1.834457	0.27268	0.636171	1.06524	2.02591	14.9006
18150	-7527.562	-7434.763	-92.79945	1.705446	0.255387	0.619528	1.06051	2.06457	14.67166
18160	-7534.65	-7448.475	-86.17488	2.016346	0.295218	0.656741	1.07039	1.97765	13.97811
18170	-7519.864	-7435.445	-84.41891	2.161926	0.311867	0.671197	1.07356	1.94338	13.78796
18180	-7537.991	-7443.171	-94.81979	1.671391	0.250626	0.614803	1.05908	2.07549	14.8771
18190	-7527.463	-7436.382	-91.08152	2.50156	0.346604	0.699571	1.07865	1.87518	14.42025
18200	-7541.659	-7451.209	-90.44952	1.670734	0.250534	0.61471	1.05905	2.0757	14.44014
18210	-7525.4	-7439.37	-86.02944	2.076176	0.302201	0.662877	1.07178	1.96314	13.95759
18220	-7537.083	-7441.06	-96.02281	1.77046	0.264245	0.628152	1.06302	2.04458	14.98749
18230	-7550.897	-7456.815	-94.08281	2.217311	0.317905	0.676297	1.07458	1.93121	14.74881
18240	-7549.65	-7446.616	-103.0336	1.950649	0.287312	0.649661	1.0687	1.99432	15.67055
18250	-7519.625	-7433.405	-86.21979	1.93046	0.28483	0.647409	1.06815	1.99961	13.99119
18260	-7518.579	-7432.237	-86.34144	1.695805	0.254048	0.618205	1.06011	2.06763	14.02682
18270	-7535.202	-7452.833	-82.36884	1.913578	0.282735	0.645497	1.06767	2.0041	13.60778
18280	-7539.063	-7442.03	-97.03214	1.892193	0.280057	0.643037	1.06704	2.00986	15.07625
18290	-7529.092	-7438.271	-90.82079	1.985997	0.291597	0.653516	1.06964	1.98525	14.44574
18300	-7537.564	-7448.471	-89.09365	2.012959	0.294817	0.656385	1.07031	1.97849	14.27033
18310	-7529.847	-7435.843	-94.00435	1.840921	0.273516	0.636956	1.06545	2.02408	14.7786
18320	-7524.276	-7429.506	-94.77007	1.680222	0.251869	0.616043	1.05946	2.07263	14.87124
18330	-7539.577	-7442.608	-96.96904	1.787229	0.266482	0.630296	1.06362	2.0396	15.08044
18340	-7539.072	-7448.248	-90.82452	1.961306	0.288612	0.650835	1.06899	1.99156	14.44858
18350	-7534.695	-7438.624	-96.07062	2.117317	0.306888	0.666936	1.07267	1.95351	14.95759
18360	-7522.385	-7434.668	-87.71686	2.068401	0.301305	0.662096	1.07161	1.96499	14.1271
18370	-7519.846	-7435.581	-84.26521	1.847679	0.274388	0.637773	1.06566	2.02217	13.80401
18380	-7541.941	-7450.757	-91.18462	1.769445	0.264109	0.628021	1.06298	2.04489	14.50378
18390	-7527.833	-7434.892	-92.94065	2.053122	0.299535	0.660546	1.07126	1.96866	14.65101
18400	-7538.282	-7445.137	-93.145	1.973623	0.290106	0.652179	1.06932	1.9884	14.6794
18410	-7551.741	-7451.203	-100.5379	2.182133	0.314088	0.673082	1.07394	1.93889	15.39784
18420	-7550.825	-7452.894	-97.93032	1.959513	0.288393	0.650638	1.06894	1.99203	15.15934
18430	-7536.631	-7445.434	-91.1975	2.285491	0.325128	0.682301	1.07573	1.91684	14.45346
18440	-7537.816	-7454.057	-83.75924	1.861769	0.276196	0.639461	1.06611	2.01823	13.75201
18450	-7546.675	-7441.1	-105.5749	1.952127	0.287492	0.649824	1.06874	1.99394	15.92454
18460	-7541.169	-7453.1	-88.06942	1.685968	0.252675	0.616844	1.0597	2.07078	14.2006
18470	-7535.781	-7442.192	-93.58893	2.297021	0.326327	0.683288	1.07591	1.91447	14.69145
18480	-7538.249	-7439.291	-98.95788	1.859212	0.275869	0.639156	1.06603	2.01894	15.27212
18490	-7541.208	-7447.551	-93.65711	1.807732	0.269191	0.632876	1.06434	2.03359	14.7472
18500	-7547.417	-7446.915	-100.502	2.012818	0.2948	0.65637	1.07031	1.97852	15.41117
18510	-7545.108	-7454.172	-90.93578	1.907114	0.281929	0.644758	1.06748	2.00583	14.46512
18520	-7539.825	-7449.474	-90.35155	1.837268	0.273044	0.636513	1.06533	2.02512	14.41369
18530	-7540.485	-7443.757	-96.72805	1.725377	0.258135	0.622225	1.06131	2.05833	15.06253
18540	-7536.178	-7444.891	-91.28705	1.829464	0.272031	0.635561	1.06507	2.02734	14.50802
18550	-7532.685	-7440.181	-92.50331	2.18181	0.314053	0.673052	1.07394	1.93896	14.59441
18560	-7551.4	-7445.963	-105.4371	2.179063	0.313752	0.672797	1.07389	1.93956	15.88806
18570	-7538.471	-7438.163	-100.3073	2.13404	0.308767	0.66855	1.07301	1.94967	15.37959
18580	-7550.86	-7456.197	-94.66345	2.051396	0.299334	0.66037	1.07122	1.96907	14.82346
18590	-7528.249	-7432.707	-95.5423	1.765365	0.263562	0.627494	1.06283	2.04611	14.93995
18600	-7548.06	-7437.158	-110.9023	1.852943	0.275065	0.638406	1.06583	2.0207	16.46719
18610	-7527.967	-7432.553	-95.41388	1.9236	0.283981	0.646635	1.06795	2.00143	14.91129
18620	-7544.696	-7456.878	-87.81786	2.294487	0.326064	0.683072	1.07587	1.91499	14.1146
18630	-7543.99	-7445.757	-98.23346	2.036125	0.297549	0.658801	1.07087	1.97278	15.18199
18640	-7549.84	-7445.421	-104.4199	1.878045	0.278269	0.641385	1.06662	2.01373	15.81644
18650	-7550.572	-7456.222	-94.35025	1.758696	0.262664	0.626628	1.06259	2.04812	14.82141
18660	-7562.456	-7463.965	-98.49113	1.863252	0.276386	0.639637	1.06616	2.01782	15.22505
18670	-7539.531	-7455.705	-83.82626	2.100834	0.305021	0.665325	1.07232	1.95733	13.7348
18680	-7548.992	-7446.028	-102.9634	1.953389	0.287647	0.649964	1.06878	1.99361	15.66326
18690	-7528.616	-7432.6	-96.01656	1.985018	0.29148	0.653411	1.06961	1.9855	14.96541
18700	-7535.667	-7440.999	-94.66749	2.176158	0.313433	0.672528	1.07383	1.94021	14.81139
18710	-7555.488	-7455.344	-100.1444	1.919511	0.283474	0.646172	1.06784	2.00252	15.38475
18720	-7542.728	-7443.605	-99.12317	1.797175	0.2678	0.631553	1.06397	2.03667	15.29486
18730	-7520.431	-7432.893	-87.53758	1.984038	0.291362	0.653306	1.06959	1.98575	14.11761
18740	-7536.443	-7447.231	-89.21226	2.11969	0.307155	0.667166	1.07272	1.95296	14.27152
18750	-7550.653	-7452.541	-98.11189	2.434677	0.340175	0.694489	1.07785	1.88749	15.12998
18760	-7520.904	-7440.11	-80.79396	2.147294	0.310245	0.669815	1.07327	1.94667	13.42693
18770	-7541.606	-7462.637	-78.96879	1.557505	0.234071	0.597856	1.05363	2.11445	13.30339
18780	-7539.996	-7443.666	-96.32983	1.956875	0.288072	0.650348	1.06887	1.99271	14.99955
18790	-7520.625	-7438.955	-81.66982	1.719208	0.257287	0.621395	1.06107	2.06025	13.55732
18800	-7532.735	-7445.158	-87.57685	1.685127	0.252557	0.616727	1.05967	2.07105	14.15143
18810	-7535.351	-7433.439	-101.9123	1.835538	0.27282	0.636302	1.06527	2.02561	15.56993
18820	-7540.979	-7441.887	-99.09274	2.027117	0.29649	0.657867	1.07065	1.97499	15.26882
18830	-7557.508	-7454.965	-102.5437	1.876535	0.278077	0.641208	1.06657	2.01415	15.62898
18840	-7535.139	-7446.517	-88.62173	1.688078	0.25297	0.617137	1.05979	2.0701	14.25562
18850	-7538.297	-7454.253	-84.04381	1.892986	0.280157	0.643129	1.06707	2.00965	13.77734
18860	-7520.88	-7433.412	-87.46848	1.718837	0.257236	0.621345	1.06105	2.06037	14.13722
18870	-7542.326	-7434.986	-107.3407	1.986865	0.291702	0.65361	1.06966	1.98503	16.09764
18880	-7519.756	-7436.092	-83.664	1.796689	0.267735	0.631492	1.06396	2.03681	13.74899
18890	-7535.653	-7445.281	-90.37199	1.937337	0.285678	0.64818	1.06834	1.9978	14.40572
18900	-7536.426	-7431.276	-105.1507	2.19045	0.314996	0.673849	1.0741	1.93706	15.85828
18910	-7560.391	-7451.494	-108.8969	2.498976	0.34636	0.699378	1.07862	1.87565	16.20205
18920	-7541.987	-7439.588	-102.3984	1.945778	0.286715	0.649121	1.06857	1.99559	15.60752
18930	-7537.72	-7435.654	-102.0661	1.881967	0.278766	0.641845	1.06673	2.01265	15.58067
18940	-7546.432	-7442.201	-104.2309	1.925582	0.284227	0.646859	1.06801	2.0009	15.79279
18950	-7528.698	-7440.821	-87.87672	2.193387	0.315316	0.674119	1.07415	1.93641	14.13059
18960	-7548.344	-7446.938	-101.4062	1.680459	0.251902	0.616076	1.05947	2.07255	15.53483
18970	-7544.784	-7450.817	-93.96677	2.350843	0.331843	0.687793	1.07672	1.90365	14.72385
18980	-7532.556	-7446.547	-86.00898	1.820567	0.270872	0.634468	1.06478	2.02988	13.9811
18990	-7518.142	-7432.658	-85.48426	2.157971	0.31143	0.670825	1.07348	1.94426	13.89489
19000	-7523.343	-7434.665	-88.67817	2.051778	0.299378	0.660409	1.07123	1.96898	14.2249
19010	-7525.58	-7442.74	-82.83959	1.754265	0.262066	0.62605	1.06242	2.04946	13.67079
19020	-7526.026	-7441.409	-84.61664	2.376007	0.334377	0.689843	1.07707	1.89871	13.78632
19030	-7539.06	-7448.973	-90.08658	1.64928	0.247489	0.611655	1.05811	2.08275	14.40599
19040	-7531.568	-7449.178	-82.38925	2.153546	0.31094	0.670408	1.0734	1.94526	13.58583
19050	-7539.494	-7448.105	-91.3896	2.364495	0.333221	0.68891	1.07691	1.90096	14.46477
19060	-7528.449	-7439.174	-89.27505	2.362201	0.33299	0.688723	1.07688	1.90141	14.25354
19070	-7518.831	-7423.074	-95.7575	1.999062	0.293163	0.654914	1.06997	1.98196	14.9381
19080	-7539.503	-7443.669	-95.83378	1.629444	0.244644	0.608774	1.0572	2.08938	14.98269
19090	-7532.113	-7432.646	-99.46628	2.194027	0.315385	0.674178	1.07416	1.93627	15.28948
19100	-7552.351	-7456.813	-95.53781	2.033339	0.297222	0.658513	1.0708	1.97346	14.91271
19110	-7544.603	-7449.563	-95.04094	1.850077	0.274697	0.638061	1.06574	2.0215	14.88134
19120	-7538.499	-7442.781	-95.71857	1.744929	0.260802	0.624825	1.06207	2.05231	14.95962
19130	-7536.604	-7441.263	-95.34076	2.016584	0.295246	0.656766	1.0704	1.97759	14.89468
19140	-7532.856	-7433.953	-98.9024	1.869123	0.277135	0.640333	1.06634	2.01619	15.26559
19150	-7525.122	-7437.297	-87.82507	2.093217	0.304154	0.664574	1.07216	1.95912	14.13544
19160	-7534.982	-7442.647	-92.335	2.063032	0.300685	0.661553	1.07149	1.96627	14.58945
19170	-7507.171	-7420.39	-86.78065	1.720237	0.257429	0.621534	1.06111	2.05993	14.0683
19180	-7541.664	-7444.738	-96.926	2.085059	0.303221	0.663764	1.07198	1.96104	15.04635
19190	-7540.968	-7454.153	-86.81504	1.949353	0.287153	0.649518	1.06867	1.99466	14.04883
19200	-7532.873	-7438.523	-94.34989	1.67768	0.251512	0.615687	1.05935	2.07345	14.82948
19210	-7556.291	-7452.324	-103.9669	2.054334	0.299676	0.66067	1.07129	1.96836	15.75352
19220	-7554.336	-7450.389	-103.947	1.673428	0.250914	0.61509	1.05917	2.07483	15.78962
19230	-7524.447	-7443.062	-81.38485	2.102054	0.30516	0.665445	1.07235	1.95705	13.49054
19240	-7542.487	-7437.449	-105.0387	1.827142	0.271729	0.635276	1.06499	2.028	15.88341
19250	-7529.259	-7436.167	-93.09194	2.036402	0.297582	0.65883	1.07087	1.97271	14.66781
19260	-7556.57	-7458.259	-98.31055	1.842924	0.273775	0.637199	1.06551	2.02351	15.20902
19270	-7535.968	-7435.269	-100.6991	2.183921	0.314283	0.673247	1.07398	1.93849	15.41377
19280	-7532.841	-7441.631	-91.20922	1.846448	0.27423	0.637624	1.06563	2.02252	14.49854
19290	-7556.434	-7458.724	-97.71002	1.876042	0.278015	0.64115	1.06655	2.01428	15.14566
19300	-7534.853	-7442.529	-92.32378	2.366659	0.333439	0.689086	1.07694	1.90053	14.55797
19310	-7546.655	-7448.504	-98.1515	2.083654	0.30306	0.663624	1.07195	1.96137	15.16904
19320	-7529.429	-7445.277	-84.15225	1.946109	0.286756	0.649158	1.06858	1.99551	13.78287
19330	-7544.38	-7451.167	-93.21365	1.707866	0.255722	0.619858	1.06061	2.06381	14.71284
19340	-7554.552	-7458.389	-96.16269	1.704132	0.255205	0.619348	1.06046	2.06499	15.00811
19350	-7534.71	-7446.508	-88.20278	2.111835	0.306269	0.666402	1.07255	1.95478	14.17135
19360	-7555.57	-7469.207	-86.36277	1.680093	0.251851	0.616025	1.05945	2.07267	14.03053
19370	-7545.581	-7440.611	-104.9695	1.877697	0.278225	0.641344	1.0666	2.01383	15.87144
19380	-7530.687	-7440.799	-89.88819	1.870726	0.277339	0.640523	1.06639	2.01575	14.364
19390	-7546.04	-7447.865	-98.17459	1.974892	0.290259	0.652317	1.06935	1.98808	15.18223
19400	-7527.54	-7435.86	-91.68035	1.890569	0.279852	0.642849	1.06699	2.01031	14.54124
19410	-7531.783	-7438.811	-92.97158	2.29398	0.326011	0.683029	1.07586	1.9151	14.63002
19420	-7548.701	-7456.638	-92.06308	1.804239	0.268731	0.63244	1.06422	2.03461	14.58814
19430	-7529.333	-7431.402	-97.93071	1.908114	0.282054	0.644873	1.06751	2.00556	15.16452
19440	-7536.972	-7441.98	-94.99194	2.512862	0.347673	0.700408	1.07877	1.87315	14.81017
19450	-7540.889	-7443.125	-97.7638	2.045837	0.298686	0.659801	1.0711	1.97042	15.13405
19460	-7514.455	-7418.276	-96.1784	1.864389	0.276531	0.639772	1.06619	2.0175	14.99366
19470	-7569.958	-7452.117	-117.8411	1.685048	0.252546	0.616716	1.05966	2.07107	17.17786
19480	-7539.653	-7442.138	-97.51483	1.537512	0.23106	0.594684	1.05255	2.12171	15.15999
19490	-7521.8	-7430.048	-91.75149	1.816924	0.270396	0.634018	1.06465	2.03093	14.55571
19500	-7538.812	-7435.668	-103.1443	2.00516	0.29389	0.655561	1.07012	1.98043	15.67617
19510	-7535.004	-7433.82	-101.1838	2.236988	0.320013	0.67806	1.07493	1.927	15.45694
19520	-7525.63	-7439.327	-86.30316	1.827263	0.271745	0.635291	1.065	2.02797	14.00985
19530	-7531.127	-7445.2	-85.92753	1.786917	0.266441	0.630257	1.06361	2.03969	13.97632
19540	-7528.865	-7436.806	-92.05925	1.846773	0.274271	0.637664	1.06564	2.02243	14.58351
19550	-7525.099	-7440.641	-84.45836	1.605168	0.241121	0.605174	1.05604	2.09766	13.84758
19560	-7530.989	-7440.189	-90.79972	1.835607	0.272829	0.636311	1.06527	2.02559	14.45867
19570	-7531.733	-7434.434	-97.29818	1.838583	0.273214	0.636672	1.06537	2.02474	15.10822
19580	-7540.622	-7455.544	-85.0787	1.822695	0.27115	0.63473	1.06485	2.02927	13.88786
19590	-7527.579	-7440.953	-86.62572	1.928253	0.284557	0.647161	1.06809	2.0002	14.032
19600	-7547.994	-7461.587	-86.40745	1.986647	0.291676	0.653586	1.06965	1.98509	14.00434
19610	-7529.217	-7443.688	-85.52945	2.154356	0.311029	0.670484	1.07341	1.94507	13.89977
19620	-7514.683	-7432.614	-82.06866	1.82449	0.271384	0.634951	1.06491	2.02876	13.58668
19630	-7545.786	-7451.41	-94.37601	2.317973	0.32849	0.685062	1.07623	1.91021	14.76806
19640	-7534.049	-7446.573	-87.47546	1.947547	0.286932	0.649317	1.06862	1.99513	14.11505
19650	-7525.959	-7437.028	-88.93083	1.904923	0.281655	0.644507	1.06742	2.00642	14.26485
19660	-7531.97	-7432.537	-99.43306	1.608888	0.241664	0.605731	1.05622	2.09638	15.34468
19670	-7524.164	-7436.026	-88.13815	1.525002	0.229159	0.592666	1.05186	2.12632	14.22357
19680	-7528.518	-7433.322	-95.19613	2.395396	0.33631	0.691399	1.07734	1.89496	14.84233
19690	-7540.955	-7437.711	-103.2433	2.021879	0.295873	0.65732	1.07053	1.97628	15.6844
19700	-7526.009	-7438.167	-87.84237	1.945803	0.286718	0.649124	1.06857	1.99559	14.15192
19710	-7548.645	-7453.709	-94.93667	2.232416	0.319525	0.677652	1.07485	1.92797	14.83268
19720	-7537.527	-7446.386	-91.1408	1.967054	0.28931	0.651464	1.06914	1.99008	14.47963
19730	-7538.626	-7443.422	-95.20391	2.155644	0.311172	0.670606	1.07344	1.94478	14.86709
19740	-7525.683	-7435.084	-90.59928	1.856043	0.275463	0.638777	1.06593	2.01983	14.43658
19750	-7526.602	-7431.457	-95.14524	1.925593	0.284228	0.646861	1.06801	2.0009	14.88422
19760	-7539.159	-7451.427	-87.73254	1.737617	0.259808	0.623858	1.06179	2.05455	14.16175
19770	-7532.409	-7442.582	-89.82678	1.515084	0.227643	0.591048	1.0513	2.13001	14.39343
19780	-7554.774	-7452.793	-101.9814	1.542926	0.231878	0.595549	1.05285	2.11973	15.6061
19790	-7545.378	-7456.53	-88.84766	1.914972	0.282909	0.645656	1.06771	2.00373	14.25553
19800	-7530.403	-7429.767	-100.6368	1.713755	0.256536	0.620658	1.06085	2.06196	15.45456
19810	-7535.662	-7445.9	-89.76184	1.560538	0.234525	0.598332	1.05379	2.11336	14.38239
19820	-7521.604	-7426.263	-95.34095	2.122211	0.307439	0.66741	1.07277	1.95238	14.88413
19830	-7521.057	-7441.938	-79.11924	2.155173	0.31112	0.670561	1.07343	1.94489	13.25866
19840	-7541.112	-7444.438	-96.67446	2.25078	0.321479	0.679281	1.07516	1.92408	15.00463
19850	-7550.234	-7459.447	-90.78701	1.765375	0.263563	0.627495	1.06283	2.04611	14.46442
19860	-7525.775	-7436.457	-89.31809	1.818869	0.270651	0.634258	1.06472	2.03037	14.31218
19870	-7537.302	-7446.324	-90.97754	1.980547	0.290941	0.652929	1.0695	1.98663	14.46196
19880	-7527.911	-7444.301	-83.60979	1.480741	0.222332	0.585319	1.04927	2.14308	13.77516
19890	-7516.854	-7421.029	-95.82527	1.991322	0.292237	0.654088	1.06977	1.9839	14.94565
19900	-7535.148	-7438.704	-96.44381	2.251861	0.321593	0.679376	1.07518	1.92385	14.98145
19910	-7523.113	-7440.067	-83.04606	1.827076	0.271721	0.635268	1.06499	2.02802	13.68416
19920	-7521.359	-7433.934	-87.42521	1.570919	0.236073	0.59995	1.05433	2.10965	14.14769
19930	-7530.257	-7434.129	-96.12785	2.055842	0.299851	0.660823	1.07133	1.968	14.96946
19940	-7538.285	-7434.143	-104.1419	2.584814	0.354353	0.705598	1.07953	1.86052	15.71797
19950	-7551.842	-7460.875	-90.96771	1.76089	0.26296	0.626913	1.06267	2.04746	14.48294
19960	-7549.662	-7449.875	-99.78732	1.73765	0.259812	0.623862	1.06179	2.05454	15.36723
19970	-7530.644	-7446.084	-84.56004	1.986115	0.291612	0.653529	1.06964	1.98522	13.81965
19980	-7552.485	-7450.105	-102.38	2.046454	0.298758	0.659864	1.07111	1.97027	15.59561
19990	-7516.051	-7426.073	-89.97738	2.005715	0.293956	0.65562	1.07013	1.98029	14.35942
20000	-7543.39	-7451.361	-92.02941	2.034669	0.297378	0.65865	1.07083	1.97314	14.56173
20010	-7541.565	-7438.811	-102.7544	2.382784	0.335054	0.690389	1.07717	1.89739	15.59942
20020	-7537.64	-7448.164	-89.47579	2.092819	0.304108	0.664534	1.07215	1.95921	14.30056
20030	-7536.155	-7446.709	-89.44594	1.942039	0.286256	0.648705	1.06847	1.99657	14.31265
20040	-7540.61	-7446.5	-94.10954	2.102656	0.305228	0.665504	1.07236	1.95691	14.76295
20050	-7531.475	-7448.858	-82.61621	2.187285	0.314651	0.673558	1.07404	1.93775	13.60515
20060	-7543.42	-7450.461	-92.95878	2.237423	0.320059	0.678098	1.07494	1.92691	14.63439
20070	-7534.001	-7442.817	-91.18433	1.761161	0.262996	0.626949	1.06268	2.04738	14.50457
20080	-7522.629	-7434.043	-88.58535	1.863058	0.276361	0.639614	1.06615	2.01787	14.23449
20090	-7532.902	-7439.025	-93.87642	2.056485	0.299925	0.660889	1.07134	1.96784	14.74425
20100	-7542.237	-7453.449	-88.78797	1.669312	0.250333	0.61451	1.05899	2.07617	14.27412
20110	-7530.885	-7452.545	-78.33962	1.744669	0.260767	0.624791	1.06206	2.05238	13.22175
20120	-7532.734	-7446.264	-86.47049	2.165873	0.312302	0.671568	1.07364	1.94249	13.99272
20130	-7536.241	-7439.518	-96.72226	1.728733	0.258594	0.622675	1.06144	2.05729	15.06161
20140	-7532.812	-7444.778	-88.03402	2.325208	0.329233	0.685668	1.07634	1.90876	14.13314
20150	-7538.136	-7453.866	-84.27044	1.977367	0.290558	0.652585	1.06941	1.98744	13.79157
20160	-7541.778	-7447.558	-94.22015	2.473596	0.343939	0.697473	1.07832	1.88027	14.73691
20170	-7515.921	-7429.795	-86.12606	2.098855	0.304796	0.66513	1.07228	1.9578	13.96498
20180	-7517.818	-7439.011	-78.80694	1.995663	0.292756	0.654552	1.06988	1.98281	13.24339
20190	-7539.752	-7451.381	-88.37092	1.761844	0.263088	0.627037	1.0627	2.04717	14.22317
20200	-7533.872	-7446.85	-87.0216	2.002173	0.293534	0.655245	1.07004	1.98118	14.0642
20210	-7556.605	-7461.775	-94.8298	2.270273	0.323535	0.680986	1.07548	1.91999	14.81821
20220	-7545.96	-7440.711	-105.2491	1.722205	0.257699	0.621799	1.06118	2.05932	15.91494
20230	-7552.494	-7461.349	-91.14481	1.772885	0.26457	0.628464	1.06311	2.04386	14.49945
20240	-7536.9	-7445.972	-90.9283	1.474759	0.221397	0.5843	1.0489	2.1454	14.50761
20250	-7537.072	-7440.447	-96.6255	1.601338	0.240561	0.604599	1.05586	2.09898	15.06467
20260	-7522.096	-7439.063	-83.0329	1.652994	0.248019	0.612188	1.05827	2.08152	13.70025
20270	-7521.643	-7437.99	-83.65269	1.960782	0.288548	0.650777	1.06898	1.9917	13.73145
20280	-7530.236	-7445.172	-85.06347	2.087842	0.30354	0.664041	1.07204	1.96038	13.85982
20290	-7527.548	-7430.76	-96.78799	2.027883	0.296581	0.657946	1.07067	1.9748	15.03827
20300	-7542.001	-7449.141	-92.85981	1.923216	0.283933	0.646592	1.06794	2.00153	14.65592
20310	-7527.781	-7445.023	-82.7576	1.910598	0.282364	0.645157	1.06758	2.0049	13.64696
20320	-7541.876	-7444.55	-97.3254	1.81639	0.270326	0.633952	1.06463	2.03109	15.11316
20330	-7551.129	-7444.069	-107.06	2.050554	0.299236	0.660284	1.0712	1.96928	16.0632
20340	-7546.893	-7448.969	-97.92353	1.684763	0.252506	0.616676	1.05965	2.07117	15.18613
20350	-7548.498	-7449.246	-99.25129	2.368723	0.333646	0.689253	1.07697	1.90013	15.25052
20360	-7550.412	-7446.195	-104.2173	2.214604	0.317613	0.676052	1.07454	1.9318	15.76253
20370	-7524.949	-7434.049	-90.89939	2.368219	0.333596	0.689212	1.07696	1.90023	14.41538
20380	-7527.518	-7437.853	-89.66445	1.619037	0.243139	0.607241	1.05671	2.09291	14.3668
20390	-7537.603	-7440.559	-97.04427	1.723962	0.25794	0.622035	1.06125	2.05877	15.09429
20400	-7520.982	-7435.046	-85.93653	2.018991	0.295531	0.657018	1.07046	1.97699	13.95401
20410	-7524.49	-7429.88	-94.61022	2.477462	0.344309	0.697765	1.07837	1.87956	14.77553
20420	-7539.783	-7448.667	-91.11578	1.794201	0.267406	0.631179	1.06387	2.03754	14.49442
20430	-7542.997	-7446.914	-96.08386	2.319974	0.328696	0.68523	1.07626	1.90981	14.93865
20440	-7563.817	-7446.805	-117.0121	1.934665	0.285349	0.647881	1.06827	1.9985	17.07001
20450	-7531.992	-7432.687	-99.30485	1.835152	0.27277	0.636255	1.06526	2.02572	15.30923
20460	-7535.99	-7448.06	-87.93022	1.934339	0.285309	0.647845	1.06826	1.99859	14.16185
20470	-7522.631	-7427.829	-94.80145	2.246473	0.321022	0.678901	1.07509	1.92499	14.81776
20480	-7537.962	-7439.317	-98.64495	1.746508	0.261016	0.625033	1.06213	2.05182	15.2521
20490	-7524.251	-7429.029	-95.22201	2.149108	0.310447	0.669987	1.07331	1.94626	14.86955
20500	-7539.929	-7459.204	-80.72555	1.571506	0.23616	0.600041	1.05436	2.10944	13.47766
20510	-7525.112	-7437.872	-87.24012	2.090309	0.303822	0.664286	1.07209	1.9598	14.07724
20520	-7535.974	-7439.984	-95.99037	2.098726	0.304782	0.665117	1.07227	1.95783	14.95142
20530	-7520.097	-7440.123	-79.9734	1.645866	0.247002	0.611163	1.05795	2.08388	13.39501
20540	-7538.061	-7445.713	-92.34767	1.979175	0.290776	0.652781	1.06946	1.98698	14.59911
20550	-7537.476	-7443.622	-93.85448	1.977513	0.290576	0.652601	1.06942	1.98741	14.74995
20560	-7533.482	-7442.655	-90.82678	1.694338	0.253844	0.618003	1.06005	2.0681	14.4755
20570	-7538.243	-7438.961	-99.28218	1.995122	0.292692	0.654494	1.06987	1.98295	15.29096
20580	-7548.475	-7456.227	-92.24794	2.275445	0.324078	0.681435	1.07557	1.91892	14.55951
20590	-7524.425	-7435.994	-88.43049	2.063214	0.300706	0.661572	1.07149	1.96623	14.19899
20600	-7573.036	-7465.043	-107.9939	2.820604	0.374889	0.721085	1.08147	1.82255	16.07958
20610	-7528.651	-7445.716	-82.93487	1.819238	0.270699	0.634304	1.06473	2.03027	13.67382
20620	-7535.758	-7438.286	-97.47193	2.020488	0.295708	0.657175	1.07049	1.97662	15.1074
20630	-7549.943	-7452.998	-96.94531	1.915136	0.28293	0.645675	1.06771	2.00368	15.06528
20640	-7531.485	-7431.839	-99.64606	1.729627	0.258717	0.622794	1.06148	2.05701	15.3539
20650	-7552.929	-7455.5	-97.42901	2.067679	0.301222	0.662023	1.07159	1.96516	15.09839
20660	-7536.72	-7447.86	-88.86041	2.174564	0.313258	0.672379	1.0738	1.94056	14.23084
20670	-7537.695	-7439.648	-98.04731	2.110663	0.306136	0.666288	1.07253	1.95505	15.15592
20680	-7556.245	-7461.923	-94.32245	1.789288	0.266755	0.630557	1.0637	2.03899	14.81557
20690	-7520.872	-7435.911	-84.96073	1.978752	0.290725	0.652735	1.06945	1.98709	13.86046
20700	-7527.056	-7433.081	-93.97539	1.939544	0.28595	0.648427	1.0684	1.99722	14.76584
20710	-7529.304	-7434.252	-95.05212	1.898589	0.280861	0.643778	1.06723	2.00813	14.87761
20720	-7528.391	-7430.256	-98.13552	2.020869	0.295753	0.657215	1.0705	1.97653	15.17372
20730	-7540.87	-7441.847	-99.02267	2.301888	0.326831	0.683703	1.07599	1.91348	15.23434
20740	-7524.61	-7427.312	-97.29758	1.974928	0.290263	0.652321	1.06935	1.98807	15.09452
20750	-7530.395	-7431.186	-99.20889	1.86366	0.276438	0.639686	1.06617	2.01771	15.29678
20760	-7531.797	-7440.576	-91.22116	1.808795	0.269331	0.633009	1.06438	2.03328	14.50349
20770	-7534.867	-7448.695	-86.17157	1.846367	0.274219	0.637615	1.06562	2.02254	13.99478
20780	-7546.413	-7447.611	-98.80152	2.447836	0.341455	0.695507	1.07801	1.88503	15.19763
20790	-7531.761	-7451.367	-80.39478	2.381976	0.334974	0.690324	1.07715	1.89755	13.36354
20800	-7551.083	-7464.282	-86.80062	1.948924	0.2871	0.64947	1.06866	1.99477	14.04743
20810	-7561.837	-7463.497	-98.34038	2.2112	0.317246	0.675744	1.07448	1.93253	15.17518
20820	-7536.033	-7444.147	-91.88643	2.155035	0.311104	0.670548	1.07343	1.94492	14.5354
20830	-7538.13	-7452.821	-85.30921	1.320807	0.196267	0.555732	1.0379	2.2101	13.9611
20840	-7543.264	-7446.379	-96.88529	2.224778	0.318707	0.676969	1.07472	1.92961	15.02831
20850	-7549.546	-7444.57	-104.9759	1.822993	0.271189	0.634767	1.06486	2.02919	15.87755
20860	-7534.837	-7441.904	-92.9322	2.08662	0.3034	0.66392	1.07201	1.96067	14.64682
20870	-7542.081	-7448.104	-93.977	1.920408	0.283585	0.646274	1.06786	2.00228	14.76792
20880	-7541.378	-7428.703	-112.675	2.086708	0.30341	0.663928	1.07202	1.96065	16.62109
20890	-7532.6	-7447.009	-85.59075	2.051352	0.299329	0.660366	1.07122	1.96908	13.9162
20900	-7544.285	-7447.784	-96.50103	2.460483	0.342678	0.696476	1.07816	1.88268	14.96631
20910	-7541.179	-7442.584	-98.59496	1.646485	0.24709	0.611252	1.05798	2.08368	15.25711
20920	-7531.257	-7442.766	-88.49095	1.729223	0.258661	0.62274	1.06146	2.05714	14.23843
20930	-7541.353	-7448.642	-92.71097	1.690608	0.253323	0.617487	1.0599	2.06929	14.66429
20940	-7526.421	-7438.259	-88.16225	1.940551	0.286073	0.648539	1.06843	1.99696	14.18443
20950	-7530.25	-7445.854	-84.39579	1.907397	0.281964	0.644791	1.06749	2.00576	13.8111
20960	-7544.429	-7449.332	-95.09683	1.555868	0.233825	0.597599	1.05354	2.11503	14.91635
20970	-7563.481	-7464.65	-98.83135	1.83767	0.273096	0.636562	1.06534	2.025	15.26163
20980	-7525.746	-7436.57	-89.17633	2.168737	0.312618	0.671836	1.07369	1.94186	14.26302
20990	-7522.609	-7433.284	-89.32524	1.986157	0.291617	0.653533	1.06964	1.98521	14.29617
21000	-7530.488	-7442.403	-88.08459	2.10221	0.305178	0.66546	1.07235	1.95701	14.1605
21010	-7534.567	-7445.039	-89.52824	1.812256	0.269785	0.633439	1.06449	2.03228	14.33386
21020	-7526.528	-7433.093	-93.4351	2.24203	0.32055	0.678507	1.07501	1.92593	14.68157
21030	-7530.128	-7436.811	-93.31759	2.108763	0.305921	0.666102	1.07249	1.95549	14.68314
21040	-7532.488	-7444.973	-87.51413	1.973335	0.290071	0.652148	1.06931	1.98847	14.11634
21050	-7534.421	-7438.375	-96.04562	2.009434	0.294398	0.656013	1.07022	1.97936	14.96588
21060	-7538.835	-7449.413	-89.4213	1.902542	0.281357	0.644233	1.06735	2.00706	14.31413
21070	-7543.145	-7442.177	-100.9676	1.911641	0.282494	0.645276	1.06761	2.00462	15.46786
21080	-7541.308	-7444.302	-97.0059	1.980423	0.290927	0.652916	1.06949	1.98667	15.06481
21090	-7526.807	-7442.088	-84.7194	1.71187	0.256276	0.620403	1.06077	2.06255	13.86301
21100	-7535.725	-7436.812	-98.913	2.104327	0.305418	0.665668	1.07239	1.95652	15.24313
21110	-7574.855	-7462.704	-112.1516	2.048948	0.299048	0.66012	1.07117	1.96966	16.57252
21120	-7549.276	-7457.548	-91.72765	1.622434	0.243631	0.607743	1.05687	2.09176	14.57278
21130	-7535.53	-7438.15	-97.38054	2.462571	0.342879	0.696636	1.07819	1.8823	15.05406
21140	-7534.468	-7442.545	-91.92259	1.915957	0.283032	0.645768	1.06774	2.00346	14.56292
21150	-7537.653	-7437.902	-99.7515	2.023485	0.296062	0.657488	1.07057	1.97588	15.33506
21160	-7522.837	-7430.422	-92.41436	2.289027	0.325496	0.682605	1.07579	1.91611	14.57479
21170	-7539.73	-7440.591	-99.13904	1.937744	0.285728	0.648226	1.06835	1.9977	15.28239
21180	-7546.475	-7449.932	-96.54329	2.543527	0.350545	0.702649	1.07911	1.8677	14.96223
21190	-7530.962	-7441.011	-89.95099	1.784417	0.266108	0.629939	1.06352	2.04043	14.37892
21200	-7563.239	-7458.344	-104.8944	1.949087	0.28712	0.649488	1.06866	1.99473	15.85679
21210	-7521.255	-7432.241	-89.01433	1.936873	0.285621	0.648129	1.06833	1.99792	14.27
21220	-7529.084	-7435.611	-93.47341	1.792486	0.267179	0.630962	1.06381	2.03805	14.73035
21230	-7530.422	-7448.19	-82.23154	1.934823	0.285368	0.647899	1.06827	1.99846	13.59193
21240	-7521.082	-7437.939	-83.14235	1.940188	0.286029	0.648499	1.06842	1.99705	13.68247
21250	-7527.187	-7436.428	-90.75852	1.992098	0.29233	0.654171	1.06979	1.98371	14.4389
21260	-7519.914	-7428.918	-90.99602	1.983454	0.291292	0.653243	1.06957	1.9859	14.46351
21270	-7531.443	-7447.083	-84.36035	1.89854	0.280855	0.643772	1.06723	2.00814	13.80844
21280	-7537.552	-7445.185	-92.36694	1.753633	0.261981	0.625967	1.0624	2.04965	14.62359
21290	-7544.332	-7444.777	-99.55431	1.994379	0.292603	0.654415	1.06985	1.98313	15.31825
21300	-7542.268	-7450.317	-91.95045	2.200702	0.31611	0.674789	1.07429	1.93481	14.53723
21310	-7545.309	-7447.958	-97.35138	1.957853	0.288191	0.650456	1.0689	1.99245	15.10161
21320	-7523.171	-7437.014	-86.15751	1.944266	0.28653	0.648953	1.06853	1.99599	13.98358
21330	-7543.763	-7449.581	-94.18152	2.559147	0.351993	0.703773	1.07927	1.86496	14.7245
21340	-7528.554	-7429.831	-98.7227	2.112995	0.3064	0.666515	1.07258	1.95451	15.22323
21350	-7527.092	-7431.374	-95.71744	1.879281	0.278426	0.64153	1.06665	2.01339	14.94607
21360	-7530.406	-7441.098	-89.30779	1.665277	0.249763	0.613939	1.05881	2.07748	14.32651
21370	-7522.816	-7430.316	-92.50051	2.111597	0.306242	0.666379	1.07255	1.95483	14.60115
21380	-7527.798	-7437.241	-90.55721	2.146599	0.310168	0.669749	1.07326	1.94682	14.40332
21390	-7548.047	-7459.826	-88.22088	1.668938	0.25028	0.614457	1.05897	2.07629	14.21745
21400	-7548.777	-7448.166	-100.611	2.070822	0.301585	0.662339	1.07166	1.96441	15.41627
21410	-7522.343	-7437.546	-84.79684	2.279754	0.324529	0.681807	1.07564	1.91803	13.81397
21420	-7536.683	-7440.202	-96.48037	2.085048	0.30322	0.663763	1.07198	1.96104	15.00179
21430	-7538.875	-7443.39	-95.48485	1.800308	0.268213	0.631947	1.06408	2.03576	14.93071
21440	-7537.58	-7434.556	-103.0238	1.967719	0.289391	0.651537	1.06916	1.98991	15.66787
21450	-7525.515	-7438.527	-86.98777	1.878335	0.278306	0.641419	1.06662	2.01365	14.0732
21460	-7542.251	-7445.602	-96.64922	2.079673	0.302603	0.663227	1.07186	1.96231	15.01921
21470	-7528.094	-7432.9	-95.19441	1.87144	0.27743	0.640607	1.06641	2.01555	14.89456
21480	-7539.798	-7443.677	-96.12176	1.873851	0.277736	0.640892	1.06649	2.01488	14.98705
21490	-7534.349	-7447.05	-87.29946	1.716197	0.256873	0.620989	1.06095	2.06119	14.12058
21500	-7530.164	-7437.017	-93.14679	1.998019	0.293038	0.654803	1.06994	1.98222	14.67714
21510	-7533.56	-7435.516	-98.04393	1.698431	0.254413	0.618567	1.06022	2.0668	15.19681
21520	-7535.341	-7445.557	-89.78427	1.898359	0.280832	0.643751	1.06722	2.00819	14.35085
21530	-7521.058	-7424.358	-96.70006	2.037133	0.297667	0.658905	1.07089	1.97254	15.02855
21540	-7527.23	-7439.337	-87.89267	1.87898	0.278388	0.641495	1.06664	2.01347	14.16363
21550	-7534.753	-7434.668	-100.0845	2.130747	0.308398	0.668234	1.07294	1.95043	15.35764
21560	-7537.095	-7450.24	-86.855	1.956499	0.288026	0.650307	1.06886	1.99281	14.05211
21570	-7569.174	-7464.461	-104.7131	1.738631	0.259946	0.623992	1.06183	2.05424	15.8597
21580	-7541.438	-7451.837	-89.60027	1.952164	0.287497	0.649829	1.06875	1.99393	14.32707
21590	-7542.568	-7450.904	-91.66329	1.966937	0.289296	0.651451	1.06914	1.99011	14.53189
21600	-7527.314	-7443.638	-83.67695	2.018179	0.295435	0.656933	1.07044	1.97719	13.72813
21610	-7525.33	-7433.744	-91.58665	1.970155	0.289686	0.651802	1.06922	1.98929	14.52391
21620	-7537.478	-7442.063	-95.41549	2.209088	0.317018	0.675553	1.07444	1.93299	14.8829
21630	-7540.685	-7449.3	-91.38467	1.459307	0.218967	0.58164	1.04794	2.15145	14.55479
21640	-7531.257	-7444.801	-86.45597	1.741237	0.2603	0.624337	1.06193	2.05344	14.03373
21650	-7544.98	-7455.65	-89.32988	2.175468	0.313358	0.672463	1.07382	1.94036	14.2777
21660	-7535.705	-7446.594	-89.11129	2.028869	0.296697	0.658049	1.0707	1.97456	14.2705
21670	-7529.314	-7440.053	-89.26188	1.796027	0.267648	0.631409	1.06393	2.03701	14.30884
21680	-7529.034	-7433.962	-95.07154	2.491081	0.345609	0.698789	1.07853	1.87708	14.8203
21690	-7548.541	-7459.578	-88.9625	1.96243	0.288748	0.650958	1.06902	1.99127	14.26226
21700	-7550.579	-7458.724	-91.85489	1.840048	0.273404	0.63685	1.06542	2.02433	14.56374
21710	-7551.404	-7449.073	-102.3313	1.742552	0.260479	0.624511	1.06198	2.05303	15.62113
21720	-7541.632	-7450.168	-91.46442	1.659519	0.248947	0.613121	1.05856	2.07937	14.54275
21730	-7512.67	-7424.79	-87.88029	1.709107	0.255894	0.620027	1.06066	2.06342	14.17938
21740	-7525.269	-7437.912	-87.35722	1.765394	0.263566	0.627497	1.06283	2.0461	14.12144
21750	-7524.843	-7432.254	-92.58985	1.954928	0.287834	0.650134	1.06882	1.99321	14.62575
21760	-7538.14	-7446.758	-91.38268	2.046973	0.298818	0.659917	1.07112	1.97014	14.49583
21770	-7525.681	-7444.812	-80.8689	2.067324	0.301181	0.661987	1.07159	1.96525	13.44242
21780	-7528.939	-7443.253	-85.68671	2.443126	0.340997	0.695143	1.07795	1.88591	13.88662
21790	-7562.118	-7460.855	-101.2635	1.928823	0.284628	0.647225	1.0681	2.00005	15.49572
21800	-7547.29	-7443.339	-103.9509	2.406632	0.337422	0.692291	1.07749	1.8928	15.71668
21810	-7536.546	-7435.211	-101.3349	2.20609	0.316694	0.67528	1.07438	1.93364	15.47514
21820	-7551.919	-7455.971	-95.94795	2.044598	0.298541	0.659674	1.07107	1.97072	14.95259
21830	-7535.57	-7439.412	-96.15818	2.099873	0.304912	0.66523	1.0723	1.95756	14.96809
21840	-7532.758	-7437.956	-94.80172	1.639819	0.246136	0.610288	1.05768	2.0859	14.87845
21850	-7525.026	-7439.395	-85.63152	2.058241	0.300129	0.661067	1.07138	1.96742	13.91959
21860	-7527.657	-7435.869	-91.78835	2.005409	0.29392	0.655588	1.07012	1.98037	14.54055
21870	-7542.367	-7456.632	-85.73499	1.449229	0.217372	0.579881	1.0473	2.15545	13.99083
21880	-7526.831	-7439.547	-87.28336	2.062195	0.300588	0.661469	1.07147	1.96647	14.08438
21890	-7542.21	-7447.957	-94.25375	2.036099	0.297546	0.658798	1.07087	1.97279	14.78402
21900	-7541.831	-7435.607	-106.2243	1.82476	0.271419	0.634984	1.06492	2.02868	16.00221
21910	-7542.799	-7437.536	-105.2624	2.368126	0.333586	0.689205	1.07696	1.90025	15.85169
21920	-7527.917	-7426.506	-101.4104	1.885887	0.279262	0.642303	1.06685	2.01158	15.51471
21930	-7534.749	-7444.604	-90.14479	2.275188	0.324051	0.681412	1.07556	1.91897	14.34922
21940	-7524.39	-7436.135	-88.25484	2.093962	0.304239	0.664647	1.07217	1.95894	14.17835
21950	-7533.178	-7440.911	-92.26678	2.128328	0.308127	0.668001	1.07289	1.95098	14.5761
21960	-7531.992	-7435.629	-96.36292	2.117783	0.30694	0.666981	1.07268	1.9534	14.98677
21970	-7532.882	-7438.997	-93.88543	2.28023	0.324578	0.681848	1.07565	1.91793	14.72278
21980	-7541.537	-7438.184	-103.3528	2.24616	0.320989	0.678873	1.07508	1.92505	15.67292
21990	-7537.882	-7438.414	-99.46775	1.785574	0.266262	0.630086	1.06357	2.04009	15.33048
22000	-7534.25	-7436.791	-97.45829	2.266334	0.323121	0.680643	1.07542	1.92082	15.08145
22010	-7537.158	-7448.409	-88.74898	2.149141	0.310451	0.66999	1.07331	1.94625	14.22224
22020	-7522.789	-7428.866	-93.92322	1.922992	0.283906	0.646567	1.06794	2.00159	14.76228
22030	-7540.841	-7447.771	-93.06955	1.959201	0.288355	0.650604	1.06893	1.99211	14.67329
22040	-7544.409	-7449.703	-94.70637	2.094617	0.304313	0.664712	1.07219	1.95879	14.82343
22050	-7521.657	-7432.679	-88.97708	2.362876	0.333058	0.688778	1.07689	1.90127	14.22368
22060	-7549.53	-7447.181	-102.3493	1.94797	0.286984	0.649364	1.06863	1.99502	15.60239
22070	-7542.235	-7440.122	-102.1133	1.994115	0.292571	0.654386	1.06984	1.9832	15.57417
22080	-7552.136	-7453.941	-98.19492	1.956743	0.288056	0.650334	1.06887	1.99274	15.18608
22090	-7534.828	-7442.962	-91.86552	1.73772	0.259822	0.623872	1.06179	2.05452	14.57504
22100	-7537.405	-7439.882	-97.52358	2.361468	0.332916	0.688663	1.07687	1.90155	15.07847
22110	-7541.763	-7452.453	-89.31037	1.381062	0.20635	0.567483	1.0426	2.18357	14.35519
22120	-7538.207	-7440.001	-98.20679	2.334131	0.330145	0.686412	1.07648	1.90697	15.14952
22130	-7539.543	-7454.185	-85.35796	1.688203	0.252987	0.617154	1.0598	2.07006	13.92923
22140	-7556.058	-7459.531	-96.52723	1.871622	0.277453	0.640629	1.06642	2.0155	15.02782
22150	-7548.288	-7454.18	-94.10719	1.789969	0.266846	0.630644	1.06372	2.03879	14.79398
22160	-7540.511	-7443.677	-96.83347	2.064007	0.300797	0.661652	1.07151	1.96604	15.0392
22170	-7549.071	-7447.305	-101.7665	1.537766	0.231098	0.594724	1.05256	2.12161	15.58513
22180	-7539.689	-7446.212	-93.47714	2.150671	0.31062	0.670135	1.07334	1.9459	14.69491
22190	-7548.618	-7456.277	-92.34083	1.577062	0.236985	0.6009	1.05464	2.10747	14.63863
22200	-7558.065	-7470.865	-87.20005	1.804409	0.268754	0.632461	1.06423	2.03456	14.10182
22210	-7538.073	-7448.074	-89.99854	1.441614	0.216161	0.578541	1.0468	2.1585	14.41795
22220	-7554.415	-7458.904	-95.5114	1.557548	0.234077	0.597863	1.05363	2.11443	14.95764
22230	-7549.48	-7453.809	-95.67151	2.185465	0.314452	0.67339	1.07401	1.93815	14.91086
22240	-7542.053	-7444.368	-97.68557	2.152277	0.310799	0.670288	1.07337	1.94554	15.11559
22250	-7558.856	-7461.824	-97.03159	1.546663	0.232442	0.596144	1.05305	2.11837	15.11075
22260	-7564.078	-7456.312	-107.7662	2.054764	0.299725	0.660714	1.0713	1.96826	16.1334
22270	-7547.457	-7448.853	-98.60324	2.126224	0.30789	0.667798	1.07285	1.95146	15.20996
22280	-7539.434	-7448.075	-91.35936	2.140692	0.30951	0.669187	1.07314	1.94816	14.48412
22290	-7542.072	-7454.6	-87.4722	1.910216	0.282316	0.645114	1.06757	2.005	14.11846
22300	-7548.827	-7471.547	-77.27963	1.669936	0.250421	0.614598	1.05902	2.07596	13.12323
22310	-7543.292	-7451.108	-92.18392	2.279503	0.324502	0.681786	1.07563	1.91808	14.5527
22320	-7527.273	-7438.334	-88.93864	2.110151	0.306078	0.666238	1.07252	1.95517	14.24511
22330	-7549.445	-7451.62	-97.82556	1.878356	0.278308	0.641422	1.06662	2.01365	15.15698
22340	-7555.137	-7455.236	-99.90139	1.884236	0.279053	0.642111	1.0668	2.01203	15.36397
22350	-7556.906	-7459.869	-97.03738	1.802417	0.268491	0.632212	1.06416	2.03514	15.08575
22360	-7556.74	-7458.318	-98.42154	1.742529	0.260476	0.624508	1.06198	2.05304	15.23016
22370	-7520.073	-7428.669	-91.40376	2.353415	0.332103	0.688004	1.07676	1.90314	14.46729
22380	-7521.018	-7428.165	-92.85356	2.064786	0.300887	0.661731	1.07153	1.96585	14.64114
22390	-7547.485	-7447.132	-100.3531	2.097214	0.304609	0.664968	1.07224	1.95818	15.38785
22400	-7541.894	-7445.045	-96.84911	2.147708	0.310291	0.669854	1.07328	1.94657	15.0324
22410	-7534.442	-7441.693	-92.74847	1.771441	0.264377	0.628278	1.06306	2.04429	14.65996
22420	-7523.863	-7436.072	-87.79089	1.870846	0.277354	0.640537	1.06639	2.01571	14.15426
22430	-7536.864	-7445.935	-90.92918	1.88384	0.279003	0.642064	1.06679	2.01214	14.46679
22440	-7533.015	-7440.08	-92.93465	1.880779	0.278616	0.641706	1.0667	2.01298	14.66765
22450	-7524.231	-7447.934	-76.29663	1.758576	0.262648	0.626612	1.06258	2.04816	13.01606
22460	-7537.568	-7458.701	-78.86766	1.520195	0.228425	0.591884	1.05159	2.1281	13.297
22470	-7513.064	-7422.325	-90.7394	1.668546	0.250225	0.614402	1.05896	2.07642	14.46934
22480	-7522.49	-7433.172	-89.3176	1.530644	0.230018	0.593579	1.05217	2.12423	14.34095
22490	-7535.73	-7451.595	-84.13542	2.144742	0.309961	0.669573	1.07322	1.94724	13.76133
22500	-7543.887	-7452.15	-91.73696	1.82405	0.271327	0.634897	1.06489	2.02888	14.55355
22510	-7537.776	-7448.692	-89.08329	2.038302	0.297804	0.659026	1.07092	1.97225	14.26676
22520	-7538.196	-7446.469	-91.72686	2.211832	0.317314	0.675801	1.07449	1.9324	14.51376
22530	-7526.951	-7438.536	-88.41437	2.033585	0.297251	0.658538	1.07081	1.9734	14.20034
22540	-7533.245	-7438.713	-94.53208	1.837814	0.273115	0.636579	1.06535	2.02496	14.83168
22550	-7517.294	-7428.531	-88.76325	1.91831	0.283324	0.646036	1.0678	2.00284	14.24675
22560	-7552.119	-7468.297	-83.82201	1.845297	0.274081	0.637486	1.06559	2.02284	13.75993
22570	-7547.323	-7437.067	-110.2554	1.846485	0.274234	0.637629	1.06563	2.02251	16.40315
22580	-7547.886	-7448.473	-99.41323	2.425056	0.339234	0.69374	1.07772	1.8893	15.26108
22590	-7535.126	-7441.692	-93.43433	1.689671	0.253192	0.617357	1.05986	2.06959	14.73672
22600	-7528.595	-7439.715	-88.87993	1.559943	0.234436	0.598239	1.05376	2.11357	14.29426
22610	-7524.47	-7436.732	-87.73829	2.005367	0.293915	0.655583	1.07012	1.98038	14.13555
22620	-7517.956	-7434.813	-83.14322	1.822033	0.271064	0.634648	1.06482	2.02946	13.69438
22630	-7523.179	-7431.036	-92.14311	1.693067	0.253666	0.617827	1.06	2.06851	14.60726
22640	-7520.64	-7432.826	-87.8132	2.193214	0.315297	0.674103	1.07415	1.93645	14.12426
22650	-7531.192	-7436.023	-95.16881	2.089784	0.303762	0.664234	1.07208	1.95992	14.87016
22660	-7548.807	-7449.126	-99.6817	2.381139	0.33489	0.690257	1.07714	1.89771	15.29231
22670	-7535.77	-7436.992	-98.77818	2.099426	0.304861	0.665186	1.07229	1.95766	15.23013
22680	-7539.356	-7446.621	-92.73517	1.663325	0.249486	0.613662	1.05873	2.07812	14.66944
22690	-7557.046	-7461.623	-95.42252	2.04581	0.298682	0.659798	1.07109	1.97042	14.89993
22700	-7545.478	-7446.437	-99.04121	1.898603	0.280863	0.643779	1.06723	2.00813	15.27652
22710	-7551.306	-7459.156	-92.14979	2.086031	0.303332	0.663861	1.072	1.96081	14.56863
22720	-7522.568	-7434.262	-88.30599	1.79135	0.267029	0.630818	1.06377	2.03838	14.21372
22730	-7524.623	-7433.954	-90.6689	1.881842	0.27875	0.641831	1.06673	2.01269	14.44096
22740	-7529.944	-7436.275	-93.66907	1.683591	0.252342	0.616513	1.0596	2.07154	14.76081
22750	-7532.807	-7441.8	-91.00707	1.960304	0.28849	0.650725	1.06896	1.99182	14.46693
22760	-7550.358	-7459.758	-90.59945	1.463931	0.219696	0.58244	1.04823	2.14963	14.47581
22770	-7541.409	-7448.548	-92.86165	1.969742	0.289636	0.651757	1.06921	1.98939	14.65145
22780	-7541.579	-7446.295	-95.28358	2.295498	0.326169	0.683158	1.07589	1.91478	14.86107
22790	-7538.124	-7432.981	-105.143	2.218375	0.318019	0.676393	1.0746	1.93098	15.85472
22800	-7533.105	-7445.088	-88.01682	2.100635	0.304999	0.665305	1.07232	1.95738	14.15388
22810	-7534.89	-7455.029	-79.86036	2.042244	0.298266	0.659432	1.07101	1.97129	13.34407
22820	-7541.512	-7441.042	-100.47	2.00473	0.293839	0.655516	1.07011	1.98054	15.40878
22830	-7517.785	-7435.846	-81.93848	1.753649	0.261983	0.62597	1.0624	2.04965	13.58074
22840	-7524.011	-7430.302	-93.70879	1.776452	0.265047	0.628922	1.06324	2.04279	14.75549
22850	-7532.188	-7440.693	-91.49534	1.956376	0.288011	0.650293	1.06886	1.99284	14.51616
22860	-7545.724	-7451.997	-93.72697	2.472475	0.343831	0.697388	1.07831	1.88047	14.68771
22870	-7556.811	-7461.581	-95.23038	2.164292	0.312128	0.671419	1.07361	1.94285	14.86887
22880	-7548.077	-7469.339	-78.73739	1.727125	0.258374	0.62246	1.06138	2.05779	13.26329
22890	-7529.729	-7438.255	-91.47415	1.875273	0.277917	0.641059	1.06653	2.01449	14.52215
22900	-7534.197	-7437.92	-96.27696	1.843637	0.273867	0.637285	1.06553	2.02331	15.00559
22910	-7526.603	-7437.486	-89.1174	1.780732	0.265618	0.629469	1.06339	2.04152	14.29592
22920	-7526.288	-7432.809	-93.47887	1.70557	0.255404	0.619545	1.06052	2.06453	14.73959
22930	-7533.39	-7441.164	-92.2262	1.828019	0.271844	0.635384	1.06502	2.02775	14.60208
22940	-7551.606	-7460.925	-90.68011	1.792895	0.267233	0.631014	1.06382	2.03793	14.45098
22950	-7540.542	-7450.595	-89.94681	1.891201	0.279932	0.642922	1.06701	2.01013	14.36782
22960	-7547.105	-7459.237	-87.86788	1.943618	0.28645	0.648881	1.06851	1.99616	14.15468
22970	-7539.217	-7442.343	-96.87406	1.79632	0.267687	0.631446	1.06394	2.03692	15.07003
22980	-7537.913	-7449.562	-88.35067	1.688407	0.253016	0.617182	1.05981	2.07	14.22848
22990	-7535.736	-7455.398	-80.33802	1.589224	0.238782	0.602764	1.05526	2.1032	13.43714
23000	-7541.798	-7452.468	-89.33043	1.765825	0.263623	0.627553	1.06285	2.04597	14.31872
23010	-7553.37	-7459.708	-93.66174	1.982304	0.291153	0.653119	1.06954	1.98619	14.7302
23020	-7531.115	-7436.514	-94.60126	1.646834	0.24714	0.611302	1.058	2.08356	14.8577
23030	-7530.293	-7432.607	-97.68609	2.293139	0.325924	0.682957	1.07585	1.91527	15.10155
23040	-7520.841	-7429.803	-91.03862	1.767676	0.263872	0.627793	1.06292	2.04542	14.48935
23050	-7524.903	-7438.968	-85.93559	1.95543	0.287896	0.650189	1.06883	1.99308	13.96027
23060	-7541.744	-7441.532	-100.2121	1.808398	0.269278	0.632959	1.06436	2.0334	15.40263
23070	-7527.143	-7440.314	-86.82941	1.724142	0.257965	0.62206	1.06126	2.05871	14.07278
23080	-7534.29	-7438.807	-95.48333	2.358961	0.332664	0.688458	1.07683	1.90204	14.8747
23090	-7536.136	-7440.236	-95.89964	2.09238	0.304058	0.664491	1.07214	1.95931	14.94298
23100	-7532.556	-7441.206	-91.35014	2.299019	0.326534	0.683459	1.07594	1.91406	14.46737
23110	-7540.662	-7440.774	-99.88851	2.230833	0.319355	0.677511	1.07482	1.92831	15.32803
23120	-7521.497	-7435.876	-85.62117	1.884053	0.27903	0.642089	1.0668	2.01208	13.93597
23130	-7550.869	-7462.877	-87.99185	2.128374	0.308132	0.668005	1.07289	1.95097	14.14861
23140	-7514.597	-7435.624	-78.97277	1.918991	0.283409	0.646113	1.06782	2.00265	13.26764
23150	-7516.546	-7430.946	-85.60016	2.132729	0.30862	0.668424	1.07298	1.94997	13.909
23160	-7537.159	-7440.243	-96.91596	1.862233	0.276256	0.639516	1.06613	2.0181	15.06763
23170	-7548.595	-7439.095	-109.4994	2.294949	0.326112	0.683112	1.07588	1.9149	16.28271
23180	-7539.018	-7446.147	-92.87122	2.131655	0.3085	0.668321	1.07296	1.95022	14.63622
23190	-7528.261	-7432.876	-95.38424	2.012125	0.294718	0.656297	1.07029	1.9787	14.89947
23200	-7553.888	-7461.624	-92.26432	2.190825	0.315037	0.673884	1.07411	1.93697	14.56961
23210	-7525.522	-7423.228	-102.2936	1.965486	0.28912	0.651293	1.0691	1.99049	15.59507
23220	-7522.17	-7432.591	-89.57901	1.763204	0.263271	0.627214	1.06275	2.04676	14.34384
23230	-7529.468	-7433.913	-95.55512	1.876639	0.278091	0.64122	1.06657	2.01412	14.93011
23240	-7530.481	-7438.541	-91.94011	1.929015	0.284651	0.647247	1.06811	1.99999	14.56337
23250	-7533.931	-7437.172	-96.75953	1.857962	0.275709	0.639006	1.06599	2.01929	15.05242
23260	-7557.081	-7454.054	-103.0269	1.807117	0.26911	0.632799	1.06432	2.03377	15.68423
23270	-7542.426	-7444.42	-98.00593	2.128198	0.308112	0.667989	1.07289	1.95101	15.15003
23280	-7548.892	-7457.126	-91.76568	2.001311	0.293431	0.655153	1.07002	1.98139	14.53869
23290	-7531.263	-7437.735	-93.52815	1.797794	0.267881	0.631631	1.064	2.03649	14.73529
23300	-7527.126	-7437.16	-89.96637	2.31889	0.328585	0.685139	1.07625	1.91003	14.32701
23310	-7527.978	-7441.249	-86.729	1.698973	0.254489	0.618641	1.06025	2.06662	14.06526
23320	-7528.101	-7437.5	-90.60074	2.123966	0.307637	0.66758	1.0728	1.95198	14.40994
23330	-7539.639	-7448.228	-91.41066	1.969667	0.289627	0.651749	1.06921	1.98941	14.50636
23340	-7532.331	-7436.581	-95.74996	1.60909	0.241693	0.605762	1.05623	2.09631	14.97635
23350	-7536.861	-7442.814	-94.04709	1.522301	0.228747	0.592227	1.0517	2.12732	14.81474
23360	-7537.293	-7449.051	-88.24239	2.030252	0.296859	0.658192	1.07073	1.97422	14.18347
23370	-7541.952	-7456.203	-85.74852	1.563397	0.234952	0.59878	1.05394	2.11233	13.98077
23380	-7536.664	-7442.924	-93.74029	1.984477	0.291415	0.653353	1.0696	1.98564	14.73784
23390	-7536.833	-7442.482	-94.35123	2.145497	0.310045	0.669644	1.07324	1.94707	14.78283
23400	-7528.065	-7434.849	-93.21632	1.73343	0.259237	0.623302	1.06163	2.05584	14.71055
23410	-7539.933	-7452.037	-87.89607	1.770942	0.26431	0.628214	1.06304	2.04444	14.17477
23420	-7543.498	-7446.39	-97.10783	1.676972	0.251412	0.615588	1.05932	2.07368	15.10534
23430	-7523.33	-7432.065	-91.26429	1.635464	0.245511	0.609654	1.05748	2.08736	14.52514
23440	-7538.428	-7435.349	-103.0793	1.996947	0.29291	0.654689	1.06991	1.98249	15.6705
23450	-7527.313	-7431.932	-95.38162	2.1116	0.306242	0.666379	1.07255	1.95483	14.88926
23460	-7540.906	-7458.866	-82.03977	2.451954	0.341854	0.695823	1.07806	1.88426	13.52104
23470	-7533.169	-7440.444	-92.72496	1.953224	0.287626	0.649946	1.06877	1.99365	14.63943
23480	-7531.961	-7438.195	-93.76581	2.127624	0.308048	0.667933	1.07288	1.95114	14.72608
23490	-7543.031	-7455.187	-87.84406	1.790233	0.266881	0.630677	1.06373	2.03871	14.16764
23500	-7537.623	-7442.776	-94.84687	1.652471	0.247944	0.612113	1.05825	2.08169	14.8817
23510	-7541.564	-7440.977	-100.5872	1.637288	0.245773	0.60992	1.05756	2.08675	15.45725
23520	-7551.31	-7456.964	-94.34651	2.309475	0.327615	0.684346	1.0761	1.91193	14.76596
23530	-7543.796	-7450.678	-93.11721	1.784593	0.266132	0.629961	1.06353	2.04038	14.69552
23540	-7532.548	-7440.882	-91.66606	1.894202	0.28031	0.64327	1.0671	2.00932	14.53944
23550	-7532.353	-7435.231	-97.12132	1.616089	0.242711	0.606804	1.05657	2.09391	15.11278
23560	-7538.812	-7443.558	-95.25432	2.2841	0.324983	0.682182	1.07571	1.91713	14.85928
23570	-7528.163	-7434.775	-93.38831	1.935012	0.285392	0.64792	1.06827	1.99841	14.70759
23580	-7532.626	-7437.447	-95.17926	2.036365	0.297577	0.658826	1.07087	1.97272	14.87655
23590	-7550.991	-7444.103	-106.8879	2.014139	0.294957	0.656509	1.07034	1.9782	16.04964
23600	-7545.213	-7445.796	-99.41739	1.946495	0.286803	0.649201	1.06859	1.9954	15.30935
23610	-7525.242	-7438.329	-86.91317	1.671677	0.250667	0.614843	1.05909	2.0754	14.08641
23620	-7526.026	-7431.484	-94.5418	1.828023	0.271844	0.635384	1.06502	2.02775	14.83364
23630	-7516.32	-7429.396	-86.92397	2.122054	0.307422	0.667395	1.07276	1.95242	14.04245
23640	-7523.522	-7436.909	-86.61349	1.750355	0.261538	0.625538	1.06227	2.05065	14.04857
23650	-7528.594	-7440.05	-88.54327	1.917941	0.283278	0.645994	1.06779	2.00293	14.22479
23660	-7523.881	-7426.766	-97.11537	2.21949	0.318139	0.676493	1.07462	1.93074	15.05185
23670	-7519.999	-7435.366	-84.63243	1.753203	0.261923	0.625911	1.06238	2.04978	13.85018
23680	-7533.231	-7441.834	-91.39718	1.932216	0.285047	0.647607	1.0682	1.99915	14.50875
23690	-7533.75	-7440.743	-93.00607	1.863604	0.276431	0.639679	1.06617	2.01772	14.6765
23700	-7536.725	-7440.942	-95.78344	2.00318	0.293654	0.655351	1.07007	1.98093	14.94028
23710	-7536.62	-7431.602	-105.0183	1.602053	0.240666	0.604706	1.05589	2.09874	15.90388
23720	-7529.912	-7434.631	-95.2803	1.597397	0.239984	0.604004	1.05566	2.10035	14.93055
23730	-7535.969	-7449.003	-86.96674	2.480505	0.344601	0.697995	1.0784	1.879	14.01088
23740	-7541.48	-7449.428	-92.05146	1.807784	0.269198	0.632882	1.06434	2.03358	14.58663
23750	-7545.309	-7453.035	-92.27413	2.271192	0.323632	0.681066	1.0755	1.9198	14.56255
23760	-7542.67	-7453.201	-89.46858	2.223412	0.31856	0.676846	1.07469	1.9299	14.28678
23770	-7534.321	-7442.51	-91.81126	2.209284	0.317039	0.67557	1.07444	1.93295	14.52246
23780	-7527.196	-7439.192	-88.00419	1.674934	0.251126	0.615302	1.05923	2.07434	14.19518
23790	-7525.613	-7437.289	-88.32339	1.963388	0.288865	0.651063	1.06905	1.99103	14.19826
23800	-7540.218	-7446.887	-93.33019	1.803661	0.268655	0.632367	1.0642	2.03478	14.71491
23810	-7529.33	-7432.215	-97.11465	2.600369	0.35577	0.706689	1.07968	1.85786	15.01369
23820	-7543.419	-7453.958	-89.46107	2.289328	0.325528	0.682631	1.07579	1.91605	14.27943
23830	-7539.434	-7445.615	-93.81964	2.221777	0.318385	0.676699	1.07466	1.93025	14.72204
23840	-7538.483	-7442.716	-95.76741	1.871421	0.277428	0.640605	1.06641	2.01556	14.95186
23850	-7540.533	-7443.656	-96.87705	2.086691	0.303408	0.663927	1.07201	1.96065	15.04129
23860	-7538.86	-7452.123	-86.73739	1.811882	0.269736	0.633393	1.06448	2.03239	14.05481
23870	-7537.719	-7441.104	-96.61444	2.035809	0.297512	0.658768	1.07086	1.97286	15.02012
23880	-7542.346	-7444.946	-97.39935	2.217764	0.317953	0.676338	1.07459	1.93112	15.08042
23890	-7556.985	-7461.671	-95.31365	2.157468	0.311374	0.670778	1.07347	1.94438	14.87788
23900	-7547.109	-7452.544	-94.56478	2.069038	0.301379	0.66216	1.07162	1.96484	14.81183
23910	-7546.083	-7448.111	-97.97145	2.28089	0.324647	0.681905	1.07566	1.91779	15.13131
23920	-7540.86	-7442.766	-98.09387	1.944618	0.286573	0.648992	1.06854	1.9959	15.17718
23930	-7531.184	-7436.474	-94.70949	2.081727	0.302839	0.663432	1.07191	1.96182	14.82503
23940	-7555.019	-7478.386	-76.63271	1.98264	0.291194	0.653155	1.06955	1.9861	13.02727
23950	-7550.345	-7457.371	-92.97364	2.450206	0.341684	0.695689	1.07804	1.88459	14.6146
23960	-7528.241	-7438.418	-89.82329	1.940502	0.286067	0.648534	1.06843	1.99697	14.35054
23970	-7556.512	-7461.708	-94.80336	1.983561	0.291304	0.653254	1.06957	1.98587	14.84424
23980	-7531.164	-7437.801	-93.36359	2.111784	0.306263	0.666397	1.07255	1.95479	14.68744
23990	-7534.331	-7436.776	-97.55512	2.42846	0.339567	0.694005	1.07777	1.88866	15.07492
24000	-7540.592	-7454.846	-85.7456	1.918733	0.283377	0.646084	1.06782	2.00272	13.94494
24010	-7553.802	-7447.518	-106.2836	1.514406	0.227539	0.590937	1.05126	2.13027	16.03918
24020	-7525.943	-7437.326	-88.61649	1.452257	0.217852	0.580412	1.04749	2.15425	14.27868
24030	-7546.533	-7455.605	-90.92725	2.25752	0.322192	0.679873	1.07527	1.92266	14.42923
24040	-7535.559	-7448.297	-87.26132	1.826766	0.271681	0.63523	1.06498	2.02811	14.10571
24050	-7547.065	-7442.891	-104.1741	1.74284	0.260518	0.624549	1.06199	2.05294	15.80539
24060	-7539.838	-7440.818	-99.01921	2.00631	0.294027	0.655683	1.07015	1.98014	15.26355
24070	-7533.115	-7445.19	-87.92532	1.826161	0.271602	0.635156	1.06496	2.02828	14.17217
24080	-7534.147	-7444.728	-89.41888	1.960411	0.288503	0.650737	1.06897	1.99179	14.30811
24090	-7551.903	-7447.617	-104.2855	1.709152	0.2559	0.620033	1.06066	2.06341	15.81989
24100	-7541.941	-7444.286	-97.65528	2.158558	0.311495	0.670881	1.07349	1.94413	15.11193
24110	-7547.057	-7450.918	-96.13886	1.521518	0.228628	0.592099	1.05166	2.12761	15.02399
24120	-7546.317	-7451.924	-94.39286	2.066449	0.30108	0.661899	1.07157	1.96545	14.7949
24130	-7525.956	-7445.205	-80.75032	1.665081	0.249735	0.613911	1.05881	2.07755	13.47078
24140	-7550.955	-7445.346	-105.6093	1.697346	0.254262	0.618417	1.06018	2.06714	15.95345
24150	-7559.353	-7447.697	-111.6562	2.030094	0.296841	0.658176	1.07072	1.97426	16.52487
24160	-7551.409	-7455.836	-95.57215	2.040362	0.298046	0.659238	1.07097	1.97175	14.91544
24170	-7534.776	-7445.553	-89.22314	2.469162	0.343513	0.697137	1.07827	1.88108	14.23766
24180	-7542.046	-7445.737	-96.30877	2.265809	0.323066	0.680598	1.07541	1.92092	14.96655
24190	-7515.789	-7437.077	-78.71165	1.638887	0.246002	0.610152	1.05763	2.08621	13.26953
24200	-7527.161	-7438.446	-88.71458	1.806217	0.268992	0.632687	1.06429	2.03403	14.25309
24210	-7542.451	-7443.953	-98.498	2.121431	0.307352	0.667335	1.07275	1.95256	15.19991
24220	-7521.599	-7432.685	-88.91477	2.229639	0.319228	0.677404	1.0748	1.92857	14.23077
24230	-7531.789	-7447.095	-84.69387	2.007727	0.294195	0.655833	1.07018	1.97979	13.83087
24240	-7551.859	-7454.871	-96.98788	1.751918	0.261749	0.625743	1.06233	2.05017	15.08585
24250	-7542.54	-7437.294	-105.2462	2.00774	0.294197	0.655834	1.07018	1.97979	15.88611
24260	-7542.049	-7447.027	-95.02118	2.414272	0.338175	0.692894	1.07759	1.89135	14.82295
24270	-7533.487	-7440.682	-92.80534	2.566788	0.352699	0.70432	1.07935	1.86363	14.58611
24280	-7545.406	-7456.047	-89.35906	2.077746	0.302382	0.663034	1.07182	1.96276	14.29039
24290	-7534.381	-7439.165	-95.21561	1.851548	0.274886	0.638238	1.06579	2.02109	14.89866
24300	-7528.693	-7440.43	-88.26324	1.676309	0.251319	0.615495	1.05929	2.07389	14.22095
24310	-7532.01	-7432.338	-99.67218	2.128095	0.308101	0.667979	1.07289	1.95103	15.31667
24320	-7512.593	-7429.722	-82.8715	2.128886	0.308189	0.668055	1.0729	1.95085	13.63652
24330	-7523.999	-7426.161	-97.8375	1.901928	0.28128	0.644162	1.06733	2.00723	15.15582
24340	-7538.632	-7441.586	-97.04533	1.855835	0.275436	0.638752	1.06592	2.01989	15.08121
24350	-7536.989	-7449.401	-87.58738	2.224422	0.318669	0.676937	1.07471	1.92968	14.09855
24360	-7559.245	-7458.572	-100.6733	2.040053	0.298009	0.659206	1.07096	1.97182	15.42558
24370	-7530.969	-7430.218	-100.7509	2.079672	0.302603	0.663227	1.07186	1.96231	15.42939
24380	-7537.807	-7439.812	-97.99519	1.866659	0.276821	0.640042	1.06626	2.01687	15.17511
24390	-7544.471	-7456.461	-88.00948	1.768884	0.264034	0.627948	1.06296	2.04505	14.18632
24400	-7519.759	-7442.276	-77.48258	1.860134	0.275987	0.639266	1.06606	2.01869	13.1245
24410	-7540.113	-7446.141	-93.97226	2.017349	0.295337	0.656846	1.07042	1.9774	14.75775
24420	-7520.78	-7434.554	-86.22572	2.266847	0.323175	0.680688	1.07543	1.92071	13.95815
24430	-7520.296	-7431.115	-89.18052	1.906893	0.281901	0.644733	1.06748	2.00589	14.28962
24440	-7534.978	-7436.825	-98.1526	1.953883	0.287707	0.650018	1.06879	1.99348	15.18213
24450	-7551.448	-7459.297	-92.15138	2.263442	0.322817	0.680391	1.07537	1.92142	14.55105
24460	-7525.9	-7438.049	-87.85058	2.18128	0.313995	0.673003	1.07393	1.93907	14.12919
24470	-7561.804	-7465.105	-96.69844	2.572145	0.353192	0.704701	1.0794	1.86271	14.97489
24480	-7522.774	-7431.935	-90.83813	1.740406	0.260188	0.624228	1.06189	2.05369	14.47203
24490	-7550.596	-7454.931	-95.66518	1.932575	0.285091	0.647647	1.06821	1.99905	14.93552
24500	-7544.568	-7446.49	-98.07805	2.060624	0.300406	0.661309	1.07144	1.96685	15.164
24510	-7542.824	-7451.698	-91.12605	1.765404	0.263567	0.627499	1.06284	2.0461	14.49832
24520	-7527.845	-7441.136	-86.7084	1.88657	0.279348	0.642383	1.06687	2.0114	14.04444
24530	-7534.612	-7439.578	-95.03409	1.933405	0.285193	0.64774	1.06823	1.99884	14.87233
24540	-7530.348	-7441.471	-88.87654	1.975006	0.290273	0.652329	1.06935	1.98805	14.25241
24550	-7531.66	-7433.156	-98.50329	1.929748	0.284742	0.647329	1.06813	1.9998	15.21961
24560	-7549.118	-7456.033	-93.08511	1.82374	0.271286	0.634859	1.06488	2.02897	14.6884
24570	-7516.137	-7428.391	-87.74528	1.778063	0.265262	0.629128	1.0633	2.04231	14.15898
24580	-7537.038	-7437.947	-99.09151	1.69545	0.253999	0.618156	1.0601	2.06775	15.30186
24590	-7533.258	-7443.47	-89.78733	1.975433	0.290324	0.652376	1.06936	1.98794	14.34345
24600	-7535.454	-7432.397	-103.0575	1.904046	0.281545	0.644406	1.06739	2.00666	15.6776
24610	-7536.201	-7438.72	-97.48156	2.21115	0.317241	0.67574	1.07447	1.93254	15.0893
24620	-7519.347	-7436.184	-83.16261	2.19708	0.315717	0.674458	1.07422	1.9356	13.65881
24630	-7526.34	-7447.409	-78.93111	1.815087	0.270156	0.63379	1.06459	2.03146	13.27386
24640	-7531.801	-7436.777	-95.02456	2.364149	0.333186	0.688881	1.07691	1.90102	14.8283
24650	-7547.686	-7447.584	-100.1024	2.114463	0.306566	0.666658	1.07261	1.95417	15.36105
24660	-7540.745	-7443.404	-97.34193	2.1542	0.311012	0.670469	1.07341	1.94511	15.08103
24670	-7535.726	-7448.342	-87.38349	1.935199	0.285415	0.647941	1.06828	1.99836	14.10709
24680	-7544.736	-7449.887	-94.84922	2.132107	0.30855	0.668365	1.07297	1.95012	14.83397
24690	-7536.519	-7445.487	-91.03217	2.237508	0.320068	0.678106	1.07494	1.92689	14.44172
24700	-7536.284	-7442.76	-93.52493	1.830585	0.272177	0.635698	1.06511	2.02702	14.73169
24710	-7560.051	-7457.022	-103.0284	1.956952	0.288081	0.650357	1.06887	1.99269	15.6694
24720	-7527.723	-7444.138	-83.58551	1.622295	0.243611	0.607723	1.05686	2.0918	13.75858
24730	-7511.691	-7427.604	-84.08697	1.706248	0.255498	0.619637	1.06054	2.06432	13.80033
24740	-7523.56	-7429.865	-93.69521	1.769652	0.264137	0.628048	1.06299	2.04482	14.75481
24750	-7539.655	-7446.411	-93.24415	1.687729	0.252921	0.617088	1.05978	2.07021	14.7179
24760	-7546.35	-7449.392	-96.95799	1.968394	0.289472	0.65161	1.06918	1.98974	15.06122
24770	-7525.275	-7438.477	-86.79748	2.187703	0.314696	0.673596	1.07405	1.93766	14.02324
24780	-7526.954	-7431.954	-95.00016	2.168692	0.312613	0.671831	1.07369	1.94187	14.84541
24790	-7545.96	-7449.15	-96.80971	2.508763	0.347286	0.700105	1.07873	1.87388	14.99235
24800	-7532.099	-7446.681	-85.41756	1.545954	0.232335	0.596031	1.05301	2.11862	13.94942
24810	-7546.64	-7450.927	-95.71227	1.921596	0.283732	0.646409	1.0679	2.00196	14.94133
24820	-7535.865	-7439.774	-96.0917	2.100154	0.304944	0.665258	1.0723	1.95749	14.96141
24830	-7564.46	-7456.65	-107.8107	2.076228	0.302207	0.662882	1.07179	1.96313	16.13571
24840	-7566.06	-7457.022	-109.0375	2.00325	0.293662	0.655359	1.07007	1.98091	16.26568
24850	-7550.682	-7440.716	-109.9655	1.864442	0.276538	0.639778	1.0662	2.01749	16.37236
24860	-7561.303	-7458.295	-103.0077	1.499069	0.225179	0.588401	1.05037	2.13605	15.71313
24870	-7529.586	-7445.662	-83.92343	1.659095	0.248886	0.61306	1.05854	2.07951	13.78869
24880	-7534.49	-7439.15	-95.34043	2.071279	0.301637	0.662385	1.07168	1.9643	14.88917
24890	-7542.549	-7457.348	-85.20136	1.615451	0.242619	0.60671	1.05654	2.09413	13.92085
24900	-7534.289	-7441.243	-93.04614	1.704315	0.25523	0.619373	1.06046	2.06493	14.69644
24910	-7550.122	-7446.486	-103.6363	2.014678	0.295021	0.656565	1.07035	1.97806	15.72442
24920	-7542.14	-7443.073	-99.06707	2.179281	0.313776	0.672818	1.07389	1.93952	15.25104
24930	-7532.959	-7441.758	-91.2007	1.37256	0.204947	0.565872	1.04197	2.18721	14.54507
24940	-7533.985	-7440.751	-93.23421	1.946917	0.286855	0.649248	1.0686	1.9953	14.69099
24950	-7542.03	-7452.517	-89.51225	2.449604	0.341626	0.695643	1.07803	1.8847	14.26852
24960	-7540.908	-7450.279	-90.62874	2.041437	0.298171	0.659349	1.07099	1.97149	14.42099
24970	-7530.207	-7436.258	-93.94825	2.045559	0.298653	0.659773	1.07109	1.97049	14.75253
24980	-7535.394	-7440.814	-94.57998	2.640859	0.359417	0.709481	1.08006	1.85104	14.75617
24990	-7541.725	-7452.414	-89.31161	1.929456	0.284706	0.647296	1.06812	1.99988	14.30047
25000	-7550.63	-7464.594	-86.03671	2.017102	0.295308	0.65682	1.07041	1.97746	13.96422
25010	-7545.187	-7457.958	-87.22917	1.935002	0.28539	0.647919	1.06827	1.99842	14.09167
25020	-7538.302	-7448.697	-89.60482	1.771736	0.264416	0.628316	1.06307	2.0442	14.34557
25030	-7517.647	-7436.905	-80.74214	1.889304	0.279693	0.642701	1.06696	2.01065	13.44754
25040	-7528.978	-7448.135	-80.84283	1.856244	0.275489	0.638801	1.06594	2.01977	13.46092
25050	-7544.583	-7442.532	-102.051	1.995052	0.292683	0.654486	1.06987	1.98296	15.56785
25060	-7537.243	-7447.447	-89.796	2.070592	0.301558	0.662316	1.07166	1.96447	14.3348
25070	-7524.189	-7426.225	-97.9635	2.153539	0.310939	0.670407	1.0734	1.94526	15.14325
25080	-7555.207	-7456.285	-98.92242	1.863364	0.2764	0.63965	1.06616	2.01779	15.26816
25090	-7542.995	-7453.394	-89.60135	2.010984	0.294582	0.656177	1.07026	1.97898	14.32129
25100	-7548.286	-7450.639	-97.64719	2.145053	0.309996	0.669602	1.07323	1.94717	15.11247
25110	-7556.674	-7445.367	-111.3074	2.043662	0.298432	0.659578	1.07104	1.97095	16.48863
25120	-7536.711	-7430.664	-106.0466	2.120155	0.307208	0.667211	1.07272	1.95286	15.95491
25130	-7549.174	-7455.158	-94.01604	2.173842	0.313179	0.672312	1.07379	1.94072	14.74648
25140	-7533.112	-7439.148	-93.96384	1.885134	0.279166	0.642215	1.06683	2.01179	14.77013
25150	-7526.266	-7436.343	-89.92364	2.039951	0.297998	0.659196	1.07096	1.97185	14.35063
25160	-7528.789	-7440.644	-88.14444	1.945549	0.286687	0.649096	1.06857	1.99565	14.18215
25170	-7528.934	-7437.324	-91.6098	1.910706	0.282377	0.64517	1.06759	2.00487	14.53217
25180	-7544.51	-7453.644	-90.86595	1.877498	0.2782	0.641321	1.0666	2.01388	14.4611
25190	-7513.735	-7426.206	-87.52877	1.742265	0.26044	0.624473	1.06197	2.05312	14.14091
25200	-7538.851	-7440.572	-98.27933	2.10122	0.305065	0.665363	1.07233	1.95724	15.18007
25210	-7550.133	-7453.089	-97.04429	1.80415	0.26872	0.632429	1.06422	2.03464	15.08627
25220	-7533.602	-7439.835	-93.76698	2.001866	0.293497	0.655212	1.07004	1.98125	14.73877
25230	-7529.536	-7442.215	-87.32079	1.670949	0.250564	0.614741	1.05906	2.07563	14.12724
25240	-7531.796	-7442.99	-88.80587	1.786651	0.266405	0.630223	1.0636	2.03977	14.26418
25250	-7551.579	-7460.772	-90.80669	1.784784	0.266157	0.629986	1.06354	2.04032	14.46445
25260	-7536.978	-7447.739	-89.23945	1.712887	0.256416	0.620541	1.06081	2.06223	14.31491
25270	-7541.199	-7446.429	-94.76972	1.75694	0.262428	0.626399	1.06252	2.04865	14.86354
25280	-7539.428	-7443.861	-95.56708	1.941352	0.286172	0.648629	1.06845	1.99675	14.92483
25290	-7545.502	-7448.866	-96.63633	1.52664	0.229409	0.592931	1.05195	2.12571	15.07323
25300	-7523.83	-7435.551	-88.27861	1.852717	0.275036	0.638379	1.06583	2.02076	14.20485
25310	-7540.547	-7441.321	-99.22616	2.039825	0.297983	0.659183	1.07095	1.97188	15.28089
25320	-7543.85	-7450.229	-93.62171	2.475853	0.344155	0.697644	1.07835	1.87985	14.67684
25330	-7520.775	-7426.191	-94.58342	2.289657	0.325562	0.682659	1.0758	1.91598	14.79163
25340	-7538.754	-7440.538	-98.21597	2.058469	0.300156	0.661091	1.07139	1.96737	15.17801
25350	-7536.463	-7437.326	-99.13715	2.558956	0.351976	0.70376	1.07927	1.865	15.22008
25360	-7525.048	-7434.345	-90.70351	1.814277	0.27005	0.63369	1.06456	2.0317	14.45118
25370	-7540.417	-7436.455	-103.9617	2.568055	0.352815	0.70441	1.07936	1.86341	15.70162
25380	-7548.853	-7444.721	-104.1314	1.867159	0.276885	0.640101	1.06628	2.01673	15.78868
25390	-7530.602	-7439.328	-91.27363	1.853435	0.275128	0.638465	1.06585	2.02056	14.50428
25400	-7534.53	-7455.907	-78.62293	1.468409	0.220401	0.583212	1.04851	2.14788	13.27771
25410	-7529.208	-7443.516	-85.6922	1.62696	0.244286	0.60841	1.05708	2.09022	13.96878
25420	-7538.84	-7446.08	-92.76041	2.181347	0.314002	0.673009	1.07393	1.93906	14.62016
25430	-7524.71	-7433.257	-91.4523	2.174829	0.313287	0.672404	1.07381	1.9405	14.49001
25440	-7521.876	-7426.761	-95.11496	1.793	0.267247	0.631027	1.06383	2.0379	14.89445
25450	-7541.152	-7450.532	-90.61981	1.938716	0.285848	0.648334	1.06838	1.99744	14.43037
25460	-7538.008	-7438.668	-99.34009	1.874494	0.277818	0.640968	1.06651	2.01471	15.30882
25470	-7532.027	-7435.795	-96.23188	2.557578	0.351848	0.703661	1.07925	1.86524	14.92969
25480	-7522.844	-7425.801	-97.04291	2.075079	0.302075	0.662767	1.07176	1.9634	15.05904
25490	-7544.026	-7436.847	-107.1791	2.266754	0.323165	0.68068	1.07543	1.92073	16.0535
25500	-7527.647	-7421.504	-106.1437	2.148042	0.310328	0.669886	1.07329	1.9465	15.96182
25510	-7545.034	-7450.015	-95.01968	2.330496	0.329774	0.68611	1.07642	1.9077	14.83118
25520	-7538.537	-7447.982	-90.55499	1.675262	0.251172	0.615348	1.05925	2.07423	14.45023
25530	-7549.233	-7446.64	-102.5927	2.33815	0.330554	0.686746	1.07653	1.90617	15.58772
25540	-7521.041	-7437.618	-83.42316	1.89679	0.280635	0.64357	1.06718	2.00862	13.71489
25550	-7532.162	-7440.712	-91.45004	2.678868	0.362785	0.71204	1.0804	1.84478	14.43938
25560	-7520.207	-7427.169	-93.03833	2.126486	0.30792	0.667824	1.07285	1.9514	14.65344
25570	-7539.59	-7446.574	-93.01537	1.660975	0.249153	0.613328	1.05863	2.07889	14.6977
25580	-7525.978	-7440.606	-85.37177	1.977783	0.290608	0.65263	1.06942	1.98734	13.90166
25590	-7536.924	-7436.184	-100.7404	1.727177	0.258381	0.622467	1.06138	2.05777	15.46358
25600	-7534.531	-7437.9	-96.63076	2.308177	0.327482	0.684236	1.07608	1.9122	14.99452
25610	-7539.137	-7449.958	-89.17921	2.076431	0.302231	0.662903	1.07179	1.96308	14.27254
25620	-7535.595	-7434.555	-101.0402	1.926692	0.284364	0.646985	1.06804	2.00061	15.47361
25630	-7526.136	-7440.065	-86.0705	1.959933	0.288444	0.650684	1.06895	1.99192	13.97331
25640	-7539.956	-7442.616	-97.33964	1.992426	0.292369	0.654206	1.0698	1.98363	15.09698
25650	-7517.396	-7430.329	-87.06704	1.905429	0.281718	0.644565	1.06743	2.00628	14.07842
25660	-7527.073	-7433.52	-93.55364	1.922419	0.283834	0.646502	1.06792	2.00174	14.72538
25670	-7536.623	-7443.935	-92.68795	1.842267	0.27369	0.637119	1.06549	2.0237	14.64683
25680	-7535.843	-7440.049	-95.79451	2.162793	0.311963	0.671279	1.07358	1.94318	14.92543
25690	-7532.054	-7440.461	-91.59308	1.916643	0.283117	0.645846	1.06776	2.00328	14.5299
25700	-7518.96	-7433.833	-85.12712	1.950219	0.287259	0.649613	1.06869	1.99443	13.87995
25710	-7538.908	-7445.974	-92.93481	1.925314	0.284193	0.646829	1.068	2.00097	14.66321
25720	-7541.068	-7449.263	-91.80559	2.113366	0.306442	0.666552	1.07258	1.95442	14.53148
25730	-7527.891	-7434.262	-93.62894	2.227118	0.318958	0.677179	1.07476	1.92911	14.70244
25740	-7537.004	-7435.407	-101.597	2.02842	0.296644	0.658002	1.07068	1.97467	15.51911
25750	-7536.638	-7427.471	-109.1669	2.295014	0.326119	0.683117	1.07588	1.91488	16.24945
25760	-7536.85	-7450.496	-86.35414	2.06044	0.300384	0.661291	1.07143	1.96689	13.99163
25770	-7534.072	-7444.479	-89.59337	2.174348	0.313235	0.672359	1.0738	1.94061	14.30416
25780	-7536.281	-7454.484	-81.79651	1.764884	0.263497	0.627432	1.06282	2.04626	13.56542
25790	-7538.395	-7448.525	-89.86921	1.788293	0.266623	0.630431	1.06366	2.03928	14.37035
25800	-7549.268	-7449.997	-99.27173	1.846193	0.274197	0.637594	1.06562	2.02259	15.30481
25810	-7539.965	-7440.254	-99.71132	1.984119	0.291372	0.653314	1.06959	1.98573	15.33498
25820	-7552.698	-7456.272	-96.42673	2.361282	0.332898	0.688648	1.07687	1.90159	14.9688
25830	-7530.19	-7435.396	-94.79423	2.043443	0.298406	0.659555	1.07104	1.971	14.83734
25840	-7533.344	-7429.905	-103.4383	2.308517	0.327517	0.684265	1.07609	1.91213	15.67523
25850	-7527.975	-7435.386	-92.58914	1.988935	0.29195	0.653832	1.06971	1.98451	14.62228
25860	-7534.463	-7442.505	-91.9572	2.442416	0.340928	0.695089	1.07794	1.88604	14.51374
25870	-7525.479	-7441.466	-84.01341	1.777319	0.265162	0.629033	1.06327	2.04254	13.78587
25880	-7547.971	-7457.725	-90.24578	2.126099	0.307876	0.667786	1.07285	1.95149	14.37423
25890	-7539.899	-7452.524	-87.3753	1.670389	0.250485	0.614662	1.05904	2.07582	14.13275
25900	-7551.698	-7450.904	-100.7939	1.964091	0.28895	0.65114	1.06906	1.99085	15.44524
25910	-7536.12	-7433.648	-102.4717	2.124868	0.307738	0.667667	1.07282	1.95177	15.59695
25920	-7529.531	-7425.788	-103.7426	1.949172	0.287131	0.649498	1.06866	1.99471	15.74161
25930	-7523.369	-7433.21	-90.1594	1.8757	0.277971	0.64111	1.06654	2.01438	14.39063
25940	-7529.927	-7429.587	-100.3407	1.96154	0.28864	0.650861	1.069	1.9915	15.40017
25950	-7535.753	-7434.509	-101.2443	2.118554	0.307027	0.667056	1.07269	1.95322	15.47483
25960	-7535.157	-7435.47	-99.6872	1.791632	0.267066	0.630854	1.06378	2.0383	15.35182
25970	-7534.113	-7440.609	-93.50419	1.600378	0.240421	0.604454	1.05581	2.09932	14.75264
25980	-7537.167	-7441.955	-95.21208	1.965598	0.289133	0.651305	1.0691	1.99046	14.88691
25990	-7522.839	-7431.037	-91.80156	2.123249	0.307556	0.667511	1.07279	1.95214	14.53009
26000	-7540.114	-7438.3	-101.8134	2.141829	0.309637	0.669295	1.07316	1.9479	15.52942
26010	-7526.193	-7432.782	-93.41106	2.199385	0.315968	0.674669	1.07426	1.9351	14.68343
26020	-7547.824	-7449.873	-97.95159	2.032899	0.297171	0.658467	1.07079	1.97357	15.15413
26030	-7512.812	-7422.382	-90.4299	2.328973	0.329618	0.685983	1.0764	1.908	14.37235
26040	-7530.988	-7434.162	-96.82627	1.866926	0.276855	0.640073	1.06627	2.0168	15.05819
26050	-7528.865	-7445.399	-83.46589	1.994068	0.292566	0.654381	1.06984	1.98321	13.70944
26060	-7549.688	-7455.228	-94.46053	1.517807	0.22806	0.591494	1.05145	2.129	14.85653
26070	-7555.54	-7456.906	-98.63306	1.557523	0.234073	0.597859	1.05363	2.11444	15.26981
26080	-7552.697	-7452.518	-100.1796	1.616432	0.242761	0.606855	1.05659	2.0938	15.41857
26090	-7534.376	-7441.217	-93.15947	1.682558	0.252197	0.616369	1.05956	2.07188	14.70995
26100	-7547.203	-7453.649	-93.5539	1.59553	0.23971	0.603722	1.05557	2.101	14.75809
26110	-7533.478	-7446.142	-87.33654	2.071633	0.301678	0.662421	1.07168	1.96422	14.08875
26120	-7531.52	-7438.39	-93.13035	1.809013	0.269359	0.633036	1.06438	2.03322	14.69439
26130	-7516.644	-7436.853	-79.79096	1.616408	0.242758	0.606852	1.05658	2.09381	13.37971
26140	-7544.647	-7454.633	-90.01338	2.432942	0.340005	0.694354	1.07782	1.88782	14.3203
26150	-7521.821	-7432.456	-89.36515	2.041595	0.29819	0.659365	1.071	1.97145	14.29461
26160	-7528.199	-7439.832	-88.3672	2.196177	0.315619	0.674375	1.0742	1.9358	14.17936
26170	-7537.042	-7445.267	-91.77482	1.715852	0.256825	0.620942	1.06093	2.0613	14.56816
26180	-7526.579	-7428.668	-97.91101	2.395753	0.336345	0.691427	1.07734	1.89489	15.11378
26190	-7527.942	-7440.456	-87.48585	1.697935	0.254344	0.618498	1.0602	2.06695	14.14105
26200	-7547.937	-7450.964	-96.97299	2.497499	0.346219	0.699268	1.0786	1.87591	15.00981
26210	-7521.668	-7429.579	-92.08918	2.040905	0.298109	0.659294	1.07098	1.97162	14.56709
26220	-7502.319	-7412.812	-89.50656	1.960005	0.288453	0.650692	1.06896	1.9919	14.31691
26230	-7535.607	-7442.213	-93.3935	1.753183	0.26192	0.625909	1.06238	2.04979	14.72629
26240	-7542.854	-7443.002	-99.85202	1.783892	0.266038	0.629872	1.06351	2.04058	15.36907
26250	-7531.52	-7433.114	-98.40517	2.301629	0.326805	0.683681	1.07598	1.91353	15.17261
26260	-7545.616	-7448.047	-97.56898	1.902366	0.281335	0.644213	1.06734	2.00711	15.12892
26270	-7507.341	-7426.243	-81.09789	1.809141	0.269376	0.633052	1.06439	2.03318	13.49113
26280	-7553.61	-7464.042	-89.56737	2.001784	0.293488	0.655203	1.07003	1.98128	14.31882
26290	-7534.753	-7443.232	-91.52122	2.063348	0.300721	0.661585	1.0715	1.9662	14.50805
26300	-7544.09	-7446.442	-97.64799	1.921082	0.283669	0.64635	1.06788	2.0021	15.13495
26310	-7533.747	-7446.463	-87.28398	1.955927	0.287956	0.650244	1.06885	1.99295	14.09506
26320	-7530.879	-7446.699	-84.17979	1.749135	0.261373	0.625378	1.06223	2.05102	13.80532
26330	-7522.93	-7434.967	-87.9628	2.151137	0.310672	0.67018	1.07335	1.9458	14.14342
26340	-7527.944	-7435.329	-92.61584	1.854041	0.275206	0.638537	1.06587	2.02039	14.63844
26350	-7535.748	-7444.059	-91.689	1.546647	0.232439	0.596141	1.05305	2.11837	14.57649
26360	-7531.84	-7448.57	-83.27016	1.611555	0.242052	0.60613	1.05635	2.09547	13.72812
26370	-7541.905	-7447.459	-94.44649	2.020787	0.295744	0.657206	1.0705	1.97655	14.80483
26380	-7538.732	-7436.408	-102.3235	1.965455	0.289116	0.651289	1.0691	1.99049	15.59807
26390	-7547.877	-7458.99	-88.88719	2.152398	0.310812	0.670299	1.07337	1.94552	14.23574
26400	-7529.43	-7441.548	-87.88266	2.00008	0.293284	0.655022	1.06999	1.9817	14.15052
26410	-7510.218	-7424.433	-85.78563	2.150477	0.310599	0.670117	1.07334	1.94595	13.92577
26420	-7540.924	-7456.512	-84.41147	1.79389	0.267365	0.63114	1.06386	2.03764	13.82402
26430	-7540.415	-7447.441	-92.97417	1.895114	0.280425	0.643376	1.06713	2.00907	14.67016
26440	-7553.11	-7452.557	-100.5534	1.880023	0.27852	0.641617	1.06668	2.01319	15.4296
26450	-7533.413	-7447.031	-86.38181	1.747696	0.261178	0.625189	1.06217	2.05146	14.02567
26460	-7539.419	-7442.693	-96.7264	2.11796	0.30696	0.666998	1.07268	1.95336	15.0231
26470	-7541.359	-7451.45	-89.90881	2.410678	0.337821	0.692611	1.07754	1.89203	14.31207
26480	-7530.766	-7444.26	-86.50643	1.971695	0.289872	0.65197	1.06926	1.98889	14.01573
26490	-7524.853	-7422.556	-102.2968	2.02564	0.296316	0.657713	1.07062	1.97535	15.58938
26500	-7544.353	-7447.12	-97.23339	2.331167	0.329842	0.686166	1.07643	1.90756	15.05248
26510	-7551.841	-7459.652	-92.18891	1.960421	0.288504	0.650738	1.06897	1.99179	14.58511
26520	-7549.851	-7456.421	-93.42984	1.725127	0.2581	0.622192	1.0613	2.05841	14.73273
26530	-7544.782	-7444.668	-100.114	1.819583	0.270744	0.634346	1.06474	2.03017	15.3917
26540	-7526.821	-7444.244	-82.577	1.982976	0.291234	0.653191	1.06956	1.98602	13.62166
26550	-7542.021	-7455.773	-86.24828	1.488104	0.223479	0.586564	1.04972	2.14024	14.03828
26560	-7521.629	-7444.08	-77.54894	1.568262	0.235677	0.599538	1.05419	2.11059	13.16033
26570	-7507.933	-7425.321	-82.61251	2.044861	0.298572	0.659701	1.07107	1.97065	13.61902
26580	-7527.82	-7436.517	-91.30299	2.072775	0.30181	0.662536	1.07171	1.96395	14.48528
26590	-7532.719	-7434.906	-97.81336	1.814994	0.270144	0.633779	1.06459	2.03149	15.16209
26600	-7524.823	-7430.653	-94.16945	1.901947	0.281282	0.644165	1.06733	2.00722	14.78901
26610	-7541.21	-7443.437	-97.77258	1.817702	0.270498	0.634114	1.06468	2.03071	15.15775
26620	-7537.974	-7441.692	-96.28282	2.160703	0.311732	0.671082	1.07354	1.94365	14.97447
26630	-7535.222	-7437.012	-98.21065	1.923145	0.283925	0.646584	1.06794	2.00155	15.19101
26640	-7547.229	-7432.395	-114.8339	2.146002	0.310101	0.669692	1.07325	1.94696	16.83105
26650	-7542.909	-7441.252	-101.6566	2.248405	0.321227	0.679071	1.07512	1.92458	15.50307
26660	-7530.145	-7424.071	-106.0739	1.984169	0.291378	0.65332	1.06959	1.98571	15.97124
26670	-7539.626	-7435.596	-104.0298	2.018503	0.295473	0.656967	1.07045	1.97711	15.76338
26680	-7543.535	-7440.242	-103.2927	1.879329	0.278432	0.641536	1.06665	2.01338	15.7036
26690	-7530.075	-7438.947	-91.12842	2.377239	0.3345	0.689942	1.07709	1.89847	14.43738
26700	-7538.271	-7441.644	-96.62696	2.009364	0.29439	0.656006	1.07022	1.97938	15.02402
26710	-7536.284	-7436.613	-99.67106	1.856309	0.275497	0.638809	1.06594	2.01975	15.34373
26720	-7534.05	-7437.277	-96.77313	2.172832	0.313068	0.672218	1.07377	1.94095	15.02229
26730	-7520.297	-7433.818	-86.47857	2.052793	0.299496	0.660513	1.07126	1.96873	14.00484
26740	-7541.39	-7444.893	-96.49718	2.109361	0.305989	0.666161	1.0725	1.95535	15.00104
26750	-7540.368	-7445.189	-95.17909	1.743191	0.260566	0.624596	1.062	2.05284	14.90585
26760	-7539.728	-7437.294	-102.4342	1.747948	0.261212	0.625222	1.06218	2.05138	15.63088
26770	-7523.294	-7429.648	-93.64578	1.935751	0.285483	0.648003	1.0683	1.99822	14.73326
26780	-7538.031	-7441.651	-96.38019	2.181191	0.313985	0.672995	1.07393	1.93909	14.98216
26790	-7540.424	-7445.949	-94.4749	1.721356	0.257583	0.621685	1.06115	2.05958	14.83761
26800	-7540.734	-7437.472	-103.2623	2.119123	0.307091	0.667111	1.0727	1.95309	15.67658
26810	-7524.261	-7434.177	-90.08379	1.88662	0.279354	0.642389	1.06688	2.01138	14.38198
26820	-7539.515	-7438.47	-101.0453	1.779855	0.265501	0.629357	1.06336	2.04178	15.4888
26830	-7528.233	-7435.753	-92.4797	1.703339	0.255095	0.61924	1.06042	2.06524	14.63989
26840	-7531.912	-7431.918	-99.99369	1.919193	0.283434	0.646136	1.06783	2.0026	15.36971
26850	-7539.803	-7445.735	-94.0682	1.686347	0.252728	0.616896	1.05972	2.07066	14.80044
26860	-7543.469	-7441.606	-101.8633	2.164863	0.312191	0.671473	1.07362	1.94272	15.5321
26870	-7547.308	-7448.001	-99.30744	1.887513	0.279467	0.642493	1.0669	2.01114	15.30425
26880	-7534.46	-7441.215	-93.24492	1.966614	0.289257	0.651416	1.06913	1.9902	14.69009
26890	-7512.111	-7421.271	-90.83986	1.499191	0.225198	0.588422	1.05037	2.13601	14.49632
26900	-7528.24	-7430.976	-97.26406	1.66587	0.249847	0.614023	1.05884	2.07729	15.12208
26910	-7533.218	-7440.593	-92.62436	2.144951	0.309985	0.669592	1.07323	1.9472	14.6102
26920	-7524.564	-7424.838	-99.72652	1.948461	0.287044	0.649419	1.06864	1.99489	15.34006
26930	-7530.377	-7441.988	-88.38888	2.049408	0.299102	0.660167	1.07118	1.96955	14.19621
26940	-7544.085	-7442.005	-102.08	1.726114	0.258236	0.622324	1.06134	2.0581	15.59765
26950	-7552.325	-7454.927	-97.39836	2.159992	0.311653	0.671016	1.07352	1.94381	15.08609
26960	-7542.99	-7451.332	-91.65779	1.783578	0.265997	0.629832	1.06349	2.04068	14.54968
26970	-7528.439	-7437.997	-90.44171	1.68099	0.251977	0.61615	1.05949	2.07238	14.43833
26980	-7542.027	-7456.285	-85.74185	1.923485	0.283967	0.646623	1.06795	2.00146	13.94409
26990	-7558.321	-7465.49	-92.83111	1.713121	0.256449	0.620572	1.06082	2.06216	14.67406
27000	-7537.851	-7450.819	-87.03209	1.7317	0.259	0.623071	1.06156	2.05637	14.0923
27010	-7518.08	-7437.834	-80.24615	2.106915	0.305712	0.665922	1.07245	1.95592	13.37618
27020	-7536.502	-7450.485	-86.01759	2.049687	0.299135	0.660195	1.07118	1.96949	13.95905
27030	-7530.907	-7442.621	-88.28627	2.101124	0.305054	0.665353	1.07233	1.95727	14.18077
27040	-7552.924	-7450.696	-102.2276	2.030001	0.29683	0.658166	1.07072	1.97428	15.58202
27050	-7523.799	-7431.883	-91.91543	1.864107	0.276495	0.639739	1.06618	2.01758	14.56739
27060	-7569.276	-7466.095	-103.1808	1.939082	0.285893	0.648375	1.06839	1.99734	15.68643
27070	-7549.353	-7446.84	-102.5133	1.910725	0.28238	0.645172	1.06759	2.00486	15.62251
27080	-7521.646	-7430.589	-91.05664	2.464667	0.343081	0.696795	1.07822	1.88191	14.42146
27090	-7516.869	-7431.007	-85.86234	1.559759	0.234408	0.59821	1.05375	2.11364	13.99252
27100	-7535.278	-7436.744	-98.53385	1.705142	0.255345	0.619486	1.0605	2.06467	15.24513
27110	-7543.824	-7457.608	-86.21646	2.06221	0.300589	0.66147	1.07147	1.96647	13.97768
27120	-7546.765	-7446.609	-100.1565	2.404846	0.337246	0.69215	1.07746	1.89314	15.33743
27130	-7545.142	-7444.193	-100.949	1.936227	0.285541	0.648056	1.06831	1.99809	15.46354
27140	-7531.104	-7446.523	-84.58094	2.040583	0.298072	0.659261	1.07097	1.97169	13.81629
27150	-7536.779	-7453.464	-83.31493	1.585058	0.238168	0.602128	1.05505	2.10465	13.73525
27160	-7517.082	-7439.507	-77.57501	2.155609	0.311168	0.670602	1.07344	1.94479	13.1042
27170	-7545.786	-7458.46	-87.32626	1.834008	0.272621	0.636116	1.06522	2.02604	14.11148
27180	-7559.996	-7458.409	-101.5877	1.6694	0.250345	0.614522	1.05899	2.07614	15.55409
27190	-7535.498	-7432.925	-102.5736	1.510019	0.226866	0.590216	1.051	2.13191	15.66862
27200	-7529.562	-7437.112	-92.45003	1.796068	0.267653	0.631414	1.06394	2.037	14.62765
27210	-7534.121	-7446.614	-87.50635	1.797594	0.267855	0.631606	1.06399	2.03655	14.13313
27220	-7522.285	-7432.667	-89.61804	1.71526	0.256744	0.620862	1.06091	2.06149	14.35254
27230	-7548.687	-7449.316	-99.37098	1.982485	0.291175	0.653138	1.06955	1.98614	15.30111
27240	-7534.043	-7436.309	-97.73368	2.550029	0.351149	0.703118	1.07917	1.86656	15.08062
27250	-7542.039	-7440.368	-101.671	1.966027	0.289185	0.651352	1.06912	1.99035	15.53276
27260	-7546.289	-7456.269	-90.02011	1.886225	0.279304	0.642343	1.06686	2.01149	14.37565
27270	-7572.017	-7469.077	-102.9399	1.91906	0.283418	0.646121	1.06783	2.00264	15.66434
27280	-7544.708	-7446.445	-98.26299	2.00691	0.294098	0.655747	1.07016	1.97999	15.18787
27290	-7527.408	-7444.588	-82.8199	2.165102	0.312217	0.671495	1.07362	1.94267	13.62774
27300	-7544.608	-7450.055	-94.55252	2.047994	0.298937	0.660022	1.07115	1.9699	14.81271
27310	-7541.011	-7451.876	-89.13541	2.223775	0.318599	0.676879	1.0747	1.92982	14.25342
27320	-7524.556	-7442.666	-81.88986	1.808918	0.269347	0.633024	1.06438	2.03325	13.57035
27330	-7532.995	-7439.625	-93.3697	1.974748	0.290242	0.652301	1.06934	1.98811	14.70175
27340	-7546.627	-7444.794	-101.8331	2.344783	0.331229	0.687294	1.07663	1.90485	15.51109
27350	-7549.937	-7451.147	-98.79003	2.162414	0.311921	0.671243	1.07357	1.94327	15.22502
27360	-7518.485	-7429.265	-89.22035	1.768626	0.263999	0.627915	1.06295	2.04513	14.30743
27370	-7519.343	-7425.614	-93.72923	1.80984	0.269468	0.633139	1.06441	2.03298	14.7542
27380	-7517.314	-7424.202	-93.112	1.656633	0.248537	0.612709	1.05843	2.08032	14.7078
27390	-7542.7	-7446.724	-95.97564	1.721089	0.257546	0.621649	1.06114	2.05966	14.98771
27400	-7526.284	-7440.994	-85.2897	1.639903	0.246148	0.6103	1.05768	2.08587	13.92724
27410	-7514.78	-7426.77	-88.01047	1.745906	0.260935	0.624954	1.06211	2.05201	14.18871
27420	-7538.837	-7446.033	-92.80401	2.360241	0.332793	0.688563	1.07685	1.90179	14.60664
27430	-7519.428	-7433.737	-85.69171	2.247965	0.32118	0.679033	1.07511	1.92467	13.90663
27440	-7545.838	-7454.118	-91.72012	2.11849	0.30702	0.66705	1.07269	1.95324	14.52242
27450	-7549.689	-7454.697	-94.99197	1.854017	0.275203	0.638534	1.06587	2.0204	14.87605
27460	-7516.868	-7432.899	-83.96863	1.683178	0.252284	0.616455	1.05959	2.07168	13.7908
27470	-7539.739	-7446.072	-93.66734	1.63767	0.245828	0.609975	1.05758	2.08662	14.76523
27480	-7539.236	-7443.264	-95.97258	1.721453	0.257596	0.621698	1.06115	2.05955	14.98737
27490	-7548.674	-7442.169	-106.5052	1.9501	0.287244	0.6496	1.06869	1.99447	16.01777
27500	-7531.43	-7436.199	-95.23021	1.966773	0.289276	0.651433	1.06914	1.99016	14.8886
27510	-7535.092	-7439.956	-95.13531	2.270959	0.323607	0.681046	1.0755	1.91985	14.84869
27520	-7530.877	-7434.543	-96.33438	2.094693	0.304322	0.66472	1.07219	1.95877	14.98623
27530	-7554.28	-7461.875	-92.40531	2.332727	0.330002	0.686296	1.07645	1.90725	14.56952
27540	-7529.931	-7436.206	-93.72501	1.857512	0.275651	0.638953	1.06598	2.01942	14.74901
27550	-7530.456	-7435.807	-94.64866	2.378918	0.334668	0.690078	1.07711	1.89814	14.78923
27560	-7532.892	-7439.236	-93.65568	2.183754	0.314265	0.673232	1.07397	1.93853	14.70945
27570	-7517.776	-7433.483	-84.29314	1.840896	0.273513	0.636953	1.06545	2.02409	13.80748
27580	-7530.575	-7439.267	-91.30748	1.772511	0.26452	0.628416	1.0631	2.04397	14.51576
27590	-7529.127	-7438.231	-90.89555	1.944732	0.286587	0.649005	1.06854	1.99587	14.45734
27600	-7528.791	-7443.03	-85.7606	1.768711	0.264011	0.627926	1.06296	2.04511	13.96145
27610	-7532.234	-7434.304	-97.93047	1.912322	0.282579	0.645354	1.06763	2.00443	15.16407
27620	-7537.024	-7436.613	-100.411	2.058559	0.300166	0.6611	1.07139	1.96735	15.3975
27630	-7547.436	-7454.398	-93.03726	1.696075	0.254086	0.618242	1.06013	2.06755	14.69638
27640	-7543.123	-7440.785	-102.3384	1.844705	0.274005	0.637414	1.06557	2.02301	15.61163
27650	-7545.187	-7439.219	-105.9677	2.584735	0.354346	0.705592	1.07953	1.86053	15.90055
27660	-7560.583	-7467.03	-93.55315	1.989455	0.292013	0.653888	1.06972	1.98438	14.71863
27670	-7553.098	-7455.616	-97.48232	1.853682	0.27516	0.638494	1.06586	2.02049	15.12512
27680	-7525.09	-7441.858	-83.23163	2.274218	0.323949	0.681328	1.07555	1.91917	13.658
27690	-7560.539	-7462.92	-97.61921	1.787589	0.26653	0.630342	1.06364	2.03949	15.14542
27700	-7547.096	-7454.181	-92.91485	2.227974	0.319049	0.677255	1.07477	1.92892	14.63095
27710	-7547.17	-7452.467	-94.70224	1.977497	0.290574	0.652599	1.06942	1.98741	14.83473
27720	-7550.322	-7457.843	-92.47879	2.255953	0.322026	0.679736	1.07525	1.92299	14.58454
27730	-7528.676	-7439.807	-88.86891	2.011746	0.294673	0.656257	1.07028	1.97879	14.24797
27740	-7531.919	-7437.307	-94.612	2.012886	0.294808	0.656377	1.07031	1.97851	14.82217
27750	-7539.632	-7442.491	-97.14121	1.893922	0.280275	0.643238	1.06709	2.00939	15.08699
27760	-7556.458	-7448.318	-108.1407	1.967146	0.289321	0.651474	1.06915	1.99006	16.17961
27770	-7546.788	-7436.103	-110.6843	2.124917	0.307744	0.667672	1.07282	1.95176	16.4182
27780	-7532.025	-7441.394	-90.63052	2.244563	0.320819	0.678732	1.07506	1.92539	14.40085
27790	-7525.918	-7432.739	-93.1787	2.022536	0.29595	0.657389	1.07054	1.97612	14.67787
27800	-7535.883	-7442.488	-93.39526	2.192282	0.315195	0.674018	1.07413	1.93665	14.68256
27810	-7550.713	-7442.346	-108.3667	1.65872	0.248833	0.613007	1.05853	2.07963	16.23306
27820	-7544.012	-7443.086	-100.9261	2.11049	0.306117	0.666271	1.07252	1.95509	15.44381
27830	-7532.235	-7440.727	-91.50713	2.414385	0.338186	0.692903	1.07759	1.89132	14.47153
27840	-7527.131	-7438.536	-88.59437	1.821738	0.271025	0.634612	1.06481	2.02955	14.23952
27850	-7534.92	-7443.516	-91.40379	1.890787	0.27988	0.642874	1.067	2.01025	14.51356
27860	-7528.185	-7427.704	-100.481	1.775649	0.264939	0.628819	1.06321	2.04303	15.4328
27870	-7524.692	-7434.871	-89.82112	1.65914	0.248893	0.613067	1.05854	2.0795	14.37846
27880	-7523.957	-7441.309	-82.64761	1.776033	0.264991	0.628868	1.06322	2.04292	13.64942
27890	-7550.244	-7464.118	-86.12644	1.781915	0.265775	0.62962	1.06343	2.04117	13.99671
27900	-7540.763	-7448.053	-92.70931	2.153892	0.310978	0.67044	1.0734	1.94518	14.6178
27910	-7545.715	-7448.829	-96.88561	2.043517	0.298415	0.659563	1.07104	1.97098	15.04647
27920	-7535.013	-7436.985	-98.028	2.016828	0.295275	0.656791	1.07041	1.97753	15.16338
27930	-7532.02	-7436.812	-95.2082	1.928779	0.284622	0.64722	1.0681	2.00006	14.8902
27940	-7530.722	-7443.953	-86.76921	1.754758	0.262133	0.626115	1.06244	2.04931	14.0637
27950	-7540.124	-7445.361	-94.76311	2.086136	0.303344	0.663871	1.072	1.96078	14.82996
27960	-7542.783	-7454.184	-88.59861	1.873124	0.277644	0.640806	1.06646	2.01509	14.23481
27970	-7558.41	-7451.876	-106.5331	2.429271	0.339647	0.694069	1.07778	1.88851	15.97265
27980	-7523.846	-7429.094	-94.75275	1.8888	0.279629	0.642643	1.06694	2.01079	14.84865
27990	-7546.933	-7446.591	-100.3418	2.251102	0.321513	0.679309	1.07517	1.92401	15.37132
28000	-7523.081	-7426.499	-96.58197	1.735302	0.259492	0.623551	1.0617	2.05526	15.04693
28010	-7543.891	-7448.747	-95.14378	1.891583	0.27998	0.642966	1.06702	2.01003	14.88748
28020	-7540.516	-7445.42	-95.09592	2.255859	0.322016	0.679727	1.07525	1.92301	14.84626
28030	-7529.356	-7437.714	-91.6424	1.722777	0.257778	0.621876	1.06121	2.05914	14.55422
28040	-7530.369	-7443.99	-86.37894	1.692743	0.253621	0.617783	1.05999	2.06861	14.03088
28050	-7529.242	-7441.244	-87.99814	1.467085	0.220193	0.582984	1.04843	2.14839	14.21536
28060	-7539.15	-7449.795	-89.3543	2.212465	0.317383	0.675859	1.0745	1.93226	14.27644
28070	-7536.849	-7444.13	-92.71958	2.303693	0.327018	0.683856	1.07602	1.91311	14.60385
28080	-7539.053	-7439.406	-99.64653	2.394277	0.336198	0.691309	1.07732	1.89517	15.28748
28090	-7541.21	-7444.297	-96.91318	2.225645	0.3188	0.677046	1.07473	1.92942	15.03101
28100	-7527.6	-7437.43	-90.16998	2.046026	0.298708	0.65982	1.0711	1.97037	14.37465
28110	-7527.13	-7430.613	-96.51653	1.990379	0.292124	0.653987	1.06975	1.98414	15.01487
28120	-7542.753	-7444.726	-98.02678	2.080976	0.302753	0.663357	1.07189	1.962	15.15684
28130	-7541.036	-7442.791	-98.24433	2.595382	0.355317	0.706341	1.07963	1.85871	15.12715
28140	-7546.423	-7450.549	-95.87366	1.586822	0.238428	0.602398	1.05514	2.10404	14.99094
28150	-7536.868	-7445.25	-91.61717	1.934741	0.285358	0.64789	1.06827	1.99848	14.5305
28160	-7540.627	-7451.295	-89.33225	2.03315	0.2972	0.658493	1.0708	1.97351	14.29217
28170	-7534.39	-7438.898	-95.49151	1.899515	0.280977	0.643884	1.06726	2.00788	14.92146
28180	-7534.923	-7432.177	-102.7461	2.047124	0.298836	0.659933	1.07113	1.97011	15.63215
28190	-7534.15	-7452.578	-81.5719	1.656064	0.248456	0.612628	1.05841	2.08051	13.55384
28200	-7537.125	-7451.618	-85.50692	1.687017	0.252821	0.616989	1.05975	2.07044	13.94425
28210	-7531.242	-7442.092	-89.14959	1.699322	0.254537	0.618689	1.06026	2.06651	14.30729
28220	-7550.336	-7451.441	-98.89479	1.908501	0.282102	0.644917	1.06752	2.00546	15.26089
28230	-7538.056	-7448.758	-89.29815	1.834529	0.272689	0.636179	1.06524	2.02589	14.30862
28240	-7542.906	-7454.225	-88.68154	2.04847	0.298993	0.660071	1.07116	1.96978	14.22556
28250	-7544.872	-7439.392	-105.4794	2.31513	0.328198	0.684823	1.07619	1.91079	15.87869
28260	-7544.183	-7443.025	-101.1575	2.139073	0.309329	0.669032	1.07311	1.94853	15.4641
28270	-7518.255	-7428.122	-90.13258	1.734557	0.25939	0.623451	1.06167	2.05549	14.40206
28280	-7528.308	-7433.614	-94.69386	1.797056	0.267784	0.631538	1.06397	2.03671	14.85194
28290	-7532.526	-7451.535	-80.99113	1.95635	0.288008	0.65029	1.06886	1.99284	13.46574
28300	-7543.955	-7448.059	-95.89688	1.620385	0.243335	0.607441	1.05677	2.09245	14.98991
28310	-7537.47	-7443.176	-94.29427	1.822389	0.27111	0.634692	1.06484	2.02936	14.80945
28320	-7522.051	-7430.681	-91.36988	1.972274	0.289942	0.652033	1.06928	1.98874	14.50202
28330	-7524.731	-7441.214	-83.51729	2.06579	0.301004	0.661832	1.07155	1.96561	13.70741
28340	-7524.654	-7440.755	-83.8993	1.816292	0.270313	0.633939	1.06463	2.03112	13.77056
28350	-7553.625	-7453.501	-100.1234	1.961437	0.288628	0.650849	1.06899	1.99153	15.37845
28360	-7530.458	-7441.603	-88.85506	1.562821	0.234866	0.59869	1.05391	2.11254	14.29148
28370	-7526.585	-7442.946	-83.63906	1.905178	0.281687	0.644536	1.06743	2.00635	13.73565
28380	-7515.135	-7429.116	-86.0197	1.689443	0.253161	0.617326	1.05985	2.06966	13.99528
28390	-7541.349	-7449.177	-92.17257	2.070921	0.301596	0.662349	1.07167	1.96439	14.57242
28400	-7531.862	-7443.073	-88.78832	2.125321	0.307789	0.667711	1.07283	1.95167	14.22856
28410	-7547.27	-7445.586	-101.6837	1.982466	0.291173	0.653136	1.06954	1.98615	15.53238
28420	-7543.702	-7440.239	-103.4628	1.824156	0.271341	0.63491	1.0649	2.02885	15.72613
28430	-7548.975	-7444.24	-104.7347	1.631734	0.244974	0.60911	1.0573	2.08861	15.87255
28440	-7535.252	-7434.828	-100.424	2.022298	0.295922	0.657364	1.07054	1.97618	15.40243
28450	-7560.457	-7462.339	-98.1174	1.963711	0.288904	0.651098	1.06905	1.99094	15.17763
28460	-7536.372	-7435.009	-101.363	1.999927	0.293266	0.655006	1.06999	1.98174	15.49857
28470	-7546.932	-7450.101	-96.83072	2.069667	0.301451	0.662223	1.07164	1.96469	15.03836
28480	-7534.872	-7438.281	-96.59099	2.414102	0.338158	0.69288	1.07758	1.89138	14.97995
28490	-7529.154	-7439.107	-90.04683	1.870413	0.277299	0.640486	1.06638	2.01583	14.3799
28500	-7551.651	-7461.742	-89.90924	2.230843	0.319356	0.677512	1.07482	1.92831	14.3301
28510	-7556.407	-7457.454	-98.95331	1.67547	0.251201	0.615377	1.05926	2.07417	15.29004
28520	-7550.608	-7452.341	-98.26709	1.801832	0.268414	0.632138	1.06414	2.03531	15.20878
28530	-7546.379	-7447.737	-98.64178	2.418868	0.338627	0.693255	1.07764	1.89047	15.18455
28540	-7529.455	-7432.312	-97.14261	2.121604	0.307371	0.667352	1.07275	1.95252	15.06436
28550	-7537.576	-7432.891	-104.685	2.01184	0.294684	0.656267	1.07028	1.97877	15.82957
28560	-7547.766	-7447.784	-99.98167	1.68902	0.253101	0.617267	1.05983	2.0698	15.39152
28570	-7539.926	-7446.215	-93.71153	2.061098	0.30046	0.661357	1.07145	1.96674	14.7273
28580	-7531.713	-7437.863	-93.84967	2.166811	0.312406	0.671655	1.07365	1.94229	14.73054
28590	-7557.103	-7465.805	-91.29795	1.689723	0.2532	0.617365	1.05986	2.06957	14.52308
28600	-7541.734	-7455.778	-85.95647	1.95209	0.287488	0.64982	1.06874	1.99395	13.9627
28610	-7534.585	-7440.876	-93.70928	1.727179	0.258382	0.622467	1.06138	2.05777	14.76047
28620	-7527.842	-7431.39	-96.45138	2.025047	0.296246	0.657651	1.0706	1.9755	15.00489
28630	-7543.01	-7439.447	-103.5637	2.119879	0.307177	0.667185	1.07272	1.95292	15.70664
28640	-7554.798	-7453.673	-101.1248	2.337502	0.330488	0.686692	1.07652	1.90629	15.44099
28650	-7540.458	-7439.253	-101.2051	2.362408	0.333011	0.68874	1.07688	1.90137	15.44653
28660	-7557.02	-7460.665	-96.35477	1.82895	0.271965	0.635498	1.06505	2.02748	15.01484
28670	-7531.619	-7436.05	-95.56911	1.936565	0.285583	0.648094	1.06832	1.998	14.92551
28680	-7530.515	-7441.626	-88.88931	1.835716	0.272843	0.636324	1.06528	2.02556	14.26762
28690	-7533.745	-7430.277	-103.4687	2.334079	0.33014	0.686408	1.07647	1.90698	15.67572
28700	-7541.595	-7449.969	-91.62513	1.994481	0.292615	0.654426	1.06985	1.98311	14.52532
28710	-7529.091	-7438.678	-90.41397	2.202317	0.316286	0.674936	1.07432	1.93446	14.38342
28720	-7537.964	-7449.489	-88.47474	1.755019	0.262168	0.626149	1.06245	2.04923	14.23423
28730	-7529.509	-7439.134	-90.37484	1.735663	0.259541	0.623599	1.06171	2.05515	14.42618
28740	-7532.727	-7442.701	-90.02607	1.794429	0.267437	0.631207	1.06388	2.03748	14.38542
28750	-7558.25	-7460.271	-97.97883	2.249451	0.321338	0.679164	1.07514	1.92436	15.1352
28760	-7541.198	-7445.951	-95.24661	2.109773	0.306035	0.666201	1.07251	1.95525	14.87594
28770	-7517.266	-7426.357	-90.90898	2.414249	0.338173	0.692892	1.07758	1.89135	14.41173
28780	-7513.386	-7425.35	-88.03607	1.711279	0.256194	0.620322	1.06075	2.06274	14.19474
28790	-7543.681	-7447.885	-95.79574	2.339614	0.330703	0.686867	1.07656	1.90587	14.90787
28800	-7549.69	-7457.253	-92.4372	2.288324	0.325423	0.682545	1.07577	1.91626	14.57715
28810	-7537.175	-7449.375	-87.80034	1.923016	0.283909	0.646569	1.06794	2.00158	14.14999
28820	-7540.064	-7434.574	-105.4905	2.302992	0.326946	0.683796	1.076	1.91325	15.88101
28830	-7528.899	-7437.34	-91.5589	1.738584	0.259939	0.623986	1.06182	2.05425	14.54429
28840	-7533.614	-7445.368	-88.24528	1.753703	0.26199	0.625977	1.0624	2.04963	14.21142
28850	-7536.205	-7432.028	-104.1767	2.047585	0.29889	0.65998	1.07114	1.96999	15.77517
28860	-7534.702	-7441.709	-92.99311	2.086159	0.303347	0.663874	1.072	1.96078	14.65295
28870	-7549.366	-7443.202	-106.1633	2.185059	0.314408	0.673352	1.074	1.93824	15.96008
28880	-7547.794	-7443.717	-104.0774	1.942329	0.286292	0.648738	1.06848	1.99649	15.77577
28890	-7553.182	-7459.027	-94.15487	2.099114	0.304826	0.665156	1.07228	1.95774	14.76783
28900	-7524.424	-7437.411	-87.01311	2.019445	0.295585	0.657066	1.07047	1.97688	14.06162
28910	-7532.359	-7459.369	-72.99028	1.478876	0.222041	0.585002	1.04916	2.1438	12.7134
28920	-7533.653	-7451.766	-81.88766	1.891039	0.279912	0.642903	1.06701	2.01018	13.56192
28930	-7527.458	-7433.733	-93.7254	1.94904	0.287115	0.649483	1.06866	1.99474	14.73989
28940	-7533.18	-7435.614	-97.56606	2.19614	0.315615	0.674372	1.0742	1.93581	15.09925
28950	-7520.563	-7434.712	-85.851	1.840049	0.273404	0.63685	1.06542	2.02433	13.96335
28960	-7534.993	-7443.051	-91.94165	2.258678	0.322314	0.679975	1.07529	1.92242	14.53056
28970	-7540.335	-7449.48	-90.85483	1.712924	0.256421	0.620546	1.06081	2.06222	14.47645
28980	-7544.116	-7459.782	-84.33387	2.331459	0.329872	0.68619	1.07644	1.9075	13.7625
28990	-7531.535	-7443.704	-87.83086	1.732713	0.259139	0.623206	1.0616	2.05606	14.17207
29000	-7515.914	-7430.599	-85.31503	2.21472	0.317626	0.676063	1.07454	1.93177	13.87229
29010	-7531.342	-7435.785	-95.55608	1.584413	0.238073	0.602029	1.05502	2.10488	14.95942
29020	-7533.66	-7443.37	-90.29028	2.134791	0.308851	0.668622	1.07302	1.9495	14.37781
29030	-7540.262	-7443.852	-96.41019	2.177107	0.313537	0.672616	1.07385	1.94	14.98557
29040	-7521.816	-7433.714	-88.10247	1.885406	0.279201	0.642247	1.06684	2.01171	14.18396
29050	-7518.397	-7429.915	-88.4817	2.267688	0.323264	0.680761	1.07544	1.92053	14.18366
29060	-7525.336	-7434.698	-90.6375	2.567863	0.352798	0.704396	1.07936	1.86345	14.36922
29070	-7527.552	-7427.363	-100.1886	2.236735	0.319986	0.678037	1.07492	1.92705	15.35745
29080	-7547.026	-7454.799	-92.22747	2.293487	0.32596	0.682987	1.07586	1.9152	14.55566
29090	-7514.185	-7430.086	-84.09838	1.85085	0.274796	0.638154	1.06577	2.02128	13.78701
29100	-7535.094	-7443.699	-91.39493	2.160104	0.311665	0.671026	1.07352	1.94378	14.48574
29110	-7519.543	-7434.357	-85.18557	1.613658	0.242358	0.606443	1.05645	2.09475	13.91945
29120	-7558.115	-7442.285	-115.8299	1.512333	0.227221	0.590596	1.05114	2.13104	16.99401
29130	-7524.182	-7441.367	-82.8153	1.871128	0.27739	0.640571	1.0664	2.01564	13.65668
29140	-7532.561	-7446.565	-85.9962	2.129409	0.308248	0.668105	1.07291	1.95073	13.94894
29150	-7530.825	-7442.597	-88.22826	1.34494	0.200345	0.560533	1.03985	2.19927	14.25059
29160	-7544.778	-7456.665	-88.11382	1.819011	0.270669	0.634276	1.06472	2.03033	14.19174
29170	-7525.775	-7431.168	-94.60736	1.923377	0.283953	0.64661	1.06795	2.00149	14.83066
29180	-7529.332	-7438.425	-90.90621	2.293838	0.325997	0.683017	1.07586	1.91513	14.4235
29190	-7535.451	-7438.34	-97.1115	2.003972	0.293748	0.655435	1.07009	1.98073	15.07301
29200	-7522.582	-7435.051	-87.53098	1.59331	0.239384	0.603385	1.05546	2.10177	14.15603
29210	-7539.636	-7443.081	-96.55451	1.889651	0.279737	0.642742	1.06697	2.01056	15.02874
29220	-7522.461	-7419.139	-103.322	2.130551	0.308376	0.668215	1.07294	1.95047	15.68141
29230	-7544.596	-7450.406	-94.19085	2.07794	0.302404	0.663054	1.07182	1.96272	14.77355
29240	-7527.547	-7436.967	-90.58061	2.129285	0.308234	0.668093	1.07291	1.95076	14.40739
29250	-7539.009	-7446.249	-92.75994	2.351046	0.331864	0.68781	1.07672	1.90361	14.60315
29260	-7529.089	-7434.294	-94.79495	2.032217	0.29709	0.658396	1.07078	1.97374	14.83853
29270	-7549.972	-7450.37	-99.60262	1.971256	0.289819	0.651922	1.06925	1.98901	15.32539
29280	-7529.029	-7440.65	-88.37958	1.781116	0.265669	0.629518	1.06341	2.04141	14.2221
29290	-7515.635	-7425.917	-89.71882	2.111808	0.306266	0.6664	1.07255	1.95478	14.32296
29300	-7535.11	-7443.616	-91.49422	1.813389	0.269933	0.63358	1.06453	2.03195	14.53034
29310	-7543.678	-7446.473	-97.20503	2.22076	0.318276	0.676608	1.07465	1.93047	15.06068
29320	-7525.576	-7435.84	-89.73563	1.985321	0.291516	0.653444	1.06962	1.98542	14.33729
29330	-7533.95	-7440.069	-93.8808	1.885616	0.279227	0.642272	1.06684	2.01166	14.76178
29340	-7528.408	-7441.303	-87.10494	2.083802	0.303077	0.663639	1.07195	1.96133	14.06437
29350	-7516.662	-7423.617	-93.04452	2.045305	0.298623	0.659746	1.07108	1.97055	14.66218
29360	-7536.514	-7442.997	-93.517	1.875408	0.277934	0.641075	1.06653	2.01446	14.72642
29370	-7527.156	-7428.67	-98.48607	1.846579	0.274246	0.63764	1.06563	2.02248	15.22621
29380	-7524.207	-7435.455	-88.75221	1.985505	0.291538	0.653463	1.06962	1.98538	14.23893
29390	-7529.526	-7431.787	-97.73874	2.112889	0.306388	0.666505	1.07257	1.95453	15.12484
29400	-7522.79	-7429.163	-93.62624	2.260071	0.322461	0.680097	1.07532	1.92213	14.69887
29410	-7516.912	-7429.769	-87.14254	1.855726	0.275422	0.638739	1.06592	2.01992	14.09094
29420	-7524.529	-7434.276	-90.25328	1.927738	0.284493	0.647103	1.06807	2.00033	14.39481
29430	-7537.655	-7455.529	-82.12643	1.922004	0.283783	0.646455	1.06791	2.00185	13.5827
29440	-7555.709	-7451.115	-104.5944	2.186909	0.31461	0.673523	1.07403	1.93783	15.803
29450	-7529.873	-7448.498	-81.37439	1.797344	0.267822	0.631575	1.06398	2.03662	13.51996
29460	-7525.295	-7435.304	-89.99038	1.620788	0.243393	0.6075	1.05679	2.09231	14.39922
29470	-7532.734	-7441.385	-91.34892	2.072055	0.301727	0.662463	1.07169	1.96412	14.48995
29480	-7528.684	-7428.219	-100.4649	2.089927	0.303778	0.664248	1.07209	1.95989	15.39976
29490	-7513.012	-7428.463	-84.54945	2.149375	0.310476	0.670013	1.07331	1.9462	13.80227
29500	-7544.226	-7451.537	-92.68858	1.797126	0.267793	0.631547	1.06397	2.03669	14.6514
29510	-7537.781	-7433.387	-104.3937	1.646392	0.247077	0.611239	1.05798	2.08371	15.83699
29520	-7531.889	-7433.802	-98.08714	2.20353	0.316417	0.675047	1.07434	1.9342	15.15062
29530	-7529.231	-7432.115	-97.116	2.126564	0.307929	0.667831	1.07286	1.95138	15.0612
29540	-7539.443	-7443.457	-95.98591	2.233505	0.319641	0.677749	1.07487	1.92774	14.9375
29550	-7523.172	-7440.156	-83.01569	1.586331	0.238356	0.602323	1.05511	2.10421	13.70519
29560	-7527.669	-7436.55	-91.11954	2.307129	0.327373	0.684147	1.07607	1.91241	14.4435
29570	-7547.415	-7458.025	-89.39066	1.788036	0.266589	0.630399	1.06365	2.03936	14.32252
29580	-7550.225	-7454.43	-95.79509	1.776173	0.265009	0.628886	1.06323	2.04288	14.96415
29590	-7556.863	-7453.647	-103.2154	2.070571	0.301556	0.662314	1.07166	1.96447	15.67674
29600	-7568.126	-7464.308	-103.8184	2.948494	0.385238	0.728636	1.08225	1.80388	15.64925
29610	-7552.934	-7455.557	-97.37781	2.54486	0.350669	0.702745	1.07912	1.86747	15.04555
29620	-7530.475	-7443.81	-86.66548	2.156963	0.311318	0.67073	1.07346	1.94449	14.01311
29630	-7523.855	-7442.153	-81.7022	1.905235	0.281694	0.644543	1.06743	2.00634	13.54195
29640	-7546.622	-7460.863	-85.75865	1.767713	0.263877	0.627797	1.06292	2.04541	13.96135
29650	-7532.152	-7442.789	-89.36381	1.718822	0.257234	0.621344	1.06105	2.06037	14.32676
29660	-7547.097	-7449.149	-97.94826	2.22282	0.318497	0.676793	1.07468	1.93003	15.1348
29670	-7543.878	-7442.919	-100.9585	1.888758	0.279624	0.642638	1.06694	2.0108	15.46924
29680	-7527.429	-7432.911	-94.51751	1.945265	0.286652	0.649064	1.06856	1.99573	14.81948
29690	-7541.265	-7446.234	-95.03112	1.874915	0.277872	0.641017	1.06652	2.01459	14.87788
29700	-7533.524	-7442.079	-91.44568	1.904926	0.281655	0.644507	1.06742	2.00642	14.51633
29710	-7519.65	-7433.56	-86.09062	2.046637	0.298779	0.659883	1.07111	1.97022	13.96666
29720	-7549.288	-7437.931	-111.357	1.583339	0.237914	0.601865	1.05496	2.10526	16.53963
29730	-7540.618	-7447.277	-93.34063	1.715761	0.256813	0.62093	1.06093	2.06133	14.72475
29740	-7532.182	-7434.343	-97.83901	1.84385	0.273895	0.637311	1.06554	2.02325	15.16177
29750	-7532.804	-7445.861	-86.94326	1.980724	0.290963	0.652948	1.0695	1.98659	14.05851
29760	-7548.243	-7462.767	-85.476	1.982839	0.291218	0.653176	1.06955	1.98605	13.91157
29770	-7518.328	-7435.369	-82.95882	2.131316	0.308462	0.668289	1.07295	1.9503	13.64501
29780	-7520.485	-7433.723	-86.76171	1.736974	0.25972	0.623773	1.06176	2.05474	14.06473
29790	-7533.928	-7439.605	-94.32292	2.692068	0.363942	0.712915	1.08051	1.84264	14.72534
29800	-7543.312	-7439.816	-103.4962	2.132378	0.308581	0.668391	1.07297	1.95005	15.69864
29810	-7524.994	-7431.259	-93.73528	2.204455	0.316517	0.675131	1.07435	1.934	14.71534
29820	-7545.922	-7453.25	-92.67219	1.650109	0.247608	0.611774	1.05814	2.08248	14.66447
29830	-7533.05	-7443.404	-89.64579	1.943916	0.286487	0.648914	1.06852	1.99608	14.33245
29840	-7529.301	-7432.289	-97.01225	1.873492	0.277691	0.64085	1.06648	2.01498	15.07613
29850	-7547.118	-7451.734	-95.38418	2.066897	0.301132	0.661944	1.07158	1.96535	14.89399
29860	-7528.854	-7444.018	-84.83623	1.946467	0.2868	0.649198	1.06859	1.99541	13.85123
29870	-7522.455	-7441.676	-80.77811	2.056631	0.299942	0.660904	1.07134	1.96781	13.43441
29880	-7554.501	-7457.378	-97.1231	2.262114	0.322677	0.680275	1.07535	1.9217	15.04836
29890	-7546.142	-7449.674	-96.4684	2.276973	0.324238	0.681567	1.07559	1.9186	14.9814
29900	-7524.267	-7438.256	-86.01169	1.735453	0.259513	0.623571	1.0617	2.05521	13.98988
29910	-7537.589	-7442.451	-95.13785	2.024252	0.296153	0.657568	1.07058	1.97569	14.87362
29920	-7536.057	-7448.619	-87.4383	2.061347	0.300489	0.661383	1.07145	1.96668	14.09995
29930	-7536.125	-7444.597	-91.52759	1.818183	0.270561	0.634173	1.06469	2.03057	14.5332
29940	-7543.65	-7446.447	-97.20283	2.104236	0.305408	0.665659	1.07239	1.95654	15.07212
29950	-7545.876	-7445.859	-100.017	2.341215	0.330866	0.687	1.07658	1.90556	15.32984
29960	-7517.426	-7425.085	-92.34081	1.974532	0.290216	0.652278	1.06934	1.98817	14.59889
29970	-7521.352	-7433.237	-88.11475	1.973573	0.2901	0.652174	1.06931	1.98841	14.17638
29980	-7530.182	-7439.419	-90.76346	1.78245	0.265846	0.629688	1.06345	2.04101	14.46036
29990	-7529.945	-7442.801	-87.14338	2.446027	0.341279	0.695367	1.07799	1.88537	14.03199
30000	-7530.938	-7433.551	-97.38638	1.813164	0.269904	0.633552	1.06453	2.03202	15.11958
30010	-7546.222	-7456.841	-89.3813	1.83329	0.272528	0.636028	1.0652	2.02625	14.31706
30020	-7535.264	-7439.163	-96.10083	2.213996	0.317548	0.675997	1.07453	1.93193	14.95094
30030	-7530.863	-7438.872	-91.99052	2.011587	0.294654	0.65624	1.07028	1.97883	14.56015
30040	-7533.987	-7444.248	-89.73975	1.854107	0.275215	0.638545	1.06587	2.02037	14.35082
30050	-7544.977	-7446.125	-98.85238	1.792135	0.267133	0.630918	1.0638	2.03815	15.26828
30060	-7525.838	-7435.405	-90.43331	2.207776	0.316876	0.675433	1.07441	1.93328	14.38481
30070	-7538.063	-7446.063	-91.99968	2.051396	0.299334	0.66037	1.07122	1.96907	14.55709
30080	-7520.507	-7431.227	-89.28029	1.665178	0.249749	0.613925	1.05881	2.07752	14.32377
30090	-7537.311	-7444.264	-93.04684	2.008901	0.294335	0.655957	1.07021	1.9795	14.66605
30100	-7537.013	-7447.775	-89.23764	2.085696	0.303294	0.663828	1.07199	1.96089	14.27745
30110	-7537.38	-7459.439	-77.94042	1.902037	0.281294	0.644175	1.06733	2.0072	13.1661
30120	-7542.995	-7445.834	-97.1609	1.896767	0.280632	0.643567	1.06718	2.00862	15.08867
30130	-7536.668	-7433.421	-103.2466	1.932593	0.285093	0.647649	1.06821	1.99905	15.69366
30140	-7551.472	-7442.008	-109.4648	2.504746	0.346906	0.699807	1.07868	1.87461	16.25826
30150	-7539.101	-7438.48	-100.6212	1.737217	0.259753	0.623805	1.06177	2.05467	15.45065
30160	-7523.675	-7435.463	-88.21161	2.229117	0.319172	0.677358	1.07479	1.92868	14.16051
30170	-7549.656	-7453.912	-95.74492	1.891254	0.279939	0.642928	1.06701	2.01012	14.94763
30180	-7546.779	-7454.991	-91.7875	2.191305	0.315089	0.673928	1.07411	1.93687	14.52188
30190	-7537.346	-7449.394	-87.95216	2.154043	0.310995	0.670455	1.07341	1.94514	14.14207
30200	-7541.198	-7446.292	-94.90587	2.191436	0.315103	0.67394	1.07412	1.93684	14.8337
30210	-7543.124	-7450.25	-92.87308	1.97191	0.289898	0.651993	1.06927	1.98884	14.65238
30220	-7531.892	-7433.776	-98.11633	2.237159	0.320031	0.678075	1.07493	1.92696	15.15018
30230	-7529.5	-7431.895	-97.60508	2.341202	0.330865	0.686998	1.07658	1.90556	15.08865
30240	-7533.797	-7442.224	-91.57258	2.249053	0.321296	0.679129	1.07513	1.92444	14.49461
30250	-7518.064	-7422.598	-95.46668	2.044176	0.298492	0.659631	1.07106	1.97082	14.90451
30260	-7541.97	-7448.522	-93.44793	2.216601	0.317828	0.676233	1.07457	1.93137	14.68539
30270	-7544.784	-7438.013	-106.7707	2.030628	0.296904	0.658232	1.07074	1.97413	16.03626
30280	-7535.57	-7439.32	-96.25007	1.934665	0.285349	0.647881	1.06827	1.9985	14.9938
30290	-7533.244	-7444.79	-88.45372	1.705946	0.255456	0.619596	1.06053	2.06442	14.23704
30300	-7546.943	-7449.659	-97.28397	1.919444	0.283465	0.646165	1.06784	2.00253	15.09871
30310	-7544.273	-7447.273	-96.99946	1.690415	0.253296	0.617461	1.05989	2.06935	15.09316
30320	-7550.984	-7452.37	-98.61382	2.101781	0.305129	0.665418	1.07234	1.95711	15.21346
30330	-7540.099	-7443.028	-97.07165	2.066125	0.301042	0.661866	1.07156	1.96553	15.06281
30340	-7539.762	-7449.674	-90.08774	1.910396	0.282339	0.645134	1.06758	2.00495	14.37999
30350	-7538.714	-7442.102	-96.61239	2.340499	0.330793	0.68694	1.07657	1.9057	14.98945
30360	-7526.752	-7430.15	-96.60191	1.831383	0.272281	0.635796	1.06513	2.02679	15.03931
30370	-7531.179	-7434.433	-96.74592	1.865105	0.276623	0.639857	1.06622	2.0173	15.05034
30380	-7553.027	-7447.939	-105.0877	2.428145	0.339537	0.693981	1.07776	1.88872	15.82821
30390	-7540.076	-7444.011	-96.06491	2.188995	0.314837	0.673715	1.07407	1.93738	14.94985
30400	-7528.894	-7442.726	-86.16855	1.835772	0.27285	0.636331	1.06528	2.02554	13.99554
30410	-7532.719	-7448.819	-83.89972	2.047299	0.298856	0.659951	1.07113	1.97006	13.7475
30420	-7522.479	-7437.814	-84.66413	2.129312	0.308237	0.668096	1.07291	1.95075	13.81574
30430	-7531.48	-7435.086	-96.39453	1.822337	0.271103	0.634686	1.06483	2.02938	15.01948
30440	-7520.642	-7425.467	-95.17505	1.869777	0.277218	0.640411	1.06636	2.01601	14.89279
30450	-7533.702	-7433.18	-100.5217	2.035746	0.297505	0.658762	1.07086	1.97287	15.41085
30460	-7535.089	-7438.828	-96.2609	2.165326	0.312242	0.671516	1.07362	1.94262	14.97182
30470	-7543.781	-7450.74	-93.04173	1.963498	0.288878	0.651075	1.06905	1.991	14.67008
30480	-7552.985	-7461.526	-91.45897	1.476142	0.221613	0.584536	1.04899	2.14486	14.56054
30490	-7531.177	-7440.832	-90.34578	1.595996	0.239778	0.603792	1.05559	2.10083	14.43724
30500	-7542.617	-7449.314	-93.30309	1.958277	0.288243	0.650502	1.06891	1.99235	14.69674
30510	-7528.118	-7443.354	-84.76438	1.694375	0.253849	0.618008	1.06006	2.06809	13.86926
30520	-7518.537	-7435.579	-82.95814	2.03307	0.297191	0.658485	1.0708	1.97353	13.65476
30530	-7542.746	-7443.102	-99.64377	1.751698	0.261719	0.625714	1.06232	2.05024	15.35147
30540	-7534.93	-7441.203	-93.72759	2.162847	0.311968	0.671284	1.07358	1.94317	14.71873
30550	-7543.192	-7453.042	-90.15021	1.980796	0.290971	0.652956	1.0695	1.98657	14.3792
30560	-7547.007	-7450.878	-96.12859	1.849555	0.27463	0.637999	1.06573	2.02165	14.99016
30570	-7528.573	-7439.745	-88.82793	1.647283	0.247204	0.611367	1.05802	2.08341	14.28032
30580	-7524.054	-7440.686	-83.36817	2.2575	0.32219	0.679871	1.07527	1.92266	13.67333
30590	-7528.334	-7441.891	-86.44352	1.984217	0.291383	0.653325	1.06959	1.9857	14.00819
30600	-7532.564	-7443.899	-88.66528	2.279977	0.324552	0.681826	1.07564	1.91798	14.20079
30610	-7539.515	-7450.86	-88.65531	1.888942	0.279647	0.642659	1.06694	2.01075	14.23889
30620	-7538.42	-7443.742	-94.6779	2.126792	0.307954	0.667853	1.07286	1.95133	14.81737
30630	-7524.291	-7431.645	-92.64678	1.791899	0.267102	0.630888	1.06379	2.03822	14.64775
30640	-7527.132	-7441.754	-85.37835	1.865456	0.276667	0.639899	1.06623	2.01721	13.91355
30650	-7531.137	-7433.948	-97.18949	2.000424	0.293325	0.655059	1.07	1.98162	15.08117
30660	-7546.015	-7455.227	-90.78823	1.698373	0.254405	0.618559	1.06022	2.06682	14.47124
30670	-7528.804	-7433.953	-94.85087	1.728628	0.25858	0.622661	1.06144	2.05732	14.87448
30680	-7526.216	-7447.291	-78.92481	1.94814	0.287004	0.649383	1.06864	1.99498	13.25993
30690	-7541.986	-7452.335	-89.65149	2.594959	0.355279	0.706311	1.07963	1.85878	14.26791
30700	-7536.086	-7436.269	-99.81655	1.858426	0.275768	0.639062	1.06601	2.01916	15.35807
30710	-7541.391	-7444.656	-96.73512	2.094183	0.304264	0.664669	1.07218	1.95889	15.02635
30720	-7526.473	-7437.34	-89.13326	1.908155	0.282059	0.644878	1.06751	2.00555	14.28477
30730	-7523.147	-7429.445	-93.70256	2.143781	0.309854	0.669481	1.0732	1.94746	14.71814
30740	-7532.41	-7450.603	-81.80677	2.109109	0.30596	0.666136	1.07249	1.95541	13.53202
30750	-7534.637	-7443.773	-90.86397	1.564915	0.235178	0.599017	1.05402	2.11179	14.49216
30760	-7539.992	-7450.784	-89.20849	2.199708	0.316003	0.674698	1.07427	1.93503	14.26314
30770	-7541.674	-7448.988	-92.68644	2.004345	0.293793	0.655475	1.0701	1.98063	14.63047
30780	-7542.578	-7445.028	-97.54997	1.822752	0.271158	0.634737	1.06485	2.02926	15.13498
30790	-7531.002	-7433.019	-97.98265	1.989559	0.292025	0.653899	1.06973	1.98435	15.16157
30800	-7538.438	-7446.539	-91.89823	2.015601	0.29513	0.656662	1.07038	1.97783	14.55052
30810	-7537.731	-7438.375	-99.35587	2.010348	0.294507	0.65611	1.07025	1.97914	15.29681
30820	-7542.888	-7445.372	-97.5153	2.005331	0.29391	0.655579	1.07012	1.98039	15.11325
30830	-7538.311	-7444.699	-93.61211	1.773518	0.264655	0.628545	1.06313	2.04367	14.74612
30840	-7551.971	-7451.06	-100.9103	2.00973	0.294433	0.656044	1.07023	1.97929	15.45231
30850	-7541.318	-7456.375	-84.9436	1.88776	0.279498	0.642522	1.06691	2.01107	13.86784
30860	-7550.081	-7455.18	-94.90082	2.042933	0.298346	0.659503	1.07103	1.97112	14.84805
30870	-7529.27	-7447.533	-81.73779	1.885497	0.279212	0.642258	1.06684	2.01169	13.54749
30880	-7525.947	-7445.05	-80.89712	2.037651	0.297728	0.658959	1.0709	1.97241	13.44821
30890	-7529.849	-7445.664	-84.1857	1.834114	0.272635	0.636129	1.06522	2.02601	13.79742
30900	-7532.157	-7444.968	-87.18971	1.893746	0.280252	0.643217	1.06709	2.00944	14.09185
30910	-7544.214	-7443.138	-101.0768	2.077817	0.30239	0.663041	1.07182	1.96275	15.46216
30920	-7542.953	-7452.969	-89.98401	2.774341	0.371014	0.718216	1.08115	1.82962	14.28322
30930	-7555.159	-7466.758	-88.40073	1.95472	0.287809	0.650111	1.06881	1.99327	14.20686
30940	-7531.548	-7434.425	-97.12262	2.03631	0.297571	0.65882	1.07087	1.97274	15.07089
30950	-7532.462	-7437.824	-94.63846	1.914135	0.282805	0.645561	1.06768	2.00395	14.83469
30960	-7541.613	-7450.07	-91.54348	1.531482	0.230145	0.593714	1.05222	2.12392	14.56346
30970	-7534.099	-7446.964	-87.13468	1.641137	0.246325	0.610479	1.05774	2.08546	14.11161
30980	-7521.21	-7431.14	-90.06964	1.89085	0.279888	0.642881	1.067	2.01023	14.38014
30990	-7516.885	-7430.647	-86.23743	2.200588	0.316098	0.674779	1.07428	1.93484	13.96594
31000	-7523.431	-7442.654	-80.77748	2.195237	0.315517	0.674289	1.07419	1.93601	13.42048
31010	-7541.623	-7447.333	-94.28929	2.093182	0.30415	0.66457	1.07216	1.95912	14.78187
31020	-7552.679	-7454.822	-97.85692	2.201896	0.31624	0.674898	1.07431	1.93455	15.12776
31030	-7538.243	-7436.109	-102.1341	2.113928	0.306505	0.666606	1.0726	1.95429	15.56428
31040	-7530.838	-7433.19	-97.64846	1.841498	0.273591	0.637026	1.06547	2.02392	15.14295
31050	-7521.206	-7431.938	-89.26789	2.025372	0.296285	0.657685	1.07061	1.97542	14.28651
31060	-7525.078	-7435.225	-89.85303	2.204932	0.316569	0.675175	1.07436	1.93389	14.32707
31070	-7534.864	-7439.698	-95.16527	2.055093	0.299764	0.660747	1.07131	1.96818	14.87328
31080	-7544.147	-7460.207	-83.94007	1.997765	0.293008	0.654776	1.06993	1.98228	13.75649
31090	-7546.869	-7458.343	-88.52579	1.914232	0.282817	0.645572	1.06769	2.00392	14.22341
31100	-7554.581	-7460.513	-94.06775	1.686649	0.25277	0.616938	1.05973	2.07056	14.80037
31110	-7523.263	-7429.369	-93.89369	2.22539	0.318773	0.677024	1.07473	1.92948	14.72909
31120	-7541.619	-7455.59	-86.02921	2.016271	0.295209	0.656733	1.07039	1.97767	13.96355
31130	-7549.553	-7451.751	-97.80183	2.300233	0.32666	0.683562	1.07596	1.91382	15.11242
31140	-7536.958	-7435.071	-101.8879	2.447463	0.341418	0.695478	1.07801	1.8851	15.5063
31150	-7516.351	-7428.432	-87.91874	2.133339	0.308688	0.668483	1.07299	1.94983	14.1408
31160	-7530.973	-7441.087	-89.88613	1.593822	0.239459	0.603463	1.05549	2.10159	14.39149
31170	-7523.102	-7429.421	-93.68099	2.186553	0.314571	0.67349	1.07403	1.93791	14.7117
31180	-7534.96	-7436.194	-98.76549	1.741014	0.26027	0.624308	1.06192	2.0535	15.26471
31190	-7539.676	-7442.763	-96.91241	1.735106	0.259465	0.623525	1.06169	2.05532	15.07999
31200	-7530.716	-7430.423	-100.2929	1.947888	0.286974	0.649355	1.06863	1.99504	15.39676
31210	-7504.44	-7420.606	-83.83456	2.023086	0.296015	0.657446	1.07056	1.97598	13.74341
31220	-7534.311	-7435.067	-99.24333	2.227634	0.319013	0.677225	1.07477	1.929	15.26383
31230	-7524.459	-7434.14	-90.31807	2.002032	0.293517	0.65523	1.07004	1.98121	14.39386
31240	-7538.865	-7455.44	-83.42473	1.910132	0.282306	0.645104	1.06757	2.00502	13.71372
31250	-7509.273	-7423.605	-85.66735	1.767676	0.263872	0.627793	1.06292	2.04542	13.95223
31260	-7550.367	-7453.085	-97.28115	2.03706	0.297659	0.658898	1.07089	1.97255	15.08667
31270	-7534.82	-7447.323	-87.49679	1.988225	0.291865	0.653756	1.06969	1.98469	14.11311
31280	-7532.735	-7436.547	-96.18726	1.751746	0.261726	0.625721	1.06233	2.05023	15.00581
31290	-7532.775	-7442.328	-90.4463	2.165318	0.312241	0.671516	1.07362	1.94262	14.39036
31300	-7530.631	-7438.703	-91.92819	2.162788	0.311962	0.671278	1.07358	1.94318	14.5388
31310	-7550.867	-7457.114	-93.75255	1.657903	0.248717	0.61289	1.05849	2.0799	14.77172
31320	-7519.716	-7418.493	-101.2225	2.169392	0.31269	0.671897	1.0737	1.94171	15.46757
31330	-7532.523	-7434.47	-98.05342	2.442897	0.340975	0.695126	1.07795	1.88595	15.12331
31340	-7532.788	-7426.856	-105.9326	2.043525	0.298416	0.659564	1.07104	1.97098	15.95117
31350	-7533.239	-7442.078	-91.1609	2.157578	0.311386	0.670788	1.07348	1.94435	14.46259
31360	-7525.157	-7430.876	-94.28058	1.859384	0.275891	0.639176	1.06604	2.0189	14.80438
31370	-7546.499	-7454.914	-91.58577	1.890754	0.279876	0.64287	1.067	2.01026	14.53176
31380	-7546.636	-7447.7	-98.93611	2.011159	0.294603	0.656195	1.07027	1.97894	15.25475
31390	-7544.444	-7444.226	-100.2178	2.285243	0.325102	0.68228	1.07573	1.91689	15.35551
31400	-7507.761	-7425.763	-81.99777	1.693494	0.253726	0.617886	1.06002	2.06837	13.59269
31410	-7527.531	-7439.8	-87.73132	1.85925	0.275874	0.63916	1.06603	2.01893	14.14947
31420	-7516.888	-7426.35	-90.53787	1.733185	0.259203	0.623269	1.06162	2.05591	14.44273
31430	-7532.513	-7439.694	-92.81885	1.86212	0.276241	0.639502	1.06612	2.01813	14.65793
31440	-7546.252	-7443.146	-103.1062	2.058801	0.300194	0.661124	1.07139	1.96729	15.667
31450	-7536.16	-7438.748	-97.41236	2.341561	0.330902	0.687028	1.07658	1.90549	15.06934
31460	-7538.961	-7442.723	-96.23806	2.088956	0.303667	0.664152	1.07206	1.96012	14.97717
31470	-7540.435	-7445.494	-94.9406	1.665193	0.249751	0.613927	1.05881	2.07751	14.8898
31480	-7521.399	-7430.665	-90.73407	1.801041	0.26831	0.632039	1.06411	2.03554	14.45556
31490	-7512.447	-7432.009	-80.43834	1.740233	0.260164	0.624205	1.06189	2.05374	13.43207
31500	-7515.763	-7435.725	-80.03851	2.087225	0.303469	0.66398	1.07203	1.96052	13.35739
31510	-7518.891	-7430.532	-88.35864	2.077251	0.302325	0.662985	1.07181	1.96288	14.1904
31520	-7518.199	-7428.432	-89.76633	2.060736	0.300419	0.661321	1.07144	1.96682	14.33282
31530	-7536.185	-7445.388	-90.79666	2.4348	0.340187	0.694499	1.07785	1.88747	14.39844
31540	-7542.621	-7453.137	-89.48429	2.217751	0.317952	0.676337	1.07459	1.93112	14.28891
31550	-7556.748	-7449.769	-106.9788	2.254288	0.32185	0.679589	1.07522	1.92334	16.03471
31560	-7526.044	-7424.857	-101.1879	1.836585	0.272955	0.63643	1.06531	2.02531	15.49739
31570	-7529.201	-7452.82	-76.38105	2.027261	0.296507	0.657882	1.07066	1.97495	12.99764
31580	-7536.535	-7445.021	-91.51429	1.746496	0.261015	0.625031	1.06213	2.05183	14.53904
31590	-7519.342	-7427.768	-91.57318	2.047706	0.298904	0.659993	1.07114	1.96996	14.51481
31600	-7534.783	-7437.465	-97.31787	1.80276	0.268537	0.632255	1.06417	2.03504	15.11377
31610	-7562.196	-7456.102	-106.0947	1.982894	0.291224	0.653182	1.06956	1.98604	15.97343
31620	-7532.414	-7443.011	-89.4029	1.850295	0.274725	0.638088	1.06575	2.02144	14.31752
31630	-7528.19	-7425.585	-102.6058	1.834424	0.272675	0.636167	1.06523	2.02592	15.63939
31640	-7519.49	-7431.637	-87.85273	1.970782	0.289762	0.65187	1.06924	1.98913	14.15045
31650	-7519.251	-7434.678	-84.57301	2.280535	0.32461	0.681875	1.07565	1.91786	13.79151
31660	-7529.427	-7441.024	-88.40226	1.706847	0.255581	0.619719	1.06057	2.06413	14.2318
31670	-7547.145	-7458.761	-88.38391	2.18169	0.314039	0.673041	1.07394	1.93898	14.18248
31680	-7523.544	-7427.644	-95.90055	1.749305	0.261396	0.6254	1.06223	2.05097	14.97738
31690	-7534.046	-7436.68	-97.36624	1.615387	0.24261	0.6067	1.05654	2.09415	15.13734
31700	-7532.259	-7446.692	-85.56667	1.896167	0.280557	0.643498	1.06716	2.00879	13.92931
31710	-7536.163	-7446.54	-89.62269	2.358406	0.332608	0.688413	1.07683	1.90215	14.28869
31720	-7521.434	-7435.967	-85.46678	2.001608	0.293467	0.655185	1.07003	1.98132	13.90878
31730	-7520.712	-7431.787	-88.92431	2.242234	0.320571	0.678526	1.07502	1.92589	14.23047
31740	-7528.062	-7438.109	-89.95339	2.010437	0.294517	0.656119	1.07025	1.97911	14.35655
31750	-7530.745	-7444.826	-85.91899	1.42739	0.213885	0.576007	1.04586	2.16425	14.01142
31760	-7536.881	-7447.114	-89.76717	2.276346	0.324172	0.681513	1.07558	1.91873	14.31134
31770	-7530.602	-7437.23	-93.37132	2.107172	0.305741	0.665947	1.07245	1.95586	14.68867
31780	-7511.165	-7421.223	-89.94141	1.820664	0.270885	0.63448	1.06478	2.02986	14.37433
31790	-7523.05	-7428.375	-94.6748	1.632423	0.245073	0.60921	1.05734	2.08838	14.8665
31800	-7530.332	-7444.354	-85.97776	1.983941	0.29135	0.653295	1.06958	1.98577	13.96164
31810	-7542.339	-7442.312	-100.0272	1.855245	0.275361	0.638682	1.06591	2.02005	15.37945
31820	-7516.342	-7420.209	-96.13304	1.929491	0.28471	0.6473	1.06812	1.99987	14.98261
31830	-7529.602	-7426.632	-102.9693	1.509054	0.226718	0.590057	1.05095	2.13228	15.70828
31840	-7542.189	-7439.627	-102.5613	1.914081	0.282798	0.645555	1.06768	2.00396	15.62698
31850	-7548.264	-7448.89	-99.37369	1.945685	0.286704	0.649111	1.06857	1.99562	15.30506
31860	-7541.61	-7453.757	-87.85264	1.875437	0.277938	0.641079	1.06654	2.01445	14.15998
31870	-7534.793	-7435.149	-99.64449	1.815048	0.270151	0.633785	1.06459	2.03147	15.3452
31880	-7533.324	-7441.755	-91.56966	1.98411	0.291371	0.653313	1.06959	1.98573	14.52081
31890	-7528.124	-7435.506	-92.61763	2.307577	0.32742	0.684185	1.07608	1.91232	14.59326
31900	-7535.376	-7446.871	-88.50413	2.39496	0.336266	0.691364	1.07733	1.89504	14.17318
31910	-7526.93	-7437.7	-89.23018	2.175543	0.313366	0.67247	1.07382	1.94034	14.26772
31920	-7555.057	-7448.587	-106.4701	2.382	0.334976	0.690326	1.07715	1.89754	15.97106
31930	-7523.216	-7425.173	-98.0432	1.985251	0.291508	0.653436	1.06962	1.98544	15.16805
31940	-7530.91	-7440.705	-90.20531	2.029284	0.296745	0.658092	1.07071	1.97446	14.37986
31950	-7518.333	-7432.412	-85.92167	1.607551	0.241469	0.605532	1.05616	2.09684	13.99367
31960	-7516.583	-7426.433	-90.1504	2.381076	0.334884	0.690252	1.07714	1.89772	14.33919
31970	-7535.767	-7430.551	-105.2169	2.206945	0.316787	0.675358	1.0744	1.93346	15.86325
31980	-7537.772	-7435.332	-102.4397	2.311873	0.327863	0.684548	1.07614	1.91145	15.57504
31990	-7543.814	-7454.328	-89.48569	1.634213	0.245331	0.609472	1.05742	2.08778	14.34741
32000	-7525.919	-7430.699	-95.21991	1.71962	0.257344	0.621451	1.06108	2.06012	14.91229
32010	-7532.892	-7442.315	-90.57708	1.985376	0.291523	0.65345	1.06962	1.98541	14.42143
32020	-7541.613	-7439.881	-101.7315	1.822966	0.271185	0.634763	1.06486	2.0292	15.55311
32030	-7533.77	-7439.464	-94.3063	2.164081	0.312105	0.6714	1.0736	1.94289	14.77648
32040	-7524.866	-7432.705	-92.16034	2.112683	0.306365	0.666485	1.07257	1.95458	14.56702
32050	-7525.27	-7435.734	-89.5352	1.85432	0.275242	0.638571	1.06588	2.02031	14.33035
32060	-7528.718	-7440.525	-88.19367	1.771155	0.264338	0.628241	1.06305	2.04437	14.20451
32070	-7524.664	-7434.003	-90.66124	1.808779	0.269328	0.633007	1.06438	2.03329	14.4475
32080	-7537.668	-7440.464	-97.20362	1.738798	0.259969	0.624015	1.06183	2.05418	15.10874
32090	-7535.287	-7433.012	-102.2748	2.059005	0.300218	0.661145	1.0714	1.96724	15.58384
32100	-7547.513	-7443.799	-103.7142	1.906683	0.281875	0.644709	1.06747	2.00595	15.74301
32110	-7508.243	-7418.754	-89.48891	1.885116	0.279164	0.642213	1.06683	2.01179	14.32264
32120	-7523.522	-7436.695	-86.82681	2.219135	0.318101	0.676461	1.07462	1.93082	14.02303
32130	-7526.317	-7436.585	-89.73232	1.994818	0.292655	0.654461	1.06986	1.98302	14.33601
32140	-7528.996	-7432.814	-96.18159	1.925023	0.284157	0.646796	1.068	2.00105	14.98791
32150	-7528.82	-7440.234	-88.58636	2.027068	0.296485	0.657862	1.07065	1.975	14.21819
32160	-7540.44	-7441.432	-99.00826	2.367349	0.333508	0.689142	1.07695	1.9004	15.22635
32170	-7543.403	-7447.758	-95.64562	1.825276	0.271486	0.635047	1.06493	2.02853	14.94429
32180	-7537.169	-7443.189	-93.98036	2.167714	0.312505	0.67174	1.07367	1.94208	14.74352
32190	-7524.738	-7434.646	-90.09223	1.831496	0.272295	0.635809	1.06514	2.02676	14.38833
32200	-7532.409	-7450.095	-82.31439	1.93425	0.285298	0.647835	1.06825	1.99861	13.60027
32210	-7540.791	-7433.54	-107.2507	2.332294	0.329957	0.68626	1.07645	1.90734	16.0541
32220	-7534.631	-7436.343	-98.28799	2.234784	0.319778	0.677864	1.07489	1.92747	15.16758
32230	-7541.049	-7448.107	-92.94209	2.484408	0.344973	0.698289	1.07845	1.87829	14.60803
32240	-7541.023	-7446.421	-94.60143	2.146817	0.310192	0.66977	1.07326	1.94677	14.80772
32250	-7539.516	-7450.684	-88.8327	1.85722	0.275614	0.638918	1.06597	2.0195	14.25981
32260	-7534.833	-7437.747	-97.08613	1.627901	0.244422	0.608548	1.05713	2.0899	15.10808
32270	-7536.303	-7447.712	-88.59104	2.075621	0.302138	0.662821	1.07177	1.96327	14.2138
32280	-7537.837	-7449.623	-88.21394	1.916918	0.283151	0.645878	1.06776	2.00321	14.19196
32290	-7512.481	-7429.771	-82.71025	1.934428	0.28532	0.647855	1.06826	1.99857	13.63984
32300	-7525.63	-7443.851	-81.77915	2.393219	0.336093	0.691225	1.07731	1.89537	13.50085
32310	-7516.746	-7429.121	-87.62554	2.014104	0.294952	0.656505	1.07034	1.9782	14.1234
32320	-7555.65	-7451.191	-104.459	2.437083	0.340409	0.694676	1.07788	1.88704	15.76445
32330	-7537.571	-7453.889	-83.68155	2.40835	0.337592	0.692427	1.07751	1.89247	13.68958
32340	-7530.548	-7440.631	-89.91745	1.851168	0.274837	0.638193	1.06578	2.02119	14.36889
32350	-7548.198	-7453.774	-94.42334	2.179919	0.313846	0.672877	1.0739	1.93938	14.7866
32360	-7534.768	-7440.727	-94.04085	2.34659	0.331412	0.687443	1.07666	1.90449	14.73168
32370	-7529.029	-7436.52	-92.50925	1.965312	0.289099	0.651274	1.0691	1.99053	14.61665
32380	-7522.413	-7428.38	-94.03277	2.167584	0.312491	0.671728	1.07367	1.94211	14.74878
32390	-7530.248	-7432.188	-98.06011	2.095268	0.304388	0.664776	1.0722	1.95864	15.15874
32400	-7530.349	-7436.224	-94.12466	1.777875	0.265237	0.629104	1.06329	2.04237	14.79694
32410	-7533.557	-7434.79	-98.76668	2.219644	0.318156	0.676507	1.07463	1.93071	15.21696
32420	-7545.026	-7454.552	-90.4739	2.010602	0.294537	0.656136	1.07025	1.97907	14.40859
32430	-7542.142	-7452.085	-90.05729	2.258584	0.322304	0.679966	1.07529	1.92244	14.34213
32440	-7527.482	-7433.778	-93.70356	1.757308	0.262477	0.626447	1.06254	2.04854	14.75688
32450	-7526.181	-7433.99	-92.19073	1.839596	0.273345	0.636796	1.0654	2.02446	14.59737
32460	-7527.123	-7432.828	-94.29513	2.109995	0.306061	0.666223	1.07251	1.9552	14.78077
32470	-7544.333	-7445.233	-99.09964	2.110797	0.306151	0.666301	1.07253	1.95502	15.26114
32480	-7528.854	-7438.661	-90.19314	1.999033	0.293159	0.654911	1.06997	1.98196	14.38167
32490	-7535.096	-7439.017	-96.07815	2.042393	0.298283	0.659447	1.07102	1.97125	14.96583
32500	-7531.606	-7435.043	-96.56293	2.414569	0.338205	0.692917	1.07759	1.89129	14.97709
32510	-7534.724	-7439.618	-95.10607	2.156875	0.311308	0.670722	1.07346	1.94451	14.85718
32520	-7531.275	-7445.361	-85.91377	2.098198	0.304721	0.665065	1.07226	1.95795	13.94382
32530	-7528.517	-7439.14	-89.37689	2.27852	0.3244	0.681701	1.07562	1.91828	14.2721
32540	-7528.562	-7435.236	-93.32654	2.240507	0.320388	0.678372	1.07499	1.92625	14.67086
32550	-7551.442	-7447.294	-104.1473	2.611875	0.356813	0.70749	1.07979	1.85591	15.7158
32560	-7534.026	-7441.321	-92.70486	1.991905	0.292306	0.65415	1.06979	1.98376	14.63355
32570	-7530.672	-7443.088	-87.58359	2.883779	0.380066	0.724883	1.08188	1.81317	14.03224
32580	-7526.653	-7440.862	-85.79119	1.850036	0.274692	0.638057	1.06574	2.02151	13.95637
32590	-7529.484	-7431.182	-98.30165	2.092383	0.304059	0.664491	1.07214	1.95931	15.18319
32600	-7540.375	-7437.299	-103.0767	1.946692	0.286827	0.649223	1.0686	1.99535	15.67526
32610	-7526.886	-7436.12	-90.76526	1.909198	0.282189	0.644997	1.06754	2.00527	14.44786
32620	-7545.849	-7445.469	-100.3801	2.122456	0.307467	0.667434	1.07277	1.95233	15.38802
32630	-7544.076	-7441.738	-102.3381	2.33985	0.330727	0.686887	1.07656	1.90583	15.56208
32640	-7537.681	-7451.421	-86.2599	1.661103	0.249171	0.613346	1.05863	2.07885	14.02214
32650	-7527.841	-7431.849	-95.99285	1.822278	0.271096	0.634679	1.06483	2.02939	14.97932
32660	-7545.58	-7447.674	-97.90626	2.090824	0.303881	0.664337	1.0721	1.95968	15.1438
32670	-7540.653	-7439.951	-100.7026	2.029223	0.296738	0.658086	1.0707	1.97447	15.42959
32680	-7551.046	-7454.021	-97.02536	2.009604	0.294418	0.656031	1.07023	1.97932	15.06383
32690	-7543.327	-7442.703	-100.6242	1.789651	0.266804	0.630604	1.06371	2.03888	15.44571
32700	-7549.196	-7461.791	-87.40538	2.171161	0.312884	0.672062	1.07374	1.94132	14.08568
32710	-7538.761	-7447.394	-91.36645	1.908339	0.282082	0.644899	1.06752	2.0055	14.50807
32720	-7543.715	-7448.572	-95.14228	1.956881	0.288073	0.650349	1.06887	1.99271	14.8808
32730	-7527.577	-7435.687	-91.89035	2.115184	0.306647	0.666729	1.07262	1.954	14.53978
32740	-7541.491	-7440.469	-101.0225	1.812363	0.269799	0.633452	1.0645	2.03225	15.48327
32750	-7552.249	-7443.692	-108.557	1.928382	0.284573	0.647175	1.06809	2.00016	16.22512
32760	-7534.661	-7445.599	-89.06164	1.843264	0.273819	0.63724	1.06552	2.02342	14.2841
32770	-7536.519	-7440.107	-96.41223	2.058496	0.300159	0.661093	1.07139	1.96736	14.99763
32780	-7524.216	-7433.289	-90.92698	1.934568	0.285337	0.64787	1.06826	1.99853	14.4615
32790	-7527.379	-7451.286	-76.09274	1.582455	0.237784	0.60173	1.05492	2.10557	13.01329
32800	-7524.71	-7428.48	-96.2303	1.862247	0.276257	0.639517	1.06613	2.0181	14.99906
32810	-7535.542	-7444.787	-90.75582	1.953196	0.287623	0.649943	1.06877	1.99366	14.44252
32820	-7540.004	-7452.16	-87.84331	1.971635	0.289865	0.651963	1.06926	1.98891	14.14943
32830	-7526.633	-7432.434	-94.19855	1.907437	0.281969	0.644795	1.06749	2.00574	14.79137
32840	-7520.679	-7439.671	-81.00812	1.905685	0.28175	0.644594	1.06744	2.00622	13.4725
32850	-7537.456	-7442.613	-94.84276	1.8855	0.279213	0.642258	1.06684	2.01169	14.85798
32860	-7525.934	-7435.333	-90.60107	1.80371	0.268662	0.632374	1.0642	2.03476	14.44199
32870	-7517.217	-7425.825	-91.3916	2.142151	0.309673	0.669326	1.07317	1.94783	14.4872
32880	-7531.836	-7437.035	-94.80103	1.894854	0.280392	0.643346	1.06712	2.00914	14.85288
32890	-7537.13	-7446.313	-90.81641	2.070345	0.30153	0.662292	1.07165	1.96452	14.43686
32900	-7522.474	-7434.328	-88.14546	2.068009	0.30126	0.662056	1.0716	1.96508	14.17
32910	-7537.747	-7447.133	-90.61461	1.66986	0.25041	0.614587	1.05901	2.07599	14.45673
32920	-7562.064	-7464.752	-97.31227	1.82346	0.27125	0.634824	1.06487	2.02905	15.11114
32930	-7536.528	-7442.969	-93.55901	2.16426	0.312124	0.671416	1.0736	1.94285	14.70173
32940	-7537.087	-7438.556	-98.53116	1.983745	0.291327	0.653274	1.06958	1.98582	15.217
32950	-7535.41	-7442.198	-93.21225	1.795129	0.267529	0.631296	1.0639	2.03727	14.70397
32960	-7523.548	-7434.737	-88.81106	1.685362	0.25259	0.616759	1.05968	2.07097	14.27483
32970	-7531.241	-7439.178	-92.06276	1.821928	0.27105	0.634635	1.06482	2.02949	14.58634
32980	-7548.391	-7456.034	-92.35747	2.011332	0.294624	0.656213	1.07027	1.97889	14.59687
32990	-7510.235	-7425.222	-85.01243	2.000422	0.293325	0.655059	1.07	1.98162	13.86346
33000	-7539.766	-7450.319	-89.44625	1.683205	0.252287	0.616459	1.05959	2.07167	14.33856
33010	-7528.299	-7438.576	-89.72313	1.640867	0.246286	0.61044	1.05772	2.08555	14.37048
33020	-7541.012	-7443.547	-97.46458	1.356574	0.202292	0.562801	1.04076	2.19415	15.17306
33030	-7528.175	-7444.203	-83.97136	1.764198	0.263405	0.627343	1.06279	2.04646	13.78297
33040	-7526.945	-7440.528	-86.41779	2.162152	0.311892	0.671219	1.07356	1.94333	13.98782
33050	-7533.578	-7436.686	-96.89162	2.286258	0.325208	0.682367	1.07574	1.91668	15.02279
33060	-7535.587	-7446.137	-89.45036	1.818544	0.270608	0.634218	1.06471	2.03047	14.32544
33070	-7530.299	-7445.271	-85.0283	2.020922	0.29576	0.65722	1.0705	1.97652	13.863
33080	-7549.138	-7444.505	-104.6328	1.932184	0.285043	0.647603	1.0682	1.99916	15.83232
33090	-7528.233	-7434.791	-93.44232	2.019776	0.295624	0.6571	1.07048	1.9768	14.70451
33100	-7533.901	-7446.223	-87.67766	1.615488	0.242624	0.606715	1.05654	2.09412	14.16848
33110	-7542.439	-7444.411	-98.02755	2.24848	0.321235	0.679078	1.07512	1.92456	15.14017
33120	-7522.824	-7428.917	-93.9075	2.00164	0.29347	0.655188	1.07003	1.98131	14.75284
33130	-7531.917	-7438.943	-92.97417	1.687535	0.252894	0.617061	1.05977	2.07028	14.69092
33140	-7537.779	-7436.954	-100.8247	2.253986	0.321818	0.679563	1.07522	1.9234	15.41933
33150	-7524.999	-7437.634	-87.36541	1.993589	0.292508	0.65433	1.06983	1.98333	14.09944
33160	-7525.489	-7432.827	-92.66156	1.679947	0.25183	0.616004	1.05945	2.07272	14.66042
33170	-7526.769	-7432.5	-94.26836	2.256644	0.322099	0.679796	1.07526	1.92284	14.76343
33180	-7544.261	-7444.373	-99.88792	2.274977	0.324029	0.681394	1.07556	1.91902	15.32355
33190	-7535.606	-7442.156	-93.45056	1.599632	0.240311	0.604342	1.05577	2.09957	14.74735
33200	-7521.939	-7442.969	-78.97066	2.157358	0.311362	0.670767	1.07347	1.9444	13.24359
33210	-7530.489	-7441.606	-88.88371	1.899465	0.280971	0.643879	1.06726	2.00789	14.26068
33220	-7520.27	-7423	-97.27002	1.843934	0.273905	0.637321	1.06554	2.02323	15.10487
33230	-7545.322	-7457.426	-87.89578	1.865417	0.276662	0.639894	1.06623	2.01722	14.16529
33240	-7553.046	-7458.432	-94.61378	2.035826	0.297514	0.65877	1.07086	1.97286	14.82005
33250	-7529.265	-7434.89	-94.37441	2.141979	0.309653	0.669309	1.07317	1.94787	14.7855
33260	-7530.892	-7441.606	-89.28584	1.88036	0.278562	0.641657	1.06669	2.01309	14.30281
33270	-7530.514	-7440.726	-89.78814	1.854628	0.275282	0.638608	1.06589	2.02022	14.35561
33280	-7525.557	-7429	-96.55705	1.685359	0.252589	0.616759	1.05968	2.07097	15.04943
33290	-7532.793	-7436.877	-95.91533	1.80475	0.268799	0.632504	1.06424	2.03446	14.97332
33300	-7537.713	-7450.478	-87.23502	2.005656	0.293949	0.655614	1.07013	1.98031	14.08519
33310	-7537.586	-7440.638	-96.94757	1.843043	0.27379	0.637213	1.06552	2.02348	15.07271
33320	-7523.83	-7429.961	-93.86849	1.810688	0.269579	0.633244	1.06444	2.03274	14.76804
33330	-7533.272	-7439.708	-93.56487	1.809093	0.26937	0.633046	1.06439	2.0332	14.73784
33340	-7526.523	-7433.269	-93.2547	2.296947	0.326319	0.683282	1.07591	1.91449	14.65803
33350	-7537.245	-7441.261	-95.98454	2.130261	0.308343	0.668187	1.07293	1.95054	14.94769
33360	-7520.838	-7438.412	-82.42583	1.989957	0.292073	0.653941	1.06974	1.98425	13.60585
33370	-7525.104	-7432.088	-93.0158	2.176585	0.31348	0.672567	1.07384	1.94011	14.64618
33380	-7526.583	-7427.722	-98.86156	1.783659	0.266007	0.629842	1.0635	2.04065	15.27005
33390	-7538.516	-7455.217	-83.29984	1.506287	0.226292	0.5896	1.05079	2.13332	13.74161
33400	-7533.997	-7448.719	-85.27794	2.049478	0.29911	0.660174	1.07118	1.96954	13.8851
33410	-7540.028	-7439.171	-100.8568	2.222217	0.318432	0.676739	1.07467	1.93016	15.42572
33420	-7528.474	-7433.884	-94.58944	2.38726	0.335501	0.690748	1.07723	1.89652	14.78248
33430	-7526.785	-7436.843	-89.94176	1.791047	0.266989	0.63078	1.06376	2.03847	14.37733
33440	-7519.147	-7431.88	-87.26717	1.498694	0.225121	0.588339	1.05034	2.1362	14.13911
33450	-7535.545	-7446.446	-89.09969	1.899066	0.280921	0.643833	1.06725	2.008	14.28232
33460	-7541.4	-7444.555	-96.84513	1.903973	0.281536	0.644398	1.06739	2.00668	15.05637
33470	-7527.418	-7441.643	-85.77434	1.742696	0.260499	0.62453	1.06198	2.05299	13.96542
33480	-7538.692	-7445.787	-92.90488	1.61345	0.242328	0.606412	1.05644	2.09482	14.6914
33490	-7544.373	-7447.035	-97.33783	2.183035	0.314187	0.673165	1.07396	1.93869	15.07774
33500	-7523.316	-7440.146	-83.17005	1.757688	0.262528	0.626497	1.06255	2.04843	13.70349
33510	-7529.485	-7444.908	-84.57711	2.038963	0.297882	0.659094	1.07093	1.97209	13.81607
33520	-7540.976	-7449.55	-91.42613	2.12866	0.308164	0.668033	1.0729	1.9509	14.49201
33530	-7534.988	-7437.52	-97.4683	2.177761	0.313609	0.672676	1.07386	1.93985	15.09131
33540	-7536.889	-7439.573	-97.31622	1.725198	0.25811	0.622201	1.0613	2.05839	15.12136
33550	-7555.731	-7450.309	-105.4223	2.576744	0.353614	0.705027	1.07945	1.86191	15.84682
33560	-7531.585	-7432.332	-99.25305	1.908886	0.28215	0.644961	1.06753	2.00536	15.29667
33570	-7534.498	-7443.391	-91.10686	2.007365	0.294152	0.655795	1.07017	1.97988	14.47221
33580	-7552.861	-7459.207	-93.65437	2.32083	0.328784	0.685302	1.07628	1.90964	14.69561
33590	-7537.863	-7444.143	-93.71977	2.036839	0.297633	0.658875	1.07088	1.97261	14.73055
33600	-7531.879	-7437.714	-94.16509	2.309795	0.327648	0.684373	1.07611	1.91187	14.74779
33610	-7551.482	-7456.462	-95.02065	2.024267	0.296154	0.65757	1.07059	1.97569	14.8619
33620	-7520.391	-7419.99	-100.4009	2.085604	0.303283	0.663818	1.07199	1.96091	15.39379
33630	-7527.154	-7429.45	-97.70387	1.784104	0.266067	0.629899	1.06351	2.04052	15.15424
33640	-7537.622	-7442.237	-95.3856	1.861149	0.276117	0.639387	1.06609	2.0184	14.9147
33650	-7550.876	-7451.737	-99.13913	2.131083	0.308436	0.668266	1.07295	1.95035	15.26306
33660	-7545.927	-7449.109	-96.81722	1.891173	0.279928	0.642919	1.06701	2.01014	15.05486
33670	-7519.335	-7426.845	-92.48998	1.6772	0.251444	0.61562	1.05933	2.07361	14.64354
33680	-7525.375	-7434.187	-91.18757	1.959882	0.288438	0.650679	1.06895	1.99193	14.48503
33690	-7540.888	-7452.329	-88.55916	1.95417	0.287742	0.65005	1.0688	1.99341	14.22276
33700	-7524.06	-7435.335	-88.72546	1.630226	0.244757	0.608889	1.05723	2.08912	14.27178
33710	-7521.627	-7436.377	-85.24974	1.902274	0.281323	0.644202	1.06734	2.00713	13.897
33720	-7520.029	-7430.201	-89.82774	1.870425	0.277301	0.640487	1.06638	2.01583	14.35799
33730	-7522.01	-7441.875	-80.13478	1.741744	0.260369	0.624404	1.06195	2.05328	13.40156
33740	-7519.848	-7428.483	-91.36547	2.105712	0.305575	0.665804	1.07242	1.9562	14.48823
33750	-7544.995	-7441.067	-103.9282	2.352898	0.332051	0.687962	1.07675	1.90324	15.71979
33760	-7531.633	-7435.718	-95.91497	2.061633	0.300523	0.661412	1.07146	1.96661	14.94759
33770	-7524.813	-7430.457	-94.35576	2.262631	0.322731	0.68032	1.07536	1.92159	14.77157
33780	-7551.006	-7445.554	-105.4525	2.305829	0.327239	0.684037	1.07605	1.91268	15.87693
33790	-7534.227	-7438.515	-95.71154	1.792661	0.267203	0.630984	1.06382	2.038	14.95415
33800	-7536.639	-7453.571	-83.06836	1.500339	0.225375	0.588613	1.05044	2.13557	13.71906
33810	-7524.286	-7436.096	-88.18939	1.811978	0.269748	0.633404	1.06448	2.03236	14.2
33820	-7553.631	-7446.112	-107.5188	2.263254	0.322797	0.680375	1.07537	1.92146	16.08782
33830	-7562.839	-7446.039	-116.8003	2.179554	0.313806	0.672843	1.0739	1.93946	17.02433
33840	-7532.815	-7437.974	-94.8417	2.092374	0.304058	0.66449	1.07214	1.95931	14.83719
33850	-7526.545	-7444.28	-82.26549	1.881962	0.278765	0.641845	1.06673	2.01266	13.60061
33860	-7533.596	-7436.259	-97.33704	1.968452	0.28948	0.651616	1.06918	1.98972	15.09912
33870	-7553.316	-7451.997	-101.3189	1.849475	0.274619	0.637989	1.06572	2.02167	15.5092
33880	-7529.539	-7433.127	-96.41239	1.895168	0.280431	0.643382	1.06713	2.00906	15.01398
33890	-7531.963	-7443.589	-88.37414	1.935202	0.285415	0.647941	1.06828	1.99836	14.20615
33900	-7530.679	-7441.777	-88.9024	1.952183	0.287499	0.649831	1.06875	1.99392	14.25728
33910	-7538.096	-7450.047	-88.0491	1.928015	0.284528	0.647134	1.06808	2.00026	14.17437
33920	-7546.583	-7456.681	-89.9013	1.936092	0.285525	0.648041	1.0683	1.99813	14.35878
33930	-7535.026	-7446.223	-88.80299	1.96938	0.289592	0.651718	1.0692	1.98949	14.24562
33940	-7533.295	-7443.892	-89.40214	2.135494	0.308929	0.66869	1.07304	1.94934	14.28892
33950	-7531.995	-7443.595	-88.4002	1.677891	0.251542	0.615716	1.05936	2.07338	14.23449
33960	-7503.041	-7420.109	-82.93188	2.24689	0.321066	0.678938	1.0751	1.9249	13.63076
33970	-7531.02	-7440.356	-90.66414	2.139252	0.309349	0.669049	1.07311	1.94849	14.41475
33980	-7529.98	-7440.684	-89.29562	2.537179	0.349953	0.702188	1.07904	1.86882	14.2381
33990	-7540.621	-7458.641	-81.98005	1.661477	0.249224	0.6134	1.05865	2.07873	13.59412
34000	-7553.345	-7459.211	-94.13342	2.093289	0.304162	0.664581	1.07216	1.9591	14.76627
34010	-7536.931	-7454.229	-82.70175	1.845943	0.274164	0.637563	1.06561	2.02266	13.64784
34020	-7522.777	-7432.487	-90.2907	1.816927	0.270397	0.634018	1.06465	2.03093	14.40964
34030	-7527.876	-7439.826	-88.04956	2.001309	0.293431	0.655153	1.07002	1.98139	14.16708
34040	-7533.096	-7434.947	-98.14898	1.921025	0.283662	0.646344	1.06788	2.00211	15.18505
34050	-7535.4	-7439.609	-95.7909	2.030672	0.296909	0.658236	1.07074	1.97412	14.93828
34060	-7546.049	-7442.739	-103.3104	1.722538	0.257745	0.621844	1.0612	2.05921	15.72104
34070	-7533.059	-7438.795	-94.26419	2.032986	0.297181	0.658476	1.07079	1.97355	14.78538
34080	-7531.077	-7443.397	-87.68054	2.032979	0.29718	0.658475	1.07079	1.97355	14.12701
34090	-7529.81	-7447.68	-82.13028	2.01672	0.295262	0.65678	1.0704	1.97756	13.57361
34100	-7533.223	-7443.959	-89.26407	1.605883	0.241225	0.605282	1.05608	2.09741	14.32808
34110	-7516.723	-7425.974	-90.7487	1.785275	0.266222	0.630048	1.06355	2.04017	14.4586
34120	-7526.799	-7442.723	-84.07651	1.912382	0.282586	0.645361	1.06763	2.00442	13.77867
34130	-7549.165	-7450.202	-98.96262	2.181235	0.31399	0.672999	1.07393	1.93908	15.2404
34140	-7527.728	-7440.308	-87.4194	2.083425	0.303034	0.663602	1.07194	1.96142	14.09586
34150	-7546.689	-7460.892	-85.79652	2.074283	0.301984	0.662687	1.07174	1.96359	13.93448
34160	-7535.728	-7446.388	-89.34045	1.970506	0.289728	0.65184	1.06923	1.9892	14.29925
34170	-7514.387	-7430.634	-83.7537	1.690647	0.253329	0.617493	1.0599	2.06928	13.76856
34180	-7524.158	-7442.144	-82.01409	2.483998	0.344934	0.698258	1.07844	1.87836	13.51527
34190	-7533.949	-7434.631	-99.31807	1.829689	0.272061	0.635588	1.06508	2.02727	15.3111
34200	-7527.256	-7443.157	-84.09981	2.146513	0.310158	0.669741	1.07326	1.94684	13.75759
34210	-7542.481	-7437.547	-104.9336	2.479871	0.34454	0.697947	1.0784	1.87912	15.80763
34220	-7532.848	-7433.303	-99.54515	2.206099	0.316695	0.675281	1.07438	1.93364	15.29616
34230	-7528.387	-7439.226	-89.16087	2.023162	0.296024	0.657454	1.07056	1.97596	14.27603
34240	-7521.648	-7429.457	-92.1908	1.807224	0.269124	0.632813	1.06432	2.03374	14.60062
34250	-7538.09	-7450.121	-87.96819	1.855846	0.275438	0.638754	1.06593	2.01988	14.17349
34260	-7535.57	-7442.116	-93.45428	1.82526	0.271484	0.635045	1.06493	2.02854	14.72516
34270	-7521.357	-7432.05	-89.30642	2.643603	0.359662	0.709668	1.08009	1.85058	14.22854
34280	-7530.595	-7440.104	-90.49081	2.015318	0.295096	0.656633	1.07037	1.9779	14.40981
34290	-7551.289	-7454.965	-96.32386	2.500866	0.346539	0.699519	1.07864	1.8753	14.94456
34300	-7538.1	-7441.177	-96.92238	2.285769	0.325157	0.682325	1.07573	1.91678	15.02592
34310	-7531.607	-7434.888	-96.71977	1.781529	0.265724	0.629571	1.06342	2.04128	15.05608
34320	-7549.041	-7442.621	-106.4198	1.78297	0.265916	0.629755	1.06347	2.04086	16.02594
34330	-7531.418	-7436.833	-94.58512	1.876442	0.278066	0.641197	1.06657	2.01417	14.83313
34340	-7527.856	-7447.268	-80.58807	2.089861	0.303771	0.664241	1.07208	1.9599	13.41208
34350	-7554.132	-7455.337	-98.79474	1.78554	0.266258	0.630082	1.06356	2.0401	15.26318
34360	-7521.108	-7434.055	-87.05237	1.830148	0.27212	0.635645	1.06509	2.02714	14.08448
34370	-7528.494	-7444.965	-83.5283	2.075236	0.302093	0.662783	1.07176	1.96336	13.70756
34380	-7520.74	-7440.182	-80.55787	1.568461	0.235707	0.599569	1.0542	2.11052	13.4612
34390	-7526.822	-7435.306	-91.51691	2.195428	0.315538	0.674306	1.07419	1.93597	14.49441
34400	-7529.4	-7433.434	-95.96582	1.515576	0.227719	0.591129	1.05132	2.12983	15.00728
34410	-7519.688	-7438.963	-80.72474	1.9801	0.290888	0.652881	1.06948	1.98675	13.43672
34420	-7548.404	-7445.927	-102.4775	1.959519	0.288394	0.650639	1.06894	1.99202	15.61406
34430	-7535.035	-7444.588	-90.4468	1.632097	0.245026	0.609163	1.05732	2.08849	14.44373
34440	-7522.467	-7430.104	-92.36224	1.657251	0.248624	0.612797	1.05846	2.08012	14.63276
34450	-7547.01	-7449.187	-97.82223	1.882694	0.278858	0.64193	1.06676	2.01246	15.15621
34460	-7534.632	-7432.341	-102.2909	1.892744	0.280126	0.643101	1.06706	2.00971	15.60208
34470	-7536.487	-7437.18	-99.30657	2.189794	0.314924	0.673789	1.07409	1.9372	15.27394
34480	-7536.629	-7442.316	-94.31273	1.990043	0.292083	0.653951	1.06974	1.98423	14.79453
34490	-7539.538	-7446.348	-93.19018	2.125161	0.307771	0.667696	1.07283	1.95171	14.66876
34500	-7535.751	-7443.543	-92.20729	2.135195	0.308896	0.668661	1.07303	1.94941	14.56947
34510	-7535.947	-7452.177	-83.76976	1.69459	0.253879	0.618038	1.06006	2.06802	13.76978
34520	-7535.928	-7446.278	-89.64959	2.001494	0.293453	0.655172	1.07003	1.98135	14.32707
34530	-7539.57	-7441.301	-98.26842	1.698413	0.254411	0.618564	1.06022	2.0668	15.21926
34540	-7543.629	-7451.709	-91.92025	2.31044	0.327715	0.684427	1.07612	1.91174	14.52324
34550	-7543.67	-7450.248	-93.42275	1.934804	0.285366	0.647897	1.06827	1.99847	14.71105
34560	-7525.559	-7442.797	-82.76184	1.694336	0.253843	0.618003	1.06005	2.0681	13.66901
34570	-7523.578	-7434.873	-88.70451	2.241025	0.320443	0.678418	1.075	1.92614	14.20861
34580	-7556.765	-7451.684	-105.0802	1.861936	0.276218	0.63948	1.06612	2.01818	15.88408
34590	-7534.426	-7437.642	-96.78364	2.090891	0.303888	0.664343	1.07211	1.95966	15.03153
34600	-7542.073	-7442.487	-99.58623	1.7134	0.256487	0.62061	1.06083	2.06207	15.34954
34610	-7518.937	-7439.935	-79.00211	1.880993	0.278643	0.641731	1.0667	2.01292	13.27437
34620	-7539.364	-7443.042	-96.32189	1.946358	0.286786	0.649186	1.06859	1.99544	14.99981
34630	-7537.469	-7444.257	-93.21196	1.864934	0.276601	0.639837	1.06621	2.01735	14.69696
34640	-7529.38	-7432.713	-96.66669	1.341805	0.199818	0.559916	1.0396	2.20066	15.09475
34650	-7523.709	-7428.439	-95.27049	1.920947	0.283652	0.646335	1.06788	2.00213	14.89721
34660	-7544.158	-7442.162	-101.9957	1.88402	0.279026	0.642085	1.0668	2.01209	15.57342
34670	-7539.148	-7443.524	-95.62366	1.802027	0.26844	0.632163	1.06414	2.03525	14.94442
34680	-7532.164	-7442.094	-90.07013	2.122075	0.307424	0.667397	1.07276	1.95241	14.35706
34690	-7541.219	-7445.149	-96.06964	2.236106	0.319919	0.677981	1.07491	1.92719	14.94561
34700	-7528.222	-7443.346	-84.87613	1.876865	0.278119	0.641247	1.06658	2.01406	13.86218
34710	-7527.57	-7439.074	-88.49581	1.604074	0.240961	0.60501	1.05599	2.09804	14.25143
34720	-7555.865	-7463.366	-92.4985	1.78729	0.26649	0.630304	1.06363	2.03958	14.63338
34730	-7543.46	-7448.731	-94.72911	2.508964	0.347305	0.70012	1.07873	1.87385	14.78427
34740	-7525.263	-7443.741	-81.52238	1.802042	0.268442	0.632165	1.06414	2.03525	13.53429
34750	-7543.06	-7455.121	-87.93891	2.160976	0.311762	0.671108	1.07354	1.94359	14.14005
34760	-7537.814	-7442.943	-94.87163	2.372755	0.334051	0.68958	1.07703	1.89934	14.81215
34770	-7540.411	-7446.164	-94.24698	1.93189	0.285007	0.64757	1.06819	1.99924	14.79377
34780	-7554.527	-7467.412	-87.11518	1.858493	0.275777	0.63907	1.06601	2.01914	14.08793
34790	-7544.442	-7449.699	-94.74237	1.715565	0.256786	0.620903	1.06092	2.06139	14.86494
34800	-7558.585	-7446.456	-112.1283	2.207745	0.316873	0.675431	1.07441	1.93328	16.55432
34810	-7538.426	-7446.443	-91.98378	2.110564	0.306125	0.666278	1.07253	1.95507	14.54958
34820	-7533.482	-7441.353	-92.12893	2.201799	0.316229	0.674889	1.07431	1.93457	14.55497
34830	-7527.995	-7442.592	-85.40321	2.122414	0.307462	0.66743	1.07277	1.95234	13.89034
34840	-7520.514	-7435.836	-84.67752	2.020722	0.295736	0.657199	1.0705	1.97657	13.82794
34850	-7522.054	-7440.832	-81.22192	2.322123	0.328916	0.68541	1.0763	1.90938	13.45224
34860	-7553.829	-7446.043	-107.7855	1.83631	0.27292	0.636396	1.0653	2.02539	16.15718
34870	-7527.518	-7435.398	-92.12048	2.116387	0.306783	0.666846	1.07265	1.95372	14.56267
34880	-7527.203	-7439.942	-87.26101	2.099431	0.304862	0.665187	1.07229	1.95766	14.07842
34890	-7517.983	-7431.205	-86.77758	1.91253	0.282605	0.645378	1.06764	2.00438	14.04876
34900	-7539.349	-7446.566	-92.78273	1.835103	0.272763	0.636249	1.06526	2.02573	14.65702
34910	-7514.56	-7439.408	-75.15204	1.673548	0.25093	0.615107	1.05917	2.07479	12.91011
34920	-7542.322	-7439.756	-102.566	1.867761	0.276961	0.640172	1.0663	2.01657	15.63208
34930	-7525.836	-7439.023	-86.81268	2.31103	0.327776	0.684477	1.07613	1.91162	14.01242
34940	-7530.345	-7439.781	-90.56432	2.134625	0.308832	0.668606	1.07302	1.94954	14.40523
34950	-7510.226	-7425.729	-84.49726	1.746444	0.261008	0.625024	1.06213	2.05184	13.83734
34960	-7516.72	-7426.22	-90.5003	1.63853	0.245951	0.6101	1.05762	2.08633	14.44844
34970	-7551.29	-7457.348	-93.94173	2.086812	0.303422	0.663939	1.07202	1.96062	14.74775
34980	-7516.433	-7433.223	-83.21087	1.924157	0.28405	0.646698	1.06797	2.00128	13.69093
34990	-7524.078	-7438.337	-85.74114	2.263885	0.322863	0.68043	1.07538	1.92133	13.90998
35000	-7535.077	-7437.541	-97.53586	2.486054	0.34513	0.698412	1.07847	1.87799	15.06724
35010	-7526.229	-7433.508	-92.72071	2.044799	0.298564	0.659695	1.07107	1.97067	14.62985
35020	-7527.107	-7431.108	-95.99862	2.616722	0.357251	0.707825	1.07984	1.85509	14.90045
35030	-7532.921	-7435.95	-96.97139	2.111619	0.306244	0.666381	1.07255	1.95483	15.04824
35040	-7543.738	-7449.076	-94.662	2.65653	0.360812	0.710544	1.0802	1.84844	14.76281
35050	-7520.123	-7439.433	-80.69011	2.057714	0.300068	0.661014	1.07137	1.96755	13.4255
35060	-7544.705	-7443.106	-101.599	2.287231	0.325309	0.682451	1.07576	1.91648	15.49344
35070	-7538.081	-7441.956	-96.12471	2.31478	0.328162	0.684793	1.07619	1.91086	14.94325
35080	-7523.313	-7429.504	-93.80851	1.809773	0.269459	0.63313	1.06441	2.033	14.76213
35090	-7534.977	-7441.598	-93.37982	1.915465	0.28297	0.645712	1.06772	2.00359	14.70869
35100	-7530.67	-7441.095	-89.57459	1.686897	0.252805	0.616973	1.05974	2.07048	14.35103
35110	-7550.018	-7451.241	-98.77701	1.906614	0.281866	0.644701	1.06747	2.00597	15.2493
35120	-7552.335	-7447.527	-104.8078	1.909902	0.282277	0.645078	1.06756	2.00508	15.85204
35130	-7559.861	-7451.592	-108.2689	1.821894	0.271046	0.634631	1.06482	2.0295	16.20696
35140	-7539.252	-7432.923	-106.3285	1.956837	0.288067	0.650344	1.06887	1.99272	15.99943
35150	-7534.52	-7433.728	-100.7912	1.617014	0.242846	0.606942	1.05661	2.0936	15.47968
35160	-7522.352	-7443.77	-78.58257	2.413306	0.33808	0.692818	1.07757	1.89153	13.17918
35170	-7536.622	-7445.288	-91.33363	1.889399	0.279705	0.642712	1.06696	2.01062	14.50668
35180	-7536.964	-7447.573	-89.39029	2.042893	0.298342	0.659499	1.07103	1.97113	14.297
35190	-7537.789	-7444.379	-93.41043	2.442137	0.340901	0.695067	1.07794	1.88609	14.65909
35200	-7526.823	-7439.542	-87.28065	2.252843	0.321697	0.679462	1.0752	1.92364	14.06504
35210	-7543.859	-7437.49	-106.3688	2.015636	0.295134	0.656666	1.07038	1.97782	15.99757
35220	-7538.401	-7435.772	-102.6288	1.678119	0.251574	0.615748	1.05937	2.07331	15.65732
35230	-7535.25	-7442.152	-93.09753	1.778513	0.265322	0.629186	1.06331	2.04218	14.69416
35240	-7532.505	-7452.398	-80.10787	1.943864	0.28648	0.648908	1.06852	1.99609	13.37866
35250	-7544.912	-7452.415	-92.49729	2.183352	0.314221	0.673195	1.07397	1.93862	14.59365
35260	-7525.589	-7429.376	-96.21292	1.942682	0.286335	0.648777	1.06849	1.9964	14.98928
35270	-7530.062	-7438.065	-91.99763	2.608255	0.356486	0.707239	1.07976	1.85652	14.5012
35280	-7550.727	-7453.66	-97.06728	1.768202	0.263943	0.627861	1.06294	2.04526	15.09217
35290	-7524.393	-7437.032	-87.36125	1.973606	0.290104	0.652177	1.06931	1.9884	14.10102
35300	-7530.354	-7437.124	-93.23024	2.035232	0.297444	0.658709	1.07085	1.973	14.68176
35310	-7528.141	-7441.912	-86.22921	1.991343	0.292239	0.65409	1.06977	1.9839	13.98605
35320	-7555.552	-7456.405	-99.14695	1.852924	0.275063	0.638403	1.06583	2.0207	15.29166
35330	-7545.103	-7454.953	-90.15	1.719935	0.257387	0.621494	1.06109	2.06002	14.40527
35340	-7514.595	-7426.903	-87.69199	1.803785	0.268672	0.632383	1.0642	2.03474	14.15108
35350	-7533.899	-7446.636	-87.26284	1.860139	0.275988	0.639266	1.06606	2.01869	14.10253
35360	-7539.027	-7445.15	-93.87665	2.145667	0.310064	0.669661	1.07324	1.94703	14.73536
35370	-7542.232	-7443.005	-99.227	1.874805	0.277858	0.641004	1.06652	2.01462	15.29748
35380	-7551.203	-7449.871	-101.3323	2.12351	0.307585	0.667536	1.07279	1.95208	15.48314
35390	-7526.225	-7439.482	-86.74294	1.903341	0.281457	0.644325	1.06737	2.00685	14.04622
35400	-7524.982	-7434.832	-90.14979	2.04865	0.299014	0.660089	1.07116	1.96974	14.37237
35410	-7524.991	-7432.652	-92.3389	1.586012	0.238309	0.602274	1.0551	2.10432	14.63755
35420	-7527.933	-7435.589	-92.34435	2.485612	0.345088	0.698379	1.07846	1.87807	14.54813
35430	-7512.643	-7425.324	-87.31873	2.29962	0.326597	0.68351	1.07595	1.91394	14.06417
35440	-7525.116	-7432.8	-92.31588	2.493566	0.345846	0.698975	1.07855	1.87662	14.54449
35450	-7530.123	-7439.741	-90.38261	1.685378	0.252592	0.616762	1.05968	2.07097	14.43198
35460	-7521.43	-7429.307	-92.1225	1.92887	0.284633	0.64723	1.0681	2.00003	14.58162
35470	-7529.058	-7433.237	-95.82117	1.85175	0.274912	0.638263	1.0658	2.02103	14.9592
35480	-7557.508	-7458.515	-98.9936	2.363556	0.333127	0.688833	1.0769	1.90114	15.22526
35490	-7519.554	-7435.824	-83.72967	1.89773	0.280753	0.643678	1.06721	2.00836	13.74545
35500	-7533.329	-7451.69	-81.63934	2.300709	0.326709	0.683602	1.07597	1.91372	13.49612
35510	-7525.851	-7438.745	-87.10662	1.816647	0.27036	0.633984	1.06464	2.03101	14.09126
35520	-7533.312	-7437.335	-95.97761	1.862254	0.276258	0.639518	1.06613	2.0181	14.97379
35530	-7530.525	-7433.032	-97.49277	2.260949	0.322554	0.680173	1.07533	1.92194	15.08544
35540	-7547.241	-7453.414	-93.82659	1.655776	0.248415	0.612587	1.0584	2.0806	14.77934
35550	-7546.581	-7447.488	-99.09225	2.246352	0.321009	0.67889	1.07509	1.92501	15.24685
35560	-7538.405	-7445.308	-93.09679	1.659233	0.248906	0.61308	1.05855	2.07947	14.70601
35570	-7542.007	-7448.882	-93.12414	1.827043	0.271717	0.635264	1.06499	2.02803	14.69197
35580	-7520.513	-7428.16	-92.35303	2.145716	0.31007	0.669665	1.07324	1.94702	14.58299
35590	-7533.424	-7441.485	-91.93923	2.251593	0.321565	0.679352	1.07518	1.92391	14.53102
35600	-7536.825	-7443.094	-93.73077	1.869346	0.277163	0.64036	1.06635	2.01613	14.7484
35610	-7533.117	-7437.141	-95.97632	1.834683	0.272709	0.636198	1.06524	2.02585	14.97642
35620	-7533.625	-7434.167	-99.4577	2.227383	0.318986	0.677202	1.07476	1.92905	15.28529
35630	-7525.455	-7433.89	-91.56505	1.748831	0.261331	0.625338	1.06222	2.05111	14.54388
35640	-7531.597	-7436.988	-94.60922	2.46804	0.343405	0.697052	1.07826	1.88129	14.77638
35650	-7519.605	-7427.244	-92.36115	2.257868	0.322229	0.679904	1.07528	1.92259	14.57259
35660	-7532.936	-7439.714	-93.22234	1.998936	0.293148	0.654901	1.06996	1.98199	14.6846
35670	-7539.387	-7433.09	-106.2973	2.018212	0.295439	0.656936	1.07044	1.97719	15.99016
35680	-7540.432	-7445.103	-95.32886	1.962995	0.288817	0.65102	1.06904	1.99113	14.89885
35690	-7540.638	-7439.829	-100.8094	1.514592	0.227568	0.590967	1.05127	2.1302	15.49174
35700	-7538.934	-7444.407	-94.52665	1.728984	0.258629	0.622708	1.06145	2.05721	14.84203
35710	-7551.901	-7440.643	-111.2581	2.231072	0.319381	0.677532	1.07483	1.92826	16.46496
35720	-7533.786	-7438.573	-95.21331	1.72705	0.258364	0.622449	1.06138	2.05781	14.91088
35730	-7534.212	-7437.45	-96.7613	1.800253	0.268206	0.63194	1.06408	2.03577	15.05836
35740	-7526.603	-7441.946	-84.6571	2.077157	0.302314	0.662975	1.07181	1.9629	13.82025
35750	-7543.742	-7460.404	-83.33807	2.246252	0.320999	0.678881	1.07509	1.92503	13.67144
35760	-7532.599	-7436.865	-95.73422	2.065571	0.300978	0.66181	1.07155	1.96566	14.92912
35770	-7515.494	-7429.75	-85.74464	1.803375	0.268618	0.632332	1.06419	2.03486	13.95639
35780	-7546.014	-7460.989	-85.02441	2.052713	0.299487	0.660505	1.07125	1.96875	13.85943
35790	-7545.284	-7463.31	-81.97374	1.948737	0.287078	0.649449	1.06865	1.99482	13.56476
35800	-7536.446	-7440.915	-95.53048	1.723966	0.257941	0.622036	1.06125	2.05877	14.94291
35810	-7524.474	-7429.546	-94.92787	3.011993	0.390188	0.73219	1.08257	1.79505	14.75385
35820	-7527.656	-7442.438	-85.21779	2.008719	0.294313	0.655938	1.07021	1.97954	13.88317
35830	-7524.82	-7426.523	-98.29723	1.800731	0.268269	0.632	1.0641	2.03563	15.21191
35840	-7528.845	-7444.361	-84.48414	2.307023	0.327362	0.684138	1.07607	1.91243	13.77997
35850	-7533.907	-7460.424	-73.48239	1.724497	0.258014	0.622107	1.06128	2.0586	12.73805
35860	-7525.379	-7430.56	-94.81876	1.669309	0.250333	0.614509	1.05899	2.07617	14.8772
35870	-7537.912	-7450.34	-87.57189	2.037283	0.297685	0.658921	1.0709	1.9725	14.11572
35880	-7531.444	-7447.043	-84.40067	1.731424	0.258962	0.623034	1.06155	2.05646	13.82918
35890	-7512.827	-7427.512	-85.31544	1.901716	0.281253	0.644138	1.06732	2.00728	13.90363
35900	-7539.86	-7438.761	-101.0992	2.613783	0.356985	0.707622	1.07981	1.85558	15.4108
35910	-7529.18	-7438.334	-90.84571	1.907821	0.282017	0.644839	1.0675	2.00564	14.45605
35920	-7548.751	-7453.059	-95.69263	1.964557	0.289007	0.651191	1.06908	1.99073	14.93507
35930	-7550.239	-7441.645	-108.5936	2.057716	0.300068	0.661014	1.07137	1.96755	16.21584
35940	-7558.897	-7449.845	-109.0513	1.997914	0.293026	0.654792	1.06994	1.98225	16.26759
35950	-7553.785	-7447.957	-105.8277	2.16116	0.311782	0.671125	1.07354	1.94355	15.92892
35960	-7544.544	-7451.285	-93.2588	1.639123	0.246036	0.610187	1.05764	2.08613	14.72423
35970	-7532.583	-7435.724	-96.85958	1.962532	0.288761	0.650969	1.06902	1.99125	15.05196
35980	-7529.738	-7444.671	-85.06703	1.959934	0.288445	0.650684	1.06895	1.99192	13.87297
35990	-7527.952	-7433.574	-94.37793	2.55444	0.351558	0.703436	1.07922	1.86579	14.74461
36000	-7547.691	-7451.209	-96.48161	1.953594	0.287672	0.649986	1.06878	1.99356	15.01506
36010	-7517.977	-7436.708	-81.26892	1.750488	0.261556	0.625556	1.06228	2.05061	13.5141
36020	-7531.629	-7440.885	-90.74367	1.685685	0.252635	0.616804	1.05969	2.07087	14.46806
36030	-7535.899	-7435.88	-100.0184	2.029104	0.296724	0.658073	1.0707	1.9745	15.36119
36040	-7555.288	-7457.86	-97.42737	1.817326	0.270449	0.634067	1.06467	2.03082	15.12326
36050	-7544.779	-7434.978	-109.8005	2.320216	0.328721	0.68525	1.07627	1.90976	16.31028
36060	-7524.897	-7430.724	-94.17284	2.40953	0.337708	0.69252	1.07752	1.89225	14.73859
36070	-7532.508	-7439.793	-92.71549	2.433689	0.340078	0.694412	1.07783	1.88768	14.59044
36080	-7553.983	-7450.572	-103.4107	2.089258	0.303702	0.664182	1.07207	1.96005	15.69441
36090	-7561.302	-7456.26	-105.0417	1.660105	0.24903	0.613204	1.05859	2.07918	15.90042
36100	-7564.574	-7461.814	-102.7596	2.03595	0.297529	0.658783	1.07086	1.97282	15.63462
36110	-7529.194	-7429.276	-99.9178	2.641577	0.359481	0.70953	1.08007	1.85092	15.28988
36120	-7551.014	-7450.57	-100.4437	1.675205	0.251164	0.61534	1.05924	2.07425	15.43911
36130	-7543.068	-7443.078	-99.99029	2.066636	0.301101	0.661918	1.07157	1.96541	15.35462
36140	-7541.795	-7455.233	-86.56142	1.801657	0.268391	0.632116	1.06413	2.03536	14.03823
36150	-7546.033	-7442.285	-103.7483	2.1692	0.312669	0.671879	1.0737	1.94175	15.72017
36160	-7559.394	-7461.492	-97.90224	1.825752	0.271548	0.635106	1.06495	2.0284	15.16991
36170	-7558.92	-7456.051	-102.8686	1.843467	0.273845	0.637264	1.06553	2.02336	15.66477
36180	-7546.331	-7444.454	-101.8776	2.059996	0.300333	0.661246	1.07142	1.967	15.54402
36190	-7534.568	-7453.334	-81.23377	2.214085	0.317557	0.676005	1.07453	1.93191	13.46423
36200	-7524.021	-7432.805	-91.21593	1.933214	0.28517	0.647719	1.06822	1.99889	14.49053
36210	-7546.823	-7448.503	-98.31918	2.064653	0.300872	0.661717	1.07153	1.96588	15.18771
36220	-7524.85	-7437.408	-87.44204	1.73338	0.25923	0.623295	1.06162	2.05585	14.13312
36230	-7521.778	-7433.821	-87.95722	1.855605	0.275407	0.638725	1.06592	2.01995	14.17242
36240	-7553.268	-7446.197	-107.071	2.025589	0.29631	0.657707	1.07062	1.97537	16.0668
36250	-7537.936	-7433.949	-103.9868	2.070388	0.301535	0.662296	1.07166	1.96451	15.7539
36260	-7535.166	-7439.551	-95.61483	2.397733	0.336541	0.691585	1.07737	1.89451	14.88397
36270	-7550.677	-7451.632	-99.04419	1.685378	0.252592	0.616761	1.05968	2.07097	15.29814
36280	-7536.065	-7451.456	-84.60904	1.895403	0.280461	0.643409	1.06714	2.00899	13.83362
36290	-7525.827	-7440.299	-85.52797	2.313948	0.328076	0.684723	1.07617	1.91103	13.88366
36300	-7537.386	-7440.336	-97.04986	2.049237	0.299082	0.660149	1.07117	1.96959	15.06232
36310	-7529.869	-7429.82	-100.0491	2.021598	0.295839	0.657291	1.07052	1.97635	15.36501
36320	-7535.865	-7439.409	-96.45591	1.951203	0.287379	0.649722	1.06872	1.99418	15.01273
36330	-7528.972	-7433.302	-95.6692	2.098068	0.304707	0.665053	1.07226	1.95798	14.91937
36340	-7544.155	-7452.978	-91.17696	2.226472	0.318889	0.677121	1.07475	1.92925	14.45731
36350	-7539.67	-7445.21	-94.46031	2.023167	0.296025	0.657455	1.07056	1.97596	14.80597
36360	-7547.173	-7451.424	-95.74928	1.681901	0.252105	0.616277	1.05953	2.07209	14.969
36370	-7547.112	-7451.308	-95.80473	2.064481	0.300852	0.6617	1.07152	1.96593	14.93628
36380	-7533.457	-7444.123	-89.33393	2.040396	0.29805	0.659242	1.07097	1.97174	14.29161
36390	-7527.518	-7444.194	-83.32447	1.904571	0.281611	0.644466	1.06741	2.00652	13.70425
36400	-7526.789	-7435.834	-90.9544	1.709591	0.255961	0.620093	1.06068	2.06327	14.48674
36410	-7549.604	-7448.923	-100.6808	2.05951	0.300276	0.661196	1.07141	1.96712	15.42439
36420	-7524.488	-7434.034	-90.45383	1.767766	0.263884	0.627804	1.06292	2.04539	14.43086
36430	-7529.903	-7432.747	-97.15619	1.765376	0.263563	0.627495	1.06283	2.04611	15.10134
36440	-7542.772	-7446.929	-95.84288	2.105762	0.305581	0.665809	1.07242	1.95619	14.93597
36450	-7538.199	-7440.994	-97.20467	1.748804	0.261328	0.625335	1.06222	2.05112	15.10785
36460	-7547.604	-7449.568	-98.03659	1.990543	0.292143	0.654004	1.06975	1.9841	15.16686
36470	-7537.695	-7446.622	-91.07352	1.644869	0.246859	0.611019	1.05791	2.08422	14.50512
36480	-7538.598	-7440.267	-98.33106	1.888015	0.27953	0.642551	1.06692	2.011	15.20656
36490	-7539.627	-7444.771	-94.85607	1.660844	0.249135	0.613309	1.05862	2.07894	14.88178
36500	-7533.511	-7437.834	-95.67669	2.1889	0.314827	0.673707	1.07407	1.9374	14.91104
36510	-7523.823	-7434.751	-89.07173	2.032758	0.297154	0.658452	1.07079	1.97361	14.26616
36520	-7532.774	-7442.665	-90.10847	1.881651	0.278726	0.641808	1.06672	2.01274	14.38494
36530	-7528.293	-7431.63	-96.66249	1.950695	0.287317	0.649666	1.06871	1.99431	15.03344
36540	-7521.255	-7423.797	-97.45801	1.638466	0.245942	0.610091	1.05761	2.08635	15.14421
36550	-7523.268	-7439.862	-83.40618	1.663446	0.249503	0.613679	1.05873	2.07808	13.73653
36560	-7520.812	-7430.04	-90.77112	2.380447	0.334821	0.690201	1.07713	1.89784	14.40133
36570	-7543.315	-7447.923	-95.39163	1.80838	0.269276	0.632957	1.06436	2.03341	14.92058
36580	-7561.126	-7458.117	-103.0094	2.232044	0.319485	0.677619	1.07484	1.92805	15.63999
36590	-7530.411	-7437.682	-92.7291	1.876267	0.278043	0.641176	1.06656	2.01422	14.64754
36600	-7548.184	-7450.252	-97.93128	2.003786	0.293726	0.655416	1.07008	1.98077	15.15501
36610	-7545.011	-7449.26	-95.75105	2.130939	0.308419	0.668252	1.07295	1.95038	14.92427
36620	-7531.586	-7442.027	-89.55848	1.708748	0.255844	0.619978	1.06065	2.06353	14.34723
36630	-7514.329	-7432.506	-81.82343	1.75561	0.262248	0.626226	1.06247	2.04905	13.56904
36640	-7520.965	-7425.709	-95.25654	1.600394	0.240423	0.604457	1.05581	2.09931	14.92787
36650	-7546.287	-7445.186	-101.1018	1.905667	0.281748	0.644592	1.06744	2.00622	15.48187
36660	-7525.419	-7434.691	-90.72828	2.107343	0.30576	0.665964	1.07246	1.95582	14.42435
36670	-7524.417	-7431.202	-93.21553	1.829852	0.272082	0.635608	1.06508	2.02723	14.70083
36680	-7526.934	-7435.22	-91.7142	2.25638	0.322071	0.679773	1.07526	1.9229	14.50804
36690	-7542.181	-7445.345	-96.83601	2.110214	0.306085	0.666244	1.07252	1.95515	15.03484
36700	-7524.054	-7427.541	-96.51312	2.076696	0.302261	0.662929	1.0718	1.96301	15.0059
36710	-7530.891	-7437.103	-93.78796	2.199326	0.315961	0.674663	1.07426	1.93511	14.72112
36720	-7541.05	-7442.191	-98.85908	1.984611	0.291431	0.653367	1.0696	1.9856	15.24971
36730	-7540.871	-7442.012	-98.85877	2.209447	0.317057	0.675585	1.07444	1.93291	15.22719
36740	-7530.334	-7433.243	-97.09116	1.730514	0.258838	0.622913	1.06151	2.05674	15.09832
36750	-7535.359	-7441.168	-94.19126	2.161744	0.311847	0.67118	1.07356	1.94342	14.76521
36760	-7521.736	-7439.455	-82.28069	1.566728	0.235449	0.599299	1.05411	2.11114	13.63365
36770	-7532.287	-7441.684	-90.60241	2.355377	0.332302	0.688165	1.07678	1.90275	14.38696
36780	-7519.152	-7429.7	-89.4527	2.126353	0.307905	0.667811	1.07285	1.95143	14.29489
36790	-7541.071	-7443.232	-97.83955	2.059107	0.30023	0.661155	1.0714	1.96721	15.1403
36800	-7536.502	-7437.303	-99.1993	2.409788	0.337733	0.69254	1.07753	1.8922	15.24121
36810	-7534.405	-7438.938	-95.46702	1.771636	0.264403	0.628303	1.06306	2.04423	14.9318
36820	-7538.59	-7435.821	-102.7696	1.911025	0.282417	0.645206	1.06759	2.00478	15.64812
36830	-7550.514	-7448.034	-102.4792	1.888751	0.279623	0.642637	1.06694	2.0108	15.6213
36840	-7550.56	-7457.344	-93.21631	1.983259	0.291268	0.653222	1.06957	1.98595	14.68556
36850	-7538.728	-7446.751	-91.97731	2.119845	0.307173	0.667181	1.07272	1.95293	14.548
36860	-7545.525	-7453.369	-92.15669	1.676372	0.251328	0.615503	1.0593	2.07387	14.61029
36870	-7544.449	-7446.4	-98.04866	2.092506	0.304073	0.664503	1.07214	1.95928	15.15787
36880	-7551.035	-7456.213	-94.82208	1.926694	0.284364	0.646985	1.06804	2.00061	14.8518
36890	-7546.406	-7451.506	-94.89938	1.825536	0.27152	0.635079	1.06494	2.02846	14.86964
36900	-7534.582	-7449.975	-84.60666	1.621776	0.243536	0.607646	1.05684	2.09198	13.86075
36910	-7528.357	-7439.592	-88.76564	1.461333	0.219287	0.581991	1.04807	2.15065	14.29269
36920	-7537.19	-7433.757	-103.4325	2.052499	0.299462	0.660483	1.07125	1.96881	15.70026
36930	-7554.913	-7448.999	-105.9136	2.131592	0.308493	0.668315	1.07296	1.95023	15.94046
36940	-7538.164	-7445.943	-92.22133	2.486508	0.345174	0.698446	1.07847	1.87791	14.53574
36950	-7537.119	-7445.612	-91.50708	2.132775	0.308625	0.668429	1.07298	1.94996	14.49969
36960	-7569.961	-7477.893	-92.06751	2.023174	0.296025	0.657456	1.07056	1.97596	14.56669
36970	-7543.955	-7458.317	-85.63803	1.942349	0.286294	0.64874	1.06848	1.99649	13.93183
36980	-7537.892	-7447.385	-90.50725	1.970689	0.289751	0.65186	1.06924	1.98915	14.41591
36990	-7522.211	-7438.931	-83.27984	1.924995	0.284154	0.646793	1.06799	2.00106	13.69774
37000	-7544.029	-7448.194	-95.83473	1.936177	0.285535	0.648051	1.06831	1.99811	14.95211
37010	-7528.016	-7434.977	-93.03877	2.281607	0.324722	0.681967	1.07567	1.91764	14.63797
37020	-7542.32	-7442.772	-99.54792	1.799758	0.268141	0.631878	1.06406	2.03592	15.33707
37030	-7526.683	-7432.406	-94.27686	1.774079	0.26473	0.628617	1.06315	2.0435	14.81254
37040	-7538.506	-7444.675	-93.83038	1.778863	0.265368	0.62923	1.06333	2.04208	14.76741
37050	-7537.941	-7436.513	-101.4281	1.769915	0.264172	0.628081	1.063	2.04475	15.52808
37060	-7516.1	-7424.383	-91.71689	2.023447	0.296058	0.657484	1.07057	1.97589	14.5316
37070	-7518.449	-7430.762	-87.68759	2.108611	0.305904	0.666088	1.07248	1.95552	14.12016
37080	-7538.791	-7441.626	-97.16532	1.926309	0.284316	0.646941	1.06803	2.00071	15.08616
37090	-7549.236	-7450.281	-98.95484	1.733426	0.259236	0.623301	1.06163	2.05584	15.2844
37100	-7529.435	-7431.131	-98.30348	1.861454	0.276156	0.639423	1.0661	2.01832	15.20646
37110	-7517.68	-7425.934	-91.74603	1.874057	0.277763	0.640916	1.06649	2.01483	14.54946
37120	-7526.945	-7423.773	-103.1715	1.864876	0.276593	0.63983	1.06621	2.01737	15.69292
37130	-7530.853	-7432.701	-98.15262	1.804456	0.26876	0.632467	1.06423	2.03455	15.19707
37140	-7537.402	-7440.292	-97.1096	1.741301	0.260309	0.624346	1.06193	2.05342	15.09909
37150	-7541.588	-7452.588	-88.99954	2.103335	0.305305	0.665571	1.07237	1.95675	14.25188
37160	-7542.651	-7447.936	-94.71428	2.136748	0.30907	0.66881	1.07306	1.94906	14.82001
37170	-7540.756	-7443.757	-96.99914	2.442669	0.340953	0.695108	1.07795	1.88599	15.01791
37180	-7532.829	-7443.401	-89.42869	2.078145	0.302428	0.663074	1.07183	1.96267	14.29731
37190	-7545.319	-7445.572	-99.74741	2.413953	0.338144	0.692869	1.07758	1.89141	15.2956
37200	-7526.231	-7439.177	-87.05353	1.763593	0.263324	0.627264	1.06277	2.04664	14.09125
37210	-7544.821	-7452.823	-91.99791	2.077454	0.302348	0.663005	1.07181	1.96283	14.5543
37220	-7518.542	-7431.192	-87.3508	1.935475	0.285449	0.647972	1.06829	1.99829	14.10379
37230	-7523.036	-7438.476	-84.55974	1.97829	0.290669	0.652685	1.06944	1.98721	13.8204
37240	-7528.055	-7433.208	-94.84694	1.93136	0.284941	0.64751	1.06817	1.99938	14.85382
37250	-7526.635	-7432.917	-93.71773	1.974323	0.29019	0.652255	1.06933	1.98822	14.7366
37260	-7528.854	-7451.307	-77.54723	1.75409	0.262043	0.626027	1.06241	2.04952	13.14157
37270	-7526.441	-7435.418	-91.02297	2.214919	0.317647	0.676081	1.07454	1.93173	14.44306
37280	-7521.746	-7431.364	-90.38218	2.177657	0.313598	0.672667	1.07386	1.93988	14.38271
37290	-7528.275	-7438.408	-89.86689	1.889471	0.279714	0.642721	1.06696	2.0106	14.36
37300	-7541.312	-7448.888	-92.42384	1.74927	0.261391	0.625396	1.06223	2.05098	14.62972
37310	-7538.993	-7435.548	-103.4453	2.365304	0.333303	0.688975	1.07692	1.9008	15.67025
37320	-7522.122	-7433.99	-88.13223	1.960458	0.288508	0.650742	1.06897	1.99178	14.17944
37330	-7538.894	-7443.797	-95.09694	1.800188	0.268198	0.631932	1.06408	2.03579	14.89193
37340	-7532.803	-7439.165	-93.63854	2.061924	0.300556	0.661441	1.07146	1.96654	14.71992
37350	-7544.165	-7446.653	-97.51234	2.163855	0.31208	0.671378	1.0736	1.94295	15.09711
37360	-7538.247	-7442.703	-95.54334	2.738936	0.368	0.715966	1.08088	1.83515	14.8427
37370	-7517.889	-7431.157	-86.73247	1.903429	0.281468	0.644335	1.06737	2.00682	14.04516
37380	-7539.338	-7446.582	-92.75599	1.903979	0.281537	0.644399	1.06739	2.00667	14.64746
37390	-7562.72	-7454.939	-107.781	2.149684	0.310511	0.670042	1.07332	1.94613	16.12539
37400	-7530.297	-7438.288	-92.00913	1.714288	0.25661	0.62073	1.06087	2.06179	14.59174
37410	-7557.805	-7455.288	-102.5168	1.569874	0.235917	0.599788	1.05427	2.11002	15.65696
37420	-7553.054	-7450.592	-102.4626	1.995827	0.292776	0.654569	1.06988	1.98277	15.60894
37430	-7543.548	-7449.279	-94.26933	1.81775	0.270504	0.63412	1.06468	2.0307	14.80742
37440	-7536.432	-7445.18	-91.25166	2.097916	0.304689	0.665038	1.07226	1.95802	14.47763
37450	-7555.743	-7455.424	-100.3181	1.941037	0.286133	0.648594	1.06844	1.99683	15.39997
37460	-7529.854	-7444.434	-85.42013	1.931657	0.284978	0.647544	1.06818	1.9993	13.91111
37470	-7531.496	-7435.347	-96.14928	1.777165	0.265142	0.629013	1.06326	2.04258	14.99947
37480	-7514.755	-7423.625	-91.1303	1.88188	0.278755	0.641835	1.06673	2.01268	14.4871
37490	-7523.689	-7434.209	-89.47925	2.210072	0.317124	0.675642	1.07446	1.93278	14.28918
37500	-7552.421	-7448.964	-103.4566	2.256011	0.322032	0.679741	1.07525	1.92298	15.68232
37510	-7552.739	-7463.806	-88.93316	1.48977	0.223738	0.586845	1.04982	2.1396	14.3066
37520	-7520.373	-7430.501	-89.87168	2.094119	0.304257	0.664663	1.07218	1.9589	14.34001
37530	-7537.741	-7451.497	-86.2435	1.976164	0.290413	0.652455	1.06938	1.98775	13.98899
37540	-7539.828	-7449.16	-90.66821	1.921304	0.283696	0.646376	1.06789	2.00204	14.43695
37550	-7533.459	-7443.115	-90.34344	2.407402	0.337498	0.692352	1.0775	1.89265	14.35586
37560	-7537.694	-7453.129	-84.56585	1.787813	0.26656	0.63037	1.06364	2.03943	13.84006
37570	-7543.266	-7446.197	-97.06888	2.112982	0.306398	0.666514	1.07258	1.95451	15.05785
37580	-7534.469	-7437.503	-96.96655	2.172983	0.313085	0.672232	1.07377	1.94091	15.04161
37590	-7542.471	-7449.317	-93.15375	2.00406	0.293759	0.655445	1.07009	1.98071	14.67723
37600	-7547.631	-7451.374	-96.25713	1.983488	0.291296	0.653246	1.06957	1.98589	14.98962
37610	-7543.831	-7457.943	-85.88844	1.941952	0.286246	0.648696	1.06847	1.99659	13.95691
37620	-7525.967	-7437.505	-88.46267	2.124957	0.307748	0.667676	1.07282	1.95175	14.19603
37630	-7525.43	-7437.854	-87.57593	2.076	0.302181	0.662859	1.07178	1.96318	14.11225
37640	-7532.755	-7431.589	-101.1653	1.794152	0.2674	0.631173	1.06387	2.03756	15.49937
37650	-7529.624	-7438.909	-90.7146	2.057976	0.300099	0.66104	1.07137	1.96749	14.42792
37660	-7536.126	-7450.044	-86.08195	2.06936	0.301416	0.662192	1.07163	1.96476	13.96352
37670	-7530.011	-7431.463	-98.54732	1.883814	0.279	0.642061	1.06679	2.01215	15.22861
37680	-7525.68	-7441.251	-84.4292	1.862584	0.2763	0.639558	1.06614	2.018	13.81892
37690	-7521.929	-7430.154	-91.77524	1.878255	0.278296	0.64141	1.06662	2.01367	14.55196
37700	-7549.823	-7457.997	-91.82574	2.01681	0.295273	0.656789	1.0704	1.97753	14.54315
37710	-7545.294	-7445.487	-99.80756	1.919789	0.283508	0.646204	1.06785	2.00244	15.35104
37720	-7540.831	-7444.098	-96.73281	1.845609	0.274121	0.637523	1.0656	2.02276	15.05098
37730	-7544.05	-7456.804	-87.2459	2.139131	0.309336	0.669037	1.07311	1.94852	14.07294
37740	-7539.536	-7441.631	-97.90556	1.633317	0.245202	0.609341	1.05738	2.08808	15.18948
37750	-7527.459	-7443.777	-83.68188	1.894888	0.280396	0.64335	1.06712	2.00913	13.74096
37760	-7542.969	-7445.956	-97.01225	1.791069	0.266992	0.630783	1.06376	2.03847	15.08438
37770	-7530.87	-7440.744	-90.12578	1.948214	0.287014	0.649391	1.06864	1.99496	14.38002
37780	-7558.416	-7448.522	-109.8937	1.771631	0.264402	0.628303	1.06306	2.04423	16.37446
37790	-7552.957	-7455.914	-97.04271	2.219476	0.318138	0.676492	1.07462	1.93075	15.04458
37800	-7555.953	-7470.596	-85.35714	2.001422	0.293444	0.655165	1.07003	1.98137	13.89783
37810	-7528.187	-7447.699	-80.48749	2.059172	0.300237	0.661162	1.0714	1.9672	13.40509
37820	-7542.256	-7438.192	-104.0637	1.939872	0.28599	0.648464	1.06841	1.99714	15.77464
37830	-7536.014	-7439.154	-96.86065	2.064556	0.300861	0.661707	1.07152	1.96591	15.04187
37840	-7553.582	-7455.325	-98.25687	2.269723	0.323477	0.680938	1.07548	1.92011	15.16097
37850	-7520.198	-7434.977	-85.22171	1.74652	0.261018	0.625034	1.06213	2.05182	13.90978
37860	-7541.887	-7453.775	-88.11224	2.080452	0.302693	0.663305	1.07188	1.96212	14.16544
37870	-7541.608	-7447.746	-93.86277	2.000047	0.29328	0.655019	1.06999	1.98171	14.74853
37880	-7529.559	-7439.15	-90.40834	2.275479	0.324081	0.681438	1.07557	1.91891	14.37554
37890	-7524.106	-7433.444	-90.66146	1.663719	0.249542	0.613718	1.05875	2.07799	14.46203
37900	-7527.197	-7438.969	-88.22739	2.340474	0.330791	0.686938	1.07657	1.9057	14.15095
37910	-7540.753	-7443.364	-97.38937	1.967381	0.28935	0.6515	1.06915	1.99	15.10446
37920	-7550.367	-7462.717	-87.65039	2.051779	0.299378	0.660409	1.07123	1.96898	14.12212
37930	-7534.778	-7442.631	-92.14695	1.903482	0.281475	0.644341	1.06738	2.00681	14.58661
37940	-7551.41	-7455.126	-96.28378	1.646525	0.247096	0.611258	1.05798	2.08366	15.02598
37950	-7539.539	-7445.745	-93.79355	2.005513	0.293932	0.655599	1.07013	1.98034	14.74106
37960	-7544.252	-7448.202	-96.04944	1.89023	0.27981	0.642809	1.06698	2.0104	14.97818
37970	-7513.24	-7439.707	-73.53308	1.77925	0.26542	0.62928	1.06334	2.04196	12.73764
37980	-7552.821	-7451.108	-101.7131	1.990148	0.292096	0.653962	1.06974	1.9842	15.53456
37990	-7533.008	-7442.995	-90.01241	2.04683	0.298801	0.659903	1.07112	1.97018	14.35882
38000	-7532.811	-7439.426	-93.38481	2.360271	0.332796	0.688565	1.07685	1.90179	14.66471
38010	-7544.786	-7456.482	-88.30448	2.141974	0.309653	0.669309	1.07317	1.94787	14.17851
38020	-7539.469	-7442.262	-97.20736	1.952836	0.287579	0.649903	1.06876	1.99376	15.08771
38030	-7538.64	-7447.28	-91.36017	2.446777	0.341352	0.695425	1.078	1.88523	14.4536
38040	-7531.946	-7436.706	-95.24042	1.894096	0.280296	0.643258	1.0671	2.00935	14.89689
38050	-7526.965	-7434.408	-92.55609	2.545082	0.350689	0.702761	1.07912	1.86743	14.56336
38060	-7549.88	-7459.659	-90.22074	1.832449	0.272419	0.635926	1.06517	2.02649	14.40109
38070	-7539.304	-7448.743	-90.56162	2.166719	0.312396	0.671647	1.07365	1.94231	14.40175
38080	-7522.808	-7434.309	-88.49977	1.936623	0.28559	0.6481	1.06832	1.99799	14.21857
38090	-7530.385	-7432.858	-97.527	2.283588	0.324929	0.682138	1.0757	1.91723	15.0866
38100	-7550.768	-7449.989	-100.7782	1.685777	0.252648	0.616817	1.0597	2.07084	15.4715
38110	-7549.212	-7449.345	-99.8677	2.129523	0.308261	0.668116	1.07292	1.95071	15.33608
38120	-7540.998	-7434.781	-106.2173	2.126888	0.307965	0.667862	1.07286	1.95131	15.9713
38130	-7544.421	-7455.045	-89.37598	1.899889	0.281024	0.643928	1.06727	2.00778	14.30987
38140	-7511.545	-7427.365	-84.18058	1.825376	0.271499	0.63506	1.06494	2.02851	13.79778
38150	-7530.874	-7441.603	-89.27067	2.662915	0.361378	0.710973	1.08026	1.84739	14.22303
38160	-7524.279	-7429.97	-94.30858	1.757443	0.262495	0.626465	1.06254	2.0485	14.81737
38170	-7527.559	-7443.249	-84.30949	2.088106	0.30357	0.664067	1.07205	1.96032	13.7844
38180	-7536.466	-7437.512	-98.95356	1.783021	0.265923	0.629761	1.06347	2.04084	15.27931
38190	-7538.385	-7441.774	-96.61137	1.581051	0.237576	0.601514	1.05485	2.10606	15.06529
38200	-7533.096	-7445.102	-87.99438	1.843156	0.273805	0.637227	1.06552	2.02345	14.17738
38210	-7540.734	-7445.902	-94.8323	1.93063	0.284851	0.647428	1.06815	1.99957	14.85243
38220	-7531.96	-7451.162	-80.79753	1.967383	0.28935	0.6515	1.06915	1.99	13.44527
38230	-7529.239	-7438.334	-90.90491	2.125878	0.307852	0.667765	1.07284	1.95154	14.44016
38240	-7532.863	-7433.774	-99.08928	2.035012	0.297419	0.658686	1.07084	1.97305	15.26768
38250	-7538.947	-7458.639	-80.30859	2.140393	0.309477	0.669158	1.07314	1.94823	13.37908
38260	-7555.755	-7463.481	-92.2738	2.142407	0.309701	0.66935	1.07318	1.94777	14.5754
38270	-7548.077	-7454.322	-93.75427	1.483662	0.222788	0.585814	1.04945	2.14195	14.78932
38280	-7537.732	-7447.885	-89.84679	1.902735	0.281381	0.644255	1.06735	2.00701	14.35666
38290	-7521.372	-7435.709	-85.66278	1.952526	0.287541	0.649869	1.06875	1.99384	13.93328
38300	-7543.673	-7452.128	-91.54559	1.880464	0.278576	0.641669	1.06669	2.01307	14.52877
38310	-7545.283	-7446.043	-99.2401	2.01673	0.295264	0.656781	1.0704	1.97755	15.28459
38320	-7536.365	-7441.18	-95.18514	1.963218	0.288844	0.651044	1.06904	1.99107	14.88445
38330	-7534.168	-7441.688	-92.47962	2.072683	0.301799	0.662527	1.07171	1.96397	14.60295
38340	-7525.222	-7437.192	-88.02958	2.034797	0.297393	0.658664	1.07084	1.97311	14.16174
38350	-7532.682	-7436.502	-96.17932	1.765712	0.263608	0.627539	1.06285	2.04601	15.00362
38360	-7522.06	-7436.997	-85.06271	2.052042	0.299409	0.660436	1.07124	1.96892	13.86332
38370	-7524.856	-7428.8	-96.05662	1.913321	0.282703	0.645468	1.06766	2.00417	14.97659
38380	-7540.266	-7438.025	-102.2405	1.613318	0.242309	0.606392	1.05644	2.09486	15.62497
38390	-7540.461	-7441.656	-98.80492	1.596464	0.239847	0.603863	1.05562	2.10067	15.2831
38400	-7531.398	-7437.664	-93.73376	2.112628	0.306358	0.66648	1.07257	1.95459	14.72437
38410	-7531.474	-7442.351	-89.12269	2.008883	0.294333	0.655955	1.07021	1.9795	14.27364
38420	-7533.051	-7450.461	-82.58994	2.188829	0.314819	0.6737	1.07407	1.93741	13.60237
38430	-7527.636	-7438.714	-88.92213	1.57287	0.236363	0.600253	1.05443	2.10896	14.29718
38440	-7528.884	-7437.759	-91.12508	1.820072	0.270808	0.634407	1.06476	2.03003	14.49276
38450	-7536.919	-7447.686	-89.23303	1.835108	0.272764	0.63625	1.06526	2.02573	14.30205
38460	-7528.016	-7429.845	-98.17117	2.098126	0.304713	0.665058	1.07226	1.95797	15.16956
38470	-7535.879	-7441.678	-94.20106	1.94326	0.286406	0.648841	1.0685	1.99625	14.78804
38480	-7535.787	-7434.286	-101.5011	1.934658	0.285348	0.64788	1.06827	1.99851	15.5189
38490	-7546.799	-7450.939	-95.86026	2.174861	0.313291	0.672407	1.07381	1.9405	14.9308
38500	-7547.664	-7451.192	-96.47156	1.952343	0.287519	0.649848	1.06875	1.99388	15.01418
38510	-7544.309	-7446.447	-97.86183	1.87052	0.277313	0.640499	1.06638	2.0158	15.16139
38520	-7535.705	-7442.449	-93.25537	1.904483	0.2816	0.644456	1.0674	2.00654	14.69735
38530	-7534.497	-7430.737	-103.7605	1.696737	0.254178	0.618333	1.06015	2.06734	15.76863
38540	-7539.267	-7449.069	-90.19836	1.740562	0.260209	0.624248	1.0619	2.05364	14.40804
38550	-7550.367	-7445.22	-105.1468	2.40104	0.336869	0.691848	1.07741	1.89387	15.83683
38560	-7528.797	-7440.209	-88.58755	1.961464	0.288631	0.650852	1.06899	1.99152	14.22487
38570	-7536.506	-7444.247	-92.25898	1.986105	0.29161	0.653528	1.06964	1.98522	14.58955
38580	-7538.837	-7438.829	-100.0088	2.129185	0.308223	0.668084	1.07291	1.95078	15.35022
38590	-7534.565	-7437.29	-97.27497	2.126507	0.307922	0.667826	1.07286	1.9514	15.07711
38600	-7534.576	-7444.49	-90.08605	2.28982	0.325579	0.682673	1.0758	1.91595	14.34188
38610	-7530.611	-7432.567	-98.04404	2.198759	0.3159	0.674612	1.07425	1.93524	15.14679
38620	-7531.992	-7436.073	-95.91935	1.780832	0.265631	0.629482	1.0634	2.04149	14.97611
38630	-7535.305	-7433.582	-101.7236	1.692817	0.253632	0.617793	1.05999	2.06859	15.56534
38640	-7536.859	-7445.437	-91.42187	2.113835	0.306495	0.666597	1.07259	1.95431	14.49306
38650	-7537.998	-7447.431	-90.56704	1.638272	0.245914	0.610063	1.05761	2.08642	14.45513
38660	-7547.35	-7450.411	-96.93881	2.351844	0.331945	0.687875	1.07673	1.90345	15.02095
38670	-7510.671	-7425.258	-85.41231	1.798626	0.267991	0.631736	1.06402	2.03625	13.92363
38680	-7526.577	-7435.84	-90.73764	1.736706	0.259684	0.623737	1.06175	2.05483	14.46235
38690	-7559.848	-7466.029	-93.81911	2.258378	0.322283	0.679948	1.07529	1.92248	14.71833
38700	-7540.64	-7440.018	-100.6213	2.201932	0.316244	0.674901	1.07431	1.93455	15.4042
38710	-7534.133	-7441.948	-92.18507	1.824824	0.271428	0.634992	1.06492	2.02866	14.59828
38720	-7537.145	-7443.898	-93.24713	1.954102	0.287734	0.650043	1.0688	1.99343	14.69156
38730	-7552.52	-7444.78	-107.7395	1.991312	0.292235	0.654087	1.06977	1.98391	16.13708
38740	-7532.425	-7449.048	-83.37621	1.756622	0.262385	0.626358	1.06251	2.04875	13.72422
38750	-7541.727	-7448.597	-93.12969	2.186637	0.31458	0.673498	1.07403	1.93789	14.65656
38760	-7525.343	-7440.222	-85.12099	2.184598	0.314357	0.67331	1.07399	1.93834	13.8559
38770	-7536.134	-7443.972	-92.16207	2.210138	0.317132	0.675648	1.07446	1.93276	14.55745
38780	-7541.419	-7457.975	-83.44367	1.705285	0.255365	0.619506	1.0605	2.06462	13.7361
38790	-7529.829	-7438.917	-90.91234	1.915177	0.282935	0.64568	1.06771	2.00367	14.46197
38800	-7516.757	-7423.21	-93.54722	1.966857	0.289286	0.651442	1.06914	1.99013	14.72029
38810	-7543.298	-7458.287	-85.01116	1.935599	0.285464	0.647986	1.06829	1.99826	13.86981
38820	-7539.281	-7443.404	-95.87754	2.051749	0.299375	0.660406	1.07123	1.96899	14.94484
38830	-7526.141	-7435.451	-90.69009	2.0702	0.301513	0.662277	1.07165	1.96456	14.42425
38840	-7545.647	-7440.963	-104.6841	1.915428	0.282966	0.645708	1.06772	2.0036	15.83913
38850	-7530.025	-7437.614	-92.41132	2.548348	0.350993	0.702997	1.07916	1.86685	14.54856
38860	-7549.453	-7452.698	-96.75474	1.766112	0.263662	0.62759	1.06286	2.04589	15.06112
38870	-7524.486	-7429.025	-95.46109	2.336501	0.330386	0.686609	1.07651	1.90649	14.87472
38880	-7541.79	-7439.849	-101.941	1.771455	0.264378	0.62828	1.06306	2.04428	15.57921
38890	-7549.348	-7448.3	-101.0474	1.988957	0.291953	0.653834	1.06971	1.9845	15.4681
38900	-7530.835	-7443.363	-87.47244	1.606301	0.241286	0.605344	1.0561	2.09727	14.14887
38910	-7526.743	-7437.15	-89.59262	1.838092	0.27315	0.636613	1.06535	2.02488	14.33771
38920	-7528.825	-7441.738	-87.08781	1.680046	0.251844	0.616018	1.05945	2.07269	14.10303
38930	-7540.15	-7449.054	-91.09557	2.150306	0.31058	0.670101	1.07333	1.94599	14.45678
38940	-7513.116	-7429.529	-83.58687	1.698051	0.254361	0.618514	1.06021	2.06692	13.75114
38950	-7536.42	-7443.885	-92.53536	2.270967	0.323608	0.681046	1.0755	1.91985	14.5887
38960	-7534.401	-7445.545	-88.85572	1.98749	0.291777	0.653677	1.06967	1.98487	14.24908
38970	-7531.005	-7436.875	-94.13026	2.134424	0.30881	0.668587	1.07302	1.94959	14.76184
38980	-7541.354	-7440.034	-101.3198	1.916466	0.283095	0.645826	1.06775	2.00333	15.5026
38990	-7536.899	-7436.384	-100.5157	2.057342	0.300025	0.660976	1.07136	1.96764	15.40809
39000	-7513.103	-7424.871	-88.23166	1.995227	0.292704	0.654505	1.06987	1.98292	14.1859
39010	-7530.19	-7447.004	-83.18622	1.955582	0.287914	0.650206	1.06884	1.99304	13.68532
39020	-7520.701	-7433.266	-87.43526	1.86843	0.277047	0.640251	1.06632	2.01638	14.11894
39030	-7544.893	-7442.649	-102.2444	1.752293	0.2618	0.625792	1.06235	2.05006	15.61147
39040	-7524.453	-7428.308	-96.14478	2.024105	0.296135	0.657553	1.07058	1.97573	14.97433
39050	-7512.256	-7425.802	-86.45442	1.795617	0.267594	0.631357	1.06392	2.03713	14.02814
39060	-7525.635	-7433.636	-91.99854	2.345178	0.331269	0.687327	1.07664	1.90477	14.52759
39070	-7531.471	-7442.734	-88.73774	2.043068	0.298362	0.659517	1.07103	1.97109	14.23173
39080	-7535.086	-7438.229	-96.85657	1.91696	0.283157	0.645883	1.06777	2.0032	15.05622
39090	-7516.382	-7428.383	-87.99912	1.876973	0.278133	0.641259	1.06658	2.01403	14.17447
39100	-7530.291	-7447.113	-83.17864	2.060771	0.300423	0.661324	1.07144	1.96681	13.67405
39110	-7534.85	-7441.81	-93.03925	1.712625	0.25638	0.620505	1.0608	2.06231	14.69492
39120	-7522.705	-7426.392	-96.31233	1.806762	0.269063	0.632755	1.06431	2.03388	15.01281
39130	-7532.35	-7442.436	-89.91343	1.636276	0.245627	0.609773	1.05751	2.08709	14.38997
39140	-7547.539	-7439.202	-108.3366	1.736126	0.259604	0.62366	1.06173	2.05501	16.2223
39150	-7528.083	-7438.304	-89.77965	1.808965	0.269353	0.63303	1.06438	2.03324	14.35933
39160	-7539.988	-7452.537	-87.4504	2.316731	0.328363	0.684958	1.07621	1.91046	14.07563
39170	-7537.924	-7441.258	-96.66617	2.046129	0.29872	0.659831	1.0711	1.97035	15.02426
39180	-7550.086	-7454.195	-95.89037	1.928099	0.284538	0.647143	1.06808	2.00024	14.95849
39190	-7539.775	-7454.756	-85.01827	1.57264	0.236329	0.600217	1.05442	2.10904	13.90682
39200	-7529.179	-7438.026	-91.15324	1.959601	0.288404	0.650648	1.06895	1.992	14.48162
39210	-7523.074	-7437.228	-85.84611	2.03905	0.297892	0.659103	1.07094	1.97207	13.94296
39220	-7539.199	-7449.548	-89.65102	2.102843	0.30525	0.665522	1.07236	1.95687	14.31708
39230	-7539.921	-7446.927	-92.99378	2.158732	0.311514	0.670897	1.0735	1.94409	14.64576
39240	-7532.468	-7443.518	-88.95047	1.80901	0.269359	0.633035	1.06438	2.03322	14.2764
39250	-7548.1	-7458.737	-89.3629	1.808425	0.269282	0.632962	1.06436	2.03339	14.31771
39260	-7551.052	-7456.8	-94.25238	1.859294	0.27588	0.639166	1.06603	2.01892	14.80157
39270	-7544.229	-7456.191	-88.03754	1.753915	0.262019	0.626004	1.06241	2.04957	14.19062
39280	-7527.773	-7437.662	-90.11099	1.588112	0.238618	0.602595	1.0552	2.10358	14.41455
39290	-7523.528	-7433.438	-90.08974	2.069022	0.301377	0.662158	1.07162	1.96484	14.36433
39300	-7554.414	-7458.307	-96.10653	1.445089	0.216714	0.579154	1.04703	2.15711	15.0284
39310	-7530.544	-7430.949	-99.59505	1.900795	0.281138	0.644032	1.0673	2.00753	15.33168
39320	-7526.2	-7435.168	-91.03129	2.158944	0.311537	0.670917	1.0735	1.94404	14.44949
39330	-7547.061	-7440.214	-106.8466	2.160733	0.311735	0.671085	1.07354	1.94364	16.03085
39340	-7528.685	-7436.466	-92.21932	2.068463	0.301312	0.662102	1.07161	1.96497	14.57734
39350	-7548.141	-7447.025	-101.1166	1.857409	0.275638	0.63894	1.06597	2.01945	15.48818
39360	-7527.603	-7436.428	-91.17431	2.165873	0.312302	0.671568	1.07364	1.94249	14.4631
39370	-7547.135	-7447.436	-99.69948	2.145091	0.31	0.669606	1.07323	1.94716	15.3177
39380	-7532.346	-7438.225	-94.12047	2.235013	0.319802	0.677884	1.07489	1.92742	14.7508
39390	-7537.051	-7439.295	-97.75583	2.095911	0.304461	0.66484	1.07221	1.95848	15.12825
39400	-7546.116	-7449.183	-96.93236	2.193495	0.315328	0.674129	1.07415	1.93639	15.03614
39410	-7540.652	-7439.471	-101.1804	2.193958	0.315378	0.674172	1.07416	1.93629	15.46091
39420	-7539.825	-7454.679	-85.14583	1.828849	0.271951	0.635486	1.06505	2.02751	13.89396
39430	-7544.142	-7453.176	-90.96616	1.985329	0.291517	0.653445	1.06962	1.98542	14.46034
39440	-7527.976	-7433.051	-94.92478	2.383925	0.335168	0.690481	1.07718	1.89717	14.81634
39450	-7527.801	-7441.096	-86.70548	2.012468	0.294758	0.656333	1.0703	1.97861	14.03156
39460	-7530.573	-7454.132	-76.4413	1.958309	0.288247	0.650506	1.06891	1.99234	13.01056
39470	-7519.642	-7436.36	-83.28249	1.941975	0.286248	0.648698	1.06847	1.99659	13.69631
39480	-7530.437	-7438.396	-92.04085	1.903736	0.281506	0.644371	1.06738	2.00674	14.57597
39490	-7527.449	-7440.018	-87.43137	2.383665	0.335142	0.69046	1.07718	1.89722	14.06703
39500	-7535.417	-7444.626	-90.79068	1.693373	0.253709	0.61787	1.06001	2.06841	14.47199
39510	-7547.568	-7453.407	-94.16062	2.476598	0.344227	0.6977	1.07836	1.87972	14.73066
39520	-7525.937	-7438.474	-87.46315	2.048171	0.298958	0.66004	1.07115	1.96985	14.10376
39530	-7540.386	-7448.525	-91.86092	1.525052	0.229167	0.592674	1.05186	2.1263	14.59585
39540	-7549.069	-7450.146	-98.92264	1.792305	0.267155	0.630939	1.0638	2.0381	15.27529
39550	-7532.95	-7441.263	-91.68727	2.236756	0.319988	0.678039	1.07492	1.92705	14.50731
39560	-7545.989	-7444.039	-101.9504	1.921076	0.283668	0.64635	1.06788	2.0021	15.56519
39570	-7554.782	-7455.316	-99.46615	2.232886	0.319575	0.677694	1.07486	1.92787	15.28559
39580	-7541.172	-7438.182	-102.9899	1.882443	0.278826	0.641901	1.06675	2.01252	15.673
39590	-7533.271	-7450.117	-83.15391	2.034113	0.297313	0.658593	1.07082	1.97327	13.67424
39600	-7522.721	-7433.226	-89.49514	1.550873	0.233075	0.596811	1.05327	2.11684	14.35668
39610	-7568.77	-7454.667	-114.1031	2.133671	0.308725	0.668515	1.073	1.94976	16.7592
39620	-7538.533	-7439.124	-99.4081	2.193739	0.315354	0.674152	1.07416	1.93634	15.28369
39630	-7539.167	-7438.187	-100.9801	1.722311	0.257714	0.621814	1.06119	2.05928	15.48804
39640	-7539.873	-7443.546	-96.32646	1.948939	0.287102	0.649472	1.06866	1.99477	15.00001
39650	-7525.108	-7437.449	-87.65861	1.819143	0.270686	0.634292	1.06473	2.03029	14.14621
39660	-7527.761	-7437.826	-89.93521	1.919576	0.283482	0.64618	1.06784	2.0025	14.36382
39670	-7532.779	-7435.716	-97.06206	1.847076	0.274311	0.6377	1.06565	2.02234	15.08376
39680	-7522.791	-7435.961	-86.82957	1.980567	0.290944	0.652931	1.0695	1.98663	14.04716
39690	-7530.918	-7453.429	-77.48962	1.697493	0.254283	0.618438	1.06018	2.0671	13.14147
39700	-7534.487	-7451.104	-83.38239	1.64438	0.246789	0.610948	1.05788	2.08438	13.73606
39710	-7529.433	-7439.894	-89.53828	1.657208	0.248618	0.612791	1.05846	2.08013	14.35037
39720	-7533.789	-7438.87	-94.91941	1.920633	0.283613	0.6463	1.06787	2.00222	14.86214
39730	-7544.715	-7443.695	-101.0198	1.885104	0.279163	0.642212	1.06683	2.0118	15.47573
39740	-7554.831	-7454.76	-100.0707	2.17825	0.313663	0.672722	1.07387	1.93974	15.3515
39750	-7536.38	-7445.671	-90.70886	1.967755	0.289395	0.65154	1.06916	1.9899	14.43637
39760	-7537.896	-7439.901	-97.99465	1.796692	0.267736	0.631493	1.06396	2.03681	15.18205
39770	-7530.373	-7432.62	-97.75243	2.279851	0.324539	0.681816	1.07564	1.91801	15.10952
39780	-7521.936	-7435.072	-86.86366	2.185119	0.314414	0.673358	1.074	1.93823	14.03011
39790	-7532.545	-7441.619	-90.92582	1.644127	0.246753	0.610912	1.05787	2.08446	14.49043
39800	-7553.902	-7453.924	-99.9784	2.167561	0.312488	0.671726	1.07367	1.94212	15.34334
39810	-7524.696	-7422.52	-102.1767	1.758333	0.262615	0.626581	1.06257	2.04823	15.60409
39820	-7526.186	-7434.372	-91.81334	1.854342	0.275245	0.638574	1.06588	2.0203	14.55816
39830	-7527.967	-7441.986	-85.9804	2.138749	0.309293	0.669001	1.0731	1.9486	13.94642
39840	-7539.304	-7443.486	-95.81841	1.544782	0.232158	0.595845	1.05295	2.11905	14.98962
39850	-7535.507	-7443.497	-92.0098	2.121434	0.307352	0.667335	1.07275	1.95256	14.5511
39860	-7536.819	-7443.388	-93.43055	2.316758	0.328366	0.68496	1.07622	1.91046	14.67364
39870	-7516.976	-7434.577	-82.39894	2.078611	0.302481	0.663121	1.07184	1.96256	13.59429
39880	-7543.82	-7446.563	-97.25723	1.998127	0.293051	0.654814	1.06994	1.98219	15.08817
39890	-7526.601	-7430.673	-95.92766	1.808225	0.269256	0.632937	1.06436	2.03345	14.9742
39900	-7526.942	-7437.355	-89.58647	2.011464	0.294639	0.656227	1.07027	1.97886	14.31976
39910	-7553.524	-7460.466	-93.05758	2.200163	0.316052	0.67474	1.07428	1.93493	14.648
39920	-7531.008	-7437.132	-93.87585	2.061787	0.30054	0.661427	1.07146	1.96657	14.74366
39930	-7519.611	-7431.711	-87.89992	1.91393	0.282779	0.645537	1.06768	2.004	14.16086
39940	-7525.281	-7447.099	-78.18215	1.911264	0.282447	0.645233	1.0676	2.00472	13.18935
39950	-7535.428	-7450.388	-85.03964	2.315851	0.328272	0.684884	1.0762	1.91064	13.83464
39960	-7513.152	-7428.832	-84.31948	2.003889	0.293738	0.655427	1.07009	1.98075	13.79382
39970	-7533.945	-7444.703	-89.24169	2.02091	0.295758	0.657219	1.0705	1.97652	14.28434
39980	-7532.227	-7449.06	-83.16791	2.408211	0.337578	0.692416	1.07751	1.8925	13.63823
39990	-7520.485	-7433.434	-87.05073	1.929881	0.284758	0.647344	1.06813	1.99977	14.07434
40000	-7546.624	-7447.875	-98.74849	2.166622	0.312385	0.671638	1.07365	1.94233	15.22045
40010	-7538.2	-7450.308	-87.89167	1.878518	0.278329	0.641441	1.06663	2.0136	14.16357
40020	-7533.031	-7441.13	-91.90137	2.31327	0.328007	0.684666	1.07616	1.91117	14.52107
40030	-7540.16	-7437.691	-102.4688	2.588378	0.354679	0.705849	1.07956	1.85991	15.5503
40040	-7542.964	-7444.303	-98.66055	1.535442	0.230746	0.594351	1.05244	2.12247	15.27477
40050	-7541.513	-7448.12	-93.39308	1.772767	0.264554	0.628449	1.0631	2.04389	14.72429
40060	-7542.651	-7447.216	-95.4346	1.878783	0.278363	0.641472	1.06664	2.01353	14.91784
40070	-7533.522	-7438.223	-95.29878	1.891527	0.279973	0.64296	1.06702	2.01004	14.90298
40080	-7534.636	-7444.763	-89.87266	1.817387	0.270457	0.634075	1.06467	2.0308	14.36779
40090	-7531.582	-7446.438	-85.14347	1.93853	0.285825	0.648314	1.06837	1.99749	13.88275
40100	-7539.853	-7451.4	-88.45251	1.926083	0.284289	0.646916	1.06802	2.00077	14.2149
40110	-7545.705	-7457.682	-88.02301	1.908222	0.282067	0.644885	1.06751	2.00553	14.17374
40120	-7523.759	-7423.573	-100.1861	2.142389	0.309699	0.669348	1.07318	1.94778	15.36663
40130	-7561.694	-7459.93	-101.7642	1.599596	0.240306	0.604336	1.05577	2.09959	15.57872
40140	-7552.078	-7457.094	-94.98341	2.252991	0.321713	0.679475	1.0752	1.92361	14.8353
40150	-7550.275	-7451.892	-98.38359	1.755524	0.262237	0.626215	1.06247	2.04908	15.22507
40160	-7533.795	-7439.003	-94.79215	2.215292	0.317687	0.676115	1.07455	1.93165	14.81994
40170	-7520.94	-7426.144	-94.79629	2.315544	0.328241	0.684858	1.0762	1.9107	14.81033
40180	-7543.365	-7443.685	-99.68016	2.16877	0.312621	0.671839	1.07369	1.94185	15.3134
40190	-7516.583	-7439.758	-76.8247	1.978468	0.290691	0.652704	1.06944	1.98716	13.04688
40200	-7529.344	-7436.638	-92.70618	2.118523	0.307024	0.667053	1.07269	1.95323	14.62102
40210	-7523.648	-7435.913	-87.73583	1.981858	0.291099	0.653071	1.06953	1.9863	14.13766
40220	-7516.281	-7427.375	-88.90564	1.806495	0.269028	0.632722	1.0643	2.03395	14.27217
40230	-7528.726	-7445.547	-83.17816	1.693535	0.253732	0.617892	1.06002	2.06836	13.71072
40240	-7557.454	-7460.423	-97.03082	2.102707	0.305234	0.665509	1.07236	1.9569	15.05507
40250	-7542.806	-7449.035	-93.77112	1.636897	0.245717	0.609863	1.05754	2.08688	14.77568
40260	-7532.63	-7442.623	-90.00742	2.191724	0.315135	0.673967	1.07412	1.93678	14.34383
40270	-7516.671	-7436.291	-80.3799	1.92385	0.284012	0.646664	1.06796	2.00136	13.40786
40280	-7548.046	-7448.201	-99.84542	2.250271	0.321425	0.679236	1.07515	1.92419	15.32177
40290	-7527.962	-7430.815	-97.14699	2.286135	0.325195	0.682357	1.07574	1.91671	15.04834
40300	-7556.201	-7450.184	-106.0175	1.864015	0.276483	0.639728	1.06618	2.01761	15.9776
40310	-7526.274	-7435.066	-91.20824	1.832305	0.2724	0.635908	1.06517	2.02653	14.49985
40320	-7537.077	-7439.518	-97.55932	1.973134	0.290047	0.652126	1.0693	1.98852	15.12088
40330	-7539.836	-7443.05	-96.78673	2.132867	0.308635	0.668438	1.07298	1.94994	15.02764
40340	-7535.132	-7448.583	-86.54875	1.816096	0.270288	0.633915	1.06462	2.03117	14.03552
40350	-7536.953	-7449.369	-87.58407	1.989946	0.292072	0.65394	1.06974	1.98425	14.12167
40360	-7537.918	-7457.4	-80.51819	1.803555	0.268641	0.632354	1.0642	2.03481	13.43372
40370	-7551.747	-7457.782	-93.96536	2.030853	0.29693	0.658255	1.07074	1.97407	14.75571
40380	-7537.57	-7436.262	-101.308	1.88045	0.278574	0.641667	1.06669	2.01307	15.50501
40390	-7543.206	-7449.738	-93.46825	2.367844	0.333558	0.689182	1.07696	1.9003	14.6723
40400	-7549.462	-7452.702	-96.7594	1.84424	0.273945	0.637358	1.06555	2.02314	15.05377
40410	-7531.932	-7433.99	-97.9421	1.875518	0.277948	0.641088	1.06654	2.01443	15.16892
40420	-7525.469	-7432.063	-93.4064	2.003636	0.293708	0.6554	1.07008	1.98081	14.70253
40430	-7532.229	-7448.886	-83.34337	2.213135	0.317455	0.675919	1.07451	1.93212	13.67528
40440	-7531.242	-7438.502	-92.73956	1.678864	0.251678	0.615853	1.0594	2.07307	14.66833
40450	-7543.212	-7434.224	-108.9881	1.80477	0.268801	0.632506	1.06424	2.03445	16.28059
40460	-7541.989	-7439.407	-102.5824	1.754451	0.262092	0.626074	1.06243	2.04941	15.64505
40470	-7543.864	-7453.041	-90.82261	2.235301	0.319833	0.67791	1.0749	1.92736	14.42099
40480	-7550.375	-7456.892	-93.48312	2.511975	0.347589	0.700342	1.07876	1.87331	14.65937
40490	-7533.437	-7440.737	-92.69968	1.980336	0.290916	0.652906	1.06949	1.98669	14.63419
40500	-7531.508	-7440.419	-91.08841	2.101099	0.305051	0.665351	1.07233	1.95727	14.46099
40510	-7530.564	-7439.549	-91.01469	1.715632	0.256795	0.620912	1.06092	2.06137	14.49216
40520	-7537.479	-7445.519	-91.9601	2.175174	0.313325	0.672436	1.07381	1.94043	14.54075
40530	-7525.501	-7437.276	-88.22524	1.869256	0.277152	0.640349	1.06635	2.01615	14.19786
40540	-7542.958	-7448.194	-94.76419	1.510035	0.226869	0.590218	1.05101	2.13191	14.88767
40550	-7542.08	-7445.446	-96.6342	2.337207	0.330458	0.686668	1.07652	1.90635	14.99196
40560	-7534.3	-7439.542	-94.75759	2.212993	0.31744	0.675907	1.07451	1.93215	14.81672
40570	-7532.736	-7437.432	-95.30435	1.737304	0.259765	0.623817	1.06178	2.05464	14.91896
40580	-7525.605	-7427.299	-98.30558	2.033607	0.297254	0.65854	1.07081	1.9734	15.18946
40590	-7520.015	-7437.248	-82.76669	1.945678	0.286703	0.64911	1.06857	1.99562	13.64436
40600	-7524.383	-7428.558	-95.82448	1.953157	0.287618	0.649938	1.06877	1.99367	14.94939
40610	-7530.091	-7441.597	-88.49495	1.827873	0.271825	0.635366	1.06502	2.02779	14.22897
40620	-7545.31	-7451.079	-94.2307	1.888376	0.279576	0.642593	1.06693	2.0109	14.79649
40630	-7510.201	-7431.458	-78.7423	1.617956	0.242982	0.607081	1.05666	2.09328	13.27469
40640	-7535.893	-7442.593	-93.30045	1.802115	0.268452	0.632174	1.06415	2.03523	14.71209
40650	-7552.903	-7457.925	-94.97779	1.908511	0.282103	0.644918	1.06752	2.00546	14.86919
40660	-7536.349	-7444.678	-91.67089	2.213745	0.317521	0.675975	1.07452	1.93198	14.50797
40670	-7517.042	-7427.009	-90.03291	2.465975	0.343207	0.696895	1.07823	1.88167	14.31895
40680	-7520.712	-7424.734	-95.97781	2.140798	0.309522	0.669197	1.07314	1.94814	14.94596
40690	-7523.536	-7437.702	-85.8338	1.802428	0.268493	0.632213	1.06416	2.03514	13.9654
40700	-7552.943	-7454.617	-98.32625	1.923519	0.283971	0.646626	1.06795	2.00145	15.20253
40710	-7542.887	-7452.682	-90.20533	1.853962	0.275196	0.638528	1.06587	2.02041	14.3974
40720	-7524.457	-7437.619	-86.83766	2.042392	0.298283	0.659447	1.07102	1.97125	14.04179
40730	-7516.816	-7428.981	-87.8354	2.320407	0.32874	0.685266	1.07627	1.90972	14.11376
40740	-7528.806	-7449.116	-79.69013	2.285002	0.325077	0.682259	1.07572	1.91694	13.30277
40750	-7519.895	-7445.985	-73.90987	2.07571	0.302148	0.66283	1.07177	1.96325	12.74567
40760	-7523.259	-7440.755	-82.50425	1.715981	0.256843	0.62096	1.06094	2.06126	13.64108
40770	-7521.032	-7425.821	-95.21091	1.987647	0.291796	0.653694	1.06968	1.98483	14.88458
40780	-7530.892	-7438.254	-92.63762	2.096031	0.304475	0.664852	1.07222	1.95846	14.61642
40790	-7524.105	-7437.841	-86.26418	2.11853	0.307025	0.667054	1.07269	1.95323	13.97682
40800	-7524.213	-7437.916	-86.29659	1.86231	0.276265	0.639525	1.06613	2.01808	14.00569
40810	-7537.011	-7458.021	-78.99029	2.123074	0.307536	0.667494	1.07278	1.95218	13.24898
40820	-7534.082	-7446.775	-87.30645	1.85207	0.274953	0.638301	1.06581	2.02094	14.1077
40830	-7539.326	-7446.131	-93.1956	1.906884	0.2819	0.644732	1.06747	2.00589	14.69113
40840	-7549.524	-7455.229	-94.29539	1.665306	0.249767	0.613943	1.05882	2.07747	14.82527
40850	-7535.003	-7441.622	-93.38095	2.274934	0.324024	0.68139	1.07556	1.91903	14.67286
40860	-7518.51	-7425.225	-93.28509	1.986108	0.291611	0.653528	1.06964	1.98522	14.69216
40870	-7520.329	-7429.704	-90.62496	1.790684	0.26694	0.630734	1.06375	2.03858	14.44569
40880	-7545.287	-7448.023	-97.26328	1.750227	0.26152	0.625521	1.06227	2.05069	15.11356
40890	-7509.132	-7421.257	-87.87503	1.805773	0.268933	0.632631	1.06427	2.03416	14.16918
40900	-7551.374	-7440.825	-110.5488	2.452808	0.341936	0.695889	1.07807	1.8841	16.37186
40910	-7546.471	-7442.743	-103.7275	1.905377	0.281712	0.644559	1.06743	2.0063	15.74447
40920	-7540.6	-7443.615	-96.98553	1.822574	0.271134	0.634715	1.06484	2.02931	15.07855
40930	-7531.321	-7438.147	-93.17327	2.22453	0.31868	0.676946	1.07471	1.92966	14.65713
40940	-7549.217	-7447.731	-101.4862	2.017665	0.295374	0.656879	1.07043	1.97732	15.50911
40950	-7534.86	-7443.322	-91.53884	1.881117	0.278658	0.641746	1.06671	2.01289	14.52803
40960	-7523.552	-7430.221	-93.33117	2.118585	0.307031	0.667059	1.07269	1.95322	14.68352
40970	-7538.548	-7437.224	-101.3243	2.275712	0.324106	0.681458	1.07557	1.91886	15.46712
40980	-7525.167	-7431.594	-93.57263	1.753641	0.261982	0.625969	1.0624	2.04965	14.74416
40990	-7547.743	-7462.296	-85.44708	2.257105	0.322148	0.679837	1.07527	1.92275	13.88126
41000	-7518.681	-7434.364	-84.31693	2.044251	0.2985	0.659638	1.07106	1.9708	13.78953
41010	-7537.314	-7447.727	-89.58658	1.795407	0.267566	0.631331	1.06391	2.03719	14.34138
41020	-7550.821	-7453.779	-97.04159	1.586863	0.238434	0.602404	1.05514	2.10402	15.10773
41030	-7538.606	-7445.36	-93.24566	2.55829	0.351914	0.703712	1.07926	1.86511	14.631
41040	-7521.119	-7424.659	-96.45962	2.201068	0.31615	0.674823	1.07429	1.93473	14.98811
41050	-7531.261	-7437.467	-93.79346	2.394359	0.336207	0.691316	1.07732	1.89516	14.70217
41060	-7541.842	-7440.811	-101.0309	2.609285	0.356579	0.70731	1.07977	1.85634	15.40442
41070	-7538.481	-7440.572	-97.90872	2.082167	0.30289	0.663476	1.07192	1.96172	15.14491
41080	-7540.675	-7446.728	-93.94763	1.702717	0.255009	0.619154	1.0604	2.06544	14.78675
41090	-7535.628	-7441.862	-93.76565	2.05283	0.299501	0.660516	1.07126	1.96873	14.73354
41100	-7537.924	-7443.715	-94.2094	2.14439	0.309922	0.669539	1.07322	1.94732	14.76876
41110	-7516.014	-7429.797	-86.2174	1.883651	0.278979	0.642042	1.06679	2.01219	13.99563
41120	-7546.967	-7440.309	-106.6581	2.132742	0.308621	0.668426	1.07298	1.94997	16.01479
41130	-7551.805	-7459.984	-91.82068	1.570217	0.235968	0.599842	1.05429	2.1099	14.5873
41140	-7556.796	-7460.575	-96.2209	2.152617	0.310836	0.67032	1.07338	1.94547	14.96909
41150	-7524.083	-7428.934	-95.14868	1.92704	0.284407	0.647024	1.06805	2.00052	14.88442
41160	-7528.473	-7433.942	-94.53076	2.032741	0.297152	0.658451	1.07079	1.97361	14.81206
41170	-7522.338	-7427.398	-94.93943	2.10698	0.305719	0.665928	1.07245	1.9559	14.8455
41180	-7534.513	-7438.528	-95.98578	1.984435	0.29141	0.653348	1.0696	1.98565	14.96239
41190	-7536.081	-7447.09	-88.99085	1.895867	0.280519	0.643463	1.06715	2.00887	14.27176
41200	-7549.113	-7457.358	-91.75486	1.738911	0.259984	0.62403	1.06184	2.05415	14.56385
41210	-7553.744	-7462.733	-91.01109	2.222126	0.318422	0.676731	1.07467	1.93018	14.44115
41220	-7558.392	-7459.171	-99.2203	1.532821	0.230348	0.59393	1.05229	2.12343	15.33101
41230	-7547.29	-7462.277	-85.01354	1.99017	0.292098	0.653964	1.06974	1.9842	13.8646
41240	-7542.19	-7448.816	-93.37404	2.214106	0.31756	0.676007	1.07453	1.93191	14.67825
41250	-7553.194	-7453.574	-99.61956	2.258752	0.322322	0.679981	1.0753	1.9224	15.29834
41260	-7548.14	-7454.608	-93.53137	1.689297	0.25314	0.617306	1.05984	2.06971	14.74647
41270	-7522.247	-7433.264	-88.98299	2.2506	0.32146	0.679265	1.07516	1.92412	14.2355
41280	-7538.625	-7440.251	-98.37359	2.036795	0.297628	0.65887	1.07088	1.97262	15.19594
41290	-7552.728	-7449.129	-103.5991	1.796516	0.267713	0.631471	1.06395	2.03687	15.74252
41300	-7537.828	-7446.401	-91.42694	1.897524	0.280727	0.643655	1.0672	2.00842	14.5152
41310	-7540.684	-7445.717	-94.96747	1.961271	0.288607	0.650831	1.06899	1.99157	14.86288
41320	-7530.401	-7446.301	-84.09962	1.605906	0.241229	0.605285	1.05608	2.09741	13.81163
41330	-7548.181	-7450.702	-97.47877	1.829042	0.271977	0.635509	1.06506	2.02746	15.12723
41340	-7522.383	-7438.063	-84.3203	1.809424	0.269413	0.633087	1.0644	2.0331	13.81335
41350	-7556.905	-7470.335	-86.57066	2.160556	0.311715	0.671069	1.07353	1.94368	14.00327
41360	-7542.549	-7448.449	-94.09996	1.69297	0.253653	0.617814	1.06	2.06854	14.80296
41370	-7522.795	-7427.461	-95.33357	2.231319	0.319407	0.677554	1.07483	1.92821	14.87248
41380	-7538.199	-7441.958	-96.24129	1.810551	0.269561	0.633227	1.06444	2.03278	15.00533
41390	-7528.105	-7440.38	-87.72466	2.038098	0.29778	0.659005	1.07091	1.9723	14.13091
41400	-7526.987	-7438.107	-88.88052	1.926369	0.284324	0.646948	1.06803	2.00069	14.25767
41410	-7525.931	-7431.855	-94.07587	1.99453	0.292621	0.654431	1.06985	1.9831	14.77039
41420	-7555.506	-7454.658	-100.8476	2.294524	0.326068	0.683075	1.07587	1.91498	15.41756
41430	-7537.146	-7442.162	-94.98492	2.205098	0.316587	0.67519	1.07437	1.93386	14.84024
41440	-7530.97	-7445.663	-85.30668	1.774986	0.264851	0.628734	1.06319	2.04323	13.91543
41450	-7550.52	-7451.523	-98.99615	1.874661	0.277839	0.640987	1.06651	2.01466	15.27441
41460	-7527.87	-7438.336	-89.53432	1.799199	0.268067	0.631808	1.06404	2.03608	14.33577
41470	-7531.959	-7436.921	-95.03795	1.836558	0.272952	0.636426	1.0653	2.02532	14.8824
41480	-7540.699	-7449.075	-91.62339	1.638435	0.245938	0.610087	1.05761	2.08636	14.56075
41490	-7547.056	-7449.896	-97.15976	2.253301	0.321746	0.679503	1.0752	1.92355	15.0529
41500	-7514.535	-7429.381	-85.1546	1.929468	0.284707	0.647298	1.06812	1.99988	13.88477
41510	-7535.483	-7446.599	-88.88379	1.796883	0.267761	0.631517	1.06396	2.03676	14.27095
41520	-7540.731	-7447.327	-93.40423	1.720011	0.257398	0.621504	1.0611	2.06	14.73068
41530	-7531.678	-7433.316	-98.36252	2.535362	0.349784	0.702056	1.07902	1.86914	15.14497
41540	-7545.116	-7449.414	-95.70206	2.171892	0.312965	0.67213	1.07375	1.94115	14.91528
41550	-7531.269	-7431.866	-99.40261	1.611956	0.242111	0.606189	1.05637	2.09533	15.34132
41560	-7534.111	-7434.721	-99.39021	2.27231	0.323749	0.681163	1.07552	1.91957	15.27405
41570	-7536.328	-7436.008	-100.3191	2.173629	0.313156	0.672292	1.07378	1.94077	15.37681
41580	-7547.389	-7446.76	-100.6298	1.67403	0.250998	0.615175	1.05919	2.07463	15.45783
41590	-7547.633	-7454.225	-93.40738	1.961493	0.288634	0.650855	1.069	1.99151	14.70685
41600	-7534.588	-7432.775	-101.813	1.997447	0.29297	0.654742	1.06993	1.98236	15.54382
41610	-7536.833	-7443.792	-93.04033	2.109049	0.305953	0.66613	1.07249	1.95542	14.65539
41620	-7539.932	-7454.106	-85.82577	2.017555	0.295361	0.656868	1.07042	1.97735	13.94308
41630	-7546.938	-7454.543	-92.39495	2.267277	0.32322	0.680726	1.07544	1.92062	14.57503
41640	-7528.79	-7445.01	-83.77984	1.852825	0.27505	0.638392	1.06583	2.02073	13.75496
41650	-7533.852	-7442.61	-91.24213	2.088624	0.303629	0.664119	1.07206	1.9602	14.47761
41660	-7541.098	-7446.688	-94.40994	1.782881	0.265904	0.629743	1.06347	2.04088	14.82496
41670	-7539.05	-7441.491	-97.55927	2.530111	0.349293	0.701674	1.07896	1.87007	15.06517
41680	-7522.583	-7433.488	-89.09521	1.690644	0.253328	0.617492	1.0599	2.06928	14.30272
41690	-7552.15	-7460.29	-91.86002	2.384588	0.335234	0.690534	1.07719	1.89704	14.5098
41700	-7535.989	-7434.602	-101.3871	2.083207	0.303009	0.66358	1.07194	1.96147	15.49264
41710	-7536.296	-7450.526	-85.77009	1.46128	0.219279	0.581982	1.04806	2.15067	13.99314
41720	-7543.16	-7441.296	-101.8647	1.845094	0.274055	0.637461	1.06558	2.0229	15.56422
41730	-7544.47	-7463.257	-81.21245	1.638394	0.245932	0.610081	1.05761	2.08638	13.51966
41740	-7545.153	-7451.836	-93.31653	2.076822	0.302276	0.662942	1.0718	1.96298	14.68623
41750	-7553.034	-7461.31	-91.72371	1.893693	0.280246	0.643211	1.06709	2.00946	14.54526
41760	-7542.852	-7446.228	-96.62408	2.036199	0.297558	0.658809	1.07087	1.97276	15.02105
41770	-7533.925	-7440.96	-92.96535	1.846233	0.274202	0.637599	1.06562	2.02258	14.67417
41780	-7525.609	-7444.121	-81.48811	1.902459	0.281346	0.644224	1.06735	2.00708	13.52082
41790	-7518.086	-7427.698	-90.38763	1.802885	0.268553	0.63227	1.06417	2.035	14.42073
41800	-7524.308	-7432.229	-92.07915	1.929318	0.284689	0.647281	1.06812	1.99991	14.57724
41810	-7538.004	-7448.695	-89.30917	2.418619	0.338603	0.693236	1.07764	1.89052	14.25131
41820	-7534.347	-7439.388	-94.95935	2.167708	0.312504	0.671739	1.07367	1.94209	14.84142
41830	-7533.317	-7438.298	-95.0189	2.05951	0.300276	0.661196	1.07141	1.96712	14.8582
41840	-7524.54	-7437.134	-87.40636	1.701344	0.254818	0.618966	1.06034	2.06587	14.13276
41850	-7519.471	-7434.389	-85.08199	2.08041	0.302688	0.663301	1.07188	1.96213	13.86242
41860	-7517.846	-7430.835	-87.01115	1.711562	0.256233	0.620361	1.06076	2.06265	14.09222
41870	-7544.261	-7446.697	-97.564	1.56382	0.235015	0.598846	1.05396	2.11218	15.16228
41880	-7530.666	-7440.489	-90.17639	2.078443	0.302462	0.663104	1.07183	1.9626	14.37205
41890	-7543.79	-7449.994	-93.79595	1.97354	0.290096	0.65217	1.06931	1.98842	14.7445
41900	-7526.951	-7442.959	-83.99217	1.957812	0.288186	0.650451	1.0689	1.99247	13.76569
41910	-7520.603	-7430.745	-89.85795	2.11542	0.306674	0.666752	1.07263	1.95395	14.33651
41920	-7538.324	-7442.247	-96.07735	2.450347	0.341698	0.6957	1.07804	1.88456	14.92496
41930	-7525.768	-7428.208	-97.56021	1.941585	0.286201	0.648655	1.06846	1.99669	15.12412
41940	-7525.379	-7429.979	-95.40073	2.105014	0.305496	0.665735	1.07241	1.95636	14.89183
41950	-7526.63	-7434.482	-92.14812	1.75508	0.262177	0.626157	1.06245	2.04922	14.60156
41960	-7534.032	-7436.898	-97.13376	2.357371	0.332503	0.688328	1.07681	1.90236	15.0399
41970	-7536.882	-7439.684	-97.19757	2.003609	0.293705	0.655397	1.07008	1.98082	15.08165
41980	-7548.707	-7453.194	-95.51336	1.963962	0.288935	0.651126	1.06906	1.99088	14.9172
41990	-7537.92	-7441.827	-96.09307	1.938384	0.285807	0.648297	1.06837	1.99753	14.97773
42000	-7526.171	-7440.848	-85.32243	1.887878	0.279513	0.642535	1.06691	2.01104	13.90571
42010	-7524.462	-7431.781	-92.68151	2.457173	0.342358	0.696223	1.07812	1.88329	14.58469
42020	-7525.201	-7426.333	-98.86789	2.158832	0.311525	0.670906	1.0735	1.94407	15.23316
42030	-7532.376	-7438.341	-94.03491	2.197641	0.315778	0.674509	1.07423	1.93548	14.74598
42040	-7534.405	-7435.362	-99.04315	2.668708	0.36189	0.711362	1.08031	1.84644	15.1997
42050	-7518.684	-7432.619	-86.06563	2.064737	0.300882	0.661726	1.07153	1.96586	13.96235
42060	-7529.211	-7444.619	-84.59264	2.10076	0.305013	0.665318	1.07232	1.95735	13.81145
42070	-7533.653	-7447.027	-86.62637	1.970347	0.289709	0.651823	1.06923	1.98924	14.02786
42080	-7533.956	-7446.648	-87.30818	1.972939	0.290023	0.652105	1.0693	1.98857	14.09578
42090	-7535.073	-7434.391	-100.6823	2.194227	0.315407	0.674196	1.07417	1.93623	15.41107
42100	-7548.405	-7441.58	-106.8248	2.174438	0.313245	0.672367	1.0738	1.94059	16.02729
42110	-7540.237	-7440.73	-99.50678	2.078535	0.302473	0.663113	1.07184	1.96258	15.30508
42120	-7533.312	-7434.67	-98.64217	2.367954	0.333569	0.689191	1.07696	1.90028	15.18968
42130	-7517.886	-7427.504	-90.38241	2.189695	0.314914	0.67378	1.07408	1.93722	14.38153
42140	-7539.693	-7439.69	-100.0031	2.276419	0.32418	0.681519	1.07558	1.91872	15.33493
42150	-7532.905	-7440.18	-92.72515	1.593084	0.23935	0.603351	1.05545	2.10185	14.67547
42160	-7544.877	-7443.742	-101.1348	2.548203	0.35098	0.702987	1.07915	1.86688	15.42092
42170	-7532.128	-7438.466	-93.66197	2.132921	0.308641	0.668443	1.07299	1.94993	14.71516
42180	-7552.461	-7452.342	-100.1196	2.085334	0.303253	0.663792	1.07199	1.96097	15.36568
42190	-7544.186	-7457.746	-86.44004	2.066099	0.301039	0.661863	1.07156	1.96554	13.99965
42200	-7532.784	-7437.089	-95.695	2.049867	0.299156	0.660214	1.07119	1.96944	14.92677
42210	-7525.234	-7431.052	-94.1816	1.763661	0.263333	0.627273	1.06277	2.04662	14.80405
42220	-7535.397	-7438.685	-96.71196	1.592964	0.239333	0.603333	1.05544	2.10189	15.07416
42230	-7547.94	-7449.698	-98.24194	2.298148	0.326444	0.683385	1.07593	1.91424	15.15664
42240	-7546.836	-7436.686	-110.1492	1.83663	0.272961	0.636435	1.06531	2.0253	16.39352
42250	-7532.804	-7440.887	-91.91746	1.900194	0.281062	0.643963	1.06728	2.0077	14.56398
42260	-7553.016	-7460.567	-92.44954	1.900295	0.281075	0.643974	1.06728	2.00767	14.61718
42270	-7536.158	-7445.984	-90.17457	2.245	0.320866	0.678771	1.07506	1.9253	14.35522
42280	-7530.429	-7436.598	-93.83043	1.683167	0.252282	0.616454	1.05958	2.07168	14.77698
42290	-7529.979	-7435.984	-93.99536	2.44924	0.341591	0.695615	1.07803	1.88477	14.71687
42300	-7522.086	-7424.675	-97.41124	1.812155	0.269772	0.633427	1.06449	2.03231	15.12217
42310	-7529.619	-7433.891	-95.72794	2.026584	0.296428	0.657811	1.07064	1.97512	14.93239
42320	-7549.524	-7452.085	-97.43982	2.415629	0.338309	0.693001	1.0776	1.89109	15.06468
42330	-7538.773	-7450.255	-88.51869	2.209108	0.31702	0.675554	1.07444	1.93299	14.19322
42340	-7540.69	-7447.801	-92.88947	1.885825	0.279254	0.642296	1.06685	2.0116	14.66262
42350	-7538.23	-7444.892	-93.3377	1.617913	0.242976	0.607075	1.05666	2.09329	14.73424
42360	-7531.429	-7442.561	-88.86706	2.121989	0.307414	0.667389	1.07276	1.95243	14.23677
42370	-7527.696	-7437.525	-90.17163	2.019242	0.295561	0.657044	1.07046	1.97693	14.3775
42380	-7538.97	-7442.931	-96.03927	1.915499	0.282975	0.645716	1.06772	2.00359	14.97464
42390	-7528.698	-7436.301	-92.39726	1.930046	0.284779	0.647363	1.06814	1.99972	14.60898
42400	-7531.63	-7433.332	-98.2979	2.150944	0.310651	0.670161	1.07335	1.94584	15.17695
42410	-7533.649	-7443.117	-90.53167	1.684724	0.2525	0.616671	1.05965	2.07118	14.44695
42420	-7522.26	-7430.386	-91.87347	2.193485	0.315326	0.674128	1.07415	1.93639	14.53026
42430	-7540.836	-7450.845	-89.99045	1.706677	0.255558	0.619696	1.06056	2.06419	14.39064
42440	-7540.752	-7442.685	-98.06721	1.812278	0.269788	0.633442	1.06449	2.03228	15.18775
42450	-7539.796	-7443.389	-96.40694	1.804177	0.268723	0.632432	1.06422	2.03463	15.02254
42460	-7531.46	-7443.675	-87.78447	1.970642	0.289745	0.651855	1.06924	1.98916	14.14364
42470	-7533.703	-7444.485	-89.21864	1.816381	0.270325	0.633951	1.06463	2.03109	14.30248
42480	-7530.837	-7450.094	-80.74284	1.512979	0.227321	0.590703	1.05117	2.1308	13.48524
42490	-7537.72	-7440.346	-97.37388	1.99817	0.293056	0.654819	1.06994	1.98218	15.09983
42500	-7548.398	-7456.787	-91.61086	2.057861	0.300085	0.661029	1.07137	1.96751	14.51756
42510	-7537.157	-7436.347	-100.8097	2.037542	0.297715	0.658947	1.0709	1.97244	15.43947
42520	-7553.72	-7455.657	-98.06208	1.848228	0.274459	0.637839	1.06568	2.02202	15.18364
42530	-7540.592	-7445.729	-94.86274	1.788914	0.266706	0.63051	1.06368	2.0391	14.86964
42540	-7532.026	-7444.781	-87.24481	2.100093	0.304937	0.665252	1.0723	1.95751	14.07673
42550	-7537.139	-7449.62	-87.51968	2.588837	0.354721	0.705881	1.07957	1.85983	14.05534
42560	-7544.085	-7447.397	-96.68869	2.062911	0.300671	0.661541	1.07149	1.9663	15.02484
42570	-7558.18	-7464.936	-93.24334	1.822451	0.271118	0.6347	1.06484	2.02934	14.70435
42580	-7544.446	-7455.403	-89.04244	1.959723	0.288419	0.650661	1.06895	1.99197	14.27053
42590	-7545.436	-7452.086	-93.35033	1.945017	0.286622	0.649037	1.06855	1.99579	14.70279
42600	-7556.14	-7459.991	-96.14903	1.546645	0.232439	0.596141	1.05305	2.11837	15.0225
42610	-7534.414	-7436.796	-97.61822	1.63556	0.245524	0.609668	1.05748	2.08733	15.16052
42620	-7536.996	-7445.575	-91.4206	1.912096	0.282551	0.645328	1.06763	2.0045	14.51311
42630	-7536.514	-7439.891	-96.62346	2.136081	0.308995	0.668746	1.07305	1.94921	15.011
42640	-7547.371	-7454.598	-92.77317	1.747244	0.261116	0.62513	1.06216	2.0516	14.66485
42650	-7512.582	-7422.11	-90.47193	1.552924	0.233383	0.597135	1.05338	2.1161	14.45416
42660	-7532.505	-7441.511	-90.9939	1.909841	0.282269	0.645071	1.06756	2.0051	14.47066
42670	-7538.627	-7445.723	-92.90396	1.610133	0.241845	0.605917	1.05628	2.09595	14.69164
42680	-7519.121	-7421.859	-97.26282	1.931432	0.28495	0.647518	1.06818	1.99936	15.0954
42690	-7535.433	-7445.444	-89.98894	2.076661	0.302257	0.662926	1.07179	1.96302	14.35349
42700	-7526.849	-7435.418	-91.43046	1.667155	0.250028	0.614205	1.0589	2.07687	14.53859
42710	-7528.696	-7442.083	-86.61386	1.858124	0.27573	0.639026	1.066	2.01925	14.03783
42720	-7536.789	-7442.733	-94.0556	1.660842	0.249134	0.613309	1.05862	2.07894	14.80173
42730	-7539.146	-7447.712	-91.43407	1.862283	0.276262	0.639522	1.06613	2.01809	14.51944
42740	-7536.307	-7452.063	-84.24334	1.721824	0.257647	0.621748	1.06117	2.05944	13.81441
42750	-7548.245	-7462.275	-85.97052	1.895707	0.280499	0.643444	1.06715	2.00891	13.96974
42760	-7539.215	-7457.967	-81.24741	2.001306	0.293431	0.655152	1.07002	1.98139	13.48687
42770	-7543.989	-7449.463	-94.52591	2.186146	0.314526	0.673453	1.07402	1.938	14.79623
42780	-7547.968	-7452.964	-95.00383	1.74535	0.260859	0.62488	1.06208	2.05218	14.88811
42790	-7544.783	-7449.449	-95.33344	2.226014	0.318839	0.67708	1.07474	1.92934	14.873
42800	-7529.4	-7439.721	-89.67846	2.154065	0.310997	0.670457	1.07341	1.94514	14.3147
42810	-7528.479	-7439.934	-88.54517	2.260329	0.322488	0.680119	1.07532	1.92207	14.19074
42820	-7542.372	-7440.263	-102.1091	2.215464	0.317706	0.67613	1.07455	1.93161	15.55162
42830	-7535.534	-7440.968	-94.56563	1.988347	0.29188	0.653769	1.0697	1.98466	14.81999
42840	-7523.066	-7427.599	-95.46641	1.772464	0.264513	0.62841	1.06309	2.04398	14.93165
42850	-7525.84	-7433.207	-92.63235	1.793855	0.267361	0.631135	1.06386	2.03765	14.64611
42860	-7530.168	-7432.999	-97.16924	2.261481	0.32261	0.68022	1.07534	1.92183	15.05303
42870	-7548.616	-7443.789	-104.8271	2.367224	0.333496	0.689132	1.07695	1.90042	15.80825
42880	-7526.011	-7435.302	-90.70888	2.153895	0.310978	0.670441	1.0734	1.94518	14.41776
42890	-7535.824	-7447.301	-88.5235	1.85506	0.275337	0.638659	1.0659	2.0201	14.2291
42900	-7527.251	-7442.619	-84.63148	1.81632	0.270317	0.633943	1.06463	2.03111	13.84377
42910	-7528.454	-7438.591	-89.86375	2.034175	0.29732	0.658599	1.07082	1.97326	14.34522
42920	-7527.616	-7423.007	-104.6095	2.199684	0.316	0.674696	1.07427	1.93504	15.80324
42930	-7544.41	-7443.719	-100.6915	2.005483	0.293928	0.655595	1.07013	1.98035	15.43086
42940	-7530.642	-7445.229	-85.41293	2.08129	0.302789	0.663389	1.0719	1.96193	13.89542
42950	-7532.302	-7437.884	-94.41753	2.178228	0.31366	0.67272	1.07387	1.93975	14.78619
42960	-7525.422	-7426.71	-98.71215	1.769056	0.264057	0.627971	1.06297	2.045	15.25657
42970	-7530.291	-7432.992	-97.2987	2.322334	0.328938	0.685428	1.0763	1.90933	15.05989
42980	-7522.964	-7433.345	-89.61873	2.088926	0.303664	0.664149	1.07206	1.96012	14.31524
42990	-7534.943	-7447.745	-87.1988	2.131495	0.308482	0.668306	1.07296	1.95026	14.06899
43000	-7549.141	-7449.916	-99.22503	2.046668	0.298783	0.659886	1.07111	1.97022	15.28009
43010	-7523.715	-7443.962	-79.75289	1.674399	0.25105	0.615226	1.05921	2.07451	13.37011
43020	-7518.267	-7433.705	-84.56225	2.028694	0.296676	0.658031	1.07069	1.9746	13.81561
43030	-7512.199	-7429.203	-82.99665	1.866431	0.276792	0.640015	1.06626	2.01694	13.67528
43040	-7521.703	-7430.669	-91.03365	1.648168	0.247331	0.611495	1.05806	2.08312	14.50081
43050	-7534.093	-7448.268	-85.82531	1.828045	0.271847	0.635387	1.06502	2.02774	13.96198
43060	-7540.748	-7447.065	-93.68329	2.222694	0.318483	0.676782	1.07468	1.93006	14.70832
43070	-7542.151	-7451.382	-90.76903	1.644984	0.246876	0.611035	1.05791	2.08418	14.47466
43080	-7529.64	-7437.34	-92.30013	2.460306	0.342661	0.696463	1.07816	1.88271	14.54624
43090	-7543.993	-7454.033	-89.9603	1.868972	0.277116	0.640316	1.06634	2.01623	14.37139
43100	-7529.415	-7431.992	-97.42302	2.23392	0.319685	0.677786	1.07487	1.92765	15.08117
43110	-7526.37	-7437.542	-88.82826	1.850668	0.274773	0.638133	1.06576	2.02133	14.26002
43120	-7549.03	-7449.701	-99.32903	1.565383	0.235248	0.59909	1.05404	2.11162	15.33862
43130	-7553.718	-7461.624	-92.09316	1.705343	0.255373	0.619514	1.06051	2.06461	14.60104
43140	-7541.365	-7439.696	-101.6689	1.707955	0.255735	0.61987	1.06061	2.06378	15.55835
43150	-7544.104	-7443.869	-100.235	2.286806	0.325265	0.682414	1.07575	1.91657	15.35708
43160	-7540.465	-7453.123	-87.34136	1.61507	0.242564	0.606653	1.05652	2.09426	14.13489
43170	-7532.466	-7440.63	-91.83637	2.204585	0.316531	0.675143	1.07436	1.93397	14.52544
43180	-7521.633	-7430.933	-90.69964	2.063235	0.300708	0.661574	1.07149	1.96622	14.4259
43190	-7542.665	-7444.943	-97.72257	1.692982	0.253655	0.617816	1.06	2.06853	15.16522
43200	-7529.416	-7437.569	-91.84662	1.741362	0.260318	0.624354	1.06193	2.0534	14.57278
43210	-7535.958	-7438.36	-97.59849	2.251132	0.321516	0.679312	1.07517	1.924	15.09699
43220	-7548.719	-7463.911	-84.80839	2.569033	0.352905	0.70448	1.07937	1.86324	13.78619
43230	-7534.347	-7443.039	-91.30789	1.878786	0.278363	0.641472	1.06664	2.01353	14.50517
43240	-7521.99	-7431.105	-90.88437	2.01457	0.295008	0.656554	1.07035	1.97809	14.44924
43250	-7530.453	-7440.531	-89.92168	1.839351	0.273313	0.636766	1.0654	2.02453	14.37049
43260	-7523.162	-7441.08	-82.08245	1.795607	0.267592	0.631356	1.06392	2.03713	13.59094
43270	-7543.428	-7442.604	-100.8243	1.740225	0.260163	0.624204	1.06189	2.05375	15.47067
43280	-7539.837	-7442.407	-97.43065	2.052831	0.299501	0.660517	1.07126	1.96873	15.10004
43290	-7548.524	-7465.304	-83.22009	2.010999	0.294584	0.656178	1.07026	1.97898	13.68317
43300	-7530.987	-7429.352	-101.635	2.362269	0.332997	0.688728	1.07688	1.90139	15.48953
43310	-7524.393	-7434.465	-89.92746	1.697562	0.254293	0.618447	1.06019	2.06707	14.38525
43320	-7546.462	-7452.203	-94.25958	2.192498	0.315219	0.674038	1.07414	1.93661	14.76897
43330	-7514.728	-7435.418	-79.30985	2.096312	0.304507	0.66488	1.07222	1.95839	13.28361
43340	-7551.465	-7454.364	-97.1011	2.481905	0.344734	0.6981	1.07842	1.87875	15.02418
43350	-7538.157	-7444.429	-93.72816	1.717632	0.25707	0.621183	1.061	2.06074	14.76331
43360	-7534.909	-7442.272	-92.63685	1.921952	0.283777	0.646449	1.06791	2.00187	14.63375
43370	-7522.376	-7433.206	-89.17064	2.3094	0.327608	0.684339	1.0761	1.91195	14.24838
43380	-7525.989	-7441.53	-84.4597	2.099763	0.3049	0.66522	1.0723	1.95758	13.79825
43390	-7530.185	-7436.547	-93.63805	2.402731	0.337036	0.691982	1.07743	1.89355	14.68579
43400	-7530.772	-7438.623	-92.1496	1.98297	0.291233	0.65319	1.06956	1.98602	14.57892
43410	-7542.153	-7447.549	-94.60392	1.811613	0.269701	0.633359	1.06447	2.03247	14.84149
43420	-7527.591	-7439.763	-87.82876	2.180455	0.313904	0.672926	1.07391	1.93926	14.12709
43430	-7546.363	-7449.311	-97.05194	2.256077	0.322039	0.679747	1.07525	1.92296	15.04184
43440	-7540.421	-7439.794	-100.6269	2.191973	0.315162	0.673989	1.07413	1.93672	15.40575
43450	-7529.543	-7435.305	-94.23784	1.997224	0.292943	0.654718	1.06992	1.98242	14.78632
43460	-7514.417	-7426.34	-88.07695	2.144357	0.309918	0.669536	1.07322	1.94733	14.15552
43470	-7527.773	-7435.372	-92.40129	1.960791	0.288549	0.650778	1.06898	1.9917	14.60631
43480	-7535.06	-7439.516	-95.54409	1.87361	0.277706	0.640863	1.06648	2.01495	14.92931
43490	-7541.115	-7446.632	-94.48236	2.070731	0.301574	0.66233	1.07166	1.96443	14.80342
43500	-7538.676	-7450.515	-88.16164	1.842883	0.27377	0.637194	1.06551	2.02353	14.19413
43510	-7509.284	-7430.344	-78.93958	1.904454	0.281596	0.644453	1.0674	2.00655	13.26577
43520	-7526.591	-7438.941	-87.64981	2.15062	0.310615	0.670131	1.07334	1.94592	14.11218
43530	-7532.736	-7441.045	-91.69057	1.966943	0.289296	0.651452	1.06914	1.99011	14.53462
43540	-7545.223	-7453.156	-92.06723	2.075091	0.302077	0.662768	1.07176	1.9634	14.56147
43550	-7524.666	-7434.541	-90.12451	2.031584	0.297016	0.658331	1.07076	1.97389	14.37155
43560	-7509.985	-7427.909	-82.07573	2.201022	0.316145	0.674818	1.07429	1.93474	13.54973
43570	-7526.777	-7439.94	-86.83679	2.052941	0.299513	0.660528	1.07126	1.9687	14.04064
43580	-7526.228	-7442.524	-83.70364	1.844647	0.273997	0.637407	1.06557	2.02303	13.74816
43590	-7544.013	-7443.542	-100.4705	1.72484	0.258061	0.622153	1.06129	2.0585	15.43683
43600	-7536.745	-7437.332	-99.41367	1.99296	0.292433	0.654263	1.06981	1.98349	15.30433
43610	-7531.417	-7442.175	-89.24246	2.157026	0.311325	0.670736	1.07346	1.94447	14.2708
43620	-7540.953	-7452.22	-88.73228	2.338956	0.330636	0.686813	1.07655	1.90601	14.20159
43630	-7551.391	-7451.051	-100.3403	1.864778	0.276581	0.639818	1.06621	2.0174	15.40982
43640	-7543.521	-7446.437	-97.08391	2.028154	0.296612	0.657975	1.07068	1.97473	15.06783
43650	-7524.706	-7432.897	-91.80918	1.762755	0.263211	0.627156	1.06274	2.0469	14.5669
43660	-7537.139	-7439.531	-97.60829	2.124196	0.307663	0.667602	1.07281	1.95193	15.11067
43670	-7518.563	-7430.546	-88.01705	1.731197	0.258931	0.623004	1.06154	2.05653	14.19084
43680	-7531.722	-7435.057	-96.66501	2.100829	0.305021	0.665325	1.07232	1.95734	15.01868
43690	-7528.651	-7439.476	-89.17453	1.750216	0.261519	0.62552	1.06227	2.05069	14.30469
43700	-7544.282	-7460.547	-83.73531	2.070084	0.3015	0.662265	1.07165	1.96459	13.72878
43710	-7546.429	-7449.241	-97.18838	2.335253	0.330259	0.686506	1.07649	1.90674	15.04757
43720	-7535.516	-7445.647	-89.86921	2.052928	0.299512	0.660526	1.07126	1.9687	14.34389
43730	-7537.418	-7444.426	-92.99238	1.7288	0.258604	0.622684	1.06144	2.05727	14.68862
43740	-7523.679	-7430.785	-92.89401	2.507568	0.347173	0.700016	1.07871	1.8741	14.6009
43750	-7533.404	-7436.244	-97.16034	2.209085	0.317018	0.675552	1.07444	1.93299	15.05738
43760	-7524.738	-7436.931	-87.80657	2.262599	0.322728	0.680318	1.07536	1.9216	14.11666
43770	-7527.886	-7435.693	-92.19346	1.932693	0.285106	0.64766	1.06821	1.99902	14.58833
43780	-7536.669	-7436.29	-100.3784	2.153816	0.310969	0.670433	1.0734	1.9452	15.38472
43790	-7539.716	-7442.2	-97.51588	2.242579	0.320608	0.678556	1.07502	1.92581	15.08959
43800	-7559.045	-7460.499	-98.54509	1.835652	0.272835	0.636316	1.06528	2.02557	15.2332
43810	-7512.277	-7426.185	-86.09194	1.775521	0.264922	0.628802	1.0632	2.04307	13.9939
43820	-7528.72	-7428.873	-99.8472	1.855951	0.275451	0.638766	1.06593	2.01985	15.36138
43830	-7534.883	-7439.289	-95.59449	1.711586	0.256237	0.620364	1.06076	2.06264	14.95055
43840	-7543.283	-7456.246	-87.03738	1.946113	0.286756	0.649158	1.06858	1.9955	14.07139
43850	-7513.177	-7423.239	-89.93874	1.755844	0.26228	0.626256	1.06248	2.04898	14.38055
43860	-7520.753	-7426.128	-94.6246	1.777836	0.265231	0.629099	1.06329	2.04238	14.84693
43870	-7533.559	-7441.436	-92.12287	1.911431	0.282468	0.645252	1.06761	2.00467	14.5834
43880	-7539.193	-7439.514	-99.67917	2.325998	0.329314	0.685735	1.07635	1.9086	15.29758
43890	-7519.438	-7433.294	-86.14424	2.136375	0.309028	0.668774	1.07306	1.94914	13.96304
43900	-7547.687	-7450.489	-97.19704	1.856478	0.275519	0.638829	1.06595	2.01971	15.09631
43910	-7541.386	-7448.253	-93.13306	1.434408	0.21501	0.577262	1.04633	2.1614	14.73212
43920	-7527.409	-7445.411	-81.99815	2.165816	0.312296	0.671562	1.07363	1.94251	13.54549
43930	-7533.831	-7435.308	-98.52334	2.198338	0.315854	0.674573	1.07424	1.93533	15.19476
43940	-7552.073	-7463.5	-88.57307	1.789858	0.266831	0.63063	1.06372	2.03882	14.24058
43950	-7532.528	-7442.182	-90.34604	1.900727	0.281129	0.644024	1.06729	2.00755	14.40679
43960	-7543.255	-7448.756	-94.49863	2.478664	0.344424	0.697856	1.07838	1.87934	14.76425
43970	-7536.116	-7441.637	-94.47991	2.344843	0.331235	0.687299	1.07663	1.90483	14.77577
43980	-7540.05	-7438.58	-101.47	1.965243	0.28909	0.651266	1.0691	1.99055	15.51273
43990	-7537.431	-7430.566	-106.8644	1.968149	0.289443	0.651583	1.06917	1.9898	16.05189
44000	-7543.211	-7446.173	-97.03747	1.881822	0.278748	0.641828	1.06673	2.01269	15.07782
44010	-7531.612	-7446.907	-84.70541	1.817077	0.270416	0.634037	1.06466	2.03089	13.85109
44020	-7539.537	-7450.25	-89.28749	1.672367	0.250764	0.614941	1.05912	2.07517	14.32377
44030	-7537.654	-7450.093	-87.56117	2.503682	0.346805	0.699728	1.07867	1.8748	14.06801
44040	-7533.679	-7443.373	-90.30608	2.107749	0.305806	0.666003	1.07247	1.95572	14.38209
44050	-7530.442	-7445.75	-84.69242	1.739714	0.260093	0.624136	1.06187	2.0539	13.85753
44060	-7524.827	-7438.402	-86.42486	1.897565	0.280732	0.643659	1.0672	2.00841	14.01499
44070	-7512.466	-7424.388	-88.07874	1.812948	0.269876	0.633525	1.06452	2.03208	14.18884
44080	-7517.677	-7429.694	-87.98245	1.766229	0.263678	0.627606	1.06287	2.04585	14.18388
44090	-7512.596	-7429.842	-82.75458	2.049198	0.299078	0.660145	1.07117	1.9696	13.6328
44100	-7517.217	-7426.344	-90.87323	2.029062	0.296719	0.658069	1.0707	1.97451	14.44667
44110	-7533.208	-7441.931	-91.2765	2.060924	0.30044	0.66134	1.07144	1.96678	14.48382
44120	-7547.327	-7458.85	-88.47721	2.233212	0.31961	0.677723	1.07486	1.9278	14.18666
44130	-7523.895	-7435.38	-88.51481	1.701821	0.254884	0.619032	1.06036	2.06572	14.24356
44140	-7539.383	-7451.726	-87.65631	1.989517	0.29202	0.653894	1.06973	1.98436	14.12894
44150	-7527.383	-7436.98	-90.40288	2.090658	0.303862	0.66432	1.0721	1.95972	14.39348
44160	-7524.698	-7438.872	-85.82539	1.813737	0.269979	0.633623	1.06454	2.03185	13.96342
44170	-7532.296	-7438.878	-93.41816	2.512113	0.347602	0.700353	1.07876	1.87328	14.65286
44180	-7537.308	-7444.434	-92.8738	1.49303	0.224244	0.587392	1.05001	2.13835	14.70033
44190	-7529.35	-7437.901	-91.44876	2.187842	0.314712	0.673609	1.07405	1.93763	14.48835
44200	-7545.744	-7463.231	-82.51337	1.620196	0.243307	0.607413	1.05676	2.09252	13.65158
44210	-7530.381	-7437.582	-92.79896	1.975659	0.290352	0.6524	1.06937	1.98788	14.64459
44220	-7528.728	-7432.196	-96.53182	1.859626	0.275922	0.639205	1.06604	2.01883	15.02948
44230	-7522.049	-7434.186	-87.86328	1.73099	0.258903	0.622976	1.06153	2.05659	14.17549
44240	-7531.48	-7446.656	-84.82391	2.234122	0.319707	0.677804	1.07488	1.92761	13.82124
44250	-7555.047	-7449.65	-105.3968	2.550998	0.351239	0.703188	1.07918	1.86639	15.84684
44260	-7543.406	-7462.828	-80.57779	2.542994	0.350495	0.70261	1.0791	1.86779	13.36574
44270	-7528.584	-7443.279	-85.30465	1.685471	0.252605	0.616774	1.05968	2.07094	13.92418
44280	-7526.654	-7426.192	-100.4615	1.744261	0.260712	0.624737	1.06204	2.05251	15.43398
44290	-7520.63	-7428.765	-91.86454	1.983359	0.29128	0.653232	1.06957	1.98592	14.55038
44300	-7523.875	-7431.777	-92.09752	2.140892	0.309532	0.669206	1.07315	1.94812	14.55792
44310	-7528.704	-7446.592	-82.11167	1.924739	0.284122	0.646764	1.06799	2.00113	13.58095
44320	-7534.756	-7439.64	-95.116	2.09061	0.303856	0.664316	1.0721	1.95973	14.8648
44330	-7539.188	-7443.316	-95.87229	2.151764	0.310742	0.670239	1.07336	1.94566	14.93431
44340	-7549.53	-7458.09	-91.44052	1.688312	0.253002	0.617169	1.0598	2.07003	14.53748
44350	-7522.347	-7427.213	-95.13388	1.932291	0.285056	0.647615	1.0682	1.99913	14.88242
44360	-7531.338	-7437.583	-93.7555	2.062181	0.300586	0.661467	1.07147	1.96648	14.73159
44370	-7517.409	-7430.677	-86.73224	2.36797	0.333571	0.689192	1.07696	1.90028	13.99869
44380	-7547.687	-7450.198	-97.48889	1.869347	0.277163	0.64036	1.06635	2.01613	15.12421
44390	-7557.437	-7464.334	-93.10327	2.112268	0.306318	0.666445	1.07256	1.95468	14.66136
44400	-7535.441	-7434.671	-100.7699	1.467085	0.220193	0.582984	1.04843	2.14839	15.49254
44410	-7537.774	-7435.4	-102.3742	1.934899	0.285378	0.647908	1.06827	1.99844	15.60618
44420	-7530.262	-7445.07	-85.19138	2.021225	0.295795	0.657252	1.07051	1.97644	13.87927
44430	-7523.052	-7430.649	-92.40291	1.91418	0.28281	0.645566	1.06769	2.00394	14.61113
44440	-7542.972	-7444.906	-98.06555	1.752342	0.261807	0.625799	1.06235	2.05005	15.19358
44450	-7539.578	-7454.057	-85.5211	1.932209	0.285046	0.647606	1.0682	1.99915	13.92115
44460	-7531.951	-7440.11	-91.84084	1.908706	0.282128	0.644941	1.06753	2.0054	14.55547
44470	-7553.482	-7451.327	-102.1553	1.79699	0.267775	0.63153	1.06397	2.03673	15.59808
44480	-7553.564	-7451.784	-101.7803	2.214842	0.317639	0.676074	1.07454	1.93175	15.51881
44490	-7535.329	-7434.847	-100.482	1.969211	0.289571	0.651699	1.0692	1.98953	15.41353
44500	-7545.164	-7451.148	-94.01538	1.624178	0.243884	0.608	1.05695	2.09116	14.80138
44510	-7543.166	-7459.775	-83.39062	1.827245	0.271743	0.635289	1.065	2.02797	13.7186
44520	-7546.164	-7451.877	-94.28743	1.916386	0.283085	0.645817	1.06775	2.00335	14.79936
44530	-7536.307	-7441.863	-94.4445	1.937102	0.285649	0.648154	1.06833	1.99786	14.813
44540	-7540.072	-7445.654	-94.41761	2.321704	0.328873	0.685375	1.07629	1.90946	14.77185
44550	-7538.963	-7447.66	-91.30336	2.133037	0.308654	0.668454	1.07299	1.9499	14.47929
44560	-7549.383	-7451.271	-98.11196	2.038327	0.297807	0.659028	1.07092	1.97224	15.16962
44570	-7546.015	-7460.823	-85.19223	1.620221	0.243311	0.607416	1.05677	2.09251	13.91946
44580	-7528.444	-7436.572	-91.87191	1.807488	0.269159	0.632846	1.06433	2.03366	14.5687
44590	-7527.947	-7434.665	-93.28208	1.705599	0.255408	0.619549	1.06052	2.06453	14.71991
44600	-7545.657	-7445.408	-100.2489	1.803854	0.268681	0.632392	1.06421	2.03472	15.40676
44610	-7528.528	-7436.965	-91.56334	1.957212	0.288113	0.650385	1.06888	1.99262	14.52287
44620	-7547.596	-7452.9	-94.69636	1.673831	0.25097	0.615147	1.05919	2.0747	14.86451
44630	-7533.062	-7442.329	-90.73326	1.634486	0.24537	0.609512	1.05743	2.08769	14.47214
44640	-7537.224	-7437.998	-99.22589	2.162635	0.311945	0.671264	1.07357	1.94322	15.26858
44650	-7520.081	-7433.963	-86.11806	1.861121	0.276113	0.639383	1.06609	2.01841	13.98795
44660	-7520.473	-7433.716	-86.75716	1.745358	0.26086	0.624881	1.06208	2.05217	14.06344
44670	-7524.025	-7439.443	-84.58184	1.942466	0.286309	0.648753	1.06848	1.99646	13.8262
44680	-7518.964	-7434.805	-84.15942	1.87705	0.278143	0.641268	1.06658	2.014	13.79049
44690	-7534.543	-7440.488	-94.05477	2.319531	0.32865	0.685193	1.07626	1.9099	14.73578
44700	-7534.985	-7435.71	-99.27515	2.21006	0.317123	0.675641	1.07446	1.93278	15.26877
44710	-7544.092	-7450.35	-93.74219	2.135749	0.308958	0.668714	1.07304	1.94929	14.7229
44720	-7520.22	-7435.658	-84.56126	2.076573	0.302247	0.662917	1.07179	1.96304	13.81073
44730	-7528.891	-7438.313	-90.57798	1.799079	0.268051	0.631793	1.06404	2.03612	14.44015
44740	-7536.646	-7444.546	-92.09996	1.785704	0.266279	0.630103	1.06357	2.04005	14.59368
44750	-7541.011	-7445.688	-95.32272	1.715233	0.25674	0.620858	1.06091	2.06149	14.92301
44760	-7539.874	-7447.962	-91.91132	1.894343	0.280328	0.643286	1.06711	2.00928	14.56396
44770	-7551.56	-7451.661	-99.8988	1.873498	0.277692	0.64085	1.06648	2.01498	15.36479
44780	-7529.389	-7432.611	-96.77832	2.254254	0.321847	0.679586	1.07522	1.92335	15.01466
44790	-7534.089	-7433.729	-100.36	2.096475	0.304525	0.664896	1.07223	1.95835	15.38861
44800	-7538.569	-7441.802	-96.76657	2.086927	0.303435	0.66395	1.07202	1.9606	15.03022
44810	-7535.949	-7447.569	-88.37946	1.862139	0.276244	0.639505	1.06612	2.01813	14.21399
44820	-7544.59	-7448.011	-96.57923	1.836546	0.27295	0.636425	1.0653	2.02532	15.03653
44830	-7541.24	-7445.219	-96.021	1.914857	0.282895	0.645643	1.06771	2.00376	14.97287
44840	-7525.34	-7434.899	-90.44054	1.653706	0.24812	0.61229	1.0583	2.08129	14.44094
44850	-7532.947	-7438.923	-94.02443	2.375355	0.334311	0.68979	1.07706	1.89883	14.72717
44860	-7539.626	-7440.352	-99.27377	2.169735	0.312728	0.671929	1.07371	1.94163	15.27266
44870	-7533.32	-7441.619	-91.70145	1.81491	0.270133	0.633768	1.06458	2.03151	14.55091
44880	-7512.798	-7424.773	-88.02557	2.161075	0.311773	0.671117	1.07354	1.94357	14.14871
44890	-7531.474	-7437.941	-93.53297	1.861266	0.276132	0.639401	1.0661	2.01837	14.72943
44900	-7540.458	-7442.194	-98.26432	1.884729	0.279115	0.642168	1.06682	2.0119	15.20022
44910	-7528.044	-7430.068	-97.97629	2.192474	0.315216	0.674035	1.07414	1.93661	15.14064
44920	-7546.623	-7448.005	-98.61795	2.074168	0.30197	0.662676	1.07174	1.96361	15.21664
44930	-7562.953	-7461.475	-101.4776	2.40797	0.337554	0.692397	1.0775	1.89255	15.46922
44940	-7528.35	-7434.925	-93.42461	2.242685	0.320619	0.678566	1.07503	1.92579	14.68045
44950	-7531.961	-7440.447	-91.5138	2.207144	0.316808	0.675376	1.0744	1.93341	14.49292
44960	-7549.898	-7465.203	-84.69455	1.831509	0.272297	0.635811	1.06514	2.02675	13.84856
44970	-7544.731	-7455.899	-88.83207	1.924382	0.284078	0.646724	1.06798	2.00122	14.25303
44980	-7535.311	-7443.129	-92.18149	1.963422	0.288869	0.651067	1.06905	1.99102	14.58407
44990	-7533.568	-7432.425	-101.1433	2.007356	0.294151	0.655794	1.07017	1.97988	15.47585
45000	-7534.053	-7433.659	-100.3941	2.165641	0.312277	0.671546	1.07363	1.94255	15.3851
45010	-7545.762	-7439.998	-105.7645	2.65808	0.360949	0.710648	1.08021	1.84819	15.8729
45020	-7535.505	-7443.604	-91.90093	2.074775	0.30204	0.662737	1.07175	1.96347	14.54487
45030	-7543.673	-7449.55	-94.12356	2.474066	0.343984	0.697509	1.07833	1.88018	14.72721
45040	-7541.808	-7440.623	-101.1847	2.002266	0.293545	0.655254	1.07005	1.98115	15.4805
45050	-7532.818	-7441.62	-91.19812	2.079786	0.302616	0.663238	1.07186	1.96228	14.47409
45060	-7515.781	-7431.226	-84.55497	1.646201	0.24705	0.611211	1.05797	2.08377	13.85314
45070	-7517.562	-7429.973	-87.58926	2.108943	0.305941	0.66612	1.07249	1.95545	14.11029
45080	-7534.003	-7433.025	-100.9778	2.208456	0.31695	0.675495	1.07443	1.93313	15.43919
45090	-7535.208	-7438.563	-96.64535	1.993961	0.292553	0.65437	1.06984	1.98324	15.0274
45100	-7523.018	-7427.957	-95.06145	2.131346	0.308465	0.668291	1.07295	1.95029	14.85527
45110	-7533.441	-7449.471	-83.96986	1.650448	0.247656	0.611823	1.05816	2.08236	13.7942
45120	-7533.996	-7447.541	-86.45535	1.877318	0.278177	0.6413	1.06659	2.01393	14.02006
45130	-7516.529	-7431.643	-84.88542	2.097044	0.30459	0.664952	1.07224	1.95822	13.8411
45140	-7527.965	-7446.052	-81.91234	1.687505	0.25289	0.617057	1.05977	2.07029	13.58474
45150	-7530.807	-7439.37	-91.43664	1.854084	0.275212	0.638543	1.06587	2.02038	14.52051
45160	-7520.716	-7429.332	-91.3844	2.235061	0.319807	0.677888	1.07489	1.92741	14.47719
45170	-7529.66	-7435.583	-94.07624	1.986313	0.291635	0.65355	1.06964	1.98517	14.77125
45180	-7551.849	-7466.69	-85.15983	1.6655	0.249794	0.613971	1.05882	2.07741	13.91169
45190	-7529.222	-7436.774	-92.44798	2.146993	0.310212	0.669787	1.07327	1.94673	14.59236
45200	-7526.501	-7433.404	-93.0973	1.844474	0.273975	0.637386	1.06556	2.02308	14.68754
45210	-7551.357	-7448.16	-103.1974	1.945428	0.286672	0.649082	1.06856	1.99568	15.68745
45220	-7532.199	-7433.918	-98.28115	2.352802	0.332041	0.687954	1.07675	1.90326	15.15509
45230	-7520.101	-7436.477	-83.62482	1.897067	0.28067	0.643602	1.06719	2.00854	13.73503
45240	-7545.319	-7455.046	-90.27275	2.052355	0.299445	0.660468	1.07125	1.96884	14.3843
45250	-7541.638	-7469.337	-72.30184	1.769599	0.26413	0.628041	1.06299	2.04484	12.61548
45260	-7532.616	-7448.216	-84.39978	2.086301	0.303363	0.663888	1.07201	1.96074	13.79361
45270	-7541.002	-7448.443	-92.55954	1.952141	0.287494	0.649826	1.06874	1.99394	14.623
45280	-7548.543	-7455.845	-92.69794	1.993937	0.29255	0.654367	1.06984	1.98325	14.63266
45290	-7543.724	-7448.28	-95.44357	1.813901	0.27	0.633643	1.06455	2.03181	14.92522
45300	-7538.24	-7448.453	-89.78748	2.106587	0.305674	0.66589	1.07244	1.95599	14.33035
45310	-7534.918	-7439.312	-95.60667	2.442401	0.340927	0.695087	1.07794	1.88604	14.87869
45320	-7540.542	-7449.222	-91.32007	2.363491	0.33312	0.688828	1.0769	1.90115	14.45792
45330	-7527.974	-7440.38	-87.59384	2.326676	0.329383	0.685791	1.07636	1.90846	14.08897
45340	-7527.162	-7431.51	-95.65188	2.019196	0.295555	0.65704	1.07046	1.97694	14.92553
45350	-7552.387	-7449.521	-102.866	2.025697	0.296323	0.657719	1.07062	1.97534	15.64629
45360	-7560.284	-7464.174	-96.11027	2.593806	0.355174	0.70623	1.07962	1.85898	14.9139
45370	-7540.19	-7447.286	-92.90387	2.199846	0.316018	0.674711	1.07427	1.935	14.63266
45380	-7539.999	-7444.697	-95.3022	2.390114	0.335785	0.690977	1.07727	1.89597	14.85347
45390	-7526.241	-7435.478	-90.76273	2.057821	0.300081	0.661025	1.07137	1.96752	14.43275
45400	-7540.669	-7443.839	-96.82985	1.888481	0.279589	0.642606	1.06693	2.01087	15.05639
45410	-7537.368	-7443.149	-94.21866	1.647936	0.247298	0.611461	1.05805	2.0832	14.81933
45420	-7525.588	-7430.01	-95.57764	2.552239	0.351354	0.703277	1.0792	1.86617	14.8648
45430	-7520.337	-7440.111	-80.22644	1.922099	0.283795	0.646466	1.06791	2.00183	13.39269
45440	-7555.985	-7446.663	-109.3212	2.163504	0.312041	0.671345	1.07359	1.94302	16.27802
45450	-7539.854	-7437.084	-102.7696	2.225416	0.318775	0.677026	1.07473	1.92947	15.61667
45460	-7533.185	-7430.468	-102.7175	2.001579	0.293463	0.655181	1.07003	1.98133	15.63385
45470	-7533.145	-7447.582	-85.56346	2.345522	0.331304	0.687355	1.07664	1.9047	13.88405
45480	-7525.801	-7439.222	-86.5797	1.857521	0.275652	0.638954	1.06598	2.01942	14.03448
45490	-7558.249	-7465.687	-92.56155	1.402288	0.209826	0.571441	1.04413	2.17461	14.67818
45500	-7546.6	-7445.268	-101.3326	1.93928	0.285917	0.648397	1.06839	1.99729	15.50159
45510	-7539.942	-7451.843	-88.09907	1.967925	0.289416	0.651559	1.06917	1.98986	14.17537
45520	-7530.768	-7444.154	-86.61441	1.958043	0.288214	0.650477	1.0689	1.99241	14.0279
45530	-7513.175	-7427.696	-85.4786	1.965403	0.28911	0.651284	1.0691	1.99051	13.91358
45540	-7519.855	-7433.427	-86.42708	2.159102	0.311555	0.670932	1.0735	1.94401	13.98906
45550	-7530.665	-7432.942	-97.72354	1.998357	0.293078	0.654839	1.06995	1.98213	15.13478
45560	-7551.554	-7447.681	-103.8727	2.009413	0.294396	0.656011	1.07022	1.97937	15.74858
45570	-7528.064	-7427.872	-100.192	2.036719	0.297619	0.658862	1.07088	1.97264	15.37778
45580	-7529.564	-7432.604	-96.96012	2.045033	0.298592	0.659719	1.07108	1.97061	15.05377
45590	-7531.667	-7441.342	-90.3258	2.229167	0.319177	0.677362	1.07479	1.92867	14.37192
45600	-7527.653	-7429.218	-98.43504	2.229755	0.31924	0.677415	1.0748	1.92854	15.18279
45610	-7540.476	-7447.852	-92.6241	1.913586	0.282736	0.645498	1.06767	2.0041	14.63331
45620	-7535.983	-7441.086	-94.89709	1.771329	0.264362	0.628264	1.06305	2.04432	14.87483
45630	-7532.676	-7433.048	-99.62716	1.989754	0.292049	0.65392	1.06973	1.9843	15.326
45640	-7520.71	-7443.439	-77.27114	2.288241	0.325414	0.682537	1.07577	1.91627	13.06055
45650	-7536.184	-7447.728	-88.45624	1.899889	0.281024	0.643928	1.06727	2.00778	14.21789
45660	-7526.789	-7447.503	-79.28613	2.064285	0.30083	0.66168	1.07152	1.96597	13.28444
45670	-7535.869	-7450.824	-85.04445	1.677715	0.251517	0.615692	1.05935	2.07344	13.89893
45680	-7518.488	-7429.814	-88.67379	2.443774	0.34106	0.695193	1.07796	1.88579	14.18526
45690	-7534.262	-7448.762	-85.49954	2.000964	0.29339	0.655116	1.07001	1.98148	13.91212
45700	-7515.502	-7432.913	-82.58808	1.68148	0.252046	0.616218	1.05951	2.07222	13.65292
45710	-7526.382	-7439.509	-86.87317	1.719054	0.257266	0.621375	1.06106	2.0603	14.07767
45720	-7542.154	-7452.758	-89.39642	1.85027	0.274722	0.638085	1.06575	2.02145	14.31687
45730	-7554.533	-7455.776	-98.75709	2.473345	0.343915	0.697454	1.07832	1.88031	15.19063
45740	-7528.433	-7438.136	-90.29702	1.995367	0.292721	0.65452	1.06987	1.98289	14.39242
45750	-7533.404	-7443.912	-89.49269	1.978246	0.290664	0.65268	1.06944	1.98722	14.3137
45760	-7538.527	-7442.586	-95.9406	2.172894	0.313075	0.672224	1.07377	1.94093	14.93903
45770	-7528.184	-7436.77	-91.41393	1.77785	0.265233	0.629101	1.06329	2.04238	14.52587
45780	-7535.192	-7439.664	-95.52805	2.318177	0.328511	0.685079	1.07624	1.91017	14.88325
45790	-7525.543	-7436.399	-89.1434	2.339848	0.330727	0.686886	1.07656	1.90583	14.24261
45800	-7523.816	-7439.52	-84.29577	2.419174	0.338657	0.693279	1.07765	1.89041	13.74992
45810	-7554.562	-7465.699	-88.86338	1.933654	0.285224	0.647768	1.06824	1.99877	14.25523
45820	-7545.613	-7446.522	-99.09151	2.199202	0.315948	0.674652	1.07426	1.93514	15.25149
45830	-7538.634	-7437.71	-100.9231	1.960466	0.288509	0.650743	1.06897	1.99178	15.45852
45840	-7526.678	-7440.608	-86.07013	2.498636	0.346327	0.699353	1.07861	1.87571	13.91941
45850	-7525.083	-7438.711	-86.37183	1.549221	0.232827	0.596549	1.05319	2.11744	14.04452
45860	-7530.612	-7439.836	-90.77518	2.164368	0.312136	0.671427	1.07361	1.94283	14.42334
45870	-7550.134	-7449.277	-100.8571	1.883027	0.2789	0.641969	1.06677	2.01236	15.45966
45880	-7536.937	-7441.031	-95.90564	2.074321	0.301988	0.662691	1.07174	1.96358	14.94539
45890	-7543.934	-7446.871	-97.06348	2.02675	0.296447	0.657828	1.07064	1.97508	15.06593
45900	-7563.013	-7458.97	-104.0433	2.019571	0.2956	0.657079	1.07047	1.97685	15.76463
45910	-7534.051	-7448.012	-86.03881	1.56728	0.235531	0.599385	1.05414	2.11094	14.00941
45920	-7528.532	-7435.866	-92.66689	1.926515	0.284342	0.646965	1.06804	2.00066	14.6363
45930	-7523.572	-7438.337	-85.23424	1.950403	0.287281	0.649634	1.0687	1.99439	13.89064
45940	-7534.369	-7434.397	-99.97187	2.189048	0.314843	0.67372	1.07407	1.93736	15.34054
45950	-7524.144	-7438.784	-85.36062	1.635549	0.245523	0.609667	1.05748	2.08733	13.93477
45960	-7555.817	-7477.376	-78.44078	1.526697	0.229417	0.592941	1.05195	2.12569	13.25367
45970	-7540.695	-7451.559	-89.13634	1.825845	0.271561	0.635117	1.06495	2.02837	14.29331
45980	-7532.795	-7443.539	-89.25613	1.709136	0.255898	0.620031	1.06066	2.06341	14.31696
45990	-7527.88	-7431.284	-96.59644	1.995794	0.292772	0.654566	1.06988	1.98278	15.02232
46000	-7518.915	-7422.944	-95.97125	1.808531	0.269296	0.632976	1.06437	2.03336	14.97853
46010	-7533.969	-7437.945	-96.02454	1.834957	0.272744	0.636231	1.06525	2.02577	14.98122
46020	-7531.329	-7436.363	-94.96596	1.786304	0.266359	0.630179	1.06359	2.03987	14.88022
46030	-7527.026	-7440.378	-86.64789	1.849857	0.274669	0.638035	1.06573	2.02156	14.04206
46040	-7535.943	-7446.49	-89.45278	1.908098	0.282052	0.644871	1.06751	2.00557	14.31673
46050	-7532.939	-7441.736	-91.20313	1.479948	0.222208	0.585184	1.04922	2.14339	14.53458
46060	-7517.456	-7426.682	-90.7745	2.000806	0.293371	0.655099	1.07001	1.98152	14.43963
46070	-7514.925	-7432.379	-82.54568	1.737731	0.259823	0.623873	1.06179	2.05451	13.64305
46080	-7529.406	-7443.017	-86.38886	2.220395	0.318236	0.676575	1.07464	1.93055	13.9791
46090	-7530.141	-7435.842	-94.29944	2.082444	0.302921	0.663504	1.07192	1.96165	14.78396
46100	-7526.795	-7433.626	-93.16986	2.102077	0.305163	0.665447	1.07235	1.95704	14.66904
46110	-7523.59	-7426.368	-97.22231	2.07755	0.302359	0.663015	1.07181	1.96281	15.07673
46120	-7538.393	-7442.854	-95.53867	1.734899	0.259437	0.623497	1.06168	2.05538	14.94264
46130	-7529.445	-7439.101	-90.34343	1.92861	0.284601	0.647201	1.0681	2.0001	14.40374
46140	-7551.724	-7443.355	-108.369	2.171481	0.31292	0.672092	1.07374	1.94125	16.18201
46150	-7540.229	-7449.734	-90.49576	1.927761	0.284496	0.647105	1.06807	2.00033	14.41906
46160	-7537.897	-7447.248	-90.64952	2.047997	0.298938	0.660022	1.07115	1.96989	14.42241
46170	-7532.144	-7432.827	-99.31709	2.124791	0.307729	0.66766	1.07282	1.95179	15.28149
46180	-7523.154	-7426.176	-96.97731	1.920785	0.283632	0.646317	1.06787	2.00218	15.06791
46190	-7537.083	-7446.009	-91.07324	1.836323	0.272921	0.636398	1.0653	2.02538	14.48595
46200	-7535.978	-7449.501	-86.47734	1.977989	0.290633	0.652652	1.06943	1.98729	14.01219
46210	-7538.039	-7449.413	-88.62623	2.385135	0.335289	0.690578	1.0772	1.89694	14.18637
46220	-7543.663	-7448.922	-94.74101	1.965484	0.289119	0.651292	1.0691	1.99049	14.83981
46230	-7548.655	-7449.333	-99.32177	2.201313	0.316177	0.674845	1.0743	1.93468	15.2743
46240	-7554.778	-7452.034	-102.7441	1.935915	0.285503	0.648021	1.0683	1.99818	15.64308
46250	-7524.305	-7437.376	-86.92961	2.142767	0.309741	0.669384	1.07318	1.94769	14.04094
46260	-7542.392	-7439.501	-102.8906	1.831125	0.272247	0.635764	1.06513	2.02686	15.6682
46270	-7530.447	-7432.466	-97.98127	1.89174	0.28	0.642985	1.06703	2.00999	15.17121
46280	-7530.908	-7442.921	-87.98725	1.716316	0.256889	0.621005	1.06095	2.06116	14.18935
46290	-7538.217	-7441.728	-96.48932	2.198023	0.31582	0.674544	1.07424	1.9354	14.99139
46300	-7547.797	-7448.339	-99.45824	2.406974	0.337456	0.692318	1.07749	1.89274	15.26738
46310	-7531.789	-7440.473	-91.31625	2.052149	0.299421	0.660447	1.07124	1.96889	14.48867
46320	-7534.861	-7438.316	-96.54528	2.156407	0.311256	0.670678	1.07345	1.94461	15.00115
46330	-7541.688	-7444.068	-97.61961	2.145639	0.310061	0.669658	1.07324	1.94704	15.10966
46340	-7549.902	-7459.563	-90.33969	2.1957	0.315567	0.674331	1.0742	1.93591	14.37666
46350	-7534.17	-7441.579	-92.59108	2.091005	0.303901	0.664355	1.07211	1.95964	14.61227
46360	-7527.26	-7435.069	-92.19117	2.032173	0.297085	0.658392	1.07077	1.97375	14.57816
46370	-7542.774	-7454.03	-88.74377	1.830384	0.272151	0.635673	1.0651	2.02707	14.2536
46380	-7529.209	-7441.951	-87.25765	1.521403	0.22861	0.592081	1.05165	2.12766	14.13588
46390	-7539.707	-7442.369	-97.33817	1.706289	0.255504	0.619643	1.06055	2.06431	15.12545
46400	-7543.281	-7443.784	-99.49687	1.848086	0.274441	0.637822	1.06568	2.02206	15.32714
46410	-7527.391	-7430.147	-97.24445	2.206887	0.31678	0.675353	1.0744	1.93347	15.06601
46420	-7556.737	-7461.1	-95.63765	1.855256	0.275362	0.638683	1.06591	2.02005	14.9405
46430	-7541.07	-7446.983	-94.08685	2.117807	0.306943	0.666984	1.07268	1.9534	14.75916
46440	-7536.172	-7440.103	-96.06861	2.057761	0.300074	0.661019	1.07137	1.96754	14.96334
46450	-7534.832	-7434.169	-100.6627	2.101994	0.305153	0.665439	1.07234	1.95706	15.41833
46460	-7550.598	-7458.282	-92.31562	1.856947	0.275579	0.638885	1.06596	2.01958	14.60813
46470	-7547.689	-7449.47	-98.21905	1.913921	0.282778	0.645536	1.06768	2.00401	15.19277
46480	-7537.607	-7444.809	-92.79822	1.71594	0.256837	0.620954	1.06094	2.06127	14.67049
46490	-7541.111	-7450.052	-91.05941	2.099406	0.304859	0.665184	1.07229	1.95767	14.45826
46500	-7552.333	-7446.84	-105.4932	1.841796	0.273629	0.637062	1.06548	2.02383	15.9274
46510	-7529.763	-7438.894	-90.86859	1.943644	0.286453	0.648884	1.06851	1.99615	14.45475
46520	-7540.614	-7444.999	-95.61508	2.089245	0.3037	0.66418	1.07207	1.96005	14.91484
46530	-7523.361	-7438.175	-85.18633	2.109402	0.305993	0.666165	1.0725	1.95534	13.86995
46540	-7547.708	-7455.14	-92.56846	1.945891	0.286729	0.649134	1.06857	1.99556	14.62452
46550	-7528.378	-7441.355	-87.02286	1.960295	0.288489	0.650724	1.06896	1.99182	14.06851
46560	-7552.766	-7447.985	-104.7805	1.927511	0.284465	0.647077	1.06807	2.00039	15.84755
46570	-7525.528	-7436.831	-88.69687	1.780358	0.265568	0.629421	1.06338	2.04163	14.25391
46580	-7542.572	-7444.566	-98.00514	2.054768	0.299726	0.660714	1.0713	1.96826	15.1573
46590	-7507.931	-7424.944	-82.98688	2.408723	0.337628	0.692456	1.07751	1.8924	13.62007
46600	-7518.629	-7427.874	-90.75478	2.665188	0.361579	0.711126	1.08028	1.84702	14.37122
46610	-7546.719	-7448.685	-98.03333	2.203837	0.31645	0.675075	1.07434	1.93413	15.14521
46620	-7537.452	-7454.492	-82.95998	1.634517	0.245375	0.609516	1.05743	2.08768	13.6948
46630	-7525.427	-7432.671	-92.75616	2.29531	0.32615	0.683142	1.07588	1.91482	14.60834
46640	-7533.643	-7448.127	-85.51634	2.477649	0.344327	0.697779	1.07837	1.87952	13.86613
46650	-7528.066	-7444.396	-83.66931	1.600453	0.240431	0.604466	1.05581	2.09929	13.76914
46660	-7519.701	-7434.157	-85.54363	1.959644	0.288409	0.650652	1.06895	1.99199	13.92066
46670	-7538.525	-7452.553	-85.97183	2.918601	0.382865	0.726919	1.08208	1.80813	13.86758
46680	-7536.795	-7444.405	-92.38974	1.78445	0.266113	0.629943	1.06353	2.04042	14.62279
46690	-7533.668	-7445.263	-88.40545	1.591334	0.239093	0.603085	1.05536	2.10246	14.24367
46700	-7535.229	-7443.872	-91.3566	2.35613	0.332378	0.688227	1.07679	1.9026	14.4623
46710	-7553.608	-7455.786	-97.82254	2.075839	0.302163	0.662843	1.07178	1.96322	15.13693
46720	-7519.282	-7433.883	-85.39956	1.822913	0.271179	0.634757	1.06485	2.02921	13.91992
46730	-7536.715	-7442.748	-93.96633	1.868098	0.277004	0.640212	1.06631	2.01647	14.77208
46740	-7556.576	-7450.131	-106.4451	1.900655	0.28112	0.644016	1.06729	2.00757	16.01671
46750	-7542.036	-7444.172	-97.86366	1.862085	0.276237	0.639498	1.06612	2.01814	15.16242
46760	-7561.617	-7448.799	-112.8179	1.979858	0.290858	0.652855	1.06948	1.98681	16.64606
46770	-7529.761	-7441.349	-88.41163	1.506619	0.226343	0.589654	1.05081	2.13319	14.25276
46780	-7534.072	-7447.33	-86.7418	1.897384	0.28071	0.643638	1.0672	2.00846	14.0467
46790	-7528.486	-7437.496	-90.98974	1.847311	0.274341	0.637728	1.06565	2.02228	14.4765
46800	-7553.625	-7444.781	-108.8437	2.293057	0.325915	0.68295	1.07585	1.91529	16.21732
46810	-7511.452	-7428.623	-82.82928	2.208103	0.316912	0.675463	1.07442	1.9332	13.62438
46820	-7527.604	-7429.296	-98.30843	2.06712	0.301157	0.661966	1.07158	1.96529	15.18639
46830	-7527.677	-7434.583	-93.09463	2.236704	0.319982	0.678034	1.07492	1.92706	14.64805
46840	-7521.014	-7434.528	-86.48518	1.623786	0.243827	0.607943	1.05693	2.0913	14.0484
46850	-7526.763	-7434.854	-91.90921	1.823593	0.271267	0.63484	1.06488	2.02902	14.57082
46860	-7541.732	-7445.368	-96.36339	2.140867	0.309529	0.669203	1.07315	1.94812	14.98451
46870	-7535.713	-7449.777	-85.93618	1.552061	0.233254	0.596999	1.05334	2.11641	14.00067
46880	-7555.138	-7458.062	-97.0766	1.738803	0.259969	0.624015	1.06183	2.05418	15.09604
46890	-7520.236	-7432.004	-88.23151	1.666871	0.249988	0.614165	1.05888	2.07696	14.21872
46900	-7530.793	-7437.544	-93.24908	2.509727	0.347377	0.700176	1.07874	1.87371	14.63619
46910	-7520.762	-7440.304	-80.45753	1.769484	0.264114	0.628026	1.06298	2.04487	13.43106
46920	-7533.097	-7444.517	-88.58089	1.899385	0.280961	0.643869	1.06726	2.00791	14.23041
46930	-7533.761	-7447.156	-86.60486	1.884446	0.27908	0.642135	1.06681	2.01198	14.0343
46940	-7537.671	-7445.215	-92.45608	2.172504	0.313032	0.672187	1.07376	1.94102	14.59062
46950	-7531.981	-7430.41	-101.5707	1.756035	0.262305	0.626281	1.06249	2.04893	15.54373
46960	-7538.987	-7456.483	-82.50375	1.796409	0.267698	0.631457	1.06395	2.0369	13.63299
46970	-7536.324	-7434.347	-101.9777	1.966436	0.289235	0.651396	1.06913	1.99024	15.56338
46980	-7530.589	-7445.701	-84.88763	1.721778	0.257641	0.621742	1.06117	2.05945	13.87884
46990	-7545.768	-7453.286	-92.48205	2.03019	0.296852	0.658186	1.07073	1.97423	14.60744
47000	-7537.117	-7435.754	-101.3631	1.777786	0.265225	0.629093	1.06329	2.0424	15.52079
47010	-7532.486	-7436.99	-95.49588	1.954443	0.287775	0.65008	1.06881	1.99334	14.9164
47020	-7537.947	-7444.31	-93.63665	1.634321	0.245346	0.609488	1.05742	2.08774	14.76249
47030	-7530.418	-7441.633	-88.78482	2.019179	0.295553	0.657038	1.07046	1.97695	14.23882
47040	-7523.928	-7439.29	-84.63798	1.69375	0.253762	0.617922	1.06003	2.06829	13.85668
47050	-7526.358	-7439	-87.35714	1.793072	0.267257	0.631036	1.06383	2.03788	14.11866
47060	-7527.823	-7436.398	-91.42465	1.799898	0.268159	0.631896	1.06407	2.03588	14.52473
47070	-7528.74	-7438.948	-89.79233	1.946645	0.286821	0.649217	1.0686	1.99537	14.34683
47080	-7536.73	-7445.343	-91.38696	1.983988	0.291356	0.6533	1.06958	1.98576	14.50256
47090	-7519.831	-7430.547	-89.28334	2.006123	0.294004	0.655663	1.07014	1.98019	14.28998
47100	-7539.472	-7443.331	-96.1409	2.102444	0.305204	0.665483	1.07235	1.95696	14.9661
47110	-7557.129	-7453.433	-103.6958	1.992652	0.292396	0.65423	1.0698	1.98357	15.73258
47120	-7554.367	-7455.777	-98.59084	1.847088	0.274312	0.637702	1.06565	2.02234	15.23663
47130	-7541.974	-7443.077	-98.89686	1.969455	0.289601	0.651726	1.06921	1.98947	15.255
47140	-7552.835	-7454.207	-98.62779	2.144518	0.309936	0.669551	1.07322	1.94729	15.21059
47150	-7528.729	-7438.427	-90.30142	1.918648	0.283366	0.646074	1.06781	2.00275	14.40054
47160	-7536.211	-7430.672	-105.5399	1.805301	0.268871	0.632573	1.06426	2.0343	15.93571
47170	-7530.753	-7430.418	-100.3353	2.085694	0.303294	0.663827	1.07199	1.96089	15.38722
47180	-7543.585	-7447.868	-95.7167	1.713349	0.25648	0.620603	1.06083	2.06209	14.96259
47190	-7530.698	-7427.408	-103.2904	2.087323	0.30348	0.663989	1.07203	1.9605	15.68257
47200	-7536.264	-7431.614	-104.6497	2.095203	0.30438	0.66477	1.0722	1.95865	15.8177
47210	-7507.385	-7431.345	-76.0401	1.946667	0.286824	0.64922	1.0686	1.99536	12.9716
47220	-7532.335	-7430.719	-101.6167	1.740018	0.260135	0.624176	1.06188	2.05381	15.54992
47230	-7525.615	-7440.537	-85.07727	2.201167	0.316161	0.674832	1.07429	1.93471	13.84987
47240	-7544.049	-7448.639	-95.40953	2.234696	0.319768	0.677856	1.07489	1.92749	14.87974
47250	-7540.072	-7446.51	-93.56269	2.113973	0.30651	0.666611	1.0726	1.95428	14.70713
47260	-7529.188	-7446.588	-82.59989	1.78198	0.265784	0.629628	1.06344	2.04115	13.64405
47270	-7540.981	-7447.601	-93.37974	1.772297	0.264491	0.628388	1.06309	2.04403	14.723
47280	-7552.86	-7460.59	-92.27061	2.32502	0.329213	0.685653	1.07634	1.90879	14.55682
47290	-7549.895	-7458.59	-91.30451	1.743033	0.260545	0.624575	1.062	2.05289	14.51841
47300	-7532.849	-7440.281	-92.56877	2.209177	0.317028	0.675561	1.07444	1.93297	14.59822
47310	-7534.434	-7437.901	-96.53351	1.720684	0.25749	0.621594	1.06112	2.05979	15.04354
47320	-7545.034	-7449.374	-95.66069	1.604927	0.241086	0.605138	1.05603	2.09774	14.96783
47330	-7548.954	-7449.622	-99.33255	1.924603	0.284105	0.646749	1.06798	2.00116	15.30305
47340	-7539.773	-7443.178	-96.59499	2.082894	0.302973	0.663549	1.07193	1.96155	15.01347
47350	-7534.448	-7442.965	-91.48232	2.003739	0.293721	0.655411	1.07008	1.98079	14.51012
47360	-7548.768	-7455.623	-93.14459	2.099476	0.304867	0.665191	1.07229	1.95765	14.66677
47370	-7537.737	-7436.596	-101.1403	2.227843	0.319035	0.677243	1.07477	1.92895	15.4535
47380	-7538.734	-7447.38	-91.35446	1.872266	0.277535	0.640705	1.06644	2.01532	14.51048
47390	-7532.117	-7452.389	-79.72809	1.600676	0.240464	0.604499	1.05582	2.09921	13.375
47400	-7522.094	-7436.26	-85.83349	1.697695	0.254311	0.618465	1.06019	2.06703	13.97584
47410	-7524.946	-7432.568	-92.37755	2.054357	0.299678	0.660672	1.07129	1.96836	14.59458
47420	-7539.768	-7442.86	-96.90791	1.976919	0.290504	0.652537	1.0694	1.98756	15.05536
47430	-7534.09	-7432.538	-101.5526	1.823007	0.271191	0.634768	1.06486	2.02918	15.53521
47440	-7524.493	-7430.076	-94.41686	2.051146	0.299305	0.660345	1.07122	1.96913	14.79883
47450	-7545.737	-7446.084	-99.6532	2.035104	0.297429	0.658695	1.07084	1.97303	15.32407
47460	-7539.167	-7441.473	-97.69416	1.889466	0.279713	0.64272	1.06696	2.01061	15.14273
47470	-7531.212	-7443.381	-87.83072	1.781408	0.265708	0.629555	1.06342	2.04132	14.16719
47480	-7502.33	-7420.713	-81.61701	1.994303	0.292594	0.654407	1.06985	1.98315	13.52453
47490	-7548.826	-7450.57	-98.25581	1.774594	0.264798	0.628683	1.06317	2.04335	15.21038
47500	-7513.324	-7426.653	-86.67075	1.81802	0.27054	0.634153	1.06469	2.03062	14.04753
47510	-7539.229	-7441.289	-97.93987	1.93994	0.285998	0.648471	1.06841	1.99712	15.16225
47520	-7519.483	-7435.088	-84.39505	1.641171	0.24633	0.610484	1.05774	2.08545	13.83765
47530	-7534.205	-7440.395	-93.81032	2.063503	0.300739	0.661601	1.0715	1.96616	14.73694
47540	-7529.205	-7436.973	-92.23259	2.160249	0.311681	0.67104	1.07353	1.94375	14.56949
47550	-7540.034	-7445.854	-94.18016	2.156213	0.311235	0.670659	1.07345	1.94466	14.76465
47560	-7542.305	-7447.044	-95.2604	1.868731	0.277085	0.640287	1.06633	2.0163	14.90142
47570	-7541.609	-7449.346	-92.26321	2.087901	0.303546	0.664047	1.07204	1.96037	14.57979
47580	-7535.599	-7435.332	-100.2674	2.018459	0.295468	0.656962	1.07044	1.97712	15.38716
47590	-7541.003	-7437.002	-104.0009	2.18471	0.31437	0.67332	1.07399	1.93832	15.74388
47600	-7538.067	-7450.256	-87.81155	1.85404	0.275206	0.638537	1.06587	2.02039	14.15801
47610	-7523.729	-7433.287	-90.4417	1.865038	0.276614	0.639849	1.06621	2.01732	14.41992
47620	-7531.64	-7442.335	-89.30507	2.047027	0.298824	0.659923	1.07112	1.97013	14.28806
47630	-7529.112	-7434.18	-94.93271	2.148999	0.310435	0.669977	1.07331	1.94628	14.84063
47640	-7542.676	-7452.659	-90.01685	1.985901	0.291586	0.653506	1.06963	1.98528	14.36535
47650	-7538.02	-7442.311	-95.70889	2.061506	0.300508	0.661399	1.07146	1.96664	14.927
47660	-7526.036	-7442.619	-83.41695	1.889519	0.27972	0.642726	1.06696	2.01059	13.715
47670	-7532.331	-7433.461	-98.87037	1.374848	0.205326	0.566307	1.04214	2.18623	15.31181
47680	-7515.82	-7420.468	-95.35133	2.088238	0.303585	0.66408	1.07205	1.96029	14.88857
47690	-7534.644	-7439.469	-95.17496	2.202597	0.316316	0.674962	1.07432	1.9344	14.85949
47700	-7530.365	-7437.262	-93.1032	1.577868	0.237105	0.601024	1.05469	2.10719	14.71479
47710	-7554.477	-7460.662	-93.81586	2.258594	0.322305	0.679967	1.07529	1.92243	14.71799
47720	-7534.932	-7442.044	-92.88797	2.277894	0.324334	0.681646	1.07561	1.91841	14.62327
47730	-7540.12	-7451.673	-88.44615	2.031903	0.297054	0.658364	1.07077	1.97381	14.20368
47740	-7529.39	-7438.143	-91.24683	1.918695	0.283372	0.64608	1.06782	2.00273	14.49507
47750	-7521.079	-7425.155	-95.924	2.186381	0.314552	0.673474	1.07402	1.93795	14.93602
47760	-7516.779	-7429.536	-87.24382	2.134485	0.308816	0.668593	1.07302	1.94957	14.07319
47770	-7541.442	-7445.789	-95.65299	1.934544	0.285334	0.647868	1.06826	1.99854	14.9341
47780	-7540.726	-7448.605	-92.1212	2.30771	0.327433	0.684196	1.07608	1.91229	14.54361
47790	-7531.944	-7437.856	-94.08766	2.629394	0.358391	0.708698	1.07996	1.85296	14.70808
47800	-7539.522	-7459.783	-79.73977	1.710125	0.256035	0.620165	1.0607	2.0631	13.36522
47810	-7529.932	-7432.39	-97.54183	2.084496	0.303157	0.663708	1.07197	1.96117	15.10799
47820	-7523.994	-7439.937	-84.0573	1.989913	0.292068	0.653937	1.06974	1.98426	13.769
47830	-7539.894	-7440.163	-99.73085	2.129182	0.308222	0.668083	1.07291	1.95078	15.32242
47840	-7534.523	-7442.979	-91.54395	1.636138	0.245608	0.609752	1.05751	2.08713	14.55304
47850	-7542.527	-7446.133	-96.39473	1.822391	0.27111	0.634692	1.06484	2.02936	15.01949
47860	-7530.884	-7435.479	-95.40481	2.136982	0.309096	0.668832	1.07307	1.949	14.88904
47870	-7535.786	-7445.345	-90.44044	2.431511	0.339866	0.694243	1.07781	1.88808	14.36315
47880	-7536.601	-7448.64	-87.9608	1.928916	0.284639	0.647235	1.0681	2.00002	14.16545
47890	-7540.482	-7451.385	-89.097	1.524197	0.229036	0.592535	1.05181	2.12662	14.31954
47900	-7537.389	-7447.395	-89.99375	2.167072	0.312434	0.67168	1.07366	1.94223	14.34493
47910	-7514.281	-7430.833	-83.44841	1.997692	0.292999	0.654768	1.06993	1.9823	13.70733
47920	-7531.981	-7431.672	-100.3094	2.265193	0.323001	0.680544	1.0754	1.92105	15.36668
47930	-7536.714	-7439.096	-97.6181	1.831849	0.272341	0.635852	1.06515	2.02666	15.14088
47940	-7535.857	-7436.235	-99.62152	2.094792	0.304333	0.664729	1.07219	1.95875	15.31493
47950	-7521.894	-7427.797	-94.09682	2.098273	0.30473	0.665073	1.07226	1.95793	14.76211
47960	-7531.432	-7446.858	-84.57391	2.119104	0.307089	0.667109	1.0727	1.9531	13.80774
47970	-7530.21	-7438.761	-91.44948	2.161216	0.311788	0.671131	1.07355	1.94354	14.49108
47980	-7538.25	-7443.276	-94.97326	2.054987	0.299751	0.660736	1.07131	1.96821	14.85409
47990	-7529.563	-7442.637	-86.92674	2.235646	0.31987	0.67794	1.0749	1.92729	14.03137
48000	-7524.557	-7432.575	-91.98175	2.208956	0.317004	0.675541	1.07444	1.93302	14.53954
48010	-7529.992	-7434.294	-95.69756	2.200837	0.316125	0.674801	1.07429	1.93478	14.91193
48020	-7537.377	-7444.822	-92.55497	1.809974	0.269485	0.633155	1.06442	2.03294	14.63676
48030	-7544.493	-7450.277	-94.21621	2.015898	0.295165	0.656694	1.07038	1.97776	14.78229
48040	-7549.752	-7464.044	-85.70752	1.893687	0.280245	0.643211	1.06709	2.00946	13.94364
48050	-7515.647	-7424.62	-91.02725	2.119764	0.307164	0.667173	1.07272	1.95295	14.45301
48060	-7528.285	-7440.44	-87.84477	2.175994	0.313415	0.672512	1.07383	1.94024	14.12914
48070	-7541.696	-7448.471	-93.22512	1.827496	0.271775	0.63532	1.06501	2.0279	14.70202
48080	-7523.105	-7435.583	-87.52183	1.861795	0.2762	0.639464	1.06611	2.01822	14.12826
48090	-7537.336	-7448.116	-89.22023	2.224485	0.318676	0.676942	1.07471	1.92967	14.26183
48100	-7538.684	-7442.413	-96.271	2.439344	0.340629	0.694851	1.0779	1.88661	14.94542
48110	-7537.143	-7444.214	-92.9285	1.95861	0.288283	0.650539	1.06892	1.99226	14.65925
48120	-7530.05	-7429.136	-100.9141	1.826261	0.271615	0.635168	1.06497	2.02825	15.47104
48130	-7519.802	-7439.286	-80.51571	2.228254	0.319079	0.67728	1.07478	1.92886	13.391
48140	-7533.148	-7444.586	-88.5619	1.756155	0.262322	0.626297	1.06249	2.04889	14.24283
48150	-7540.658	-7443.729	-96.92963	1.959086	0.288341	0.650591	1.06893	1.99214	15.05931
48160	-7547.694	-7445.06	-102.6346	2.347534	0.331508	0.687521	1.07667	1.9043	15.59097
48170	-7530.439	-7435.425	-95.01416	2.326307	0.329345	0.68576	1.07636	1.90854	14.83104
48180	-7528.319	-7430.198	-98.12178	2.481656	0.344711	0.698082	1.07842	1.87879	15.12627
48190	-7549.054	-7449.197	-99.8567	2.236229	0.319932	0.677992	1.07491	1.92716	15.32431
48200	-7549.271	-7447.911	-101.36	1.889576	0.279727	0.642733	1.06696	2.01058	15.5093
48210	-7534.705	-7433.835	-100.8696	2.025932	0.296351	0.657743	1.07063	1.97528	15.44663
48220	-7530.294	-7445.909	-84.38511	1.827591	0.271788	0.635331	1.06501	2.02787	13.81801
48230	-7542.584	-7449.098	-93.48545	1.889069	0.279663	0.642674	1.06695	2.01071	14.7219
48240	-7555.267	-7457.08	-98.18678	1.670634	0.250519	0.614696	1.05905	2.07574	15.21387
48250	-7525.876	-7438.935	-86.94118	2.076159	0.302199	0.662875	1.07178	1.96314	14.04876
48260	-7528.475	-7431.832	-96.64305	1.769711	0.264145	0.628055	1.06299	2.04481	15.04959
48270	-7528.593	-7438.345	-90.24708	2.371106	0.333886	0.689446	1.077	1.89966	14.34986
48280	-7531.684	-7449.595	-82.08824	2.027484	0.296534	0.657905	1.07066	1.9749	13.56833
48290	-7530.758	-7442.704	-88.05358	1.640846	0.246283	0.610437	1.05772	2.08556	14.20353
48300	-7537.789	-7441.177	-96.61156	2.060879	0.300435	0.661335	1.07144	1.96679	15.01733
48310	-7522.07	-7433.664	-88.40671	1.958145	0.288227	0.650488	1.06891	1.99238	14.20711
48320	-7550.006	-7455.628	-94.37792	2.069093	0.301385	0.662165	1.07163	1.96482	14.79314
48330	-7540.016	-7451.261	-88.75526	1.790526	0.26692	0.630714	1.06374	2.03863	14.25873
48340	-7530.01	-7441.322	-88.68758	1.721613	0.257618	0.62172	1.06116	2.0595	14.25885
48350	-7529.772	-7444.734	-85.03774	2.143765	0.309852	0.66948	1.0732	1.94746	13.85166
48360	-7517.748	-7438.051	-79.69735	1.810672	0.269577	0.633242	1.06444	2.03274	13.35093
48370	-7542.606	-7440.55	-102.0557	2.000898	0.293382	0.655109	1.07001	1.9815	15.56774
48380	-7529.972	-7431.834	-98.13722	2.14449	0.309933	0.669549	1.07322	1.9473	15.16153
48390	-7544.937	-7447.643	-97.29428	2.223626	0.318583	0.676865	1.0747	1.92986	15.06932
48400	-7539.699	-7440.209	-99.48933	2.050477	0.299227	0.660276	1.0712	1.96929	15.30614
48410	-7534.709	-7436.129	-98.58063	2.170101	0.312768	0.671963	1.07372	1.94155	15.20331
48420	-7548.973	-7452.523	-96.44996	1.930557	0.284842	0.64742	1.06815	1.99959	15.0142
48430	-7524.729	-7436.542	-88.1863	2.069577	0.301441	0.662214	1.07164	1.96471	14.17393
48440	-7537.811	-7439.271	-98.54079	2.351379	0.331897	0.687837	1.07673	1.90354	15.1812
48450	-7521.203	-7437.914	-83.28927	1.659261	0.24891	0.613084	1.05855	2.07946	13.72526
48460	-7531.229	-7438.782	-92.44757	2.251309	0.321535	0.679327	1.07517	1.92397	14.58188
48470	-7523.155	-7439.339	-83.81568	1.678247	0.251592	0.615766	1.05938	2.07327	13.776
48480	-7533.557	-7449.693	-83.86351	2.208548	0.31696	0.675504	1.07443	1.93311	13.72775
48490	-7536.241	-7443.882	-92.35919	1.744579	0.260755	0.624779	1.06205	2.05241	14.62372
48500	-7542.598	-7431.841	-110.757	2.395023	0.336272	0.691369	1.07733	1.89503	16.39845
48510	-7536.676	-7451.244	-85.43256	1.602298	0.240702	0.604743	1.0559	2.09865	13.94528
48520	-7550.561	-7444.332	-106.228	1.886116	0.279291	0.64233	1.06686	2.01152	15.99645
48530	-7550.699	-7453.933	-96.76531	2.003546	0.293698	0.65539	1.07008	1.98083	15.03843
48540	-7520.047	-7432.439	-87.60763	2.092649	0.304089	0.664518	1.07214	1.95925	14.11376
48550	-7546.1	-7454.605	-91.49474	1.831061	0.272239	0.635756	1.06512	2.02688	14.52863
48560	-7539.231	-7451.309	-87.92224	2.406034	0.337363	0.692244	1.07748	1.89292	14.11388
48570	-7540.082	-7456.05	-84.03227	1.843751	0.273882	0.637299	1.06554	2.02328	13.78111
48580	-7538.946	-7453.914	-85.03193	2.014658	0.295018	0.656563	1.07035	1.97807	13.86399
48590	-7538.049	-7446.186	-91.86233	1.96485	0.289042	0.651223	1.06908	1.99065	14.55201
48600	-7514.843	-7430.655	-84.18824	2.297269	0.326353	0.68331	1.07592	1.91442	13.75135
48610	-7536.883	-7448.338	-88.54541	1.994473	0.292614	0.654425	1.06985	1.98311	14.21735
48620	-7544.527	-7437.57	-106.9566	2.069789	0.301466	0.662235	1.07164	1.96466	16.05094
48630	-7530.272	-7430.783	-99.48881	2.315227	0.328208	0.684831	1.07619	1.91077	15.27962
48640	-7549.18	-7450.492	-98.68792	2.01218	0.294724	0.656303	1.07029	1.97868	15.22983
48650	-7515.615	-7433.252	-82.36361	2.249182	0.321309	0.67914	1.07514	1.92442	13.5737
48660	-7526.861	-7451.222	-75.63873	1.435173	0.215132	0.577398	1.04638	2.16109	12.98261
48670	-7527.15	-7435.885	-91.26492	1.924248	0.284061	0.646709	1.06797	2.00126	14.49633
48680	-7530.153	-7440.117	-90.03524	2.358588	0.332626	0.688428	1.07683	1.90212	14.32992
48690	-7528.965	-7435.838	-93.12707	2.649002	0.360143	0.710035	1.08013	1.84969	14.61006
48700	-7517.356	-7422.515	-94.84136	1.769539	0.264122	0.628033	1.06299	2.04486	14.86944
48710	-7535.814	-7441.054	-94.75934	2.034691	0.297381	0.658653	1.07083	1.97313	14.83472
48720	-7525.258	-7433.063	-92.19556	2.075186	0.302087	0.662778	1.07176	1.96337	14.5743
48730	-7530.286	-7441.218	-89.06732	2.042231	0.298264	0.659431	1.07101	1.97129	14.26477
48740	-7537.023	-7442.099	-94.92401	1.77599	0.264985	0.628862	1.06322	2.04293	14.87706
48750	-7521.91	-7431.158	-90.7517	1.827321	0.271753	0.635298	1.065	2.02795	14.4547
48760	-7516.667	-7426.425	-90.24174	2.180153	0.313871	0.672898	1.07391	1.93932	14.36842
48770	-7552.257	-7454.511	-97.74663	2.293206	0.325931	0.682963	1.07585	1.91525	15.1076
48780	-7536.821	-7443.385	-93.4363	2.354339	0.332197	0.68808	1.07677	1.90295	14.67045
48790	-7526.292	-7435.319	-90.97333	2.211563	0.317285	0.675777	1.07448	1.93246	14.43844
48800	-7523.495	-7433.175	-90.32009	2.056852	0.299968	0.660926	1.07135	1.96776	14.38858
48810	-7520.2	-7432.927	-87.27383	2.059205	0.300241	0.661165	1.0714	1.96719	14.08372
48820	-7530.578	-7438.617	-91.96108	2.130784	0.308402	0.668237	1.07294	1.95042	14.54529
48830	-7537.727	-7444.699	-93.02777	2.283594	0.32493	0.682138	1.0757	1.91723	14.63668
48840	-7528.226	-7433.907	-94.31942	2.171463	0.312918	0.67209	1.07374	1.94125	14.77705
48850	-7534.144	-7438.793	-95.35091	1.849911	0.274675	0.638042	1.06574	2.02155	14.91236
48860	-7526.191	-7434.814	-91.3778	1.804562	0.268774	0.63248	1.06423	2.03452	14.51958
48870	-7522.12	-7435.868	-86.25162	1.856321	0.275499	0.63881	1.06594	2.01975	14.00179
48880	-7530.367	-7438.974	-91.39333	1.954259	0.287753	0.65006	1.0688	1.99339	14.50616
48890	-7535.843	-7445.648	-90.19447	2.124394	0.307685	0.667622	1.07281	1.95188	14.36927
48900	-7532.572	-7442.05	-90.52183	2.141349	0.309583	0.669249	1.07316	1.94801	14.40031
48910	-7516.547	-7424.596	-91.95099	2.189773	0.314922	0.673787	1.07409	1.9372	14.53838
48920	-7529.954	-7440.948	-89.00612	1.861426	0.276152	0.63942	1.0661	2.01833	14.27673
48930	-7519.078	-7435.02	-84.05805	2.16755	0.312487	0.671725	1.07367	1.94212	13.75131
48940	-7529.655	-7434.838	-94.81622	1.837806	0.273114	0.636578	1.06535	2.02496	14.8601
48950	-7542.425	-7455.718	-86.70734	1.849607	0.274636	0.638005	1.06573	2.02163	14.04803
48960	-7542.025	-7447.267	-94.75808	2.155956	0.311206	0.670635	1.07344	1.94471	14.82247
48970	-7519.462	-7429.09	-90.37134	1.883479	0.278957	0.642022	1.06678	2.01224	14.41104
48980	-7537.699	-7446.718	-90.98041	2.153432	0.310927	0.670397	1.07339	1.94528	14.44496
48990	-7524.776	-7432.752	-92.02391	1.868542	0.277061	0.640265	1.06632	2.01635	14.5778
49000	-7537.88	-7442.301	-95.57912	2.411786	0.33793	0.692698	1.07755	1.89182	14.87899
49010	-7528.682	-7435.915	-92.76693	2.02397	0.296119	0.657539	1.07058	1.97576	14.63655
49020	-7548.072	-7448.04	-100.0318	1.918747	0.283379	0.646086	1.06782	2.00272	15.37357
49030	-7536.767	-7448.639	-88.12767	1.927998	0.284526	0.647132	1.06808	2.00026	14.18223
49040	-7531.081	-7441.983	-89.09842	2.073391	0.301881	0.662598	1.07172	1.9638	14.26476
49050	-7534.437	-7455.992	-78.44546	2.247441	0.321125	0.678986	1.07511	1.92478	13.18206
49060	-7543.104	-7449.56	-93.54455	2.204831	0.316558	0.675166	1.07436	1.93392	14.69623
49070	-7540.516	-7437.777	-102.7396	1.728213	0.258523	0.622605	1.06142	2.05745	15.6634
49080	-7543.682	-7460.983	-82.69926	2.159305	0.311577	0.670951	1.07351	1.94396	13.61625
49090	-7509.468	-7425.12	-84.34854	1.774372	0.264769	0.628655	1.06316	2.04341	13.81967
49100	-7553.271	-7451.024	-102.2478	2.054133	0.299652	0.660649	1.07129	1.96841	15.58162
49110	-7536.716	-7448.487	-88.22906	1.735706	0.259547	0.623604	1.06171	2.05513	14.21159
49120	-7541.578	-7452.929	-88.64849	2.074514	0.30201	0.66271	1.07175	1.96353	14.21966
49130	-7539.827	-7445.534	-94.29305	1.956252	0.287996	0.650279	1.06886	1.99287	14.79594
49140	-7527.797	-7437.564	-90.2329	1.990454	0.292132	0.653995	1.06975	1.98412	14.3865
49150	-7535.146	-7437.507	-97.63906	2.218672	0.318051	0.67642	1.07461	1.93092	15.1043
49160	-7521.961	-7427.92	-94.04054	1.823546	0.271261	0.634835	1.06487	2.02903	14.78396
49170	-7531.406	-7448.518	-82.88847	1.940282	0.28604	0.648509	1.06842	1.99703	13.65708
49180	-7533.653	-7450.05	-83.60321	1.948301	0.287024	0.649401	1.06864	1.99493	13.72775
49190	-7552.935	-7452.175	-100.7603	2.151141	0.310673	0.67018	1.07335	1.9458	15.42318
49200	-7543.375	-7443.529	-99.84619	2.063955	0.300791	0.661647	1.07151	1.96605	15.34048
49210	-7538.012	-7445.379	-92.63301	1.800492	0.268238	0.63197	1.06409	2.0357	14.64551
49220	-7537.108	-7442.371	-94.73675	1.851488	0.274878	0.638231	1.06579	2.0211	14.85078
49230	-7518.593	-7432.642	-85.95139	1.903395	0.281464	0.644331	1.06737	2.00683	13.96706
49240	-7525.554	-7442.596	-82.95805	2.286536	0.325237	0.682391	1.07575	1.91663	13.62941
49250	-7543.277	-7445.552	-97.72512	1.605028	0.241101	0.605153	1.05604	2.09771	15.17427
49260	-7525.472	-7438.18	-87.29166	2.346399	0.331393	0.687428	1.07665	1.90453	14.05678
49270	-7533.48	-7443.701	-89.77829	2.064945	0.300906	0.661747	1.07153	1.96581	14.33359
49280	-7562.073	-7452.175	-109.8979	2.441651	0.340854	0.695029	1.07793	1.88618	16.30789
49290	-7546.833	-7441.017	-105.8164	2.180127	0.313868	0.672896	1.07391	1.93933	15.92589
49300	-7522.177	-7434.677	-87.50022	1.777908	0.265241	0.629108	1.06329	2.04236	14.13449
49310	-7542.439	-7441.971	-100.4681	2.217408	0.317915	0.676305	1.07459	1.93119	15.38733
49320	-7522.662	-7429.018	-93.64362	1.773243	0.264618	0.62851	1.06312	2.04375	14.7493
49330	-7525.733	-7434.443	-91.29	2.018985	0.29553	0.657017	1.07046	1.97699	14.48936
49340	-7542.354	-7454.01	-88.34379	1.792881	0.267232	0.631012	1.06382	2.03793	14.21735
49350	-7520.835	-7428.512	-92.32213	2.413831	0.338132	0.692859	1.07758	1.89143	14.55309
49360	-7518.258	-7424.288	-93.97013	2.022892	0.295992	0.657426	1.07055	1.97603	14.75698
49370	-7520.252	-7424.894	-95.35843	1.802863	0.26855	0.632268	1.06417	2.03501	14.91782
49380	-7544.253	-7443.475	-100.7777	2.342784	0.331026	0.687129	1.0766	1.90524	15.40575
49390	-7539.247	-7432.778	-106.4688	2.071747	0.301691	0.662432	1.07169	1.96419	16.00196
49400	-7550.573	-7447.374	-103.1995	2.444577	0.341138	0.695255	1.07797	1.88564	15.63775
49410	-7540.265	-7440.464	-99.80121	1.941553	0.286197	0.648651	1.06846	1.9967	15.34822
49420	-7536.107	-7446.556	-89.55143	1.723225	0.257839	0.621936	1.06123	2.059	14.34508
49430	-7552.615	-7457.856	-94.75908	1.949192	0.287133	0.6495	1.06866	1.9947	14.84325
49440	-7530.109	-7435.526	-94.583	2.009985	0.294464	0.656071	1.07024	1.97923	14.81956
49450	-7527.79	-7437.66	-90.12999	1.829314	0.272012	0.635543	1.06507	2.02738	14.39233
49460	-7553.076	-7457.804	-95.27253	2.008714	0.294313	0.655937	1.07021	1.97954	14.88864
49470	-7523.234	-7437.264	-85.96978	1.752485	0.261826	0.625817	1.06235	2.05	13.98399
49480	-7535.081	-7438.956	-96.1248	2.026057	0.296365	0.657756	1.07063	1.97525	14.97213
49490	-7539.009	-7429.241	-109.7674	2.087005	0.303444	0.663958	1.07202	1.96058	16.33029
49500	-7527.278	-7434.091	-93.18758	1.937106	0.28565	0.648155	1.06833	1.99786	14.68731
49510	-7535.871	-7446.142	-89.72876	1.921431	0.283712	0.64639	1.06789	2.002	14.34299
49520	-7532.176	-7440.832	-91.34409	2.073164	0.301855	0.662575	1.07172	1.96385	14.48935
49530	-7527.866	-7434.818	-93.04797	1.802724	0.268532	0.63225	1.06417	2.03505	14.68678
49540	-7543.275	-7442.949	-100.326	1.955308	0.287881	0.650176	1.06883	1.99311	15.39933
49550	-7522.433	-7431.062	-91.37075	2.028044	0.296599	0.657963	1.07068	1.97476	14.49653
49560	-7540.978	-7444.019	-96.95902	1.887431	0.279457	0.642483	1.0669	2.01116	15.06942
49570	-7527.653	-7438.368	-89.28515	1.831999	0.272361	0.635871	1.06516	2.02661	14.30757
49580	-7549.892	-7457.021	-92.87173	1.970658	0.289747	0.651857	1.06924	1.98916	14.65237
49590	-7521.698	-7433.536	-88.16133	2.183598	0.314248	0.673217	1.07397	1.93856	14.16003
49600	-7542.673	-7447.7	-94.97251	2.016008	0.295178	0.656705	1.07039	1.97773	14.85791
49610	-7536.432	-7447.325	-89.10741	2.448749	0.341543	0.695577	1.07802	1.88486	14.22812
49620	-7535.379	-7451.889	-83.48978	1.92006	0.283542	0.646235	1.06785	2.00237	13.71923
49630	-7523.163	-7442.489	-80.67456	1.643042	0.246598	0.610755	1.05782	2.08482	13.46541
49640	-7539.56	-7444.209	-95.35128	2.392135	0.335986	0.691138	1.07729	1.89558	14.85817
49650	-7526.55	-7423.035	-103.5148	2.354885	0.332252	0.688125	1.07678	1.90285	15.67825
49660	-7547.492	-7452.207	-95.28539	2.003858	0.293735	0.655423	1.07009	1.98076	14.89041
49670	-7513.379	-7431.898	-81.481	2.124109	0.307653	0.667594	1.07281	1.95195	13.49795
49680	-7544.023	-7451.062	-92.96106	1.644364	0.246787	0.610946	1.05788	2.08438	14.69393
49690	-7542.911	-7448.597	-94.31453	2.068265	0.30129	0.662082	1.07161	1.96502	14.78688
49700	-7531.795	-7439.948	-91.84636	1.974341	0.290192	0.652257	1.06933	1.98822	14.54946
49710	-7541.468	-7447.682	-93.78664	2.004984	0.293869	0.655543	1.07011	1.98047	14.74042
49720	-7540.453	-7447.234	-93.2191	1.85922	0.27587	0.639157	1.06603	2.01894	14.69825
49730	-7550.456	-7451.171	-99.28505	1.846009	0.274173	0.637572	1.06561	2.02264	15.30616
49740	-7537.263	-7433.011	-104.2518	1.74328	0.260578	0.624607	1.06201	2.05281	15.81311
49750	-7534.354	-7440.873	-93.48042	1.977188	0.290536	0.652566	1.06941	1.98749	14.71258
49760	-7536.88	-7442.034	-94.84648	1.924741	0.284122	0.646764	1.06799	2.00113	14.85443
49770	-7535.889	-7437.313	-98.57569	1.701343	0.254818	0.618966	1.06034	2.06587	15.24969
49780	-7529.199	-7441.98	-87.2186	1.522979	0.228851	0.592337	1.05174	2.12707	14.13182
49790	-7527.975	-7438.905	-89.07078	1.830538	0.272171	0.635692	1.06511	2.02703	14.28628
49800	-7529.71	-7433.175	-96.53541	1.908686	0.282125	0.644938	1.06753	2.00541	15.02493
49810	-7533.127	-7436.421	-96.70615	1.712151	0.256315	0.620441	1.06078	2.06246	15.06166
49820	-7534.224	-7437.069	-97.15492	2.179117	0.313758	0.672802	1.07389	1.93955	15.05984
49830	-7529.557	-7434.896	-94.66098	1.93468	0.285351	0.647883	1.06827	1.9985	14.83489
49840	-7535.981	-7436.865	-99.11621	2.117086	0.306862	0.666914	1.07266	1.95356	15.26217
49850	-7521.474	-7438.063	-83.41103	2.074352	0.301992	0.662694	1.07174	1.96357	13.69593
49860	-7529.551	-7440.02	-89.53068	2.041135	0.298136	0.659318	1.07099	1.97156	14.31121
49870	-7528.314	-7440.964	-87.35035	1.959781	0.288426	0.650668	1.06895	1.99196	14.10132
49880	-7526.4	-7441.552	-84.84791	2.067189	0.301165	0.661973	1.07158	1.96528	13.84033
49890	-7533.26	-7447.42	-85.83977	1.728481	0.25856	0.622641	1.06143	2.05737	13.97339
49900	-7535.704	-7450.93	-84.77332	1.882474	0.27883	0.641905	1.06675	2.01252	13.85134
49910	-7547.994	-7449.642	-98.35195	2.24864	0.321252	0.679092	1.07513	1.92453	15.17259
49920	-7533.829	-7455.758	-78.07109	1.718167	0.257144	0.621255	1.06102	2.06058	13.19755
49930	-7526.552	-7433.72	-92.83245	1.90576	0.28176	0.644603	1.06744	2.0062	14.65493
49940	-7540.442	-7443.504	-96.93783	1.792024	0.267118	0.630904	1.06379	2.03818	15.07684
49950	-7533.583	-7433.6	-99.98225	1.800773	0.268275	0.632006	1.0641	2.03562	15.38041
49960	-7542.014	-7442.151	-99.86258	1.868574	0.277065	0.640269	1.06632	2.01634	15.36166
49970	-7519.478	-7432.386	-87.0921	1.924972	0.284151	0.646791	1.06799	2.00106	14.07897
49980	-7523.703	-7435.526	-88.17706	1.8181	0.27055	0.634163	1.06469	2.03059	14.19815
49990	-7537.64	-7442.92	-94.72017	2.182764	0.314157	0.67314	1.07396	1.93875	14.816
50000	-7524.528	-7423.502	-101.0258	1.762319	0.263152	0.627099	1.06272	2.04703	15.48861
