Starting job 16490015 on c5-60 on Saga at Wed Dec 24 11:43:09 CET 2025


RevBayes version (1.1.1)
Build from  () on Fri May  5 01:48:14 PM CEST 2023

Visit the website www.RevBayes.com for more information about RevBayes.

RevBayes is free software released under the GPL license, version 3. Type 'license()' for details.

To quit RevBayes type 'quit()' or 'q()'.


> source("scripts/mcmc_CEFBDRP_Ranges_rhinos.Rev")
   Processing file "scripts/mcmc_CEFBDRP_Ranges_rhinos.Rev"
   Successfully read one character matrix from file 'data/rrna.nex'
   Successfully read one character matrix from file 'data/coding_1.nex'
   Successfully read one character matrix from file 'data/coding_2.nex'
   Successfully read one character matrix from file 'data/coding_3.nex'
   Successfully read one character matrix from file 'data/character_matrix_RB_rhinos.nex'
   Processing file "scripts/model_FBDRP_rhinos.Rev"
   Processing of file "scripts/model_FBDRP_rhinos.Rev" completed
   Processing file "scripts/model_UCLN_rhinos.Rev"
   Processing of file "scripts/model_UCLN_rhinos.Rev" completed
   Processing file "scripts/model_GTRG_rhinos.Rev"
   Processing of file "scripts/model_GTRG_rhinos.Rev" completed
   Processing file "scripts/model_Morph_rhinos.Rev"
   NOTE: setNumStatesPartition() partitions by the maximum observed state, not the total number of observed states.
   NOTE: setNumStatesPartition() partitions by the maximum observed state, not the total number of observed states.
   NOTE: setNumStatesPartition() partitions by the maximum observed state, not the total number of observed states.
   Processing of file "scripts/model_Morph_rhinos.Rev" completed

   Running MCMC simulation
   This simulation runs 1 independent replicate.
   The simulator uses 422 different moves in a random move schedule with 527 moves per iteration

Iter        |      Posterior   |     Likelihood   |          Prior   |    elapsed   |        ETA   |
----------------------------------------------------------------------------------------------------
0           |       -86954.4   |       -86566.2   |       -388.225   |   00:00:00   |   --:--:--   |
50          |       -58096.7   |         -57732   |       -364.731   |   00:01:19   |   --:--:--   |
100         |       -57641.7   |         -57254   |       -387.705   |   00:02:34   |   342:10:46   |
150         |       -57482.5   |       -57102.5   |        -380.01   |   00:03:52   |   343:38:21   |
200         |       -57365.5   |       -57017.5   |       -348.089   |   00:05:08   |   342:08:12   |
250         |       -57285.8   |       -56910.4   |        -375.43   |   00:06:23   |   340:20:17   |
300         |       -57220.1   |       -56857.8   |        -362.34   |   00:07:39   |   339:52:21   |
350         |       -57111.3   |       -56765.8   |       -345.567   |   00:08:52   |   337:37:48   |
400         |       -57090.3   |       -56694.6   |       -395.742   |   00:10:06   |   336:29:54   |
450         |       -56993.5   |       -56655.6   |       -337.866   |   00:11:21   |   336:06:25   |
500         |         -56946   |       -56625.4   |       -320.618   |   00:12:38   |   336:40:42   |
550         |       -56976.5   |       -56613.5   |       -362.948   |   00:13:57   |   337:56:57   |
600         |       -56996.8   |       -56601.6   |       -395.224   |   00:15:18   |   339:44:42   |
650         |         -56885   |       -56570.2   |       -314.781   |   00:16:38   |   340:55:09   |
700         |       -56931.1   |       -56566.1   |       -364.995   |   00:17:57   |   341:36:20   |
750         |       -56905.1   |       -56569.1   |       -336.071   |   00:19:18   |   342:47:22   |
800         |       -56900.7   |       -56558.7   |       -342.058   |   00:20:35   |   342:42:45   |
850         |       -56912.9   |       -56571.8   |       -341.133   |   00:21:53   |   342:54:11   |
900         |       -56880.1   |       -56562.6   |       -317.503   |   00:23:12   |   343:19:01   |
950         |       -56839.8   |       -56553.9   |       -285.957   |   00:24:31   |   343:41:05   |


Iter        |      Posterior   |     Likelihood   |          Prior   |    elapsed   |        ETA   |
----------------------------------------------------------------------------------------------------
1000        |       -56794.5   |       -56497.7   |       -296.869   |   00:25:50   |   344:00:50   |
1050        |       -56869.2   |         -56505   |       -364.249   |   00:27:09   |   344:18:33   |
1100        |       -56776.1   |         -56507   |       -269.076   |   00:28:28   |   344:34:33   |
1150        |       -56777.2   |       -56493.4   |       -283.869   |   00:29:48   |   345:00:38   |
1200        |       -56785.1   |       -56510.3   |       -274.809   |   00:31:06   |   345:02:14   |
1250        |       -56810.3   |       -56497.2   |       -313.104   |   00:32:25   |   345:14:15   |
1300        |       -56785.7   |       -56504.2   |       -281.432   |   00:33:45   |   345:35:28   |
1350        |       -56751.4   |       -56490.9   |       -260.511   |   00:35:00   |   345:05:44   |
1400        |       -56750.3   |       -56489.5   |       -260.876   |   00:36:17   |   344:57:03   |
1450        |       -56751.7   |       -56484.1   |       -267.568   |   00:37:36   |   345:07:13   |
1500        |       -56774.1   |       -56488.5   |       -285.537   |   00:38:52   |   344:50:01   |
1550        |       -56760.8   |       -56499.8   |       -261.015   |   00:40:09   |   344:42:25   |
1600        |       -56740.7   |       -56469.9   |       -270.803   |   00:41:26   |   344:35:14   |
1650        |       -56764.8   |       -56491.7   |       -273.054   |   00:42:46   |   344:52:35   |
1700        |       -56817.8   |       -56499.1   |       -318.668   |   00:44:05   |   345:01:00   |
1750        |       -56748.8   |       -56477.4   |       -271.359   |   00:45:22   |   344:53:40   |
1800        |       -56750.2   |       -56475.2   |        -274.99   |   00:46:40   |   344:54:04   |
1850        |       -56780.5   |       -56478.8   |       -301.734   |   00:48:02   |   345:23:08   |
1900        |       -56757.6   |       -56476.8   |       -280.714   |   00:49:20   |   345:22:35   |
1950        |       -56791.3   |       -56474.2   |       -317.078   |   00:50:38   |   345:22:00   |


Iter        |      Posterior   |     Likelihood   |          Prior   |    elapsed   |        ETA   |
----------------------------------------------------------------------------------------------------
2000        |       -56811.7   |       -56492.5   |       -319.265   |   00:51:57   |   345:28:03   |
2050        |       -56778.8   |       -56466.2   |       -312.566   |   00:53:16   |   345:33:43   |
2100        |       -56777.8   |         -56487   |       -290.841   |   00:54:38   |   345:58:03   |
2150        |       -56755.6   |       -56487.5   |       -268.058   |   00:55:55   |   345:50:17   |
2200        |       -56749.1   |       -56505.4   |       -243.655   |   00:57:18   |   346:19:03   |
2250        |       -56766.9   |       -56473.2   |       -293.639   |   00:58:42   |   346:52:24   |
2300        |       -56777.5   |       -56486.5   |       -291.014   |   01:00:02   |   347:01:07   |
2350        |       -56751.9   |       -56475.6   |       -276.265   |   01:01:20   |   346:58:05   |
2400        |       -56724.6   |       -56484.1   |       -240.529   |   01:02:38   |   346:55:08   |
2450        |       -56744.4   |       -56493.7   |       -250.734   |   01:04:02   |   347:24:48   |
2500        |       -56743.8   |       -56471.5   |       -272.289   |   01:05:22   |   347:31:58   |
2550        |       -56779.7   |       -56479.5   |       -300.183   |   01:06:41   |   347:33:34   |
2600        |       -56781.6   |       -56488.9   |       -292.696   |   01:08:00   |   347:35:04   |
2650        |       -56722.4   |       -56481.9   |       -240.483   |   01:09:18   |   347:31:27   |
2700        |       -56741.5   |       -56494.2   |       -247.284   |   01:10:34   |   347:18:04   |
2750        |       -56745.3   |       -56481.9   |       -263.448   |   01:11:52   |   347:14:48   |
2800        |       -56788.2   |       -56480.2   |       -307.978   |   01:13:11   |   347:16:20   |
2850        |       -56769.3   |       -56492.9   |       -276.461   |   01:14:30   |   347:17:46   |
2900        |       -56778.5   |       -56488.9   |       -289.633   |   01:15:53   |   347:37:27   |
2950        |       -56734.1   |       -56484.3   |       -249.869   |   01:17:15   |   347:51:54   |


Iter        |      Posterior   |     Likelihood   |          Prior   |    elapsed   |        ETA   |
----------------------------------------------------------------------------------------------------
3000        |       -56688.1   |       -56476.8   |       -211.294   |   01:18:38   |   348:10:15   |
3050        |       -56730.1   |       -56485.6   |       -244.492   |   01:20:00   |   348:23:36   |
3100        |         -56764   |       -56487.3   |       -276.749   |   01:21:19   |   348:23:37   |
3150        |       -56770.9   |         -56494   |       -276.912   |   01:22:37   |   348:19:23   |
3200        |       -56753.4   |         -56483   |       -270.404   |   01:23:58   |   348:27:42   |
3250        |       -56754.5   |       -56488.3   |       -266.203   |   01:25:23   |   348:52:03   |
3300        |       -56733.7   |       -56492.2   |       -241.516   |   01:26:46   |   349:07:34   |
3350        |       -56768.9   |       -56478.6   |       -290.262   |   01:28:10   |   349:26:33   |
3400        |       -56753.1   |       -56496.8   |       -256.315   |   01:29:34   |   349:44:56   |
3450        |       -56710.8   |       -56480.2   |       -230.623   |   01:30:55   |   349:51:12   |
3500        |       -56721.9   |       -56464.7   |         -257.2   |   01:32:19   |   350:08:38   |
3550        |       -56776.9   |         -56474   |       -302.953   |   01:33:47   |   350:40:29   |
3600        |       -56688.3   |       -56462.4   |       -225.853   |   01:35:15   |   351:11:25   |
3650        |       -56782.2   |       -56496.3   |       -285.857   |   01:36:37   |   351:19:38   |
3700        |       -56704.8   |       -56478.5   |       -226.269   |   01:37:59   |   351:27:36   |
3750        |         -56732   |       -56474.2   |       -257.759   |   01:39:21   |   351:35:19   |
3800        |       -56704.9   |         -56464   |        -240.87   |   01:40:42   |   351:39:18   |
3850        |       -56740.9   |       -56487.5   |       -253.363   |   01:42:03   |   351:43:08   |
3900        |         -56713   |       -56496.2   |       -216.844   |   01:43:22   |   351:40:03   |
3950        |       -56715.1   |       -56484.1   |       -230.975   |   01:44:43   |   351:43:43   |


Iter        |      Posterior   |     Likelihood   |          Prior   |    elapsed   |        ETA   |
----------------------------------------------------------------------------------------------------
4000        |       -56713.7   |       -56484.5   |       -229.245   |   01:46:04   |   351:47:16   |
4050        |       -56736.6   |       -56480.2   |       -256.346   |   01:47:29   |   352:03:47   |
4100        |       -56728.4   |         -56481   |       -247.421   |   01:48:56   |   352:26:21   |
4150        |       -56708.6   |       -56480.8   |       -227.878   |   01:50:19   |   352:35:32   |
4200        |       -56704.5   |       -56469.3   |       -235.217   |   01:51:43   |   352:47:38   |
4250        |       -56728.4   |       -56477.8   |       -250.647   |   01:53:04   |   352:50:04   |
4300        |       -56741.7   |       -56471.7   |        -270.03   |   01:54:35   |   353:23:14   |
4350        |       -56724.6   |       -56482.6   |       -241.988   |   01:56:00   |   353:37:20   |
4400        |       -56714.9   |       -56476.4   |       -238.511   |   01:57:23   |   353:45:02   |
4450        |       -56717.7   |       -56490.4   |       -227.323   |   01:58:49   |   354:01:28   |
4500        |       -56732.6   |       -56476.5   |       -256.076   |   02:00:16   |   354:20:28   |
4550        |       -56731.5   |       -56481.9   |       -249.538   |   02:01:42   |   354:36:06   |
4600        |       -56718.5   |       -56465.7   |       -252.732   |   02:03:06   |   354:45:35   |
4650        |         -56795   |       -56488.8   |       -306.269   |   02:04:31   |   354:57:42   |
4700        |       -56760.4   |       -56469.3   |       -291.056   |   02:05:53   |   355:01:04   |
4750        |       -56719.7   |       -56478.3   |       -241.322   |   02:07:15   |   355:04:19   |
4800        |       -56704.2   |       -56455.1   |       -249.089   |   02:08:39   |   355:13:01   |
4850        |       -56752.6   |       -56476.7   |       -275.892   |   02:10:03   |   355:21:29   |
4900        |       -56758.9   |       -56481.6   |       -277.293   |   02:11:27   |   355:29:46   |
4950        |       -56781.3   |       -56481.8   |       -299.497   |   02:12:56   |   355:51:14   |


Iter        |      Posterior   |     Likelihood   |          Prior   |    elapsed   |        ETA   |
----------------------------------------------------------------------------------------------------
5000        |       -56724.8   |       -56484.6   |       -240.238   |   02:14:24   |   356:09:36   |
5050        |       -56732.2   |       -56480.7   |       -251.507   |   02:15:46   |   356:11:49   |
5100        |       -56714.8   |       -56478.9   |        -235.88   |   02:17:08   |   356:13:58   |
5150        |       -56764.5   |       -56488.4   |       -276.166   |   02:18:32   |   356:21:12   |
5200        |       -56716.7   |       -56482.5   |       -234.251   |   02:19:53   |   356:20:37   |
5250        |       -56755.1   |       -56476.2   |       -278.916   |   02:21:22   |   356:40:13   |
5300        |       -56701.5   |       -56464.5   |       -237.048   |   02:22:54   |   357:06:54   |
5350        |       -56728.2   |       -56465.7   |       -262.474   |   02:24:26   |   357:33:04   |
5400        |       -56726.1   |       -56488.8   |       -237.351   |   02:25:53   |   357:46:27   |
5450        |       -56741.9   |         -56476   |       -265.908   |   02:27:18   |   357:54:43   |
5500        |       -56737.2   |       -56487.8   |       -249.443   |   02:28:45   |   358:07:36   |
5550        |       -56716.9   |       -56486.6   |       -230.351   |   02:30:13   |   358:22:38   |
5600        |       -56746.2   |       -56479.4   |       -266.758   |   02:31:41   |   358:37:21   |
5650        |       -56738.5   |       -56483.9   |       -254.624   |   02:33:14   |   359:03:31   |
5700        |       -56758.2   |         -56493   |       -265.223   |   02:34:46   |   359:26:52   |
5750        |       -56784.1   |       -56478.4   |       -305.773   |   02:36:14   |   359:40:34   |
5800        |       -56755.8   |       -56488.4   |       -267.465   |   02:37:41   |   359:51:44   |
5850        |         -56759   |       -56478.9   |       -280.123   |   02:39:09   |   360:04:57   |
5900        |       -56745.1   |       -56471.1   |       -274.061   |   02:40:38   |   360:20:09   |
5950        |       -56707.7   |       -56474.8   |        -232.97   |   02:42:01   |   360:21:44   |


Iter        |      Posterior   |     Likelihood   |          Prior   |    elapsed   |        ETA   |
----------------------------------------------------------------------------------------------------
6000        |       -56745.7   |       -56477.6   |       -268.099   |   02:43:25   |   360:25:28   |
6050        |         -56738   |       -56480.3   |       -257.677   |   02:44:50   |   360:31:18   |
6100        |       -56728.7   |       -56477.9   |        -250.86   |   02:46:19   |   360:45:42   |
6150        |       -56733.4   |       -56484.6   |       -248.776   |   02:47:45   |   360:53:23   |
6200        |       -56755.2   |       -56484.3   |       -270.885   |   02:49:16   |   361:11:35   |
6250        |       -56737.3   |       -56492.2   |       -245.094   |   02:50:43   |   361:21:01   |
6300        |       -56734.1   |       -56480.1   |        -254.02   |   02:52:13   |   361:36:33   |
6350        |       -56720.7   |         -56482   |       -238.735   |   02:53:42   |   361:49:45   |
6400        |       -56691.8   |       -56489.4   |        -202.41   |   02:55:09   |   361:58:36   |
6450        |         -56722   |       -56507.9   |       -214.124   |   02:56:39   |   362:13:25   |
6500        |       -56755.8   |       -56477.1   |       -278.697   |   02:58:07   |   362:23:56   |
6550        |       -56738.3   |       -56471.3   |       -267.032   |   02:59:34   |   362:32:14   |
6600        |         -56737   |       -56485.3   |       -251.759   |   03:01:02   |   362:42:24   |
6650        |       -56749.4   |       -56488.3   |       -261.168   |   03:02:26   |   362:44:26   |
6700        |       -56787.4   |         -56493   |       -294.376   |   03:03:51   |   362:48:23   |
6750        |       -56779.2   |       -56496.5   |       -282.681   |   03:05:18   |   362:56:10   |
6800        |       -56738.4   |       -56476.3   |       -262.083   |   03:06:55   |   363:23:16   |
6850        |       -56719.1   |       -56467.3   |       -251.887   |   03:08:32   |   363:49:57   |
6900        |       -56698.5   |       -56470.7   |       -227.753   |   03:10:02   |   364:02:49   |
6950        |       -56719.6   |         -56482   |       -237.593   |   03:11:30   |   364:11:39   |


Iter        |      Posterior   |     Likelihood   |          Prior   |    elapsed   |        ETA   |
----------------------------------------------------------------------------------------------------
7000        |       -56722.9   |       -56476.8   |        -246.07   |   03:12:56   |   364:16:35   |
7050        |       -56772.2   |       -56478.1   |       -294.065   |   03:14:29   |   364:34:32   |
7100        |       -56740.2   |       -56490.6   |       -249.641   |   03:16:02   |   364:52:13   |
7150        |       -56711.8   |         -56493   |       -218.825   |   03:17:32   |   365:04:05   |
7200        |       -56748.9   |       -56485.3   |       -263.596   |   03:19:00   |   365:12:06   |
7250        |       -56738.3   |       -56485.1   |       -253.145   |   03:20:28   |   365:19:59   |
7300        |       -56792.4   |       -56479.9   |       -312.459   |   03:21:59   |   365:33:10   |
7350        |       -56748.6   |       -56501.5   |       -247.154   |   03:23:33   |   365:51:33   |
7400        |         -56755   |       -56485.2   |       -269.711   |   03:25:03   |   366:02:31   |
7450        |       -56720.6   |       -56491.4   |       -229.166   |   03:26:33   |   366:13:18   |
7500        |       -56732.1   |       -56477.1   |       -254.929   |   03:28:05   |   366:27:28   |
7550        |       -56728.5   |       -56489.4   |       -239.066   |   03:29:37   |   366:41:25   |
7600        |       -56745.2   |       -56488.4   |       -256.832   |   03:31:12   |   367:00:22   |
7650        |       -56718.4   |       -56478.5   |       -239.938   |   03:32:47   |   367:19:04   |
7700        |         -56766   |       -56480.6   |       -285.342   |   03:34:25   |   367:42:38   |
7750        |       -56719.4   |       -56477.9   |       -241.498   |   03:35:58   |   367:57:22   |
7800        |       -56728.1   |       -56493.5   |       -234.604   |   03:37:30   |   368:10:11   |
7850        |         -56775   |       -56491.9   |       -283.102   |   03:39:03   |   368:24:31   |
7900        |       -56700.3   |       -56493.1   |       -207.149   |   03:40:42   |   368:48:40   |
7950        |       -56703.3   |       -56486.9   |       -216.476   |   03:42:16   |   369:04:11   |


Iter        |      Posterior   |     Likelihood   |          Prior   |    elapsed   |        ETA   |
----------------------------------------------------------------------------------------------------
8000        |         -56739   |       -56486.7   |       -252.356   |   03:43:50   |   369:19:30   |
8050        |       -56695.9   |       -56492.6   |       -203.233   |   03:45:24   |   369:34:36   |
8100        |       -56739.7   |       -56490.2   |       -249.483   |   03:46:56   |   369:46:14   |
8150        |       -56741.2   |       -56471.7   |       -269.524   |   03:48:27   |   369:56:05   |
8200        |       -56694.5   |       -56478.8   |       -215.687   |   03:49:55   |   370:00:58   |
8250        |       -56716.2   |       -56476.1   |       -240.129   |   03:51:26   |   370:10:35   |
8300        |       -56741.3   |       -56469.3   |       -271.993   |   03:52:58   |   370:21:39   |
8350        |       -56744.3   |       -56477.5   |       -266.769   |   03:54:29   |   370:30:59   |
8400        |       -56754.3   |       -56471.2   |       -283.108   |   03:55:58   |   370:37:02   |
8450        |       -56754.6   |         -56481   |       -273.571   |   03:57:25   |   370:39:54   |
8500        |       -56703.9   |       -56468.5   |       -235.411   |   03:58:56   |   370:48:54   |
8550        |       -56749.9   |         -56469   |       -280.884   |   04:00:28   |   370:59:20   |
8600        |       -56754.3   |       -56481.7   |       -272.598   |   04:01:57   |   371:05:01   |
8650        |       -56745.5   |       -56474.3   |        -271.22   |   04:03:27   |   371:12:09   |
8700        |       -56762.1   |       -56499.6   |       -262.475   |   04:04:54   |   371:14:38   |
8750        |       -56767.7   |       -56498.1   |       -269.647   |   04:06:21   |   371:17:04   |
8800        |       -56771.7   |       -56492.6   |       -279.097   |   04:07:56   |   371:31:27   |
8850        |       -56716.2   |         -56483   |       -233.205   |   04:09:29   |   371:42:40   |
8900        |       -56703.9   |       -56488.5   |       -215.458   |   04:11:06   |   371:59:41   |
8950        |       -56718.5   |       -56494.2   |       -224.359   |   04:12:41   |   372:13:32   |


Iter        |      Posterior   |     Likelihood   |          Prior   |    elapsed   |        ETA   |
----------------------------------------------------------------------------------------------------
9000        |         -56710   |         -56494   |       -216.017   |   04:14:16   |   372:27:12   |
9050        |       -56728.8   |       -56491.2   |       -237.588   |   04:15:50   |   372:39:16   |
9100        |       -56740.6   |       -56496.1   |       -244.533   |   04:17:21   |   372:46:49   |
9150        |       -56770.4   |       -56496.3   |       -274.107   |   04:18:54   |   372:57:09   |
9200        |       -56722.8   |       -56504.6   |       -218.177   |   04:20:27   |   373:07:22   |
9250        |       -56736.4   |       -56477.9   |       -258.539   |   04:22:00   |   373:17:27   |
9300        |       -56724.2   |       -56486.7   |       -237.503   |   04:23:30   |   373:23:10   |
9350        |       -56720.9   |         -56483   |       -237.899   |   04:25:04   |   373:34:26   |
9400        |       -56711.8   |       -56499.6   |       -212.162   |   04:26:34   |   373:39:57   |
9450        |       -56738.3   |       -56472.9   |       -265.384   |   04:28:07   |   373:49:35   |
9500        |       -56768.1   |       -56478.7   |       -289.408   |   04:29:38   |   373:56:19   |
9550        |       -56705.9   |       -56480.2   |       -225.735   |   04:31:12   |   374:07:07   |
9600        |         -56723   |       -56503.5   |       -219.522   |   04:32:53   |   374:27:23   |
9650        |       -56742.8   |       -56516.4   |       -226.362   |   04:34:26   |   374:36:30   |
9700        |         -56699   |       -56498.1   |       -200.946   |   04:35:53   |   374:37:22   |
9750        |       -56714.8   |       -56490.1   |       -224.668   |   04:37:25   |   374:44:58   |
9800        |       -56737.6   |       -56474.8   |       -262.803   |   04:39:02   |   374:59:11   |
9850        |       -56725.6   |       -56484.6   |       -241.001   |   04:40:34   |   375:06:34   |
9900        |       -56704.6   |       -56473.5   |       -231.052   |   04:42:03   |   375:09:52   |
9950        |       -56684.7   |       -56483.2   |       -201.442   |   04:43:33   |   375:14:26   |


Iter        |      Posterior   |     Likelihood   |          Prior   |    elapsed   |        ETA   |
----------------------------------------------------------------------------------------------------
10000       |       -56694.3   |       -56497.6   |       -196.748   |   04:45:10   |   375:28:10   |
10050       |       -56714.8   |       -56487.4   |       -227.335   |   04:46:43   |   375:36:30   |
10100       |       -56743.3   |       -56494.7   |       -248.645   |   04:48:12   |   375:39:31   |
10150       |       -56728.7   |       -56499.6   |       -229.108   |   04:49:43   |   375:45:05   |
10200       |       -56712.9   |       -56477.7   |       -235.231   |   04:51:17   |   375:54:28   |
10250       |       -56719.5   |         -56472   |       -247.556   |   04:52:47   |   375:58:35   |
10300       |       -56739.5   |       -56480.2   |       -259.308   |   04:54:20   |   376:06:30   |
10350       |       -56747.1   |       -56489.5   |       -257.612   |   04:55:51   |   376:11:46   |
10400       |       -56760.1   |       -56489.7   |       -270.433   |   04:57:24   |   376:19:31   |
10450       |       -56738.2   |       -56499.5   |       -238.614   |   04:58:57   |   376:27:10   |
10500       |       -56747.9   |       -56485.8   |        -262.05   |   05:00:27   |   376:30:58   |
10550       |       -56744.9   |       -56479.5   |       -265.366   |   05:01:58   |   376:35:58   |
10600       |       -56763.3   |         -56474   |       -289.379   |   05:03:26   |   376:37:11   |
10650       |       -56707.1   |       -56492.6   |       -214.547   |   05:04:56   |   376:40:51   |
10700       |       -56753.8   |       -56491.4   |       -262.374   |   05:06:31   |   376:50:37   |
10750       |       -56739.1   |       -56492.2   |       -246.958   |   05:08:04   |   376:57:49   |
10800       |       -56747.5   |       -56500.3   |       -247.181   |   05:09:42   |   377:11:02   |
10850       |       -56721.8   |       -56489.6   |       -232.162   |   05:11:17   |   377:20:28   |
10900       |       -56788.7   |       -56507.6   |       -281.054   |   05:12:50   |   377:27:24   |
10950       |       -56715.4   |       -56492.8   |        -222.62   |   05:14:14   |   377:23:27   |


Iter        |      Posterior   |     Likelihood   |          Prior   |    elapsed   |        ETA   |
----------------------------------------------------------------------------------------------------
11000       |       -56772.9   |       -56496.3   |        -276.61   |   05:15:48   |   377:31:28   |
11050       |       -56803.3   |       -56505.5   |       -297.776   |   05:17:17   |   377:33:27   |
11100       |       -56741.8   |       -56489.6   |       -252.174   |   05:18:49   |   377:38:57   |
11150       |       -56718.1   |       -56509.8   |       -208.341   |   05:20:21   |   377:44:24   |
11200       |       -56768.8   |         -56511   |       -257.807   |   05:21:56   |   377:53:18   |
11250       |         -56725   |       -56508.2   |       -216.727   |   05:23:29   |   377:59:46   |
11300       |       -56741.7   |       -56511.1   |       -230.573   |   05:25:01   |   378:05:00   |
11350       |       -56725.3   |       -56503.6   |       -221.732   |   05:26:37   |   378:14:49   |
11400       |       -56783.2   |       -56500.9   |       -282.313   |   05:28:14   |   378:25:41   |
11450       |       -56753.7   |       -56475.5   |       -278.143   |   05:29:50   |   378:35:17   |
11500       |       -56772.2   |       -56502.1   |       -270.116   |   05:31:26   |   378:44:47   |
11550       |       -56783.9   |       -56488.4   |       -295.563   |   05:33:07   |   378:59:53   |
11600       |       -56722.6   |       -56493.2   |       -229.384   |   05:34:40   |   379:05:47   |
11650       |       -56702.7   |       -56489.7   |       -213.005   |   05:36:13   |   379:11:37   |
11700       |       -56715.9   |       -56489.2   |       -226.771   |   05:37:55   |   379:27:29   |
11750       |       -56767.7   |       -56499.9   |       -267.785   |   05:39:34   |   379:39:51   |
11800       |       -56731.9   |       -56501.9   |       -230.006   |   05:41:09   |   379:47:39   |
11850       |       -56741.7   |         -56503   |         -238.7   |   05:42:40   |   379:50:56   |
11900       |       -56732.8   |         -56508   |       -224.823   |   05:44:15   |   379:58:36   |
11950       |       -56753.7   |       -56515.2   |       -238.473   |   05:45:48   |   380:03:59   |


Iter        |      Posterior   |     Likelihood   |          Prior   |    elapsed   |        ETA   |
----------------------------------------------------------------------------------------------------
12000       |       -56767.7   |       -56502.7   |       -264.991   |   05:47:18   |   380:06:02   |
12050       |       -56714.4   |       -56509.8   |       -204.616   |   05:48:49   |   380:09:08   |
12100       |       -56749.2   |       -56511.8   |       -237.322   |   05:50:24   |   380:16:32   |
12150       |       -56747.1   |       -56517.1   |       -229.974   |   05:51:55   |   380:19:33   |
12200       |       -56764.6   |       -56520.4   |       -244.214   |   05:53:26   |   380:22:31   |
12250       |       -56734.6   |       -56512.2   |       -222.419   |   05:54:58   |   380:26:31   |
12300       |       -56768.4   |       -56505.2   |        -263.22   |   05:56:33   |   380:33:41   |
12350       |       -56743.3   |       -56508.3   |       -234.941   |   05:58:07   |   380:39:43   |
12400       |       -56786.8   |       -56506.5   |       -280.293   |   05:59:39   |   380:43:34   |
12450       |       -56782.3   |       -56499.7   |       -282.609   |   06:01:08   |   380:44:13   |
12500       |       -56736.6   |         -56504   |       -232.536   |   06:02:43   |   380:51:09   |
12550       |       -56783.1   |       -56498.3   |       -284.764   |   06:04:17   |   380:56:57   |
12600       |       -56761.4   |       -56496.4   |       -264.962   |   06:05:52   |   381:03:45   |
12650       |       -56728.5   |       -56505.5   |       -223.031   |   06:07:27   |   381:10:29   |
12700       |       -56713.3   |       -56493.2   |       -220.071   |   06:08:57   |   381:11:59   |
12750       |       -56750.1   |       -56480.1   |       -269.955   |   06:10:31   |   381:17:35   |
12800       |         -56745   |       -56492.3   |       -252.658   |   06:11:59   |   381:16:58   |
12850       |       -56712.3   |       -56487.5   |       -224.834   |   06:13:31   |   381:20:26   |
12900       |       -56751.9   |       -56519.5   |       -232.466   |   06:15:01   |   381:21:49   |
12950       |       -56743.2   |       -56496.8   |        -246.44   |   06:16:31   |   381:23:12   |


Iter        |      Posterior   |     Likelihood   |          Prior   |    elapsed   |        ETA   |
----------------------------------------------------------------------------------------------------
13000       |       -56737.1   |       -56499.7   |       -237.441   |   06:18:05   |   381:28:35   |
13050       |       -56707.2   |       -56506.2   |       -200.993   |   06:19:34   |   381:28:53   |
13100       |         -56727   |       -56499.5   |       -227.485   |   06:21:05   |   381:31:10   |
13150       |       -56750.5   |       -56508.6   |       -241.881   |   06:22:40   |   381:37:26   |
13200       |       -56781.1   |       -56498.1   |       -282.962   |   06:24:16   |   381:44:37   |
13250       |       -56771.1   |       -56492.2   |       -278.936   |   06:25:51   |   381:50:45   |
13300       |       -56707.4   |       -56500.1   |       -207.372   |   06:27:30   |   382:00:46   |
13350       |       -56764.6   |       -56499.1   |       -265.427   |   06:29:06   |   382:07:45   |
13400       |       -56746.9   |       -56496.4   |        -250.54   |   06:30:38   |   382:10:45   |
13450       |       -56723.8   |       -56513.3   |       -210.444   |   06:32:15   |   382:18:36   |
13500       |       -56748.1   |       -56507.1   |       -240.949   |   06:33:46   |   382:20:33   |
13550       |       -56728.2   |       -56498.1   |       -230.165   |   06:35:19   |   382:24:24   |
13600       |       -56710.4   |         -56485   |       -225.465   |   06:36:49   |   382:25:20   |
13650       |       -56756.8   |       -56493.9   |       -262.928   |   06:38:21   |   382:28:10   |
13700       |         -56716   |       -56500.2   |       -215.743   |   06:39:52   |   382:30:00   |
13750       |       -56700.9   |       -56490.6   |       -210.369   |   06:41:26   |   382:34:41   |
13800       |         -56728   |         -56485   |       -243.029   |   06:42:56   |   382:35:31   |
13850       |       -56749.3   |       -56503.7   |       -245.592   |   06:44:26   |   382:36:20   |
13900       |       -56751.3   |       -56496.8   |       -254.468   |   06:46:00   |   382:40:54   |
13950       |       -56793.8   |       -56516.4   |       -277.396   |   06:47:33   |   382:44:29   |


Iter        |      Posterior   |     Likelihood   |          Prior   |    elapsed   |        ETA   |
----------------------------------------------------------------------------------------------------
14000       |       -56710.7   |         -56500   |       -210.756   |   06:49:05   |   382:47:06   |
14050       |       -56720.6   |       -56497.1   |       -223.517   |   06:50:37   |   382:49:41   |
14100       |       -56760.9   |       -56490.7   |       -270.212   |   06:52:09   |   382:52:14   |
14150       |       -56681.3   |       -56496.6   |       -184.754   |   06:53:39   |   382:52:55   |
14200       |       -56737.9   |         -56499   |       -238.923   |   06:55:09   |   382:53:34   |
14250       |       -56734.4   |       -56493.6   |       -240.758   |   06:56:42   |   382:56:59   |
14300       |       -56721.4   |       -56501.7   |        -219.73   |   06:58:17   |   383:02:10   |
14350       |       -56710.2   |       -56500.1   |       -210.171   |   06:59:54   |   383:09:09   |
14400       |       -56694.6   |       -56489.9   |       -204.661   |   07:01:28   |   383:13:20   |
14450       |       -56756.7   |       -56505.6   |       -251.116   |   07:03:05   |   383:20:12   |
14500       |       -56762.3   |         -56513   |        -249.29   |   07:04:41   |   383:26:07   |
14550       |       -56734.5   |       -56498.7   |       -235.858   |   07:06:13   |   383:28:22   |
14600       |       -56712.8   |       -56479.9   |       -232.842   |   07:07:45   |   383:30:36   |
14650       |       -56757.1   |       -56506.1   |           -251   |   07:09:18   |   383:33:42   |
14700       |       -56732.2   |         -56496   |        -236.18   |   07:10:48   |   383:34:05   |
14750       |         -56736   |       -56484.3   |       -251.699   |   07:12:22   |   383:38:01   |
14800       |       -56750.7   |       -56489.5   |       -261.126   |   07:13:54   |   383:40:09   |
14850       |       -56756.9   |       -56484.5   |       -272.481   |   07:15:27   |   383:43:08   |
14900       |       -56747.4   |       -56498.3   |       -249.184   |   07:17:00   |   383:46:05   |
14950       |       -56736.2   |         -56497   |       -239.206   |   07:18:30   |   383:46:22   |


Iter        |      Posterior   |     Likelihood   |          Prior   |    elapsed   |        ETA   |
----------------------------------------------------------------------------------------------------
15000       |         -56742   |       -56497.7   |       -244.322   |   07:20:07   |   383:52:46   |
15050       |       -56767.9   |       -56495.4   |       -272.473   |   07:21:41   |   383:56:30   |
15100       |       -56721.5   |       -56490.4   |       -231.111   |   07:23:10   |   383:55:51   |
15150       |       -56726.4   |       -56494.1   |       -232.274   |   07:24:41   |   383:56:56   |
15200       |       -56750.3   |       -56501.8   |       -248.406   |   07:26:14   |   383:59:43   |
15250       |       -56731.5   |         -56495   |        -236.46   |   07:27:41   |   383:57:20   |
15300       |       -56776.6   |         -56490   |       -286.579   |   07:29:13   |   383:59:14   |
15350       |       -56744.7   |       -56501.7   |       -243.005   |   07:30:43   |   383:59:24   |
15400       |       -56766.9   |       -56501.2   |       -265.733   |   07:32:15   |   384:01:15   |
15450       |       -56713.3   |         -56497   |       -216.293   |   07:33:48   |   384:03:56   |
15500       |       -56740.7   |       -56498.9   |       -241.795   |   07:35:21   |   384:06:35   |
15550       |       -56718.2   |       -56497.7   |       -220.499   |   07:36:49   |   384:05:00   |
15600       |       -56758.7   |       -56511.9   |       -246.878   |   07:38:15   |   384:01:45   |
15650       |       -56715.6   |       -56504.1   |       -211.516   |   07:39:50   |   384:06:01   |
15700       |       -56740.7   |       -56505.4   |       -235.295   |   07:41:22   |   384:07:45   |
15750       |         -56772   |       -56505.6   |       -266.373   |   07:42:58   |   384:12:48   |
15800       |       -56748.1   |       -56516.6   |         -231.5   |   07:44:35   |   384:18:37   |
15850       |       -56711.7   |       -56510.8   |       -200.906   |   07:46:09   |   384:21:55   |
15900       |       -56773.7   |       -56514.2   |       -259.467   |   07:47:43   |   384:25:11   |
15950       |       -56770.8   |         -56511   |       -259.835   |   07:49:19   |   384:30:04   |


Iter        |      Posterior   |     Likelihood   |          Prior   |    elapsed   |        ETA   |
----------------------------------------------------------------------------------------------------
16000       |       -56712.7   |       -56503.4   |        -209.29   |   07:50:47   |   384:28:23   |
16050       |       -56734.3   |       -56488.9   |       -245.398   |   07:52:19   |   384:29:56   |
16100       |       -56790.4   |       -56508.4   |       -282.023   |   07:53:47   |   384:28:14   |
16150       |       -56735.9   |       -56498.5   |       -237.387   |   07:55:16   |   384:27:21   |
16200       |       -56708.3   |       -56498.3   |       -209.979   |   07:56:49   |   384:29:41   |
16250       |       -56733.6   |       -56501.7   |       -231.854   |   07:58:25   |   384:34:24   |
16300       |       -56777.8   |       -56507.8   |       -270.048   |   07:59:58   |   384:36:40   |
16350       |         -56692   |       -56490.6   |       -201.333   |   08:01:30   |   384:38:07   |
16400       |       -56756.3   |       -56505.2   |       -251.074   |   08:03:05   |   384:41:57   |
16450       |         -56719   |       -56499.3   |       -219.638   |   08:04:38   |   384:44:09   |
16500       |       -56788.9   |       -56499.1   |         -289.8   |   08:06:10   |   384:45:33   |
16550       |       -56766.5   |       -56502.9   |       -263.521   |   08:07:44   |   384:48:30   |
16600       |       -56746.8   |       -56519.4   |        -227.46   |   08:09:18   |   384:51:25   |
16650       |       -56711.5   |       -56504.2   |       -207.362   |   08:10:51   |   384:53:32   |
16700       |         -56747   |       -56495.1   |       -251.959   |   08:12:26   |   384:57:11   |
16750       |       -56723.1   |       -56509.6   |        -213.52   |   08:14:00   |   385:00:01   |
16800       |       -56735.1   |       -56497.6   |       -237.516   |   08:15:33   |   385:02:04   |
16850       |       -56772.4   |       -56492.2   |        -280.15   |   08:17:07   |   385:04:51   |
16900       |       -56742.5   |         -56498   |       -244.543   |   08:18:38   |   385:05:18   |
16950       |       -56766.9   |       -56500.9   |       -266.029   |   08:20:07   |   385:04:12   |


Iter        |      Posterior   |     Likelihood   |          Prior   |    elapsed   |        ETA   |
----------------------------------------------------------------------------------------------------
17000       |       -56758.6   |       -56492.5   |       -266.123   |   08:21:36   |   385:03:06   |
17050       |       -56745.7   |       -56500.3   |       -245.463   |   08:23:19   |   385:12:42   |
17100       |       -56755.9   |       -56498.8   |       -257.151   |   08:24:51   |   385:13:51   |
17150       |       -56726.1   |         -56487   |       -239.102   |   08:26:25   |   385:16:31   |
17200       |       -56749.4   |       -56509.3   |       -240.111   |   08:27:55   |   385:16:06   |
17250       |       -56752.2   |       -56510.4   |       -241.764   |   08:29:30   |   385:19:29   |
17300       |       -56743.6   |       -56500.7   |       -242.891   |   08:30:58   |   385:17:32   |
17350       |       -56744.4   |       -56496.1   |       -248.304   |   08:32:30   |   385:18:37   |
17400       |       -56745.7   |       -56507.2   |       -238.499   |   08:34:00   |   385:18:11   |
17450       |       -56760.7   |       -56492.4   |       -268.311   |   08:35:31   |   385:18:29   |
17500       |       -56706.9   |       -56501.9   |       -204.937   |   08:36:58   |   385:15:47   |
17550       |       -56716.2   |       -56496.5   |        -219.72   |   08:38:37   |   385:22:01   |
17600       |         -56695   |       -56503.3   |       -191.753   |   08:40:16   |   385:28:13   |
17650       |       -56716.7   |         -56510   |       -206.742   |   08:41:51   |   385:31:24   |
17700       |       -56724.2   |       -56506.4   |       -217.855   |   08:43:24   |   385:33:05   |
17750       |       -56731.3   |       -56516.5   |       -214.833   |   08:45:03   |   385:39:10   |
17800       |       -56771.6   |       -56517.8   |       -253.841   |   08:46:40   |   385:43:44   |
17850       |       -56776.3   |       -56541.3   |       -235.045   |   08:48:18   |   385:49:00   |
17900       |       -56738.1   |       -56514.7   |       -223.371   |   08:49:56   |   385:54:14   |
17950       |       -56693.9   |       -56500.2   |       -193.633   |   08:51:31   |   385:57:14   |


Iter        |      Posterior   |     Likelihood   |          Prior   |    elapsed   |        ETA   |
----------------------------------------------------------------------------------------------------
18000       |       -56708.9   |       -56498.8   |       -210.075   |   08:53:02   |   385:57:20   |
18050       |       -56753.4   |       -56490.2   |        -263.12   |   08:54:30   |   385:55:15   |
18100       |       -56752.6   |       -56506.4   |       -246.195   |   08:56:04   |   385:57:29   |
18150       |       -56773.6   |       -56497.2   |       -276.406   |   08:57:38   |   385:59:42   |
18200       |       -56758.6   |       -56506.4   |       -252.194   |   08:59:11   |   386:01:10   |
18250       |       -56748.6   |         -56497   |       -251.639   |   09:00:45   |   386:03:21   |
18300       |         -56740   |       -56488.1   |       -251.888   |   09:02:20   |   386:06:13   |
18350       |       -56730.1   |       -56504.2   |       -225.899   |   09:03:53   |   386:07:39   |
18400       |       -56740.7   |         -56514   |       -226.712   |   09:05:25   |   386:08:21   |
18450       |       -56772.2   |       -56512.8   |       -259.366   |   09:06:56   |   386:08:19   |
18500       |       -56799.3   |       -56519.3   |       -279.927   |   09:08:26   |   386:07:36   |
18550       |       -56695.7   |       -56513.7   |       -182.091   |   09:09:58   |   386:08:16   |
18600       |       -56742.6   |       -56521.7   |       -220.882   |   09:11:30   |   386:08:55   |
18650       |       -56788.6   |       -56511.6   |       -276.959   |   09:13:00   |   386:08:10   |
18700       |       -56812.6   |       -56527.8   |       -284.821   |   09:14:33   |   386:09:30   |
18750       |       -56776.4   |       -56515.4   |       -260.937   |   09:16:02   |   386:08:03   |
18800       |       -56773.4   |       -56537.5   |        -235.97   |   09:17:34   |   386:08:40   |
18850       |       -56753.7   |       -56505.2   |       -248.578   |   09:19:07   |   386:09:58   |
18900       |       -56756.9   |         -56514   |         -242.9   |   09:20:38   |   386:09:52   |
18950       |       -56750.9   |       -56503.4   |       -247.474   |   09:22:09   |   386:09:46   |


Iter        |      Posterior   |     Likelihood   |          Prior   |    elapsed   |        ETA   |
----------------------------------------------------------------------------------------------------
19000       |       -56744.5   |       -56501.7   |       -242.843   |   09:23:47   |   386:14:27   |
19050       |       -56733.3   |       -56505.3   |       -227.966   |   09:25:27   |   386:20:28   |
19100       |       -56744.3   |       -56492.6   |       -251.687   |   09:27:02   |   386:23:03   |
19150       |       -56765.1   |       -56513.8   |       -251.301   |   09:28:38   |   386:26:17   |
19200       |       -56755.4   |       -56518.2   |       -237.202   |   09:30:10   |   386:26:46   |
19250       |       -56715.4   |       -56501.3   |       -214.111   |   09:31:41   |   386:26:35   |
19300       |       -56763.9   |       -56514.8   |       -249.101   |   09:33:15   |   386:28:24   |
19350       |         -56776   |       -56491.1   |       -284.892   |   09:34:48   |   386:29:32   |
19400       |       -56771.1   |       -56514.6   |        -256.48   |   09:36:21   |   386:30:39   |
19450       |       -56724.4   |       -56510.2   |       -214.174   |   09:37:55   |   386:32:26   |
19500       |       -56813.8   |       -56504.8   |       -308.969   |   09:39:29   |   386:34:11   |
19550       |       -56766.4   |       -56518.1   |       -248.275   |   09:41:02   |   386:35:16   |
19600       |       -56757.3   |       -56519.7   |        -237.66   |   09:42:37   |   386:37:39   |
19650       |       -56773.6   |       -56517.1   |       -256.456   |   09:44:10   |   386:38:42   |
19700       |       -56722.5   |       -56512.5   |       -210.045   |   09:45:44   |   386:40:23   |
19750       |         -56729   |       -56521.2   |       -207.752   |   09:47:16   |   386:40:45   |
19800       |       -56747.4   |       -56513.6   |       -233.833   |   09:48:47   |   386:40:26   |
19850       |         -56787   |       -56522.1   |       -264.896   |   09:50:17   |   386:39:28   |
19900       |       -56778.4   |       -56512.9   |       -265.525   |   09:51:45   |   386:37:11   |
19950       |         -56780   |       -56530.9   |       -249.084   |   09:53:18   |   386:38:10   |


Iter        |      Posterior   |     Likelihood   |          Prior   |    elapsed   |        ETA   |
----------------------------------------------------------------------------------------------------
20000       |       -56760.1   |       -56524.9   |       -235.249   |   09:54:50   |   386:38:30   |
20050       |       -56781.6   |       -56510.3   |       -271.276   |   09:56:18   |   386:36:13   |
20100       |       -56740.5   |       -56509.8   |        -230.66   |   09:57:51   |   386:37:10   |
20150       |       -56766.6   |       -56509.1   |       -257.462   |   09:59:27   |   386:40:03   |
20200       |       -56751.8   |         -56517   |        -234.71   |   10:00:59   |   386:40:20   |
20250       |         -56754   |         -56531   |       -223.062   |   10:02:32   |   386:41:15   |
20300       |       -56773.1   |       -56505.9   |       -267.132   |   10:04:05   |   386:42:09   |
20350       |       -56745.9   |       -56516.2   |       -229.724   |   10:05:39   |   386:43:41   |
20400       |       -56742.3   |       -56509.1   |       -233.257   |   10:07:13   |   386:45:12   |
20450       |         -56754   |       -56509.2   |       -244.867   |   10:08:47   |   386:46:42   |
20500       |       -56761.5   |       -56499.5   |       -262.045   |   10:10:22   |   386:48:49   |
20550       |       -56790.6   |       -56511.2   |       -279.345   |   10:11:59   |   386:52:11   |
20600       |       -56737.8   |       -56509.9   |       -227.913   |   10:13:41   |   386:58:40   |
20650       |       -56733.4   |       -56515.6   |       -217.849   |   10:15:18   |   387:01:59   |
20700       |       -56775.7   |         -56520   |       -255.715   |   10:16:50   |   387:02:08   |
20750       |       -56742.3   |         -56515   |       -227.363   |   10:18:25   |   387:04:09   |
20800       |         -56818   |       -56515.6   |       -302.377   |   10:20:04   |   387:08:39   |
20850       |       -56801.2   |       -56505.2   |       -296.012   |   10:21:40   |   387:11:15   |
20900       |       -56736.5   |       -56515.4   |        -221.16   |   10:23:19   |   387:15:41   |
20950       |       -56782.9   |       -56524.5   |       -258.482   |   10:24:56   |   387:18:52   |


Iter        |      Posterior   |     Likelihood   |          Prior   |    elapsed   |        ETA   |
----------------------------------------------------------------------------------------------------
21000       |       -56743.4   |       -56503.8   |       -239.577   |   10:26:31   |   387:20:47   |
21050       |       -56767.4   |       -56513.9   |       -253.519   |   10:28:06   |   387:22:41   |
21100       |       -56793.9   |       -56539.6   |       -254.235   |   10:29:45   |   387:27:01   |
21150       |         -56770   |       -56517.9   |       -252.089   |   10:31:20   |   387:28:53   |
21200       |         -56829   |       -56512.3   |       -316.719   |   10:32:55   |   387:30:43   |
21250       |       -56736.2   |       -56526.6   |       -209.538   |   10:34:25   |   387:29:30   |
21300       |         -56751   |       -56521.6   |       -229.476   |   10:35:58   |   387:30:06   |
21350       |       -56743.7   |       -56515.7   |       -228.036   |   10:37:40   |   387:36:09   |
21400       |       -56754.6   |       -56522.7   |       -231.955   |   10:39:20   |   387:40:58   |
21450       |       -56786.8   |       -56513.2   |       -273.552   |   10:40:59   |   387:45:09   |
21500       |       -56791.8   |       -56505.1   |       -286.756   |   10:42:37   |   387:48:42   |
21550       |       -56731.7   |       -56501.5   |        -230.25   |   10:44:18   |   387:54:01   |
21600       |       -56797.9   |       -56517.5   |       -280.335   |   10:45:55   |   387:56:55   |
21650       |       -56795.4   |       -56511.5   |       -283.902   |   10:47:29   |   387:57:59   |
21700       |       -56796.1   |       -56520.3   |       -275.761   |   10:49:02   |   387:58:27   |
21750       |       -56787.5   |       -56513.1   |       -274.377   |   10:50:34   |   387:58:19   |
21800       |       -56767.8   |       -56518.8   |       -249.007   |   10:52:06   |   387:58:10   |
21850       |       -56759.8   |       -56512.4   |       -247.424   |   10:53:39   |   387:58:36   |
21900       |       -56792.9   |       -56506.1   |       -286.794   |   10:55:15   |   388:00:49   |
21950       |       -56737.2   |       -56504.3   |       -232.899   |   10:56:50   |   388:02:25   |


Iter        |      Posterior   |     Likelihood   |          Prior   |    elapsed   |        ETA   |
----------------------------------------------------------------------------------------------------
22000       |       -56752.2   |       -56504.3   |       -247.919   |   10:58:32   |   388:08:08   |
22050       |       -56769.9   |       -56520.8   |       -249.093   |   11:00:08   |   388:10:16   |
22100       |       -56763.6   |         -56520   |       -243.593   |   11:01:40   |   388:10:04   |
22150       |       -56741.5   |       -56525.3   |       -216.293   |   11:03:12   |   388:09:50   |
22200       |         -56803   |       -56519.4   |       -283.579   |   11:04:47   |   388:11:22   |
22250       |       -56738.1   |       -56514.9   |       -223.147   |   11:06:22   |   388:12:53   |
22300       |       -56755.2   |       -56513.3   |       -241.953   |   11:07:58   |   388:14:57   |
22350       |       -56777.5   |       -56519.6   |        -257.83   |   11:09:34   |   388:17:01   |
22400       |       -56783.7   |       -56510.2   |       -273.507   |   11:11:05   |   388:16:10   |
22450       |         -56740   |       -56509.8   |       -230.196   |   11:12:36   |   388:15:19   |
22500       |       -56766.6   |       -56524.6   |       -241.906   |   11:14:10   |   388:16:12   |
22550       |       -56749.9   |       -56523.8   |       -226.165   |   11:15:41   |   388:15:20   |
22600       |       -56775.3   |       -56524.4   |       -250.848   |   11:17:13   |   388:15:03   |
22650       |       -56764.3   |       -56510.2   |        -254.14   |   11:18:43   |   388:13:36   |
22700       |       -56798.9   |       -56523.8   |        -275.15   |   11:20:13   |   388:12:10   |
22750       |       -56766.8   |       -56514.1   |        -252.64   |   11:21:44   |   388:11:18   |
22800       |       -56708.5   |       -56510.7   |       -197.768   |   11:23:15   |   388:10:26   |
22850       |       -56770.8   |       -56501.6   |       -269.277   |   11:24:48   |   388:10:41   |
22900       |       -56742.1   |       -56511.7   |       -230.406   |   11:26:20   |   388:10:22   |
22950       |       -56790.5   |       -56505.2   |       -285.241   |   11:27:52   |   388:10:03   |


Iter        |      Posterior   |     Likelihood   |          Prior   |    elapsed   |        ETA   |
----------------------------------------------------------------------------------------------------
23000       |       -56736.8   |       -56510.3   |       -226.504   |   11:29:24   |   388:09:43   |
23050       |       -56783.1   |         -56510   |       -273.095   |   11:30:58   |   388:10:31   |
23100       |       -56774.7   |       -56509.2   |       -265.538   |   11:32:44   |   388:18:01   |
23150       |       -56753.9   |       -56517.3   |       -236.593   |   11:34:19   |   388:19:20   |
23200       |       -56746.6   |       -56514.4   |       -232.133   |   11:35:52   |   388:19:32   |
23250       |       -56778.4   |       -56497.6   |       -280.787   |   11:37:24   |   388:19:09   |
23300       |       -56762.9   |       -56503.5   |       -259.448   |   11:38:55   |   388:18:13   |
23350       |       -56764.5   |       -56510.2   |       -254.313   |   11:40:25   |   388:16:43   |
23400       |       -56769.8   |       -56507.4   |       -262.365   |   11:41:55   |   388:15:14   |
23450       |         -56788   |       -56522.3   |       -265.675   |   11:43:25   |   388:13:44   |
23500       |       -56745.8   |       -56504.6   |       -241.167   |   11:44:58   |   388:13:53   |
23550       |       -56803.6   |         -56514   |       -289.603   |   11:46:33   |   388:15:08   |
23600       |       -56794.5   |       -56517.9   |       -276.652   |   11:48:05   |   388:14:44   |
23650       |         -56737   |       -56516.5   |       -220.533   |   11:49:36   |   388:13:46   |
23700       |       -56789.6   |       -56525.9   |       -263.657   |   11:51:11   |   388:15:00   |
23750       |       -56740.3   |       -56497.7   |       -242.589   |   11:52:47   |   388:16:45   |
23800       |       -56768.1   |       -56495.7   |       -272.371   |   11:54:23   |   388:18:30   |
23850       |       -56810.5   |       -56517.3   |       -293.236   |   11:56:00   |   388:20:46   |
23900       |       -56746.8   |       -56504.4   |       -242.404   |   11:57:38   |   388:23:33   |
23950       |       -56770.1   |         -56515   |       -255.184   |   11:59:16   |   388:26:20   |


Iter        |      Posterior   |     Likelihood   |          Prior   |    elapsed   |        ETA   |
----------------------------------------------------------------------------------------------------
24000       |       -56781.6   |       -56517.8   |       -263.802   |   12:00:53   |   388:28:33   |
24050       |         -56797   |       -56523.3   |       -273.742   |   12:02:24   |   388:27:32   |
24100       |       -56744.9   |       -56504.3   |       -240.581   |   12:03:57   |   388:27:35   |
24150       |       -56797.1   |       -56509.9   |       -287.201   |   12:05:34   |   388:29:46   |
24200       |       -56749.5   |       -56506.4   |       -243.126   |   12:07:09   |   388:30:51   |
24250       |       -56775.2   |         -56510   |       -265.172   |   12:08:46   |   388:33:01   |
24300       |         -56790   |       -56518.3   |       -271.682   |   12:10:19   |   388:33:01   |
24350       |       -56743.7   |       -56515.7   |       -228.029   |   12:11:53   |   388:33:33   |
24400       |       -56784.8   |       -56508.1   |       -276.707   |   12:13:29   |   388:35:09   |
24450       |       -56799.6   |       -56507.8   |       -291.755   |   12:15:02   |   388:35:08   |
24500       |       -56726.1   |       -56504.5   |       -221.626   |   12:16:32   |   388:33:32   |
24550       |       -56743.8   |       -56501.9   |       -241.994   |   12:18:05   |   388:33:30   |
24600       |       -56756.7   |         -56510   |       -246.788   |   12:19:39   |   388:34:00   |
24650       |         -56793   |         -56517   |       -275.965   |   12:21:08   |   388:31:52   |
24700       |       -56756.9   |       -56507.4   |       -249.549   |   12:22:37   |   388:29:44   |
24750       |       -56786.2   |       -56520.5   |       -265.673   |   12:24:13   |   388:31:16   |
24800       |       -56784.5   |       -56499.1   |       -285.453   |   12:25:47   |   388:31:44   |
24850       |       -56728.5   |       -56508.3   |       -220.265   |   12:27:24   |   388:33:46   |
24900       |         -56733   |         -56491   |       -241.966   |   12:28:57   |   388:33:42   |
24950       |         -56730   |       -56507.2   |       -222.764   |   12:30:34   |   388:35:41   |


Iter        |      Posterior   |     Likelihood   |          Prior   |    elapsed   |        ETA   |
----------------------------------------------------------------------------------------------------
25000       |       -56722.1   |       -56499.3   |       -222.805   |   12:32:09   |   388:36:39   |
25050       |       -56745.8   |         -56514   |       -231.797   |   12:33:41   |   388:36:02   |
25100       |       -56721.2   |       -56498.6   |       -222.585   |   12:35:12   |   388:34:55   |
25150       |       -56747.7   |       -56514.3   |       -233.341   |   12:36:48   |   388:36:21   |
25200       |       -56743.4   |       -56511.2   |       -232.268   |   12:38:24   |   388:37:47   |
25250       |       -56800.1   |       -56513.3   |       -286.736   |   12:40:01   |   388:39:43   |
25300       |       -56760.6   |       -56523.1   |       -237.495   |   12:41:36   |   388:40:36   |
25350       |       -56761.6   |       -56519.2   |        -242.38   |   12:43:17   |   388:44:33   |
25400       |       -56791.5   |       -56520.2   |       -271.285   |   12:44:52   |   388:45:25   |
25450       |       -56740.2   |       -56509.8   |        -230.37   |   12:46:29   |   388:47:17   |
25500       |       -56765.8   |         -56503   |       -262.771   |   12:48:08   |   388:50:10   |
25550       |       -56758.4   |       -56493.7   |       -264.774   |   12:49:38   |   388:48:28   |
25600       |       -56756.9   |       -56501.1   |       -255.793   |   12:51:10   |   388:47:47   |
25650       |       -56756.5   |       -56520.1   |       -236.371   |   12:52:45   |   388:48:36   |
25700       |       -56723.2   |       -56501.5   |       -221.761   |   12:54:20   |   388:49:25   |
25750       |       -56736.9   |       -56501.9   |       -235.005   |   12:55:55   |   388:50:13   |
25800       |       -56761.6   |       -56511.5   |       -250.172   |   12:57:31   |   388:51:31   |
25850       |       -56740.3   |       -56504.7   |       -235.528   |   12:59:05   |   388:51:48   |
25900       |       -56702.6   |       -56516.7   |        -185.85   |   13:00:42   |   388:53:35   |
25950       |       -56764.9   |       -56516.2   |       -248.617   |   13:02:20   |   388:55:50   |


Iter        |      Posterior   |     Likelihood   |          Prior   |    elapsed   |        ETA   |
----------------------------------------------------------------------------------------------------
26000       |       -56780.2   |       -56527.9   |       -252.267   |   13:03:57   |   388:57:35   |
26050       |       -56766.4   |       -56534.5   |       -231.904   |   13:05:32   |   388:58:19   |
26100       |       -56790.5   |       -56518.7   |       -271.786   |   13:07:10   |   389:00:32   |
26150       |       -56777.8   |       -56513.5   |       -264.328   |   13:08:48   |   389:02:44   |
26200       |       -56743.2   |       -56502.2   |        -241.02   |   13:10:15   |   388:59:31   |
26250       |       -56765.9   |       -56512.1   |       -253.829   |   13:11:46   |   388:58:15   |
26300       |         -56747   |       -56511.4   |       -235.686   |   13:13:19   |   388:57:59   |
26350       |         -56760   |       -56514.8   |       -245.244   |   13:14:59   |   389:01:07   |
26400       |       -56730.3   |       -56505.9   |       -224.312   |   13:16:29   |   388:59:22   |
26450       |       -56769.2   |       -56524.3   |       -244.945   |   13:18:03   |   388:59:34   |
26500       |       -56787.1   |       -56524.7   |       -262.393   |   13:19:39   |   389:00:43   |
26550       |       -56743.9   |       -56513.9   |       -229.934   |   13:21:12   |   389:00:25   |
26600       |       -56774.6   |       -56504.8   |       -269.722   |   13:22:44   |   388:59:37   |
26650       |         -56771   |       -56510.8   |       -260.237   |   13:24:21   |   389:01:14   |
26700       |       -56770.8   |       -56518.6   |       -252.197   |   13:25:57   |   389:02:21   |
26750       |       -56756.6   |       -56509.6   |       -246.991   |   13:27:30   |   389:02:01   |
26800       |       -56752.4   |       -56523.4   |       -228.976   |   13:28:58   |   388:59:17   |
26850       |       -56758.3   |       -56516.1   |       -242.119   |   13:30:30   |   388:58:28   |
26900       |       -56740.3   |       -56498.3   |       -242.024   |   13:32:04   |   388:58:36   |
26950       |       -56761.1   |       -56528.5   |       -232.578   |   13:33:35   |   388:57:18   |


Iter        |      Posterior   |     Likelihood   |          Prior   |    elapsed   |        ETA   |
----------------------------------------------------------------------------------------------------
27000       |         -56791   |       -56526.4   |        -264.56   |   13:35:11   |   388:58:23   |
27050       |       -56785.7   |       -56516.9   |       -268.776   |   13:36:43   |   388:57:33   |
27100       |       -56777.5   |       -56532.4   |       -245.174   |   13:38:18   |   388:58:09   |
27150       |       -56757.5   |       -56522.9   |       -234.511   |   13:39:49   |   388:56:50   |
27200       |       -56756.8   |       -56513.9   |       -242.866   |   13:41:23   |   388:56:57   |
27250       |       -56820.4   |         -56528   |        -292.39   |   13:42:59   |   388:57:59   |
27300       |       -56732.6   |       -56504.7   |       -227.925   |   13:44:30   |   388:56:40   |
27350       |       -56790.2   |       -56528.1   |       -262.071   |   13:46:05   |   388:57:13   |
27400       |       -56773.2   |       -56522.1   |       -251.158   |   13:47:41   |   388:58:15   |
27450       |       -56743.5   |       -56517.8   |       -225.644   |   13:49:17   |   388:59:15   |
27500       |       -56785.9   |       -56512.6   |       -273.351   |   13:50:52   |   388:59:47   |
27550       |       -56745.8   |       -56520.5   |       -225.343   |   13:52:23   |   388:58:27   |
27600       |       -56797.4   |       -56532.5   |       -264.879   |   13:54:01   |   389:00:22   |
27650       |       -56758.7   |       -56516.3   |       -242.374   |   13:55:41   |   389:03:13   |
27700       |       -56775.4   |       -56525.8   |       -249.554   |   13:57:18   |   389:04:38   |
27750       |       -56808.4   |       -56525.3   |       -283.089   |   13:58:54   |   389:05:36   |
27800       |       -56781.7   |       -56526.5   |       -255.152   |   14:00:31   |   389:07:00   |
27850       |       -56743.6   |       -56518.4   |        -225.28   |   14:02:13   |   389:10:43   |
27900       |         -56772   |       -56510.1   |       -261.907   |   14:03:51   |   389:12:33   |
27950       |       -56781.9   |       -56520.1   |       -261.713   |   14:05:29   |   389:14:23   |


Iter        |      Posterior   |     Likelihood   |          Prior   |    elapsed   |        ETA   |
----------------------------------------------------------------------------------------------------
28000       |       -56815.6   |       -56538.8   |       -276.763   |   14:07:02   |   389:13:55   |
28050       |       -56755.1   |       -56495.4   |       -259.654   |   14:08:37   |   389:14:21   |
28100       |       -56786.5   |         -56495   |       -291.535   |   14:10:12   |   389:14:46   |
28150       |       -56763.6   |       -56501.6   |       -261.909   |   14:11:44   |   389:13:49   |
28200       |       -56758.7   |       -56504.4   |       -254.298   |   14:13:15   |   389:12:25   |
28250       |       -56755.3   |       -56496.1   |       -259.159   |   14:14:46   |   389:11:00   |
28300       |       -56784.2   |       -56487.1   |       -297.144   |   14:16:13   |   389:07:47   |
28350       |       -56759.6   |       -56498.8   |       -260.751   |   14:17:44   |   389:06:22   |
28400       |       -56751.8   |         -56502   |       -249.745   |   14:19:14   |   389:04:31   |
28450       |       -56747.5   |       -56497.2   |        -250.31   |   14:20:49   |   389:04:55   |
28500       |       -56728.6   |       -56495.1   |       -233.478   |   14:22:24   |   389:05:19   |
28550       |       -56785.5   |       -56507.1   |       -278.401   |   14:24:04   |   389:07:57   |
28600       |       -56751.3   |       -56496.8   |       -254.512   |   14:25:42   |   389:09:41   |
28650       |       -56787.8   |       -56509.5   |       -278.342   |   14:27:18   |   389:10:30   |
28700       |       -56752.1   |       -56488.5   |       -263.597   |   14:28:48   |   389:08:37   |
28750       |       -56808.2   |       -56514.4   |       -293.827   |   14:30:20   |   389:07:38   |
28800       |         -56754   |         -56505   |       -249.006   |   14:32:06   |   389:12:54   |
28850       |       -56792.9   |       -56524.3   |       -268.648   |   14:33:40   |   389:12:47   |
28900       |         -56758   |       -56499.8   |       -258.247   |   14:35:13   |   389:12:14   |
28950       |       -56753.1   |       -56503.7   |       -249.399   |   14:36:42   |   389:09:53   |


Iter        |      Posterior   |     Likelihood   |          Prior   |    elapsed   |        ETA   |
----------------------------------------------------------------------------------------------------
29000       |       -56724.4   |       -56493.1   |       -231.305   |   14:38:13   |   389:08:27   |
29050       |       -56741.3   |       -56515.2   |       -226.094   |   14:39:47   |   389:08:19   |
29100       |         -56741   |       -56510.6   |       -230.433   |   14:41:27   |   389:10:51   |
29150       |       -56739.8   |       -56509.2   |       -230.567   |   14:43:04   |   389:12:02   |
29200       |       -56748.1   |       -56520.3   |        -227.81   |   14:44:39   |   389:12:20   |
29250       |       -56749.2   |       -56517.9   |        -231.27   |   14:46:12   |   389:11:44   |
29300       |       -56723.3   |       -56503.2   |       -220.062   |   14:47:45   |   389:11:09   |
29350       |       -56797.8   |       -56526.6   |       -271.228   |   14:49:18   |   389:10:33   |
29400       |       -56792.1   |       -56531.9   |       -260.229   |   14:50:51   |   389:09:57   |
29450       |       -56763.2   |         -56521   |       -242.201   |   14:52:20   |   389:07:37   |
29500       |       -56789.8   |         -56525   |       -264.884   |   14:53:52   |   389:06:35   |
29550       |       -56766.3   |       -56524.6   |       -241.642   |   14:55:22   |   389:04:40   |
29600       |       -56757.7   |       -56513.4   |       -244.333   |   14:56:57   |   389:04:56   |
29650       |       -56767.4   |       -56510.8   |       -256.621   |   14:58:29   |   389:03:54   |
29700       |       -56741.4   |       -56513.8   |       -227.681   |   15:00:02   |   389:03:17   |
29750       |       -56714.9   |       -56511.6   |        -203.37   |   15:01:38   |   389:03:58   |
29800       |         -56813   |       -56532.2   |       -280.806   |   15:03:14   |   389:04:38   |
29850       |       -56744.7   |       -56522.1   |       -222.635   |   15:04:45   |   389:03:09   |
29900       |       -56751.9   |       -56520.5   |        -231.44   |   15:06:19   |   389:02:57   |
29950       |       -56736.1   |       -56520.9   |       -215.121   |   15:07:49   |   389:01:02   |


Iter        |      Posterior   |     Likelihood   |          Prior   |    elapsed   |        ETA   |
----------------------------------------------------------------------------------------------------
30000       |         -56770   |       -56518.4   |       -251.526   |   15:09:17   |   388:58:16   |
30050       |         -56779   |       -56525.7   |       -253.353   |   15:10:46   |   388:55:55   |
30100       |       -56795.3   |       -56514.9   |       -280.389   |   15:12:20   |   388:55:43   |
30150       |       -56768.8   |       -56513.1   |       -255.649   |   15:13:50   |   388:53:49   |
30200       |       -56751.7   |       -56519.6   |       -232.187   |   15:15:19   |   388:51:28   |
30250       |       -56746.7   |       -56513.4   |       -233.259   |   15:16:49   |   388:49:34   |
30300       |       -56752.5   |       -56531.8   |       -220.673   |   15:18:17   |   388:46:49   |
30350       |       -56720.2   |       -56512.1   |       -208.026   |   15:19:47   |   388:44:55   |
30400       |       -56780.3   |       -56513.3   |           -267   |   15:21:15   |   388:42:10   |
30450       |       -56811.4   |       -56535.4   |       -275.961   |   15:22:44   |   388:39:51   |
30500       |       -56718.4   |       -56524.4   |       -194.008   |   15:24:15   |   388:38:22   |
30550       |       -56773.3   |       -56512.3   |       -261.025   |   15:25:45   |   388:36:28   |
30600       |       -56746.7   |       -56508.3   |       -238.449   |   15:27:09   |   388:32:03   |
30650       |       -56757.3   |       -56503.5   |       -253.785   |   15:28:34   |   388:28:05   |
30700       |       -56753.2   |       -56516.7   |       -236.539   |   15:30:02   |   388:25:21   |
30750       |       -56740.2   |         -56507   |       -233.254   |   15:31:33   |   388:23:53   |
30800       |       -56725.3   |       -56516.5   |       -208.791   |   15:33:06   |   388:23:15   |
30850       |       -56762.9   |       -56518.7   |       -244.176   |   15:34:41   |   388:23:27   |
30900       |       -56759.3   |       -56511.3   |       -247.978   |   15:36:15   |   388:23:13   |
30950       |       -56740.9   |       -56523.4   |       -217.474   |   15:37:45   |   388:21:20   |


Iter        |      Posterior   |     Likelihood   |          Prior   |    elapsed   |        ETA   |
----------------------------------------------------------------------------------------------------
31000       |       -56772.4   |       -56527.2   |       -245.193   |   15:39:18   |   388:20:42   |
31050       |       -56772.4   |       -56507.9   |       -264.432   |   15:40:59   |   388:23:21   |
31100       |       -56795.7   |       -56511.3   |       -284.494   |   15:42:34   |   388:23:31   |
31150       |       -56769.5   |       -56537.4   |       -232.133   |   15:44:15   |   388:26:09   |
31200       |       -56759.9   |       -56532.5   |       -227.445   |   15:45:48   |   388:25:28   |
31250       |       -56753.2   |       -56512.7   |       -240.461   |   15:47:24   |   388:26:02   |
31300       |       -56768.5   |       -56534.8   |       -233.689   |   15:49:01   |   388:27:00   |
31350       |       -56744.6   |       -56517.9   |       -226.737   |   15:50:36   |   388:27:08   |
31400       |       -56731.6   |       -56527.4   |       -204.203   |   15:52:07   |   388:25:37   |
31450       |       -56729.6   |         -56527   |       -202.562   |   15:53:38   |   388:24:07   |
31500       |         -56770   |       -56524.9   |       -245.122   |   15:55:11   |   388:23:26   |
31550       |       -56759.9   |       -56521.6   |        -238.29   |   15:56:48   |   388:24:22   |
31600       |       -56756.6   |       -56522.1   |         -234.5   |   15:58:23   |   388:24:29   |
31650       |       -56769.1   |       -56507.2   |       -261.875   |   15:59:58   |   388:24:35   |
31700       |       -56782.9   |         -56530   |       -252.911   |   16:01:33   |   388:24:41   |
31750       |       -56778.8   |       -56519.3   |       -259.516   |   16:03:06   |   388:23:59   |
31800       |       -56733.8   |         -56505   |       -228.843   |   16:04:38   |   388:22:52   |
31850       |       -56741.9   |       -56518.6   |       -223.313   |   16:06:08   |   388:20:57   |
31900       |       -56757.6   |       -56509.7   |       -247.862   |   16:07:39   |   388:19:26   |
31950       |       -56718.7   |       -56505.5   |       -213.197   |   16:09:11   |   388:18:19   |


Iter        |      Posterior   |     Likelihood   |          Prior   |    elapsed   |        ETA   |
----------------------------------------------------------------------------------------------------
32000       |         -56769   |       -56511.8   |       -257.258   |   16:10:39   |   388:15:36   |
32050       |       -56761.3   |       -56520.2   |        -241.09   |   16:12:10   |   388:14:05   |
32100       |       -56811.2   |       -56544.8   |       -266.355   |   16:13:40   |   388:12:10   |
32150       |       -56741.1   |       -56522.3   |       -218.808   |   16:15:13   |   388:11:27   |
32200       |       -56767.7   |       -56536.4   |       -231.252   |   16:16:46   |   388:10:43   |
32250       |       -56780.2   |       -56518.7   |       -261.532   |   16:18:19   |   388:10:00   |
32300       |         -56752   |         -56522   |       -229.965   |   16:19:51   |   388:08:52   |
32350       |       -56776.7   |       -56527.7   |       -248.961   |   16:21:23   |   388:07:45   |
32400       |       -56739.2   |       -56502.8   |       -236.321   |   16:22:53   |   388:05:50   |
32450       |       -56749.2   |       -56523.7   |       -225.477   |   16:24:23   |   388:03:55   |
32500       |       -56793.1   |         -56520   |        -273.12   |   16:25:55   |   388:02:48   |
32550       |       -56772.7   |       -56519.5   |       -253.263   |   16:27:27   |   388:01:40   |
32600       |         -56712   |         -56499   |       -213.033   |   16:29:00   |   388:00:56   |
32650       |       -56734.5   |       -56510.2   |       -224.341   |   16:30:33   |   388:00:12   |
32700       |       -56783.5   |       -56516.8   |       -266.677   |   16:32:07   |   387:59:51   |
32750       |       -56781.8   |       -56526.7   |       -255.165   |   16:33:42   |   387:59:53   |
32800       |       -56736.1   |       -56509.2   |       -226.874   |   16:35:21   |   388:01:28   |
32850       |         -56748   |       -56505.3   |       -242.667   |   16:36:56   |   388:01:30   |
32900       |       -56744.9   |         -56516   |       -228.908   |   16:38:27   |   387:59:58   |
32950       |       -56785.7   |       -56532.9   |       -252.814   |   16:39:57   |   387:58:02   |


Iter        |      Posterior   |     Likelihood   |          Prior   |    elapsed   |        ETA   |
----------------------------------------------------------------------------------------------------
33000       |       -56693.6   |       -56524.3   |       -169.369   |   16:41:34   |   387:58:50   |
33050       |       -56720.2   |       -56534.8   |       -185.457   |   16:43:07   |   387:58:04   |
33100       |       -56776.7   |       -56527.8   |       -248.951   |   16:44:42   |   387:58:04   |
33150       |       -56753.7   |       -56522.9   |       -230.756   |   16:46:16   |   387:57:41   |
33200       |       -56718.6   |       -56501.6   |       -216.982   |   16:47:50   |   387:57:18   |
33250       |       -56727.5   |       -56508.1   |       -219.442   |   16:49:24   |   387:56:54   |
33300       |       -56754.8   |       -56518.4   |       -236.422   |   16:50:55   |   387:55:22   |
33350       |       -56739.9   |       -56520.3   |       -219.516   |   16:52:26   |   387:53:49   |
33400       |         -56772   |       -56530.3   |       -241.707   |   16:53:57   |   387:52:16   |
33450       |       -56753.2   |       -56518.2   |        -234.97   |   16:55:30   |   387:51:29   |
33500       |       -56751.6   |       -56532.6   |       -219.052   |   16:57:05   |   387:51:28   |
33550       |       -56752.9   |       -56523.5   |        -229.33   |   16:58:37   |   387:50:18   |
33600       |       -56752.4   |       -56533.4   |       -218.937   |   17:00:07   |   387:48:22   |
33650       |       -56753.1   |       -56518.7   |        -234.35   |   17:01:40   |   387:47:35   |
33700       |       -56750.4   |       -56528.4   |        -222.04   |   17:03:13   |   387:46:47   |
33750       |       -56678.8   |       -56507.4   |       -171.355   |   17:04:48   |   387:46:45   |
33800       |       -56747.1   |       -56525.1   |        -222.05   |   17:06:20   |   387:45:34   |
33850       |       -56772.8   |       -56524.8   |       -247.999   |   17:07:50   |   387:43:38   |
33900       |       -56781.2   |       -56530.4   |       -250.875   |   17:09:24   |   387:43:13   |
33950       |       -56790.2   |       -56523.8   |        -266.36   |   17:11:03   |   387:44:40   |


Iter        |      Posterior   |     Likelihood   |          Prior   |    elapsed   |        ETA   |
----------------------------------------------------------------------------------------------------
34000       |       -56818.7   |         -56529   |       -289.629   |   17:12:38   |   387:44:37   |
34050       |       -56743.5   |       -56517.4   |       -226.092   |   17:14:12   |   387:44:11   |
34100       |       -56777.8   |       -56530.6   |       -247.225   |   17:15:50   |   387:45:14   |
34150       |       -56762.7   |       -56521.1   |       -241.581   |   17:17:25   |   387:45:10   |
34200       |       -56758.9   |       -56521.9   |        -236.96   |   17:18:59   |   387:44:43   |
34250       |       -56736.3   |       -56526.9   |       -209.379   |   17:20:34   |   387:44:38   |
34300       |       -56765.6   |       -56520.7   |       -244.938   |   17:22:03   |   387:42:19   |
34350       |       -56778.3   |       -56530.3   |       -248.061   |   17:23:31   |   387:39:38   |
34400       |       -56783.6   |       -56519.7   |       -263.862   |   17:25:01   |   387:37:41   |
34450       |       -56760.8   |       -56514.9   |       -245.916   |   17:26:32   |   387:36:07   |
34500       |       -56816.8   |       -56515.9   |       -300.965   |   17:28:00   |   387:33:26   |
34550       |       -56797.8   |       -56513.4   |       -284.361   |   17:29:32   |   387:32:15   |
34600       |       -56772.1   |       -56523.6   |       -248.437   |   17:31:05   |   387:31:25   |
34650       |       -56807.6   |       -56520.8   |       -286.863   |   17:32:43   |   387:32:25   |
34700       |       -56784.1   |       -56522.1   |       -262.049   |   17:34:21   |   387:33:25   |
34750       |       -56744.9   |       -56515.8   |       -229.136   |   17:35:58   |   387:34:03   |
34800       |       -56765.9   |       -56529.3   |       -236.574   |   17:37:35   |   387:34:40   |
34850       |       -56765.9   |       -56514.7   |       -251.187   |   17:39:08   |   387:33:49   |
34900       |       -56760.3   |       -56516.5   |       -243.754   |   17:40:38   |   387:31:52   |
34950       |       -56714.3   |       -56510.1   |       -204.158   |   17:42:10   |   387:30:39   |


Iter        |      Posterior   |     Likelihood   |          Prior   |    elapsed   |        ETA   |
----------------------------------------------------------------------------------------------------
35000       |       -56752.1   |       -56520.6   |       -231.481   |   17:43:39   |   387:28:21   |
35050       |       -56741.9   |       -56517.8   |       -224.093   |   17:45:08   |   387:26:02   |
35100       |       -56765.7   |       -56520.3   |       -245.462   |   17:46:40   |   387:24:49   |
35150       |       -56758.7   |       -56516.7   |       -242.057   |   17:48:10   |   387:22:52   |
35200       |       -56782.4   |       -56512.2   |       -270.241   |   17:49:39   |   387:20:34   |
35250       |       -56781.9   |       -56536.6   |        -245.39   |   17:51:08   |   387:18:16   |
35300       |       -56787.7   |       -56534.3   |       -253.381   |   17:52:40   |   387:17:03   |
35350       |       -56764.6   |       -56541.6   |       -222.943   |   17:54:12   |   387:15:50   |
35400       |         -56797   |       -56518.1   |       -278.889   |   17:55:47   |   387:15:42   |
35450       |       -56788.5   |       -56532.8   |       -255.698   |   17:57:20   |   387:14:50   |
35500       |         -56779   |       -56527.7   |       -251.278   |   17:58:51   |   387:13:15   |
35550       |       -56725.3   |       -56515.9   |       -209.373   |   18:00:23   |   387:12:02   |
35600       |       -56727.5   |       -56532.3   |       -195.211   |   18:01:55   |   387:10:49   |
35650       |       -56762.3   |       -56531.3   |       -230.993   |   18:03:30   |   387:10:39   |
35700       |       -56779.3   |       -56523.8   |       -255.503   |   18:05:04   |   387:10:09   |
35750       |       -56764.3   |       -56536.8   |       -227.485   |   18:06:36   |   387:08:55   |
35800       |       -56751.7   |         -56527   |        -224.65   |   18:08:09   |   387:08:03   |
35850       |       -56749.4   |       -56530.4   |       -218.997   |   18:09:41   |   387:06:49   |
35900       |       -56758.7   |       -56531.9   |       -226.856   |   18:11:11   |   387:04:52   |
35950       |       -56777.3   |       -56524.1   |       -253.213   |   18:12:48   |   387:05:25   |


Iter        |      Posterior   |     Likelihood   |          Prior   |    elapsed   |        ETA   |
----------------------------------------------------------------------------------------------------
36000       |       -56748.1   |       -56522.5   |       -225.635   |   18:14:24   |   387:05:36   |
36050       |       -56744.2   |       -56521.4   |       -222.762   |   18:15:59   |   387:05:25   |
36100       |       -56699.1   |       -56523.7   |       -175.387   |   18:17:37   |   387:06:17   |
36150       |       -56744.1   |       -56515.4   |       -228.729   |   18:19:17   |   387:07:52   |
36200       |       -56748.9   |       -56519.8   |       -229.105   |   18:20:51   |   387:07:19   |
36250       |       -56727.2   |       -56523.7   |       -203.471   |   18:22:26   |   387:07:07   |
36300       |       -56785.8   |         -56535   |       -250.825   |   18:24:00   |   387:06:34   |
36350       |       -56784.1   |       -56528.2   |       -255.947   |   18:25:36   |   387:06:43   |
36400       |       -56745.2   |       -56528.3   |       -216.844   |   18:27:11   |   387:06:30   |
36450       |       -56763.6   |       -56539.2   |        -224.43   |   18:28:48   |   387:07:00   |
36500       |       -56754.4   |       -56525.1   |       -229.237   |   18:30:20   |   387:05:44   |
36550       |       -56768.3   |         -56511   |        -257.37   |   18:31:55   |   387:05:31   |
36600       |       -56729.9   |       -56514.1   |       -215.787   |   18:33:29   |   387:04:57   |
36650       |         -56736   |       -56509.6   |       -226.383   |   18:35:03   |   387:04:22   |
36700       |       -56755.5   |       -56508.5   |       -247.009   |   18:36:37   |   387:03:48   |
36750       |       -56769.3   |         -56541   |        -228.35   |   18:38:13   |   387:03:54   |
36800       |       -56746.7   |         -56517   |       -229.692   |   18:39:46   |   387:02:59   |
36850       |       -56787.5   |       -56534.4   |       -253.121   |   18:41:20   |   387:02:24   |
36900       |       -56788.9   |       -56511.1   |       -277.849   |   18:42:50   |   387:00:26   |
36950       |       -56739.6   |         -56510   |       -229.691   |   18:44:23   |   386:59:30   |


Iter        |      Posterior   |     Likelihood   |          Prior   |    elapsed   |        ETA   |
----------------------------------------------------------------------------------------------------
37000       |       -56713.7   |       -56515.9   |       -197.827   |   18:45:57   |   386:58:54   |
37050       |       -56736.3   |       -56505.2   |       -231.079   |   18:47:30   |   386:57:58   |
37100       |         -56755   |       -56530.9   |       -224.175   |   18:49:05   |   386:57:43   |
37150       |       -56754.1   |       -56519.5   |       -234.572   |   18:50:43   |   386:58:29   |
37200       |       -56790.9   |       -56541.5   |       -249.385   |   18:52:18   |   386:58:14   |
37250       |       -56733.2   |       -56534.2   |       -199.009   |   18:53:51   |   386:57:17   |
37300       |         -56775   |       -56531.4   |        -243.65   |   18:55:24   |   386:56:20   |
37350       |       -56779.5   |       -56546.4   |       -233.096   |   18:56:55   |   386:54:42   |
37400       |       -56783.7   |       -56534.9   |       -248.784   |   18:58:27   |   386:53:25   |
37450       |       -56758.1   |       -56529.6   |       -228.565   |   18:59:59   |   386:52:07   |
37500       |       -56723.1   |       -56525.6   |       -197.485   |   19:01:30   |   386:50:30   |
37550       |       -56727.8   |       -56504.9   |       -222.906   |   19:03:02   |   386:49:12   |
37600       |       -56732.4   |       -56515.9   |       -216.581   |   19:04:36   |   386:48:35   |
37650       |       -56755.8   |       -56509.7   |       -246.069   |   19:06:09   |   386:47:38   |
37700       |       -56758.8   |         -56524   |       -234.806   |   19:07:46   |   386:48:01   |
37750       |       -56756.5   |       -56513.5   |       -243.026   |   19:09:22   |   386:48:04   |
37800       |       -56743.8   |       -56521.4   |       -222.434   |   19:10:59   |   386:48:27   |
37850       |       -56782.6   |       -56524.7   |       -257.974   |   19:12:32   |   386:47:29   |
37900       |         -56729   |       -56513.3   |        -215.75   |   19:14:04   |   386:46:10   |
37950       |       -56739.4   |       -56505.4   |       -233.981   |   19:15:35   |   386:44:32   |


Iter        |      Posterior   |     Likelihood   |          Prior   |    elapsed   |        ETA   |
----------------------------------------------------------------------------------------------------
38000       |       -56746.2   |       -56503.2   |       -243.068   |   19:17:08   |   386:43:34   |
38050       |       -56772.3   |       -56522.9   |       -249.389   |   19:18:42   |   386:42:55   |
38100       |       -56803.4   |       -56508.4   |       -295.001   |   19:20:17   |   386:42:37   |
38150       |       -56753.2   |       -56511.3   |       -241.967   |   19:21:49   |   386:41:18   |
38200       |       -56791.8   |       -56519.3   |       -272.509   |   19:23:17   |   386:38:40   |
38250       |       -56794.5   |       -56524.2   |       -270.239   |   19:24:45   |   386:36:02   |
38300       |       -56804.1   |       -56517.2   |       -286.985   |   19:26:16   |   386:34:23   |
38350       |       -56816.5   |       -56531.8   |       -284.706   |   19:27:49   |   386:33:25   |
38400       |         -56787   |         -56511   |       -275.975   |   19:29:24   |   386:33:06   |
38450       |       -56782.7   |       -56525.1   |       -257.636   |   19:30:55   |   386:31:27   |
38500       |       -56748.9   |       -56522.3   |         -226.6   |   19:32:28   |   386:30:28   |
38550       |       -56799.4   |       -56534.5   |        -264.98   |   19:34:02   |   386:29:49   |
38600       |       -56790.7   |       -56522.1   |       -268.531   |   19:35:33   |   386:28:10   |
38650       |       -56718.4   |         -56518   |       -200.388   |   19:37:01   |   386:25:33   |
38700       |         -56780   |       -56526.6   |        -253.38   |   19:38:30   |   386:23:15   |
38750       |       -56804.9   |       -56518.7   |       -286.169   |   19:39:59   |   386:20:57   |
38800       |       -56759.6   |       -56516.1   |       -243.495   |   19:41:34   |   386:20:37   |
38850       |       -56762.3   |         -56519   |       -243.252   |   19:43:21   |   386:24:13   |
38900       |       -56772.9   |       -56533.7   |        -239.22   |   19:44:55   |   386:23:32   |
38950       |       -56784.8   |       -56533.9   |       -250.941   |   19:46:31   |   386:23:31   |


Iter        |      Posterior   |     Likelihood   |          Prior   |    elapsed   |        ETA   |
----------------------------------------------------------------------------------------------------
39000       |       -56765.3   |       -56526.7   |       -238.672   |   19:48:08   |   386:23:49   |
39050       |       -56751.6   |       -56525.4   |        -226.14   |   19:49:44   |   386:23:48   |
39100       |         -56725   |       -56505.6   |       -219.435   |   19:51:21   |   386:24:05   |
39150       |         -56745   |       -56534.8   |       -210.136   |   19:52:54   |   386:23:05   |
39200       |       -56740.4   |       -56501.4   |       -238.981   |   19:54:28   |   386:22:24   |
39250       |       -56774.5   |       -56520.7   |       -253.805   |   19:55:57   |   386:20:06   |
39300       |       -56767.9   |         -56518   |        -249.99   |   19:57:29   |   386:18:46   |
39350       |       -56815.9   |       -56529.9   |       -285.999   |   19:58:59   |   386:16:47   |
39400       |       -56796.3   |         -56539   |       -257.393   |   20:00:30   |   386:15:08   |
39450       |       -56767.2   |       -56518.4   |        -248.82   |   20:01:59   |   386:12:50   |
39500       |       -56783.1   |       -56526.5   |        -256.61   |   20:03:30   |   386:11:11   |
39550       |       -56796.8   |       -56517.6   |       -279.256   |   20:05:03   |   386:10:10   |
39600       |       -56783.5   |         -56532   |        -251.49   |   20:06:37   |   386:09:28   |
39650       |       -56781.7   |       -56519.6   |       -262.056   |   20:08:10   |   386:08:27   |
39700       |       -56805.6   |       -56511.4   |       -294.269   |   20:09:41   |   386:06:48   |
39750       |       -56768.5   |       -56533.2   |       -235.237   |   20:11:12   |   386:05:09   |
39800       |       -56750.6   |       -56518.2   |       -232.377   |   20:12:41   |   386:02:51   |
39850       |       -56777.8   |       -56534.5   |        -243.31   |   20:14:11   |   386:00:53   |
39900       |       -56793.7   |       -56537.3   |       -256.464   |   20:15:46   |   386:00:30   |
39950       |       -56767.7   |       -56530.9   |       -236.868   |   20:17:21   |   386:00:07   |


Iter        |      Posterior   |     Likelihood   |          Prior   |    elapsed   |        ETA   |
----------------------------------------------------------------------------------------------------
40000       |       -56767.6   |       -56528.8   |       -238.811   |   20:18:52   |   385:58:28   |
40050       |       -56751.4   |       -56526.2   |       -225.227   |   20:20:22   |   385:56:29   |
40100       |       -56800.7   |       -56545.9   |       -254.862   |   20:21:52   |   385:54:31   |
40150       |       -56805.9   |       -56514.1   |       -291.794   |   20:23:23   |   385:52:52   |
40200       |       -56743.2   |       -56499.3   |       -243.917   |   20:24:54   |   385:51:13   |
40250       |       -56796.8   |       -56520.4   |       -276.418   |   20:26:27   |   385:50:11   |
40300       |         -56746   |       -56507.6   |       -238.394   |   20:27:58   |   385:48:32   |
40350       |         -56761   |       -56518.6   |        -242.32   |   20:29:35   |   385:48:46   |
40400       |       -56767.7   |       -56518.3   |       -249.329   |   20:31:09   |   385:48:03   |
40450       |         -56805   |       -56517.6   |       -287.389   |   20:32:45   |   385:47:58   |
40500       |       -56754.1   |       -56511.4   |       -242.691   |   20:34:25   |   385:49:07   |
40550       |       -56802.5   |       -56530.1   |       -272.378   |   20:36:04   |   385:49:57   |
40600       |       -56809.7   |       -56521.2   |       -288.477   |   20:37:39   |   385:49:32   |
40650       |       -56761.7   |       -56510.1   |        -251.52   |   20:39:11   |   385:48:11   |
40700       |       -56742.1   |         -56513   |        -229.11   |   20:40:44   |   385:47:08   |
40750       |       -56755.2   |         -56531   |       -224.149   |   20:42:20   |   385:47:01   |
40800       |       -56730.7   |       -56519.1   |       -211.612   |   20:43:53   |   385:45:59   |
40850       |       -56751.9   |       -56517.7   |       -234.225   |   20:45:32   |   385:46:47   |
40900       |       -56752.9   |       -56508.4   |        -244.48   |   20:47:02   |   385:44:49   |
40950       |       -56739.9   |       -56528.4   |       -211.585   |   20:48:38   |   385:44:41   |


Iter        |      Posterior   |     Likelihood   |          Prior   |    elapsed   |        ETA   |
----------------------------------------------------------------------------------------------------
41000       |       -56749.1   |         -56515   |       -234.161   |   20:50:13   |   385:44:15   |
41050       |       -56799.4   |         -56532   |       -267.412   |   20:51:45   |   385:42:53   |
41100       |       -56748.6   |       -56526.2   |       -222.368   |   20:53:20   |   385:42:26   |
41150       |         -56757   |       -56528.1   |       -228.846   |   20:54:53   |   385:41:23   |
41200       |         -56756   |       -56515.4   |       -240.615   |   20:56:24   |   385:39:42   |
41250       |       -56740.3   |       -56514.1   |       -226.153   |   20:57:57   |   385:38:39   |
41300       |       -56736.8   |       -56530.5   |        -206.23   |   20:59:30   |   385:37:35   |
41350       |       -56740.9   |       -56513.8   |       -227.093   |   21:01:02   |   385:36:13   |
41400       |       -56757.5   |       -56525.8   |       -231.707   |   21:02:30   |   385:33:38   |
41450       |         -56734   |       -56523.8   |       -210.126   |   21:03:59   |   385:31:21   |
41500       |       -56756.7   |       -56520.6   |       -236.093   |   21:05:31   |   385:29:59   |
41550       |       -56772.9   |       -56532.3   |       -240.554   |   21:07:01   |   385:28:00   |
41600       |       -56752.8   |       -56520.3   |       -232.517   |   21:08:30   |   385:25:43   |
41650       |       -56777.6   |         -56519   |       -258.535   |   21:09:58   |   385:23:09   |
41700       |       -56737.8   |       -56529.2   |       -208.514   |   21:11:27   |   385:20:52   |
41750       |       -56762.1   |       -56507.9   |       -254.256   |   21:12:58   |   385:19:12   |
41800       |       -56745.9   |       -56522.7   |       -223.218   |   21:14:31   |   385:18:08   |
41850       |       -56766.1   |       -56512.2   |       -253.926   |   21:16:07   |   385:17:59   |
41900       |       -56760.2   |       -56514.5   |       -245.698   |   21:17:37   |   385:16:01   |
41950       |       -56746.4   |       -56521.8   |       -224.594   |   21:19:12   |   385:15:33   |


Iter        |      Posterior   |     Likelihood   |          Prior   |    elapsed   |        ETA   |
----------------------------------------------------------------------------------------------------
42000       |         -56780   |       -56527.1   |       -252.899   |   21:20:45   |   385:14:29   |
42050       |       -56746.3   |       -56536.3   |       -210.005   |   21:22:16   |   385:12:49   |
42100       |       -56751.3   |       -56528.6   |        -222.68   |   21:23:48   |   385:11:26   |
42150       |         -56735   |       -56540.9   |       -194.119   |   21:25:23   |   385:10:58   |
42200       |       -56764.9   |       -56530.2   |       -234.754   |   21:26:57   |   385:10:12   |
42250       |       -56761.2   |       -56532.9   |       -228.373   |   21:28:31   |   385:09:25   |
42300       |       -56748.5   |       -56531.4   |       -217.062   |   21:30:07   |   385:09:15   |
42350       |       -56757.8   |       -56529.6   |       -228.244   |   21:31:41   |   385:08:28   |
42400       |         -56722   |       -56540.9   |       -181.125   |   21:33:12   |   385:06:48   |
42450       |       -56715.1   |       -56536.6   |       -178.416   |   21:34:45   |   385:05:43   |
42500       |       -56752.3   |       -56517.9   |       -234.471   |   21:36:16   |   385:04:02   |
42550       |       -56782.9   |       -56541.2   |       -241.707   |   21:37:43   |   385:01:11   |
42600       |       -56768.6   |       -56513.8   |       -254.795   |   21:39:13   |   384:59:13   |
42650       |       -56738.2   |       -56510.2   |       -228.054   |   21:40:47   |   384:58:26   |
42700       |       -56773.8   |       -56519.7   |       -254.027   |   21:42:21   |   384:57:39   |
42750       |         -56725   |       -56510.5   |       -214.528   |   21:43:53   |   384:56:16   |
42800       |         -56763   |       -56519.4   |       -243.523   |   21:45:22   |   384:54:00   |
42850       |         -56764   |       -56524.7   |       -239.332   |   21:46:50   |   384:51:27   |
42900       |       -56734.7   |       -56518.4   |       -216.305   |   21:48:17   |   384:48:36   |
42950       |       -56709.2   |         -56505   |       -204.121   |   21:49:47   |   384:46:38   |


Iter        |      Posterior   |     Likelihood   |          Prior   |    elapsed   |        ETA   |
----------------------------------------------------------------------------------------------------
43000       |       -56747.4   |       -56527.3   |       -220.094   |   21:51:18   |   384:44:58   |
43050       |       -56743.4   |       -56513.5   |       -229.904   |   21:52:51   |   384:43:53   |
43100       |         -56736   |       -56507.9   |       -228.032   |   21:54:21   |   384:41:56   |
43150       |         -56734   |       -56502.1   |       -231.976   |   21:55:58   |   384:42:01   |
43200       |       -56732.5   |       -56516.4   |       -216.152   |   21:57:33   |   384:41:31   |
43250       |       -56770.3   |       -56503.1   |       -267.164   |   21:59:09   |   384:41:18   |
43300       |       -56765.5   |       -56517.6   |       -247.908   |   22:00:41   |   384:39:55   |
43350       |       -56724.2   |       -56511.5   |       -212.682   |   22:02:15   |   384:39:08   |
43400       |         -56800   |       -56516.1   |       -283.855   |   22:03:49   |   384:38:20   |
43450       |       -56755.3   |       -56512.6   |       -242.763   |   22:05:19   |   384:36:22   |
43500       |       -56780.1   |       -56520.3   |       -259.841   |   22:06:49   |   384:34:24   |
43550       |       -56766.1   |       -56519.2   |       -246.942   |   22:08:15   |   384:31:17   |
43600       |       -56770.2   |       -56518.4   |        -251.75   |   22:09:43   |   384:28:45   |
43650       |       -56759.1   |       -56520.7   |       -238.403   |   22:11:12   |   384:26:30   |
43700       |       -56815.3   |       -56518.7   |       -296.538   |   22:12:42   |   384:24:33   |
43750       |       -56772.1   |         -56521   |       -251.139   |   22:14:13   |   384:22:53   |
43800       |       -56781.6   |       -56521.2   |       -260.417   |   22:15:44   |   384:21:13   |
43850       |       -56724.8   |       -56519.2   |       -205.573   |   22:17:17   |   384:20:07   |
43900       |       -56794.4   |         -56528   |       -266.401   |   22:18:49   |   384:18:45   |
43950       |       -56731.4   |       -56508.2   |        -223.23   |   22:20:23   |   384:17:56   |


Iter        |      Posterior   |     Likelihood   |          Prior   |    elapsed   |        ETA   |
----------------------------------------------------------------------------------------------------
44000       |       -56749.9   |       -56512.5   |       -237.434   |   22:21:55   |   384:16:34   |
44050       |       -56742.4   |         -56512   |       -230.346   |   22:23:27   |   384:15:11   |
44100       |       -56808.6   |       -56508.1   |       -300.525   |   22:24:57   |   384:13:14   |
44150       |       -56795.5   |       -56514.1   |       -281.409   |   22:26:22   |   384:09:51   |
44200       |       -56756.3   |         -56509   |       -247.315   |   22:27:54   |   384:08:28   |
44250       |       -56779.2   |         -56501   |       -278.193   |   22:29:25   |   384:06:49   |
44300       |       -56771.4   |       -56520.4   |       -250.928   |   22:30:56   |   384:05:09   |
44350       |       -56773.1   |       -56519.4   |       -253.758   |   22:32:25   |   384:02:55   |
44400       |       -56740.3   |       -56521.5   |       -218.811   |   22:33:55   |   384:00:58   |
44450       |       -56744.5   |       -56519.8   |       -224.717   |   22:35:25   |   383:59:02   |
44500       |       -56716.1   |       -56535.2   |         -180.9   |   22:36:56   |   383:57:22   |
44550       |         -56754   |       -56514.3   |       -239.686   |   22:38:29   |   383:56:16   |
44600       |       -56751.3   |         -56512   |       -239.321   |   22:39:59   |   383:54:20   |
44650       |       -56748.3   |       -56505.6   |        -242.69   |   22:41:30   |   383:52:40   |
44700       |       -56782.8   |       -56520.2   |        -262.54   |   22:43:04   |   383:51:51   |
44750       |       -56778.1   |       -56531.7   |        -246.44   |   22:44:35   |   383:50:12   |
44800       |       -56741.5   |       -56509.2   |        -232.25   |   22:46:08   |   383:49:06   |
44850       |       -56768.6   |       -56523.6   |       -245.014   |   22:47:41   |   383:48:00   |
44900       |       -56790.1   |         -56519   |       -271.113   |   22:49:15   |   383:47:11   |
44950       |       -56803.1   |       -56509.6   |       -293.495   |   22:50:51   |   383:46:55   |


Iter        |      Posterior   |     Likelihood   |          Prior   |    elapsed   |        ETA   |
----------------------------------------------------------------------------------------------------
45000       |       -56764.4   |       -56519.2   |        -245.19   |   22:52:23   |   383:45:32   |
45050       |       -56761.7   |         -56521   |       -240.701   |   22:53:54   |   383:43:52   |
45100       |       -56754.7   |       -56532.6   |       -222.128   |   22:55:24   |   383:41:56   |
45150       |       -56772.6   |       -56519.5   |       -253.152   |   22:56:54   |   383:39:59   |
45200       |       -56762.1   |       -56506.3   |       -255.825   |   22:58:28   |   383:39:10   |
45250       |       -56755.2   |       -56518.4   |       -236.772   |   23:00:03   |   383:38:37   |
45300       |         -56789   |       -56525.7   |       -263.212   |   23:01:39   |   383:38:21   |
45350       |       -56785.7   |       -56501.1   |       -284.644   |   23:03:12   |   383:37:14   |
45400       |       -56718.4   |       -56523.5   |       -194.805   |   23:04:46   |   383:36:24   |
45450       |       -56779.3   |       -56508.1   |       -271.177   |   23:06:15   |   383:34:11   |
45500       |       -56815.9   |       -56505.7   |       -310.178   |   23:07:47   |   383:32:48   |
45550       |       -56757.9   |       -56529.6   |       -228.294   |   23:09:20   |   383:31:41   |
45600       |       -56791.8   |       -56520.1   |       -271.723   |   23:10:50   |   383:29:45   |
45650       |         -56812   |       -56523.4   |       -288.612   |   23:12:23   |   383:28:38   |
45700       |       -56806.1   |       -56515.3   |       -290.775   |   23:13:55   |   383:27:15   |
45750       |       -56786.5   |       -56511.7   |        -274.83   |   23:15:22   |   383:24:29   |
45800       |       -56791.7   |       -56504.9   |       -286.812   |   23:16:52   |   383:22:33   |
45850       |       -56743.2   |       -56507.5   |       -235.633   |   23:18:22   |   383:20:36   |
45900       |       -56787.7   |       -56531.7   |       -255.927   |   23:19:52   |   383:18:40   |
45950       |       -56767.6   |       -56518.2   |         -249.4   |   23:21:24   |   383:17:17   |


Iter        |      Posterior   |     Likelihood   |          Prior   |    elapsed   |        ETA   |
----------------------------------------------------------------------------------------------------
46000       |       -56809.9   |       -56536.5   |        -273.39   |   23:23:00   |   383:17:00   |
46050       |       -56829.4   |       -56535.4   |       -293.973   |   23:24:35   |   383:16:25   |
46100       |       -56722.3   |       -56519.1   |       -203.191   |   23:26:10   |   383:15:51   |
46150       |       -56799.2   |       -56539.8   |       -259.432   |   23:27:45   |   383:15:17   |
46200       |       -56812.1   |       -56539.2   |       -272.869   |   23:29:18   |   383:14:09   |
46250       |       -56772.7   |       -56524.9   |       -247.884   |   23:30:49   |   383:12:29   |
46300       |         -56797   |       -56525.3   |       -271.713   |   23:32:18   |   383:10:17   |
46350       |       -56764.8   |       -56518.7   |       -246.132   |   23:33:47   |   383:08:05   |
46400       |       -56795.3   |       -56527.9   |        -267.43   |   23:35:20   |   383:06:57   |
46450       |       -56771.9   |       -56513.3   |       -258.565   |   23:36:52   |   383:05:34   |
46500       |       -56790.8   |       -56516.7   |       -274.044   |   23:38:30   |   383:05:48   |
46550       |       -56787.7   |       -56536.5   |       -251.141   |   23:40:01   |   383:04:08   |
46600       |         -56783   |       -56521.9   |       -261.074   |   23:41:31   |   383:02:12   |
46650       |       -56771.4   |       -56526.4   |       -245.012   |   23:43:01   |   383:00:16   |
46700       |       -56792.4   |       -56520.1   |       -272.373   |   23:44:27   |   382:57:15   |
46750       |       -56787.2   |       -56534.2   |        -253.02   |   23:46:02   |   382:56:40   |
46800       |       -56807.2   |       -56521.6   |       -285.543   |   23:47:36   |   382:55:49   |
46850       |       -56750.8   |       -56527.4   |       -223.382   |   23:49:04   |   382:53:21   |
46900       |       -56785.9   |       -56533.9   |       -251.945   |   23:50:40   |   382:53:01   |
46950       |         -56765   |       -56530.3   |       -234.744   |   23:52:19   |   382:53:30   |


Iter        |      Posterior   |     Likelihood   |          Prior   |    elapsed   |        ETA   |
----------------------------------------------------------------------------------------------------
47000       |       -56758.9   |       -56528.3   |       -230.596   |   23:53:49   |   382:51:34   |
47050       |       -56764.9   |       -56544.1   |       -220.867   |   23:55:20   |   382:49:54   |
47100       |       -56781.4   |       -56525.8   |       -255.616   |   23:56:49   |   382:47:42   |
47150       |       -56712.6   |       -56515.7   |       -196.903   |   23:58:21   |   382:46:18   |
47200       |       -56757.4   |       -56535.9   |       -221.565   |   23:59:54   |   382:45:11   |
47250       |       -56741.9   |       -56501.9   |       -239.963   |   24:01:26   |   382:43:47   |
47300       |       -56736.8   |       -56512.5   |       -224.326   |   24:02:55   |   382:41:35   |
47350       |       -56818.9   |       -56525.9   |       -293.012   |   24:04:21   |   382:38:36   |
47400       |       -56747.3   |       -56510.4   |       -236.948   |   24:05:48   |   382:35:53   |
47450       |       -56759.6   |       -56523.7   |       -235.917   |   24:07:14   |   382:32:54   |
47500       |       -56715.4   |       -56497.9   |       -217.434   |   24:08:42   |   382:30:27   |
47550       |       -56781.8   |       -56524.3   |       -257.519   |   24:10:15   |   382:29:19   |
47600       |       -56771.9   |         -56519   |        -252.89   |   24:11:47   |   382:27:56   |
47650       |       -56785.2   |       -56508.7   |       -276.535   |   24:13:32   |   382:29:57   |
47700       |       -56792.2   |       -56502.6   |       -289.684   |   24:15:16   |   382:31:43   |
47750       |       -56762.5   |       -56499.8   |       -262.639   |   24:16:49   |   382:30:34   |
47800       |       -56799.5   |       -56515.2   |       -284.315   |   24:18:27   |   382:30:45   |
47850       |       -56787.3   |       -56514.7   |       -272.651   |   24:19:58   |   382:29:05   |
47900       |       -56775.1   |       -56519.4   |       -255.757   |   24:21:25   |   382:26:22   |
47950       |       -56779.3   |       -56508.5   |       -270.852   |   24:22:55   |   382:24:27   |


Iter        |      Posterior   |     Likelihood   |          Prior   |    elapsed   |        ETA   |
----------------------------------------------------------------------------------------------------
48000       |       -56747.5   |       -56497.3   |       -250.211   |   24:24:23   |   382:22:00   |
48050       |       -56750.9   |       -56520.6   |       -230.292   |   24:25:52   |   382:19:49   |
48100       |       -56766.8   |       -56506.1   |       -260.731   |   24:27:24   |   382:18:25   |
48150       |       -56728.3   |         -56504   |       -224.332   |   24:29:00   |   382:18:03   |
48200       |         -56773   |       -56516.7   |       -256.268   |   24:30:38   |   382:18:13   |
48250       |       -56731.3   |       -56513.1   |       -218.197   |   24:32:10   |   382:16:48   |
48300       |       -56782.4   |       -56509.5   |       -272.878   |   24:33:44   |   382:15:55   |
48350       |         -56733   |       -56500.3   |       -232.687   |   24:35:20   |   382:15:33   |
48400       |       -56749.4   |         -56510   |       -239.434   |   24:36:58   |   382:15:42   |
48450       |       -56717.4   |       -56505.3   |       -212.104   |   24:38:33   |   382:15:04   |
48500       |       -56744.9   |       -56508.6   |        -236.34   |   24:40:04   |   382:13:24   |
48550       |       -56731.2   |       -56506.3   |       -224.971   |   24:41:37   |   382:12:15   |
48600       |       -56775.9   |       -56515.2   |       -260.764   |   24:43:05   |   382:09:48   |
48650       |       -56811.6   |       -56519.7   |       -291.819   |   24:44:36   |   382:08:08   |
48700       |       -56765.7   |         -56506   |       -259.714   |   24:46:07   |   382:06:28   |
48750       |       -56772.3   |       -56536.3   |       -236.029   |   24:47:38   |   382:04:48   |
48800       |       -56753.9   |       -56519.8   |       -234.078   |   24:49:10   |   382:03:24   |
48850       |         -56795   |       -56525.7   |       -269.317   |   24:50:46   |   382:03:01   |
48900       |       -56757.3   |       -56509.5   |       -247.781   |   24:52:19   |   382:01:51   |
48950       |       -56746.8   |       -56527.1   |       -219.694   |   24:53:51   |   382:00:27   |


Iter        |      Posterior   |     Likelihood   |          Prior   |    elapsed   |        ETA   |
----------------------------------------------------------------------------------------------------
49000       |       -56775.4   |       -56520.2   |       -255.272   |   24:55:22   |   381:58:46   |
49050       |       -56790.6   |       -56509.2   |       -281.438   |   24:56:54   |   381:57:22   |
49100       |       -56748.1   |       -56502.3   |       -245.811   |   24:58:25   |   381:55:42   |
49150       |       -56765.2   |       -56506.1   |       -259.132   |   24:59:59   |   381:54:48   |
49200       |       -56781.3   |       -56503.6   |       -277.709   |   25:01:33   |   381:53:53   |
49250       |       -56735.3   |       -56498.1   |       -237.211   |   25:03:06   |   381:52:44   |
49300       |         -56753   |       -56518.5   |       -234.457   |   25:04:38   |   381:51:19   |
49350       |       -56732.6   |       -56519.3   |       -213.233   |   25:06:07   |   381:49:08   |
49400       |       -56747.4   |       -56508.4   |       -238.957   |   25:07:41   |   381:48:14   |
49450       |       -56734.4   |       -56516.4   |       -217.957   |   25:09:17   |   381:47:50   |
49500       |       -56738.1   |       -56526.8   |       -211.317   |   25:10:52   |   381:47:10   |
49550       |       -56745.9   |       -56534.9   |       -211.042   |   25:12:24   |   381:45:45   |
49600       |       -56779.4   |       -56522.6   |       -256.882   |   25:13:56   |   381:44:20   |
49650       |       -56784.8   |         -56527   |       -257.823   |   25:15:25   |   381:42:10   |
49700       |       -56782.8   |       -56530.6   |       -252.219   |   25:17:01   |   381:41:45   |
49750       |         -56781   |       -56525.1   |       -255.846   |   25:18:32   |   381:40:05   |
49800       |       -56787.7   |         -56528   |       -259.741   |   25:20:05   |   381:38:55   |
49850       |       -56788.1   |       -56524.3   |       -263.808   |   25:21:40   |   381:38:15   |
49900       |       -56811.6   |       -56514.3   |         -297.3   |   25:23:13   |   381:37:05   |
49950       |       -56780.4   |         -56519   |       -261.449   |   25:24:45   |   381:35:40   |


Iter        |      Posterior   |     Likelihood   |          Prior   |    elapsed   |        ETA   |
----------------------------------------------------------------------------------------------------
50000       |       -56746.5   |       -56514.9   |       -231.597   |   25:26:16   |   381:34:00   |
50050       |       -56752.1   |       -56520.5   |       -231.551   |   25:27:49   |   381:32:49   |
50100       |       -56783.7   |       -56506.7   |       -276.944   |   25:29:22   |   381:31:39   |
50150       |       -56773.2   |       -56522.6   |       -250.536   |   25:30:58   |   381:31:14   |
50200       |         -56775   |       -56520.9   |       -254.052   |   25:32:32   |   381:30:18   |
50250       |       -56766.8   |       -56534.2   |       -232.612   |   25:34:04   |   381:28:53   |
50300       |       -56767.6   |       -56527.4   |        -240.17   |   25:35:33   |   381:26:42   |
50350       |       -56766.6   |         -56547   |        -219.54   |   25:37:03   |   381:24:47   |
50400       |       -56759.8   |       -56565.2   |       -194.676   |   25:38:41   |   381:24:51   |
50450       |       -56783.4   |       -56533.3   |       -250.058   |   25:40:17   |   381:24:25   |
50500       |       -56766.3   |       -56555.8   |        -210.49   |   25:41:49   |   381:23:00   |
50550       |       -56765.1   |       -56548.4   |       -216.689   |   25:43:20   |   381:21:19   |
50600       |       -56775.5   |       -56546.4   |        -229.05   |   25:44:50   |   381:19:24   |
50650       |         -56820   |       -56546.5   |        -273.55   |   25:46:27   |   381:19:12   |
50700       |       -56747.3   |       -56532.5   |        -214.83   |   25:48:02   |   381:18:31   |
50750       |       -56769.1   |       -56529.1   |       -239.986   |   25:49:34   |   381:17:06   |
50800       |       -56778.5   |       -56535.3   |       -243.176   |   25:51:08   |   381:16:09   |
50850       |       -56780.5   |       -56533.8   |       -246.643   |   25:52:39   |   381:14:29   |
50900       |         -56758   |       -56534.2   |       -223.803   |   25:54:12   |   381:13:18   |
50950       |       -56754.4   |       -56536.6   |       -217.822   |   25:55:42   |   381:11:23   |


Iter        |      Posterior   |     Likelihood   |          Prior   |    elapsed   |        ETA   |
----------------------------------------------------------------------------------------------------
51000       |       -56778.7   |       -56516.1   |       -262.536   |   25:57:14   |   381:09:57   |
51050       |       -56764.4   |       -56515.7   |       -248.631   |   25:58:49   |   381:09:15   |
51100       |       -56748.1   |         -56520   |        -228.05   |   26:00:23   |   381:08:19   |
51150       |       -56770.1   |       -56506.7   |        -263.37   |   26:01:59   |   381:07:51   |
51200       |         -56737   |       -56513.4   |       -223.594   |   26:03:33   |   381:06:55   |
51250       |         -56738   |       -56516.6   |       -221.347   |   26:05:11   |   381:06:56   |
51300       |       -56792.9   |       -56507.2   |       -285.646   |   26:06:47   |   381:06:29   |
51350       |       -56734.2   |       -56526.8   |        -207.37   |   26:08:21   |   381:05:32   |
51400       |       -56747.4   |       -56529.1   |       -218.281   |   26:09:59   |   381:05:33   |
51450       |       -56749.5   |       -56514.6   |       -234.859   |   26:11:37   |   381:05:34   |
51500       |       -56745.5   |       -56508.5   |       -236.989   |   26:13:13   |   381:05:06   |
51550       |       -56745.6   |       -56516.5   |       -229.124   |   26:14:53   |   381:05:35   |
51600       |         -56748   |       -56529.4   |       -218.534   |   26:16:29   |   381:05:07   |
51650       |         -56800   |         -56530   |       -269.964   |   26:18:00   |   381:03:25   |
51700       |         -56755   |       -56508.7   |       -246.242   |   26:19:27   |   381:00:46   |
51750       |       -56740.3   |       -56508.7   |       -231.626   |   26:20:55   |   380:58:22   |
51800       |         -56775   |       -56514.5   |       -260.418   |   26:22:30   |   380:57:39   |
51850       |       -56738.9   |       -56517.5   |       -221.369   |   26:24:04   |   380:56:41   |
51900       |       -56790.8   |       -56517.7   |       -273.129   |   26:25:35   |   380:55:00   |
51950       |       -56796.5   |       -56523.9   |       -272.585   |   26:27:06   |   380:53:19   |


Iter        |      Posterior   |     Likelihood   |          Prior   |    elapsed   |        ETA   |
----------------------------------------------------------------------------------------------------
52000       |       -56786.2   |       -56520.9   |       -265.315   |   26:28:39   |   380:52:07   |
52050       |       -56774.8   |       -56517.1   |       -257.669   |   26:30:10   |   380:50:26   |
52100       |       -56719.3   |       -56500.9   |       -218.413   |   26:31:50   |   380:50:54   |
52150       |         -56826   |         -56507   |       -318.968   |   26:33:28   |   380:50:53   |
52200       |       -56771.9   |       -56495.2   |       -276.757   |   26:34:57   |   380:48:43   |
52250       |       -56768.7   |         -56507   |       -261.669   |   26:36:29   |   380:47:16   |
52300       |       -56764.8   |       -56513.3   |       -251.549   |   26:38:01   |   380:45:49   |
52350       |       -56769.7   |       -56537.5   |       -232.264   |   26:39:34   |   380:44:37   |
52400       |       -56826.4   |       -56543.9   |       -282.491   |   26:41:05   |   380:42:56   |
52450       |       -56788.8   |       -56526.6   |       -262.241   |   26:42:33   |   380:40:32   |
52500       |       -56772.5   |         -56520   |       -252.553   |   26:44:04   |   380:38:51   |
52550       |       -56761.6   |       -56519.8   |       -241.797   |   26:45:35   |   380:37:10   |
52600       |       -56802.1   |       -56525.6   |       -276.422   |   26:47:05   |   380:35:14   |
52650       |       -56729.2   |         -56512   |       -217.147   |   26:48:37   |   380:33:48   |
52700       |       -56757.6   |       -56524.7   |       -232.878   |   26:50:08   |   380:32:07   |
52750       |       -56751.9   |       -56536.2   |       -215.693   |   26:51:38   |   380:30:11   |
52800       |       -56736.8   |       -56517.1   |        -219.76   |   26:53:09   |   380:28:31   |
52850       |       -56781.3   |       -56512.2   |       -269.059   |   26:54:37   |   380:26:07   |
52900       |       -56755.2   |       -56511.3   |       -243.883   |   26:56:10   |   380:24:55   |
52950       |       -56760.1   |       -56509.6   |        -250.55   |   26:57:43   |   380:23:42   |


Iter        |      Posterior   |     Likelihood   |          Prior   |    elapsed   |        ETA   |
----------------------------------------------------------------------------------------------------
53000       |       -56711.7   |       -56506.2   |       -205.502   |   26:59:14   |   380:22:01   |
53050       |       -56746.8   |       -56499.2   |       -247.579   |   27:00:48   |   380:21:02   |
53100       |       -56762.1   |       -56498.9   |       -263.131   |   27:02:19   |   380:19:21   |
53150       |         -56787   |       -56519.2   |       -267.836   |   27:03:50   |   380:17:41   |
53200       |       -56810.5   |       -56517.8   |       -292.652   |   27:05:18   |   380:15:18   |
53250       |       -56738.4   |       -56508.1   |       -230.366   |   27:06:51   |   380:14:05   |
53300       |       -56703.8   |       -56502.2   |       -201.589   |   27:08:21   |   380:12:10   |
53350       |       -56741.8   |       -56514.1   |       -227.701   |   27:09:59   |   380:12:07   |
53400       |       -56766.9   |       -56516.4   |        -250.45   |   27:11:29   |   380:10:12   |
53450       |       -56730.9   |       -56503.9   |       -227.015   |   27:13:00   |   380:08:32   |
53500       |         -56792   |       -56504.9   |       -287.078   |   27:14:30   |   380:06:37   |
53550       |       -56756.1   |       -56515.8   |       -240.327   |   27:16:04   |   380:05:38   |
53600       |       -56764.5   |       -56515.7   |       -248.863   |   27:17:40   |   380:05:07   |
53650       |       -56745.6   |       -56525.3   |       -220.263   |   27:19:11   |   380:03:26   |
53700       |       -56744.5   |       -56512.1   |       -232.324   |   27:20:44   |   380:02:13   |
53750       |       -56772.6   |       -56526.5   |       -246.119   |   27:22:19   |   380:01:27   |
53800       |         -56791   |         -56545   |       -245.997   |   27:23:57   |   380:01:24   |
53850       |       -56735.9   |       -56514.6   |       -221.284   |   27:25:33   |   380:00:52   |
53900       |       -56749.8   |       -56532.3   |       -217.508   |   27:27:04   |   379:59:11   |
53950       |       -56754.2   |       -56539.8   |       -214.407   |   27:28:35   |   379:57:30   |


Iter        |      Posterior   |     Likelihood   |          Prior   |    elapsed   |        ETA   |
----------------------------------------------------------------------------------------------------
54000       |       -56804.1   |       -56519.1   |       -285.005   |   27:30:04   |   379:55:21   |
54050       |       -56731.5   |       -56524.9   |        -206.62   |   27:31:35   |   379:53:41   |
54100       |       -56772.8   |       -56510.5   |       -262.264   |   27:33:09   |   379:52:41   |
54150       |       -56743.7   |         -56512   |       -231.702   |   27:34:45   |   379:52:09   |
54200       |       -56760.3   |         -56508   |       -252.329   |   27:36:19   |   379:51:09   |
54250       |       -56784.2   |       -56519.4   |       -264.771   |   27:37:48   |   379:49:01   |
54300       |       -56773.7   |       -56513.6   |       -260.134   |   27:39:26   |   379:48:56   |
54350       |       -56765.4   |         -56517   |       -248.465   |   27:41:00   |   379:47:56   |
54400       |       -56749.8   |       -56507.4   |       -242.419   |   27:42:32   |   379:46:29   |
54450       |       -56728.1   |       -56519.2   |       -208.969   |   27:44:08   |   379:45:56   |
54500       |       -56766.5   |         -56509   |       -257.522   |   27:45:37   |   379:43:48   |
54550       |       -56743.7   |       -56521.6   |       -222.064   |   27:47:08   |   379:42:07   |
54600       |         -56776   |       -56528.4   |       -247.634   |   27:48:43   |   379:41:20   |
54650       |       -56745.4   |       -56512.6   |       -232.773   |   27:50:23   |   379:41:42   |
54700       |       -56768.2   |       -56522.6   |       -245.621   |   27:52:00   |   379:41:22   |
54750       |       -56774.4   |       -56527.9   |         -246.5   |   27:53:36   |   379:40:49   |
54800       |       -56717.8   |       -56532.9   |       -184.947   |   27:55:11   |   379:40:02   |
54850       |       -56764.3   |         -56529   |       -235.322   |   27:56:50   |   379:40:10   |
54900       |       -56748.9   |       -56515.1   |       -233.729   |   27:58:23   |   379:38:55   |
54950       |       -56824.6   |       -56525.3   |       -299.297   |   27:59:55   |   379:37:28   |


Iter        |      Posterior   |     Likelihood   |          Prior   |    elapsed   |        ETA   |
----------------------------------------------------------------------------------------------------
55000       |       -56755.1   |       -56512.4   |       -242.711   |   28:01:29   |   379:36:27   |
55050       |       -56771.3   |       -56533.6   |       -237.757   |   28:03:03   |   379:35:26   |
55100       |       -56775.5   |       -56516.1   |        -259.41   |   28:04:38   |   379:34:39   |
55150       |       -56760.8   |       -56529.3   |        -231.52   |   28:06:14   |   379:34:05   |
55200       |       -56772.6   |       -56524.4   |       -248.219   |   28:07:49   |   379:33:17   |
55250       |       -56806.1   |       -56532.5   |        -273.67   |   28:09:20   |   379:31:36   |
55300       |       -56766.1   |       -56524.5   |       -241.642   |   28:10:54   |   379:30:34   |
55350       |       -56766.3   |       -56517.2   |       -249.089   |   28:12:27   |   379:29:20   |
55400       |       -56805.6   |       -56518.4   |        -287.15   |   28:14:03   |   379:28:45   |
55450       |       -56786.9   |       -56514.5   |         -272.4   |   28:15:37   |   379:27:44   |
55500       |       -56774.2   |       -56523.1   |       -251.022   |   28:17:16   |   379:27:50   |
55550       |         -56767   |       -56517.2   |       -249.756   |   28:18:47   |   379:26:08   |
55600       |       -56784.6   |       -56517.6   |       -266.941   |   28:20:16   |   379:24:00   |
55650       |       -56774.9   |       -56526.3   |       -248.584   |   28:21:53   |   379:23:38   |
55700       |       -56804.7   |       -56525.3   |       -279.433   |   28:23:28   |   379:22:50   |
55750       |       -56759.2   |       -56514.3   |       -244.883   |   28:25:01   |   379:21:35   |
55800       |       -56757.7   |       -56509.4   |       -248.357   |   28:26:38   |   379:21:13   |
55850       |       -56749.9   |       -56511.6   |        -238.25   |   28:28:13   |   379:20:25   |
55900       |       -56745.1   |       -56519.8   |       -225.309   |   28:29:44   |   379:18:43   |
55950       |       -56739.4   |       -56521.2   |       -218.219   |   28:31:17   |   379:17:28   |


Iter        |      Posterior   |     Likelihood   |          Prior   |    elapsed   |        ETA   |
----------------------------------------------------------------------------------------------------
56000       |       -56720.3   |       -56512.9   |        -207.36   |   28:32:51   |   379:16:26   |
56050       |       -56754.4   |       -56511.6   |       -242.767   |   28:34:24   |   379:15:10   |
56100       |       -56768.9   |       -56515.3   |       -253.559   |   28:35:57   |   379:13:55   |
56150       |       -56741.3   |       -56532.1   |       -209.175   |   28:37:30   |   379:12:40   |
56200       |       -56759.6   |       -56520.8   |       -238.831   |   28:39:03   |   379:11:24   |
56250       |         -56770   |       -56514.4   |       -255.635   |   28:40:32   |   379:09:16   |
56300       |         -56746   |       -56510.1   |       -235.873   |   28:42:01   |   379:07:08   |
56350       |         -56752   |       -56496.1   |       -255.867   |   28:43:36   |   379:06:19   |
56400       |       -56778.2   |       -56530.8   |       -247.353   |   28:45:09   |   379:05:03   |
56450       |       -56761.5   |       -56514.2   |        -247.33   |   28:46:46   |   379:04:40   |
56500       |         -56741   |       -56524.5   |       -216.505   |   28:48:21   |   379:03:51   |
56550       |       -56747.8   |       -56525.6   |       -222.204   |   28:50:01   |   379:04:08   |
56600       |       -56754.3   |       -56526.1   |        -228.22   |   28:51:37   |   379:03:31   |
56650       |         -56744   |       -56521.1   |       -222.942   |   28:53:07   |   379:01:36   |
56700       |       -56791.5   |       -56517.8   |       -273.739   |   28:54:39   |   379:00:07   |
56750       |       -56749.8   |       -56512.9   |       -236.948   |   28:56:11   |   378:58:38   |
56800       |       -56758.3   |       -56511.9   |       -246.445   |   28:57:39   |   378:56:17   |
56850       |       -56740.3   |       -56532.1   |       -208.182   |   28:59:11   |   378:54:48   |
56900       |       -56762.4   |       -56518.4   |       -243.999   |   29:00:47   |   378:54:12   |
56950       |       -56767.3   |       -56519.5   |       -247.773   |   29:02:24   |   378:53:48   |


Iter        |      Posterior   |     Likelihood   |          Prior   |    elapsed   |        ETA   |
----------------------------------------------------------------------------------------------------
57000       |       -56778.1   |         -56527   |       -251.072   |   29:04:01   |   378:53:24   |
57050       |       -56741.4   |       -56519.9   |       -221.501   |   29:05:40   |   378:53:26   |
57100       |       -56760.9   |       -56510.3   |       -250.659   |   29:07:17   |   378:53:02   |
57150       |         -56716   |       -56497.6   |       -218.437   |   29:08:51   |   378:51:59   |
57200       |       -56788.4   |       -56501.5   |       -286.879   |   29:10:28   |   378:51:35   |
57250       |       -56782.7   |       -56519.9   |       -262.757   |   29:12:03   |   378:50:44   |
57300       |       -56772.5   |       -56510.6   |       -261.951   |   29:13:40   |   378:50:20   |
57350       |       -56766.2   |       -56521.3   |       -244.886   |   29:15:17   |   378:49:55   |
57400       |         -56777   |       -56538.5   |       -238.485   |   29:16:50   |   378:48:38   |
57450       |       -56756.8   |       -56510.5   |       -246.271   |   29:18:26   |   378:48:01   |
57500       |       -56740.6   |       -56508.2   |       -232.411   |   29:20:03   |   378:47:36   |
57550       |       -56768.1   |         -56510   |       -258.066   |   29:21:39   |   378:46:58   |
57600       |       -56773.3   |       -56510.3   |       -262.945   |   29:23:12   |   378:45:41   |
57650       |       -56778.4   |         -56499   |       -279.351   |   29:24:47   |   378:44:50   |
57700       |       -56752.6   |       -56522.2   |        -230.46   |   29:26:22   |   378:43:59   |
57750       |       -56774.5   |       -56512.2   |       -262.277   |   29:27:53   |   378:42:16   |
57800       |       -56736.6   |       -56498.3   |       -238.391   |   29:29:31   |   378:42:03   |
57850       |       -56786.5   |       -56505.4   |       -281.081   |   29:31:06   |   378:41:12   |
57900       |       -56747.9   |       -56514.6   |       -233.264   |   29:32:42   |   378:40:33   |
57950       |       -56772.8   |       -56528.8   |       -243.998   |   29:34:20   |   378:40:20   |


Iter        |      Posterior   |     Likelihood   |          Prior   |    elapsed   |        ETA   |
----------------------------------------------------------------------------------------------------
58000       |       -56780.2   |       -56524.8   |       -255.389   |   29:35:55   |   378:39:29   |
58050       |       -56741.6   |       -56520.5   |        -221.14   |   29:37:28   |   378:38:11   |
58100       |       -56747.1   |         -56538   |         -209.1   |   29:39:03   |   378:37:20   |
58150       |         -56764   |       -56539.8   |       -224.196   |   29:40:41   |   378:37:06   |
58200       |       -56770.9   |       -56523.1   |       -247.803   |   29:42:17   |   378:36:27   |
58250       |         -56742   |       -56513.8   |       -228.166   |   29:43:46   |   378:34:18   |
58300       |       -56784.7   |       -56504.5   |       -280.167   |   29:45:18   |   378:32:48   |
58350       |         -56756   |       -56526.6   |       -229.408   |   29:46:53   |   378:31:56   |
58400       |       -56834.1   |       -56538.8   |       -295.363   |   29:48:29   |   378:31:17   |
58450       |       -56760.9   |         -56512   |       -248.897   |   29:50:05   |   378:30:37   |
58500       |       -56764.6   |       -56497.4   |       -267.229   |   29:51:35   |   378:28:42   |
58550       |       -56778.5   |       -56500.6   |       -277.962   |   29:53:03   |   378:26:21   |
58600       |       -56762.4   |       -56531.3   |        -231.09   |   29:54:38   |   378:25:28   |
58650       |         -56744   |       -56509.5   |       -234.458   |   29:56:10   |   378:23:58   |
58700       |       -56759.3   |       -56514.6   |         -244.7   |   29:57:41   |   378:22:15   |
58750       |       -56783.6   |       -56511.6   |       -271.988   |   29:59:15   |   378:21:10   |
58800       |       -56736.7   |       -56513.2   |       -223.463   |   30:00:48   |   378:19:52   |
58850       |       -56742.1   |       -56521.2   |       -220.937   |   30:02:25   |   378:19:25   |
58900       |       -56742.1   |       -56521.7   |       -220.387   |   30:04:00   |   378:18:32   |
58950       |       -56772.7   |       -56510.8   |       -261.892   |   30:05:33   |   378:17:14   |


Iter        |      Posterior   |     Likelihood   |          Prior   |    elapsed   |        ETA   |
----------------------------------------------------------------------------------------------------
59000       |         -56771   |       -56519.4   |        -251.62   |   30:07:06   |   378:15:57   |
59050       |         -56792   |       -56518.8   |       -273.251   |   30:08:36   |   378:14:01   |
59100       |       -56719.5   |       -56511.8   |       -207.633   |   30:10:07   |   378:12:18   |
59150       |       -56781.4   |       -56511.4   |       -270.033   |   30:11:42   |   378:11:25   |
59200       |         -56753   |       -56503.6   |       -249.416   |   30:13:17   |   378:10:32   |
59250       |       -56758.1   |         -56521   |       -237.015   |   30:14:50   |   378:09:14   |
59300       |       -56751.2   |       -56512.7   |        -238.49   |   30:16:19   |   378:07:06   |
59350       |       -56782.3   |       -56501.5   |       -280.781   |   30:17:53   |   378:06:01   |
59400       |       -56745.9   |       -56513.7   |        -232.21   |   30:19:23   |   378:04:05   |
59450       |         -56774   |       -56508.9   |       -265.164   |   30:20:47   |   378:00:55   |
59500       |       -56735.8   |       -56505.8   |       -230.018   |   30:22:16   |   377:58:47   |
59550       |       -56771.4   |       -56512.8   |       -258.567   |   30:23:48   |   377:57:17   |
59600       |       -56735.6   |       -56511.7   |       -223.966   |   30:25:20   |   377:55:47   |
59650       |       -56783.2   |       -56523.6   |       -259.536   |   30:26:52   |   377:54:16   |
59700       |       -56752.3   |         -56515   |       -237.268   |   30:28:23   |   377:52:33   |
59750       |       -56750.9   |       -56527.4   |       -223.539   |   30:29:56   |   377:51:15   |
59800       |       -56751.5   |       -56515.9   |       -235.553   |   30:31:26   |   377:49:20   |
59850       |       -56760.6   |       -56518.6   |       -241.966   |   30:32:58   |   377:47:50   |
59900       |       -56750.8   |         -56521   |       -229.779   |   30:34:34   |   377:47:09   |
59950       |         -56749   |       -56514.5   |       -234.444   |   30:36:05   |   377:45:26   |


Iter        |      Posterior   |     Likelihood   |          Prior   |    elapsed   |        ETA   |
----------------------------------------------------------------------------------------------------
60000       |       -56760.4   |       -56530.6   |       -229.793   |   30:37:34   |   377:43:19   |
60050       |       -56730.7   |       -56525.9   |       -204.871   |   30:39:02   |   377:40:59   |
60100       |       -56729.6   |       -56511.8   |       -217.841   |   30:40:32   |   377:39:04   |
60150       |       -56785.8   |       -56530.4   |       -255.392   |   30:42:03   |   377:37:22   |
60200       |       -56771.6   |       -56524.4   |       -247.207   |   30:43:30   |   377:34:50   |
60250       |       -56764.6   |       -56533.3   |       -231.277   |   30:45:02   |   377:33:20   |
60300       |       -56805.4   |       -56561.2   |       -244.161   |   30:46:37   |   377:32:26   |
60350       |       -56793.9   |       -56545.4   |        -248.44   |   30:48:10   |   377:31:08   |
60400       |       -56784.6   |       -56529.3   |        -255.22   |   30:49:41   |   377:29:26   |
60450       |       -56759.8   |       -56521.7   |       -238.107   |   30:51:12   |   377:27:43   |
60500       |       -56798.3   |       -56541.2   |       -257.138   |   30:52:44   |   377:26:13   |
60550       |       -56769.8   |       -56540.9   |       -228.976   |   30:54:18   |   377:25:07   |
60600       |         -56764   |       -56534.9   |       -229.014   |   30:55:52   |   377:24:01   |
60650       |       -56739.8   |       -56527.5   |       -212.278   |   30:57:23   |   377:22:18   |
60700       |       -56745.8   |       -56524.1   |       -221.702   |   30:58:57   |   377:21:12   |
60750       |         -56787   |       -56534.8   |        -252.16   |   31:00:31   |   377:20:06   |
60800       |       -56768.3   |       -56535.1   |       -233.231   |   31:02:04   |   377:18:48   |
60850       |       -56792.1   |       -56534.2   |       -257.829   |   31:03:35   |   377:17:06   |
60900       |       -56767.2   |       -56537.6   |       -229.638   |   31:05:09   |   377:15:59   |
60950       |       -56787.4   |       -56549.7   |       -237.739   |   31:06:43   |   377:14:53   |


Iter        |      Posterior   |     Likelihood   |          Prior   |    elapsed   |        ETA   |
----------------------------------------------------------------------------------------------------
61000       |       -56714.6   |         -56515   |       -199.532   |   31:08:19   |   377:14:11   |
61050       |       -56748.2   |         -56519   |       -229.227   |   31:09:52   |   377:12:53   |
61100       |       -56773.4   |       -56532.9   |       -240.488   |   31:11:25   |   377:11:35   |
61150       |       -56752.9   |       -56526.4   |        -226.53   |   31:13:01   |   377:10:52   |
61200       |       -56708.1   |       -56500.7   |       -207.336   |   31:14:35   |   377:09:46   |
61250       |       -56738.9   |       -56531.4   |       -207.519   |   31:16:09   |   377:08:39   |
61300       |       -56747.1   |       -56518.8   |       -228.257   |   31:17:43   |   377:07:33   |
61350       |       -56764.3   |       -56513.4   |       -250.858   |   31:19:17   |   377:06:26   |
61400       |       -56810.7   |         -56539   |       -271.707   |   31:20:54   |   377:05:56   |
61450       |       -56766.4   |       -56517.9   |       -248.551   |   31:22:26   |   377:04:25   |
61500       |       -56748.8   |         -56518   |       -230.862   |   31:24:02   |   377:03:43   |
61550       |       -56787.2   |       -56535.1   |       -252.189   |   31:25:36   |   377:02:36   |
61600       |       -56743.2   |       -56523.5   |       -219.664   |   31:27:09   |   377:01:17   |
61650       |       -56781.4   |       -56540.3   |       -241.108   |   31:28:39   |   376:59:22   |
61700       |       -56760.4   |       -56534.8   |        -225.62   |   31:30:10   |   376:57:40   |
61750       |       -56740.8   |         -56538   |       -202.864   |   31:31:43   |   376:56:21   |
61800       |       -56784.3   |       -56534.5   |       -249.818   |   31:33:16   |   376:55:02   |
61850       |       -56781.4   |       -56536.7   |       -244.711   |   31:34:48   |   376:53:31   |
61900       |       -56782.2   |       -56514.1   |       -268.026   |   31:36:19   |   376:51:48   |
61950       |       -56732.1   |       -56528.9   |       -203.189   |   31:37:52   |   376:50:30   |


Iter        |      Posterior   |     Likelihood   |          Prior   |    elapsed   |        ETA   |
----------------------------------------------------------------------------------------------------
62000       |       -56718.3   |       -56531.6   |       -186.673   |   31:39:26   |   376:49:23   |
62050       |       -56695.1   |       -56523.7   |       -171.357   |   31:40:54   |   376:47:04   |
62100       |       -56745.4   |       -56520.8   |       -224.606   |   31:42:23   |   376:44:58   |
62150       |       -56739.4   |       -56529.3   |       -210.139   |   31:43:57   |   376:43:51   |
62200       |       -56743.9   |       -56513.1   |       -230.831   |   31:45:28   |   376:42:08   |
62250       |       -56731.5   |       -56507.4   |       -224.187   |   31:46:56   |   376:39:50   |
62300       |       -56733.9   |       -56529.5   |       -204.452   |   31:48:24   |   376:37:32   |
62350       |       -56759.4   |       -56512.2   |       -247.184   |   31:49:55   |   376:35:49   |
62400       |       -56766.1   |       -56519.3   |        -246.83   |   31:51:27   |   376:34:19   |
62450       |       -56737.9   |       -56520.5   |       -217.387   |   31:53:00   |   376:33:00   |
62500       |       -56752.6   |       -56526.6   |       -225.949   |   31:54:32   |   376:31:29   |
62550       |       -56746.4   |       -56517.2   |       -229.212   |   31:56:02   |   376:29:35   |
62600       |       -56760.6   |       -56512.9   |       -247.733   |   31:57:33   |   376:27:52   |
62650       |       -56775.2   |       -56510.6   |       -264.586   |   31:59:09   |   376:27:09   |
62700       |       -56727.5   |       -56509.5   |       -217.986   |   32:00:44   |   376:26:13   |
62750       |       -56772.3   |       -56522.3   |        -250.03   |   32:02:15   |   376:24:31   |
62800       |       -56789.6   |       -56512.5   |       -277.118   |   32:03:49   |   376:23:24   |
62850       |       -56725.5   |       -56510.1   |       -215.452   |   32:05:22   |   376:22:05   |
62900       |       -56727.6   |       -56500.9   |       -226.679   |   32:07:00   |   376:21:44   |
62950       |       -56756.9   |       -56509.9   |       -247.048   |   32:08:35   |   376:20:48   |


Iter        |      Posterior   |     Likelihood   |          Prior   |    elapsed   |        ETA   |
----------------------------------------------------------------------------------------------------
63000       |       -56744.4   |       -56495.2   |       -249.251   |   32:10:11   |   376:20:04   |
63050       |       -56741.6   |       -56507.2   |       -234.347   |   32:11:50   |   376:19:55   |
63100       |       -56747.5   |       -56514.7   |       -232.852   |   32:13:30   |   376:19:58   |
63150       |         -56739   |       -56508.6   |        -230.35   |   32:15:06   |   376:19:13   |
63200       |       -56769.1   |       -56512.2   |       -256.954   |   32:16:44   |   376:18:52   |
63250       |       -56771.2   |       -56518.2   |       -252.959   |   32:18:23   |   376:18:43   |
63300       |       -56731.4   |       -56527.4   |       -204.005   |   32:20:00   |   376:18:10   |
63350       |       -56761.1   |       -56507.5   |       -253.552   |   32:21:33   |   376:16:50   |
63400       |       -56756.2   |       -56501.7   |       -254.461   |   32:23:07   |   376:15:42   |
63450       |       -56794.6   |         -56506   |       -288.561   |   32:24:45   |   376:15:20   |
63500       |       -56725.3   |       -56506.2   |       -219.114   |   32:26:23   |   376:14:58   |
63550       |       -56745.2   |       -56505.2   |       -239.952   |   32:27:56   |   376:13:39   |
63600       |         -56744   |       -56506.1   |       -237.867   |   32:29:35   |   376:13:28   |
63650       |       -56748.7   |       -56504.5   |       -244.109   |   32:31:14   |   376:13:18   |
63700       |       -56780.5   |       -56517.7   |        -262.83   |   32:32:48   |   376:12:09   |
63750       |       -56734.5   |       -56519.4   |       -215.168   |   32:34:24   |   376:11:24   |
63800       |       -56774.1   |       -56523.7   |       -250.419   |   32:36:02   |   376:11:01   |
63850       |         -56737   |       -56527.3   |       -209.714   |   32:37:40   |   376:10:39   |
63900       |       -56758.5   |       -56520.6   |       -237.869   |   32:39:15   |   376:09:42   |
63950       |       -56760.4   |       -56518.9   |        -241.51   |   32:40:52   |   376:09:07   |


Iter        |      Posterior   |     Likelihood   |          Prior   |    elapsed   |        ETA   |
----------------------------------------------------------------------------------------------------
64000       |       -56765.3   |       -56512.8   |       -252.476   |   32:42:27   |   376:08:10   |
64050       |       -56726.3   |       -56522.3   |       -203.982   |   32:43:57   |   376:06:15   |
64100       |       -56727.6   |       -56516.6   |       -211.053   |   32:45:32   |   376:05:18   |
64150       |         -56746   |       -56512.2   |       -233.804   |   32:47:07   |   376:04:20   |
64200       |       -56740.2   |       -56513.3   |       -226.894   |   32:48:43   |   376:03:34   |
64250       |         -56773   |       -56530.5   |        -242.48   |   32:50:15   |   376:02:02   |
64300       |       -56732.4   |       -56524.2   |       -208.123   |   32:51:49   |   376:00:53   |
64350       |       -56794.4   |       -56528.7   |       -265.689   |   32:53:22   |   375:59:33   |
64400       |       -56758.3   |       -56520.4   |       -237.964   |   32:54:59   |   375:58:58   |
64450       |       -56794.4   |       -56527.3   |       -267.099   |   32:56:34   |   375:58:00   |
64500       |       -56781.6   |       -56522.6   |       -258.962   |   32:58:08   |   375:56:51   |
64550       |       -56799.6   |       -56519.4   |       -280.225   |   32:59:44   |   375:56:04   |
64600       |       -56790.8   |       -56531.4   |       -259.465   |   33:01:21   |   375:55:29   |
64650       |       -56730.2   |       -56517.9   |       -212.351   |   33:02:56   |   375:54:31   |
64700       |       -56780.4   |       -56524.9   |       -255.576   |   33:04:27   |   375:52:47   |
64750       |       -56797.4   |       -56539.8   |       -257.581   |   33:05:59   |   375:51:15   |
64800       |         -56749   |       -56533.9   |       -215.172   |   33:07:28   |   375:49:09   |
64850       |       -56793.5   |       -56532.4   |       -261.125   |   33:09:00   |   375:47:37   |
64900       |       -56794.1   |       -56526.1   |       -267.952   |   33:10:32   |   375:46:05   |
64950       |         -56820   |       -56534.8   |       -285.206   |   33:12:03   |   375:44:21   |


Iter        |      Posterior   |     Likelihood   |          Prior   |    elapsed   |        ETA   |
----------------------------------------------------------------------------------------------------
65000       |       -56785.4   |       -56519.3   |       -266.097   |   33:13:33   |   375:42:27   |
65050       |       -56764.4   |       -56510.2   |       -254.237   |   33:15:03   |   375:40:32   |
65100       |         -56747   |       -56537.1   |       -209.915   |   33:16:32   |   375:38:26   |
65150       |       -56765.7   |       -56514.8   |       -250.868   |   33:17:59   |   375:35:57   |
65200       |       -56747.9   |       -56522.6   |       -225.356   |   33:19:31   |   375:34:25   |
65250       |       -56746.8   |       -56525.7   |       -221.029   |   33:21:03   |   375:32:53   |
65300       |       -56746.7   |       -56537.1   |       -209.598   |   33:22:38   |   375:31:55   |
65350       |       -56732.2   |       -56538.9   |       -193.312   |   33:24:15   |   375:31:19   |
65400       |       -56740.2   |       -56519.7   |       -220.454   |   33:25:49   |   375:30:10   |
65450       |       -56810.2   |       -56534.9   |       -275.273   |   33:27:24   |   375:29:11   |
65500       |       -56772.3   |       -56542.8   |       -229.479   |   33:28:58   |   375:28:01   |
65550       |       -56769.1   |       -56539.4   |       -229.794   |   33:30:36   |   375:27:36   |
65600       |       -56770.2   |         -56530   |       -240.243   |   33:32:06   |   375:25:42   |
65650       |       -56820.9   |       -56536.8   |       -284.126   |   33:33:41   |   375:24:43   |
65700       |         -56819   |       -56534.1   |       -284.886   |   33:35:17   |   375:23:56   |
65750       |       -56808.2   |       -56533.7   |       -274.536   |   33:36:58   |   375:24:04   |
65800       |         -56781   |       -56546.4   |       -234.593   |   33:38:38   |   375:24:01   |
65850       |       -56774.8   |       -56549.1   |       -225.651   |   33:40:16   |   375:23:35   |
65900       |       -56762.5   |       -56520.9   |       -241.647   |   33:41:51   |   375:22:36   |
65950       |         -56798   |       -56539.5   |       -258.496   |   33:43:21   |   375:20:41   |


Iter        |      Posterior   |     Likelihood   |          Prior   |    elapsed   |        ETA   |
----------------------------------------------------------------------------------------------------
66000       |       -56737.7   |       -56531.4   |       -206.306   |   33:44:54   |   375:19:20   |
66050       |       -56800.8   |       -56547.7   |       -253.056   |   33:46:27   |   375:17:59   |
66100       |       -56780.5   |       -56531.5   |       -248.978   |   33:48:01   |   375:16:48   |
66150       |       -56775.1   |       -56527.4   |        -247.71   |   33:49:37   |   375:16:00   |
66200       |       -56764.3   |       -56536.1   |       -228.251   |   33:51:13   |   375:15:12   |
66250       |         -56770   |       -56537.9   |       -232.092   |   33:52:48   |   375:14:13   |
66300       |       -56773.5   |         -56538   |       -235.491   |   33:54:20   |   375:12:40   |
66350       |       -56771.7   |       -56527.5   |       -244.182   |   33:55:51   |   375:10:56   |
66400       |       -56790.8   |       -56545.6   |       -245.143   |   33:57:22   |   375:09:13   |
66450       |       -56841.4   |       -56514.3   |       -327.133   |   33:59:00   |   375:08:46   |
66500       |       -56758.7   |       -56505.4   |       -253.354   |   34:00:39   |   375:08:31   |
66550       |       -56776.2   |       -56512.7   |       -263.483   |   34:02:18   |   375:08:15   |
66600       |       -56785.6   |       -56528.8   |       -256.894   |   34:03:56   |   375:07:49   |
66650       |       -56793.3   |       -56529.2   |       -264.026   |   34:05:30   |   375:06:38   |
66700       |       -56817.4   |       -56530.8   |       -286.553   |   34:07:04   |   375:05:27   |
66750       |       -56757.8   |       -56522.1   |       -235.663   |   34:08:41   |   375:04:49   |
66800       |       -56776.8   |       -56526.2   |       -250.623   |   34:10:16   |   375:03:49   |
66850       |       -56752.1   |       -56521.2   |       -230.917   |   34:11:48   |   375:02:16   |
66900       |       -56739.3   |       -56515.4   |       -223.883   |   34:13:19   |   375:00:32   |
66950       |       -56781.1   |       -56536.7   |       -244.462   |   34:14:53   |   374:59:21   |


Iter        |      Posterior   |     Likelihood   |          Prior   |    elapsed   |        ETA   |
----------------------------------------------------------------------------------------------------
67000       |       -56716.6   |       -56520.9   |        -195.75   |   34:16:24   |   374:57:37   |
67050       |       -56741.1   |       -56522.2   |        -218.84   |   34:18:03   |   374:57:21   |
67100       |       -56766.3   |       -56517.5   |       -248.752   |   34:19:41   |   374:56:53   |
67150       |       -56778.7   |       -56518.9   |       -259.842   |   34:21:20   |   374:56:37   |
67200       |       -56761.6   |       -56522.4   |       -239.155   |   34:22:55   |   374:55:36   |
67250       |       -56779.9   |       -56511.4   |       -268.544   |   34:24:31   |   374:54:47   |
67300       |       -56746.4   |       -56531.6   |       -214.808   |   34:26:15   |   374:55:24   |
67350       |       -56752.1   |       -56519.9   |       -232.175   |   34:27:49   |   374:54:13   |
67400       |       -56787.7   |       -56530.4   |       -257.387   |   34:29:26   |   374:53:34   |
67450       |       -56807.6   |       -56522.9   |       -284.693   |   34:31:06   |   374:53:27   |
67500       |       -56780.2   |       -56523.1   |       -257.134   |   34:32:45   |   374:53:10   |
67550       |         -56780   |       -56529.3   |       -250.711   |   34:34:23   |   374:52:42   |
67600       |       -56730.7   |       -56510.2   |       -220.518   |   34:35:59   |   374:51:52   |
67650       |         -56782   |         -56513   |       -268.999   |   34:37:36   |   374:51:12   |
67700       |       -56764.4   |       -56520.1   |        -244.32   |   34:39:12   |   374:50:22   |
67750       |       -56761.9   |       -56511.1   |       -250.754   |   34:40:44   |   374:48:48   |
67800       |       -56758.4   |       -56509.8   |       -248.622   |   34:42:13   |   374:46:42   |
67850       |       -56747.6   |       -56512.1   |       -235.475   |   34:43:43   |   374:44:47   |
67900       |       -56792.2   |       -56520.2   |       -271.997   |   34:45:16   |   374:43:24   |
67950       |       -56797.5   |         -56519   |       -278.558   |   34:46:48   |   374:41:51   |


Iter        |      Posterior   |     Likelihood   |          Prior   |    elapsed   |        ETA   |
----------------------------------------------------------------------------------------------------
68000       |       -56790.3   |       -56517.6   |       -272.657   |   34:48:17   |   374:39:45   |
68050       |         -56787   |       -56511.6   |       -275.354   |   34:49:50   |   374:38:22   |
68100       |       -56784.8   |       -56527.1   |       -257.707   |   34:51:24   |   374:37:10   |
68150       |       -56743.3   |       -56505.2   |       -238.061   |   34:52:59   |   374:36:09   |
68200       |       -56816.1   |         -56537   |       -279.093   |   34:54:31   |   374:34:35   |
68250       |       -56840.2   |       -56504.6   |       -335.625   |   34:56:02   |   374:32:51   |
68300       |       -56812.9   |       -56520.2   |       -292.729   |   34:57:30   |   374:30:34   |
68350       |       -56731.8   |       -56512.7   |       -219.162   |   34:58:59   |   374:28:29   |
68400       |       -56785.2   |       -56518.7   |       -266.469   |   35:00:30   |   374:26:45   |
68450       |       -56730.7   |       -56513.5   |       -217.146   |   35:01:59   |   374:24:39   |
68500       |       -56747.2   |       -56500.6   |       -246.574   |   35:03:29   |   374:22:44   |
68550       |       -56722.9   |       -56513.6   |         -209.3   |   35:05:01   |   374:21:11   |
68600       |       -56748.3   |         -56518   |       -230.322   |   35:06:31   |   374:19:16   |
68650       |       -56745.6   |       -56518.2   |       -227.337   |   35:08:04   |   374:17:53   |
68700       |       -56768.2   |         -56509   |       -259.255   |   35:09:34   |   374:15:59   |
68750       |       -56776.8   |       -56525.5   |       -251.236   |   35:11:09   |   374:14:57   |
68800       |       -56788.8   |       -56511.5   |       -277.306   |   35:12:36   |   374:12:30   |
68850       |       -56760.7   |       -56508.3   |       -252.396   |   35:14:05   |   374:10:25   |
68900       |       -56766.4   |       -56505.1   |        -261.25   |   35:15:34   |   374:08:20   |
68950       |       -56743.7   |         -56510   |       -233.757   |   35:17:09   |   374:07:19   |


Iter        |      Posterior   |     Likelihood   |          Prior   |    elapsed   |        ETA   |
----------------------------------------------------------------------------------------------------
69000       |       -56712.5   |       -56499.4   |       -213.103   |   35:18:46   |   374:06:38   |
69050       |       -56755.1   |       -56507.4   |       -247.712   |   35:20:14   |   374:04:22   |
69100       |       -56773.4   |       -56505.4   |       -267.939   |   35:21:43   |   374:02:17   |
69150       |       -56726.4   |       -56524.4   |       -202.045   |   35:23:13   |   374:00:23   |
69200       |       -56750.1   |       -56520.7   |       -229.444   |   35:24:43   |   373:58:28   |
69250       |       -56744.2   |       -56509.1   |       -235.095   |   35:26:22   |   373:58:09   |
69300       |       -56743.2   |       -56522.6   |        -220.63   |   35:27:57   |   373:57:07   |
69350       |       -56710.7   |       -56515.1   |       -195.683   |   35:29:35   |   373:56:37   |
69400       |       -56748.1   |       -56501.3   |       -246.753   |   35:31:10   |   373:55:35   |
69450       |       -56724.4   |       -56498.5   |       -225.898   |   35:32:43   |   373:54:12   |
69500       |       -56734.3   |       -56511.3   |       -223.036   |   35:34:15   |   373:52:39   |
69550       |       -56741.5   |         -56515   |       -226.441   |   35:35:45   |   373:50:44   |
69600       |       -56789.1   |       -56512.8   |       -276.288   |   35:37:16   |   373:49:01   |
69650       |       -56745.6   |       -56511.3   |        -234.38   |   35:38:49   |   373:47:38   |
69700       |       -56736.3   |       -56506.7   |       -229.523   |   35:40:23   |   373:46:25   |
69750       |       -56701.2   |       -56520.6   |       -180.601   |   35:41:55   |   373:44:52   |
69800       |       -56765.5   |       -56523.2   |       -242.386   |   35:43:28   |   373:43:29   |
69850       |       -56757.3   |       -56505.8   |       -251.488   |   35:45:05   |   373:42:48   |
69900       |       -56757.2   |         -56514   |       -243.194   |   35:46:36   |   373:41:04   |
69950       |       -56762.5   |       -56510.3   |       -252.199   |   35:48:07   |   373:39:20   |


Iter        |      Posterior   |     Likelihood   |          Prior   |    elapsed   |        ETA   |
----------------------------------------------------------------------------------------------------
70000       |       -56743.3   |       -56512.9   |       -230.392   |   35:49:40   |   373:37:57   |
70050       |         -56774   |       -56516.9   |       -257.094   |   35:51:10   |   373:36:02   |
70100       |       -56763.7   |       -56500.9   |       -262.801   |   35:52:45   |   373:35:00   |
70150       |       -56713.4   |       -56506.7   |       -206.774   |   35:54:23   |   373:34:29   |
70200       |       -56746.2   |       -56505.2   |       -240.957   |   35:56:01   |   373:33:58   |
70250       |       -56784.1   |         -56513   |       -271.106   |   35:57:31   |   373:32:04   |
70300       |       -56764.3   |       -56513.8   |       -250.522   |   35:59:03   |   373:30:30   |
70350       |       -56711.2   |       -56501.8   |       -209.372   |   36:00:34   |   373:28:46   |
70400       |       -56751.5   |       -56529.6   |       -221.952   |   36:02:11   |   373:28:04   |
70450       |       -56736.8   |       -56510.3   |       -226.502   |   36:03:44   |   373:26:41   |
70500       |       -56756.2   |       -56506.6   |       -249.653   |   36:05:17   |   373:25:18   |
70550       |       -56716.5   |       -56504.6   |       -211.921   |   36:06:51   |   373:24:05   |
70600       |         -56731   |       -56514.3   |       -216.704   |   36:08:24   |   373:22:42   |
70650       |       -56729.1   |       -56509.1   |       -220.017   |   36:09:56   |   373:21:08   |
70700       |       -56725.1   |       -56505.1   |       -220.074   |   36:11:29   |   373:19:45   |
70750       |       -56742.2   |       -56512.4   |       -229.798   |   36:13:03   |   373:18:32   |
70800       |       -56776.1   |       -56521.3   |       -254.767   |   36:14:31   |   373:16:17   |
70850       |       -56749.9   |       -56500.2   |       -249.716   |   36:16:02   |   373:14:33   |
70900       |       -56802.2   |       -56515.9   |        -286.36   |   36:17:37   |   373:13:30   |
70950       |       -56752.8   |         -56504   |       -248.748   |   36:19:09   |   373:11:57   |


Iter        |      Posterior   |     Likelihood   |          Prior   |    elapsed   |        ETA   |
----------------------------------------------------------------------------------------------------
71000       |       -56714.9   |       -56500.8   |       -214.141   |   36:20:44   |   373:10:54   |
71050       |       -56752.4   |       -56509.4   |       -243.021   |   36:22:17   |   373:09:31   |
71100       |       -56738.9   |       -56514.2   |       -224.672   |   36:23:51   |   373:08:18   |
71150       |       -56748.5   |       -56518.1   |       -230.367   |   36:25:25   |   373:07:04   |
71200       |       -56720.6   |       -56516.9   |       -203.732   |   36:26:55   |   373:05:10   |
71250       |       -56745.7   |       -56516.8   |        -228.93   |   36:28:29   |   373:03:57   |
71300       |       -56766.5   |         -56536   |       -230.524   |   36:30:04   |   373:02:54   |
71350       |       -56743.7   |       -56525.9   |       -217.792   |   36:31:40   |   373:02:01   |
71400       |       -56775.5   |       -56531.4   |       -244.125   |   36:33:17   |   373:01:19   |
71450       |       -56774.8   |       -56534.1   |       -240.752   |   36:34:54   |   373:00:36   |
71500       |       -56744.2   |       -56523.2   |       -220.995   |   36:36:28   |   372:59:23   |
71550       |       -56720.7   |       -56512.9   |       -207.819   |   36:38:04   |   372:58:29   |
71600       |       -56659.2   |       -56495.5   |       -163.715   |   36:39:37   |   372:57:06   |
71650       |         -56758   |       -56512.3   |        -245.66   |   36:41:13   |   372:56:13   |
71700       |       -56727.4   |       -56512.3   |       -215.168   |   36:42:46   |   372:54:49   |
71750       |       -56769.8   |       -56512.8   |       -257.036   |   36:44:18   |   372:53:15   |
71800       |       -56768.3   |       -56487.9   |       -280.359   |   36:45:51   |   372:51:51   |
71850       |       -56730.6   |       -56501.4   |       -229.253   |   36:47:25   |   372:50:38   |
71900       |         -56737   |       -56504.2   |       -232.885   |   36:49:01   |   372:49:45   |
71950       |       -56773.8   |       -56492.1   |       -281.646   |   36:50:37   |   372:48:51   |


Iter        |      Posterior   |     Likelihood   |          Prior   |    elapsed   |        ETA   |
----------------------------------------------------------------------------------------------------
72000       |       -56780.6   |       -56504.3   |       -276.263   |   36:52:11   |   372:47:37   |
72050       |       -56800.1   |       -56504.3   |       -295.848   |   36:53:43   |   372:46:03   |
72100       |       -56737.7   |       -56522.7   |       -215.025   |   36:55:18   |   372:45:00   |
72150       |       -56749.5   |       -56515.9   |       -233.563   |   36:56:54   |   372:44:06   |
72200       |         -56755   |       -56522.3   |       -232.693   |   36:58:29   |   372:43:02   |
72250       |       -56746.3   |         -56513   |         -233.3   |   37:00:05   |   372:42:09   |
72300       |       -56761.3   |         -56534   |       -227.263   |   37:01:44   |   372:41:45   |
72350       |       -56776.4   |       -56515.8   |        -260.59   |   37:03:22   |   372:41:11   |
72400       |         -56757   |       -56508.5   |        -248.52   |   37:04:56   |   372:39:57   |
72450       |       -56759.6   |       -56520.3   |       -239.294   |   37:06:34   |   372:39:24   |
72500       |       -56775.1   |       -56521.1   |       -253.991   |   37:08:08   |   372:38:09   |
72550       |       -56744.6   |       -56506.5   |       -238.061   |   37:09:40   |   372:36:35   |
72600       |       -56760.3   |       -56531.4   |       -228.928   |   37:11:20   |   372:36:21   |
72650       |       -56739.6   |         -56515   |       -224.574   |   37:12:59   |   372:35:57   |
72700       |       -56732.6   |       -56514.7   |        -217.81   |   37:14:38   |   372:35:33   |
72750       |       -56746.8   |       -56506.7   |       -240.112   |   37:16:13   |   372:34:28   |
72800       |       -56753.6   |       -56525.9   |       -227.673   |   37:17:46   |   372:33:04   |
72850       |       -56730.1   |       -56515.1   |       -214.928   |   37:19:18   |   372:31:30   |
72900       |       -56770.3   |       -56523.9   |       -246.405   |   37:20:51   |   372:30:05   |
72950       |       -56800.5   |       -56518.5   |       -281.953   |   37:22:29   |   372:29:31   |


Iter        |      Posterior   |     Likelihood   |          Prior   |    elapsed   |        ETA   |
----------------------------------------------------------------------------------------------------
73000       |       -56790.5   |       -56525.4   |       -265.122   |   37:24:06   |   372:28:46   |
73050       |       -56757.2   |       -56517.7   |       -239.502   |   37:25:42   |   372:27:51   |
73100       |       -56786.5   |       -56521.4   |       -265.073   |   37:27:16   |   372:26:37   |
73150       |         -56744   |         -56517   |       -227.001   |   37:28:53   |   372:25:52   |
73200       |       -56741.9   |       -56535.2   |        -206.66   |   37:30:32   |   372:25:27   |
73250       |       -56799.9   |       -56518.2   |       -281.701   |   37:32:05   |   372:24:02   |
73300       |       -56764.4   |       -56507.6   |       -256.814   |   37:33:39   |   372:22:48   |
73350       |       -56737.4   |       -56498.3   |        -239.13   |   37:35:16   |   372:22:03   |
73400       |       -56747.1   |       -56510.3   |        -236.89   |   37:36:53   |   372:21:18   |
73450       |       -56759.8   |       -56505.1   |       -254.699   |   37:38:32   |   372:20:52   |
73500       |       -56735.8   |       -56512.6   |       -223.205   |   37:40:05   |   372:19:27   |
73550       |       -56729.2   |       -56513.8   |       -215.407   |   37:41:38   |   372:18:02   |
73600       |       -56750.4   |       -56511.6   |       -238.709   |   37:43:08   |   372:16:08   |
73650       |       -56799.8   |       -56524.6   |        -275.16   |   37:44:40   |   372:14:33   |
73700       |       -56757.3   |       -56510.9   |       -246.456   |   37:46:16   |   372:13:38   |
73750       |       -56760.7   |       -56532.9   |       -227.768   |   37:47:50   |   372:12:23   |
73800       |       -56738.4   |       -56527.6   |       -210.738   |   37:49:27   |   372:11:38   |
73850       |       -56739.5   |         -56507   |       -232.481   |   37:51:00   |   372:10:13   |
73900       |       -56731.6   |       -56518.6   |       -213.026   |   37:52:36   |   372:09:17   |
73950       |       -56790.2   |       -56517.7   |       -272.532   |   37:54:08   |   372:07:42   |


Iter        |      Posterior   |     Likelihood   |          Prior   |    elapsed   |        ETA   |
----------------------------------------------------------------------------------------------------
74000       |       -56768.7   |       -56508.4   |       -260.346   |   37:55:39   |   372:05:58   |
74050       |       -56769.9   |       -56512.4   |       -257.466   |   37:57:10   |   372:04:13   |
74100       |       -56707.1   |       -56504.3   |       -202.782   |   37:58:46   |   372:03:18   |
74150       |       -56731.6   |       -56525.4   |       -206.247   |   38:00:15   |   372:01:14   |
74200       |       -56768.9   |       -56522.6   |       -246.279   |   38:01:44   |   371:59:09   |
74250       |       -56776.5   |       -56526.8   |       -249.775   |   38:03:22   |   371:58:33   |
74300       |       -56755.1   |       -56516.8   |       -238.357   |   38:04:58   |   371:57:38   |
74350       |       -56763.8   |       -56530.2   |       -233.647   |   38:06:33   |   371:56:32   |
74400       |       -56753.4   |       -56518.4   |       -235.033   |   38:08:07   |   371:55:17   |
74450       |       -56770.9   |       -56514.9   |       -255.998   |   38:09:41   |   371:54:01   |
74500       |       -56772.8   |       -56507.5   |       -265.329   |   38:11:16   |   371:52:56   |
74550       |       -56719.8   |       -56506.9   |       -212.888   |   38:12:52   |   371:52:00   |
74600       |       -56776.1   |       -56524.3   |       -251.718   |   38:14:27   |   371:50:54   |
74650       |       -56770.3   |       -56523.3   |       -246.949   |   38:15:59   |   371:49:19   |
74700       |       -56738.4   |       -56520.6   |        -217.86   |   38:17:34   |   371:48:14   |
74750       |       -56751.9   |         -56515   |       -236.929   |   38:19:05   |   371:46:29   |
74800       |         -56785   |         -56522   |       -262.988   |   38:20:37   |   371:44:54   |
74850       |       -56739.6   |       -56534.6   |       -204.993   |   38:22:12   |   371:43:48   |
74900       |       -56790.9   |       -56516.3   |       -274.574   |   38:23:51   |   371:43:21   |
74950       |       -56780.1   |       -56525.4   |       -254.659   |   38:25:28   |   371:42:34   |


Iter        |      Posterior   |     Likelihood   |          Prior   |    elapsed   |        ETA   |
----------------------------------------------------------------------------------------------------
75000       |       -56684.8   |       -56506.9   |       -177.951   |   38:27:04   |   371:41:38   |
75050       |       -56750.9   |       -56524.3   |       -226.609   |   38:28:36   |   371:40:03   |
75100       |       -56808.6   |       -56529.8   |       -278.848   |   38:30:04   |   371:37:50   |
75150       |       -56757.8   |       -56530.4   |       -227.371   |   38:31:32   |   371:35:36   |
75200       |       -56787.6   |       -56517.9   |       -269.715   |   38:33:04   |   371:34:01   |
75250       |       -56794.3   |       -56528.8   |       -265.519   |   38:34:30   |   371:31:28   |
75300       |       -56765.5   |         -56534   |       -231.514   |   38:35:55   |   371:28:46   |
75350       |       -56767.5   |       -56514.6   |       -252.948   |   38:37:23   |   371:26:33   |
75400       |       -56762.1   |       -56533.9   |       -228.163   |   38:38:51   |   371:24:19   |
75450       |         -56781   |       -56517.7   |       -263.348   |   38:40:24   |   371:22:54   |
75500       |       -56755.3   |       -56531.8   |       -223.485   |   38:41:50   |   371:20:22   |
75550       |       -56755.9   |       -56537.7   |       -218.245   |   38:43:20   |   371:18:28   |
75600       |       -56752.4   |       -56541.9   |       -210.551   |   38:44:50   |   371:16:34   |
75650       |       -56794.5   |         -56518   |       -276.524   |   38:46:17   |   371:14:12   |
75700       |       -56753.7   |       -56520.3   |       -233.439   |   38:47:44   |   371:11:49   |
75750       |       -56789.8   |       -56524.2   |       -265.594   |   38:49:13   |   371:09:46   |
75800       |         -56766   |       -56518.7   |       -247.271   |   38:50:41   |   371:07:33   |
75850       |       -56743.6   |       -56516.4   |       -227.162   |   38:52:09   |   371:05:20   |
75900       |       -56768.6   |       -56535.2   |       -233.391   |   38:53:37   |   371:03:08   |
75950       |         -56726   |       -56518.3   |       -207.685   |   38:55:04   |   371:00:45   |


Iter        |      Posterior   |     Likelihood   |          Prior   |    elapsed   |        ETA   |
----------------------------------------------------------------------------------------------------
76000       |       -56780.3   |       -56545.2   |       -235.054   |   38:56:33   |   370:58:42   |
76050       |       -56731.4   |       -56536.7   |       -194.633   |   38:58:06   |   370:57:17   |
76100       |       -56770.1   |       -56520.7   |       -249.452   |   38:59:34   |   370:55:05   |
76150       |       -56779.8   |       -56521.6   |       -258.209   |   39:01:02   |   370:52:52   |
76200       |       -56758.9   |       -56516.4   |       -242.485   |   39:02:40   |   370:52:15   |
76250       |       -56748.3   |       -56515.1   |       -233.242   |   39:04:09   |   370:50:12   |
76300       |       -56716.6   |       -56514.7   |       -201.913   |   39:05:37   |   370:48:00   |
76350       |       -56754.8   |       -56532.6   |       -222.177   |   39:07:04   |   370:45:38   |
76400       |         -56749   |       -56515.6   |       -233.412   |   39:08:28   |   370:42:48   |
76450       |       -56715.2   |       -56519.7   |       -195.457   |   39:09:59   |   370:41:04   |
76500       |       -56726.3   |       -56533.1   |       -193.181   |   39:11:31   |   370:39:30   |
76550       |       -56788.9   |       -56528.9   |       -260.031   |   39:13:01   |   370:37:37   |
76600       |       -56738.6   |       -56531.3   |       -207.336   |   39:14:29   |   370:35:25   |
76650       |       -56793.3   |       -56525.6   |       -267.642   |   39:16:00   |   370:33:41   |
76700       |       -56811.5   |       -56535.3   |       -276.224   |   39:17:33   |   370:32:16   |
76750       |       -56769.4   |       -56534.2   |       -235.239   |   39:19:05   |   370:30:42   |
76800       |       -56769.4   |       -56543.6   |       -225.848   |   39:20:35   |   370:28:49   |
76850       |       -56788.5   |       -56539.4   |       -249.187   |   39:22:03   |   370:26:37   |
76900       |       -56772.1   |       -56527.2   |       -244.834   |   39:23:34   |   370:24:54   |
76950       |       -56747.1   |       -56525.5   |       -221.581   |   39:25:04   |   370:23:01   |


Iter        |      Posterior   |     Likelihood   |          Prior   |    elapsed   |        ETA   |
----------------------------------------------------------------------------------------------------
77000       |       -56737.3   |       -56520.8   |       -216.517   |   39:26:32   |   370:20:49   |
77050       |       -56732.1   |       -56530.7   |       -201.421   |   39:27:59   |   370:18:28   |
77100       |       -56765.4   |         -56533   |        -232.44   |   39:29:30   |   370:16:45   |
77150       |         -56747   |       -56519.6   |       -227.382   |   39:31:03   |   370:15:20   |
77200       |       -56811.6   |         -56531   |       -280.508   |   39:32:33   |   370:13:27   |
77250       |       -56783.7   |       -56524.1   |       -259.642   |   39:34:00   |   370:11:06   |
77300       |       -56727.2   |       -56520.8   |       -206.437   |   39:35:31   |   370:09:23   |
77350       |       -56751.6   |       -56514.3   |       -237.226   |   39:37:04   |   370:07:58   |
77400       |       -56771.6   |       -56518.3   |       -253.349   |   39:38:36   |   370:06:24   |
77450       |       -56751.7   |       -56516.1   |       -235.578   |   39:40:10   |   370:05:09   |
77500       |       -56759.2   |         -56528   |       -231.218   |   39:41:42   |   370:03:35   |
77550       |       -56774.6   |       -56520.6   |       -253.955   |   39:43:09   |   370:01:14   |
77600       |       -56729.5   |       -56511.2   |       -218.288   |   39:44:40   |   369:59:31   |
77650       |       -56734.7   |       -56505.9   |       -228.724   |   39:46:12   |   369:57:57   |
77700       |       -56778.5   |       -56513.3   |       -265.261   |   39:47:44   |   369:56:23   |
77750       |       -56716.3   |         -56508   |       -208.255   |   39:49:15   |   369:54:40   |
77800       |       -56755.6   |       -56495.3   |       -260.322   |   39:50:46   |   369:52:57   |
77850       |       -56775.3   |       -56510.7   |       -264.635   |   39:52:20   |   369:51:41   |
77900       |       -56754.4   |       -56512.4   |       -242.052   |   39:53:54   |   369:50:26   |
77950       |       -56722.7   |         -56502   |       -220.629   |   39:55:27   |   369:49:01   |


Iter        |      Posterior   |     Likelihood   |          Prior   |    elapsed   |        ETA   |
----------------------------------------------------------------------------------------------------
78000       |       -56764.8   |         -56506   |       -258.804   |   39:56:57   |   369:47:09   |
78050       |       -56734.5   |       -56504.2   |       -230.293   |   39:58:26   |   369:45:07   |
78100       |       -56773.7   |       -56520.6   |       -253.098   |   39:59:56   |   369:43:15   |
78150       |       -56767.4   |       -56515.3   |        -252.08   |   40:01:27   |   369:41:31   |
78200       |       -56721.3   |       -56503.4   |        -217.88   |   40:02:57   |   369:39:39   |
78250       |         -56792   |         -56514   |       -278.001   |   40:04:26   |   369:37:37   |
78300       |       -56757.1   |       -56481.3   |       -275.777   |   40:05:56   |   369:35:45   |
78350       |       -56769.2   |         -56515   |       -254.229   |   40:07:31   |   369:34:39   |
78400       |       -56777.6   |       -56509.3   |       -268.265   |   40:09:03   |   369:33:05   |
78450       |       -56738.3   |       -56517.3   |       -220.955   |   40:10:40   |   369:32:17   |
78500       |       -56723.9   |       -56501.3   |       -222.605   |   40:12:15   |   369:31:11   |
78550       |       -56757.3   |       -56519.6   |       -237.702   |   40:13:48   |   369:29:46   |
78600       |         -56788   |       -56515.6   |       -272.355   |   40:15:18   |   369:27:54   |
78650       |       -56795.9   |       -56517.7   |       -278.244   |   40:16:52   |   369:26:38   |
78700       |       -56811.8   |       -56533.5   |       -278.375   |   40:18:27   |   369:25:32   |
78750       |         -56715   |       -56508.1   |        -206.89   |   40:20:12   |   369:25:57   |
78800       |       -56783.6   |       -56508.4   |         -275.2   |   40:21:45   |   369:24:32   |
78850       |       -56777.2   |       -56518.2   |       -259.028   |   40:23:21   |   369:23:35   |
78900       |       -56787.7   |       -56529.4   |       -258.359   |   40:24:58   |   369:22:46   |
78950       |       -56741.2   |       -56529.4   |       -211.804   |   40:26:36   |   369:22:07   |


Iter        |      Posterior   |     Likelihood   |          Prior   |    elapsed   |        ETA   |
----------------------------------------------------------------------------------------------------
79000       |       -56779.9   |       -56531.2   |       -248.757   |   40:28:11   |   369:21:00   |
79050       |       -56814.3   |       -56522.5   |       -291.854   |   40:29:46   |   369:19:54   |
79100       |       -56743.3   |       -56536.4   |       -206.889   |   40:31:22   |   369:18:56   |
79150       |       -56800.7   |       -56528.6   |       -272.039   |   40:32:52   |   369:17:04   |
79200       |         -56742   |       -56516.3   |       -225.763   |   40:34:27   |   369:15:57   |
79250       |       -56763.2   |       -56529.9   |       -233.328   |   40:35:59   |   369:14:23   |
79300       |       -56775.2   |       -56518.6   |       -256.661   |   40:37:31   |   369:12:48   |
79350       |       -56775.5   |         -56509   |       -266.555   |   40:39:00   |   369:10:47   |
79400       |         -56738   |       -56508.8   |       -229.233   |   40:40:29   |   369:08:46   |
79450       |       -56752.9   |       -56503.7   |        -249.23   |   40:42:03   |   369:07:30   |
79500       |       -56757.8   |       -56523.1   |       -234.726   |   40:43:37   |   369:06:14   |
79550       |       -56746.8   |       -56509.6   |       -237.167   |   40:45:11   |   369:04:58   |
79600       |       -56771.6   |       -56520.7   |       -250.938   |   40:46:45   |   369:03:42   |
79650       |       -56755.1   |         -56502   |       -253.091   |   40:48:19   |   369:02:26   |
79700       |       -56768.6   |       -56508.2   |       -260.456   |   40:49:52   |   369:01:00   |
79750       |       -56747.8   |         -56501   |       -246.785   |   40:51:26   |   368:59:44   |
79800       |       -56746.8   |       -56514.9   |       -231.937   |   40:52:57   |   368:58:01   |
79850       |       -56750.3   |         -56515   |       -235.213   |   40:54:30   |   368:56:36   |
79900       |       -56752.1   |       -56520.2   |       -231.904   |   40:56:05   |   368:55:29   |
79950       |       -56699.5   |       -56506.2   |       -193.365   |   40:57:43   |   368:54:49   |


Iter        |      Posterior   |     Likelihood   |          Prior   |    elapsed   |        ETA   |
----------------------------------------------------------------------------------------------------
80000       |       -56778.7   |         -56526   |       -252.728   |   40:59:15   |   368:53:15   |
80050       |         -56792   |       -56506.6   |       -285.429   |   41:00:48   |   368:51:49   |
80100       |       -56752.7   |       -56510.7   |       -241.959   |   41:02:19   |   368:50:06   |
80150       |       -56717.6   |         -56512   |       -205.597   |   41:03:54   |   368:48:59   |
80200       |       -56777.2   |       -56516.6   |       -260.562   |   41:05:24   |   368:47:07   |
80250       |       -56747.3   |       -56512.1   |       -235.182   |   41:06:56   |   368:45:32   |
80300       |       -56751.9   |       -56500.2   |       -251.792   |   41:08:28   |   368:43:58   |
80350       |       -56751.7   |       -56513.3   |       -238.371   |   41:10:04   |   368:43:00   |
80400       |       -56803.6   |       -56526.5   |       -277.114   |   41:11:37   |   368:41:35   |
80450       |       -56757.1   |       -56515.8   |       -241.259   |   41:13:08   |   368:39:51   |
80500       |       -56798.4   |       -56517.2   |       -281.175   |   41:14:40   |   368:38:17   |
80550       |       -56828.5   |       -56543.2   |       -285.335   |   41:16:14   |   368:37:01   |
80600       |       -56806.4   |       -56539.2   |       -267.133   |   41:17:48   |   368:35:44   |
80650       |       -56788.8   |       -56532.9   |       -255.877   |   41:19:15   |   368:33:26   |
80700       |         -56731   |       -56514.2   |       -216.784   |   41:20:51   |   368:32:27   |
80750       |       -56776.8   |       -56508.2   |       -268.644   |   41:22:26   |   368:31:20   |
80800       |       -56756.4   |         -56510   |       -246.363   |   41:24:00   |   368:30:03   |
80850       |       -56738.1   |       -56503.7   |       -234.403   |   41:25:33   |   368:28:38   |
80900       |       -56775.8   |       -56514.8   |       -260.943   |   41:27:05   |   368:27:03   |
80950       |       -56730.1   |       -56522.1   |       -208.062   |   41:28:41   |   368:26:05   |


Iter        |      Posterior   |     Likelihood   |          Prior   |    elapsed   |        ETA   |
----------------------------------------------------------------------------------------------------
81000       |       -56773.3   |       -56510.6   |       -262.708   |   41:30:17   |   368:25:06   |
81050       |       -56763.5   |       -56526.3   |       -237.217   |   41:31:55   |   368:24:25   |
81100       |       -56742.5   |       -56512.1   |       -230.431   |   41:33:30   |   368:23:17   |
81150       |       -56757.6   |       -56507.7   |       -249.911   |   41:35:06   |   368:22:18   |
81200       |       -56804.9   |       -56513.1   |       -291.867   |   41:36:38   |   368:20:44   |
81250       |       -56743.7   |       -56507.8   |        -235.85   |   41:38:13   |   368:19:36   |
81300       |       -56745.6   |         -56533   |       -212.655   |   41:39:50   |   368:18:46   |
81350       |         -56779   |       -56515.4   |       -263.578   |   41:41:24   |   368:17:29   |
81400       |       -56728.7   |       -56519.6   |       -209.125   |   41:42:59   |   368:16:21   |
81450       |       -56759.9   |       -56513.4   |       -246.544   |   41:44:32   |   368:14:56   |
81500       |       -56789.2   |       -56518.4   |       -270.818   |   41:46:03   |   368:13:12   |
81550       |       -56771.9   |       -56506.2   |       -265.701   |   41:47:32   |   368:11:11   |
81600       |       -56741.3   |       -56511.4   |       -229.882   |   41:49:09   |   368:10:21   |
81650       |         -56767   |       -56509.6   |       -257.359   |   41:50:43   |   368:09:04   |
81700       |       -56803.3   |       -56524.1   |       -279.235   |   41:52:20   |   368:08:14   |
81750       |       -56745.2   |       -56524.8   |       -220.445   |   41:53:55   |   368:07:06   |
81800       |       -56740.4   |       -56513.9   |       -226.536   |   41:55:33   |   368:06:24   |
81850       |       -56790.9   |       -56513.1   |       -277.789   |   41:57:06   |   368:04:58   |
81900       |       -56744.4   |       -56516.6   |       -227.787   |   41:58:41   |   368:03:50   |
81950       |         -56790   |       -56537.1   |       -252.934   |   42:00:19   |   368:03:08   |


Iter        |      Posterior   |     Likelihood   |          Prior   |    elapsed   |        ETA   |
----------------------------------------------------------------------------------------------------
82000       |       -56714.1   |       -56505.1   |       -209.028   |   42:01:56   |   368:02:17   |
82050       |       -56742.7   |       -56519.6   |        -223.12   |   42:03:30   |   368:01:00   |
82100       |       -56778.7   |       -56503.9   |       -274.867   |   42:05:03   |   367:59:34   |
82150       |       -56750.9   |       -56510.9   |       -240.018   |   42:06:38   |   367:58:26   |
82200       |       -56740.5   |       -56518.3   |       -222.163   |   42:08:11   |   367:57:00   |
82250       |       -56746.3   |       -56508.1   |       -238.298   |   42:09:44   |   367:55:34   |
82300       |         -56754   |       -56509.6   |       -244.412   |   42:11:09   |   367:52:58   |
82350       |       -56764.1   |       -56519.8   |       -244.275   |   42:12:38   |   367:50:58   |
82400       |       -56758.4   |       -56509.3   |       -249.131   |   42:14:06   |   367:48:48   |
82450       |       -56738.6   |       -56511.4   |       -227.223   |   42:15:34   |   367:46:39   |
82500       |       -56745.4   |       -56497.9   |       -247.537   |   42:17:02   |   367:44:30   |
82550       |       -56723.7   |       -56500.8   |       -222.935   |   42:18:29   |   367:42:12   |
82600       |       -56734.8   |         -56493   |        -241.85   |   42:19:58   |   367:40:11   |
82650       |       -56760.1   |       -56507.6   |       -252.562   |   42:21:27   |   367:38:11   |
82700       |       -56739.2   |       -56504.8   |       -234.431   |   42:22:58   |   367:36:28   |
82750       |       -56740.3   |       -56514.3   |        -226.01   |   42:24:27   |   367:34:27   |
82800       |       -56761.4   |       -56514.1   |        -247.22   |   42:25:57   |   367:32:36   |
82850       |       -56766.6   |       -56497.2   |       -269.364   |   42:27:34   |   367:31:44   |
82900       |       -56733.5   |         -56517   |       -216.514   |   42:29:12   |   367:31:02   |
82950       |       -56770.1   |       -56511.1   |       -259.016   |   42:30:44   |   367:29:28   |


Iter        |      Posterior   |     Likelihood   |          Prior   |    elapsed   |        ETA   |
----------------------------------------------------------------------------------------------------
83000       |       -56751.9   |       -56504.5   |       -247.388   |   42:32:20   |   367:28:28   |
83050       |       -56748.6   |       -56505.5   |       -243.026   |   42:33:54   |   367:27:11   |
83100       |         -56750   |       -56502.8   |       -247.202   |   42:35:25   |   367:25:27   |
83150       |       -56771.2   |       -56512.7   |        -258.49   |   42:36:54   |   367:23:27   |
83200       |       -56736.9   |       -56524.8   |       -212.047   |   42:38:24   |   367:21:36   |
83250       |       -56768.6   |       -56516.1   |       -252.521   |   42:39:59   |   367:20:27   |
83300       |       -56711.8   |       -56508.2   |       -203.517   |   42:41:33   |   367:19:10   |
83350       |       -56763.2   |       -56515.4   |        -247.83   |   42:43:05   |   367:17:35   |
83400       |       -56721.6   |       -56513.7   |       -207.936   |   42:44:39   |   367:16:18   |
83450       |       -56777.5   |       -56518.6   |       -258.949   |   42:46:11   |   367:14:44   |
83500       |         -56763   |       -56506.4   |       -256.557   |   42:47:45   |   367:13:26   |
83550       |       -56729.9   |       -56517.1   |       -212.776   |   42:49:19   |   367:12:09   |
83600       |       -56712.9   |         -56497   |        -215.92   |   42:50:47   |   367:10:00   |
83650       |       -56761.4   |       -56510.1   |       -251.243   |   42:52:16   |   367:08:00   |
83700       |       -56780.7   |       -56502.9   |       -277.791   |   42:53:47   |   367:06:17   |
83750       |       -56758.5   |         -56504   |       -254.525   |   42:55:22   |   367:05:09   |
83800       |       -56764.3   |       -56501.2   |       -263.101   |   42:56:53   |   367:03:26   |
83850       |       -56744.2   |       -56502.7   |       -241.453   |   42:58:27   |   367:02:08   |
83900       |         -56773   |         -56512   |       -260.947   |   42:59:58   |   367:00:25   |
83950       |       -56796.8   |       -56526.4   |       -270.439   |   43:01:31   |   366:58:59   |


Iter        |      Posterior   |     Likelihood   |          Prior   |    elapsed   |        ETA   |
----------------------------------------------------------------------------------------------------
84000       |       -56741.9   |         -56491   |       -250.913   |   43:03:10   |   366:58:25   |
84050       |       -56748.5   |       -56504.9   |       -243.599   |   43:04:49   |   366:57:50   |
84100       |       -56773.7   |       -56512.2   |       -261.419   |   43:06:28   |   366:57:15   |
84150       |       -56734.1   |       -56500.1   |       -233.978   |   43:08:01   |   366:55:49   |
84200       |       -56777.6   |         -56521   |       -256.585   |   43:09:32   |   366:54:06   |
84250       |       -56765.9   |       -56499.4   |       -266.584   |   43:11:04   |   366:52:32   |
84300       |       -56747.7   |       -56508.7   |       -238.966   |   43:12:35   |   366:50:49   |
84350       |       -56808.7   |       -56506.8   |       -301.935   |   43:14:06   |   366:49:06   |
84400       |       -56750.7   |         -56500   |       -250.712   |   43:15:37   |   366:47:23   |
84450       |       -56782.6   |         -56510   |       -272.548   |   43:17:09   |   366:45:48   |
84500       |         -56767   |       -56517.1   |       -249.851   |   43:18:42   |   366:44:22   |
84550       |         -56760   |       -56507.1   |       -252.939   |   43:20:13   |   366:42:39   |
84600       |       -56779.9   |         -56509   |         -270.9   |   43:21:43   |   366:40:48   |
84650       |       -56742.5   |       -56507.6   |       -234.899   |   43:23:11   |   366:38:40   |
84700       |       -56716.8   |       -56500.5   |       -216.273   |   43:24:41   |   366:36:48   |
84750       |       -56757.6   |       -56504.9   |       -252.606   |   43:26:11   |   366:34:57   |
84800       |       -56737.4   |       -56507.9   |       -229.534   |   43:27:42   |   366:33:14   |
84850       |       -56711.6   |       -56507.8   |       -203.765   |   43:29:23   |   366:32:56   |
84900       |         -56750   |       -56504.5   |       -245.577   |   43:30:54   |   366:31:13   |
84950       |       -56715.8   |       -56500.7   |        -215.09   |   43:32:26   |   366:29:38   |


Iter        |      Posterior   |     Likelihood   |          Prior   |    elapsed   |        ETA   |
----------------------------------------------------------------------------------------------------
85000       |       -56708.9   |       -56494.6   |       -214.297   |   43:34:00   |   366:28:21   |
85050       |       -56743.9   |       -56521.4   |       -222.473   |   43:35:30   |   366:26:29   |
85100       |       -56751.2   |       -56518.6   |       -232.681   |   43:37:02   |   366:24:55   |
85150       |       -56728.8   |       -56497.2   |       -231.601   |   43:38:35   |   366:23:29   |
85200       |       -56774.1   |       -56510.1   |       -264.006   |   43:40:07   |   366:21:55   |
85250       |       -56752.2   |         -56515   |       -237.238   |   43:41:40   |   366:20:29   |
85300       |       -56698.6   |       -56512.1   |        -186.45   |   43:43:11   |   366:18:46   |
85350       |       -56766.6   |       -56517.4   |       -249.215   |   43:44:48   |   366:17:53   |
85400       |       -56774.5   |       -56511.6   |       -262.885   |   43:46:26   |   366:17:09   |
85450       |       -56729.8   |       -56513.1   |       -216.603   |   43:48:03   |   366:16:16   |
85500       |       -56734.9   |         -56510   |       -224.892   |   43:49:34   |   366:14:33   |
85550       |       -56743.4   |       -56513.9   |       -229.461   |   43:51:05   |   366:12:51   |
85600       |       -56749.3   |       -56512.8   |       -236.462   |   43:52:37   |   366:11:16   |
85650       |       -56734.5   |         -56530   |        -204.52   |   43:54:14   |   366:10:23   |
85700       |       -56774.1   |       -56505.6   |       -268.487   |   43:55:49   |   366:09:14   |
85750       |       -56705.6   |       -56502.5   |       -203.068   |   43:57:23   |   366:07:56   |
85800       |       -56768.5   |       -56518.2   |       -250.333   |   43:59:00   |   366:07:03   |
85850       |       -56744.7   |       -56508.4   |       -236.396   |   44:00:28   |   366:04:55   |
85900       |       -56755.7   |       -56514.2   |       -241.445   |   44:01:56   |   366:02:48   |
85950       |       -56748.1   |       -56523.7   |       -224.357   |   44:03:27   |   366:01:05   |


Iter        |      Posterior   |     Likelihood   |          Prior   |    elapsed   |        ETA   |
----------------------------------------------------------------------------------------------------
86000       |       -56734.8   |       -56523.2   |       -211.631   |   44:04:57   |   365:59:14   |
86050       |       -56731.3   |       -56508.5   |       -222.755   |   44:06:31   |   365:57:56   |
86100       |       -56748.5   |         -56500   |       -248.593   |   44:08:02   |   365:56:13   |
86150       |       -56736.6   |       -56525.3   |       -211.342   |   44:09:32   |   365:54:22   |
86200       |       -56798.4   |       -56533.6   |       -264.802   |   44:11:04   |   365:52:48   |
86250       |       -56762.4   |       -56504.6   |       -257.729   |   44:12:35   |   365:51:05   |
86300       |       -56743.1   |       -56506.6   |        -236.47   |   44:14:05   |   365:49:14   |
86350       |       -56748.5   |       -56514.7   |        -233.78   |   44:15:34   |   365:47:15   |
86400       |       -56757.2   |       -56507.2   |       -250.014   |   44:17:05   |   365:45:32   |
86450       |       -56754.3   |       -56527.5   |       -226.811   |   44:18:36   |   365:43:49   |
86500       |       -56740.3   |       -56515.1   |        -225.17   |   44:20:11   |   365:42:40   |
86550       |       -56781.5   |       -56500.7   |       -280.759   |   44:21:48   |   365:41:46   |
86600       |       -56770.8   |       -56516.5   |       -254.337   |   44:23:16   |   365:39:39   |
86650       |       -56762.3   |         -56520   |       -242.317   |   44:24:49   |   365:38:13   |
86700       |       -56769.6   |       -56519.8   |        -249.77   |   44:26:24   |   365:37:03   |
86750       |         -56734   |       -56505.7   |       -228.332   |   44:27:52   |   365:34:56   |
86800       |       -56744.3   |       -56497.3   |       -246.954   |   44:29:24   |   365:33:21   |
86850       |       -56726.4   |       -56504.8   |       -221.518   |   44:30:56   |   365:31:47   |
86900       |       -56757.2   |       -56511.6   |       -245.649   |   44:32:30   |   365:30:29   |
86950       |       -56769.2   |       -56516.8   |       -252.329   |   44:34:04   |   365:29:11   |


Iter        |      Posterior   |     Likelihood   |          Prior   |    elapsed   |        ETA   |
----------------------------------------------------------------------------------------------------
87000       |       -56740.9   |         -56513   |       -227.888   |   44:35:36   |   365:27:37   |
87050       |       -56773.4   |       -56503.6   |       -269.844   |   44:37:04   |   365:25:29   |
87100       |       -56772.3   |       -56517.6   |       -254.741   |   44:38:33   |   365:23:30   |
87150       |       -56745.7   |       -56512.1   |       -233.593   |   44:40:03   |   365:21:40   |
87200       |       -56736.8   |         -56516   |       -220.778   |   44:41:33   |   365:19:49   |
87250       |       -56764.8   |       -56512.8   |       -252.062   |   44:43:04   |   365:18:07   |
87300       |       -56742.6   |       -56526.2   |        -216.45   |   44:44:36   |   365:16:32   |
87350       |       -56774.9   |       -56507.3   |       -267.601   |   44:46:13   |   365:15:39   |
87400       |       -56776.6   |       -56519.1   |       -257.462   |   44:47:49   |   365:14:37   |
87450       |       -56723.8   |       -56526.6   |       -197.212   |   44:49:19   |   365:12:46   |
87500       |       -56790.1   |       -56517.5   |        -272.59   |   44:50:48   |   365:10:48   |
87550       |       -56723.7   |       -56516.8   |       -206.846   |   44:52:20   |   365:09:13   |
87600       |       -56771.5   |       -56513.2   |       -258.293   |   44:53:55   |   365:08:03   |
87650       |       -56768.2   |       -56514.2   |        -254.01   |   44:55:31   |   365:07:01   |
87700       |       -56759.8   |       -56511.1   |       -248.736   |   44:57:06   |   365:05:51   |
87750       |       -56715.4   |         -56524   |       -191.373   |   44:58:35   |   365:03:53   |
87800       |       -56804.1   |       -56518.6   |       -285.535   |   45:00:06   |   365:02:10   |
87850       |       -56722.9   |       -56514.5   |       -208.374   |   45:01:36   |   365:00:20   |
87900       |       -56779.8   |       -56523.7   |       -256.107   |   45:03:06   |   364:58:29   |
87950       |       -56779.2   |       -56522.4   |       -256.805   |   45:04:36   |   364:56:39   |


Iter        |      Posterior   |     Likelihood   |          Prior   |    elapsed   |        ETA   |
----------------------------------------------------------------------------------------------------
88000       |       -56796.8   |       -56515.3   |       -281.463   |   45:06:06   |   364:54:48   |
88050       |       -56789.7   |       -56540.5   |       -249.172   |   45:07:37   |   364:53:06   |
88100       |       -56755.7   |       -56528.4   |       -227.251   |   45:09:09   |   364:51:31   |
88150       |       -56776.8   |       -56525.2   |       -251.613   |   45:10:38   |   364:49:33   |
88200       |       -56794.2   |       -56537.6   |       -256.647   |   45:12:12   |   364:48:15   |
88250       |       -56729.7   |       -56520.6   |       -209.096   |   45:13:47   |   364:47:05   |
88300       |       -56777.7   |       -56536.8   |       -240.888   |   45:15:20   |   364:45:38   |
88350       |       -56772.9   |       -56524.9   |       -248.061   |   45:16:54   |   364:44:20   |
88400       |       -56778.1   |       -56525.2   |       -252.963   |   45:18:27   |   364:42:54   |
88450       |       -56762.7   |       -56522.9   |       -239.758   |   45:19:56   |   364:40:56   |
88500       |       -56768.7   |       -56515.7   |       -253.079   |   45:21:28   |   364:39:21   |
88550       |       -56766.6   |         -56509   |       -257.613   |   45:23:00   |   364:37:47   |
88600       |       -56731.7   |         -56509   |       -222.741   |   45:24:31   |   364:36:05   |
88650       |       -56820.1   |       -56527.4   |       -292.727   |   45:26:03   |   364:34:30   |
88700       |       -56795.9   |       -56510.3   |       -285.658   |   45:27:37   |   364:33:12   |
88750       |       -56774.4   |       -56510.2   |       -264.136   |   45:29:15   |   364:32:26   |
88800       |       -56749.9   |       -56500.7   |       -249.199   |   45:30:50   |   364:31:16   |
88850       |       -56798.7   |       -56510.5   |       -288.231   |   45:32:37   |   364:31:41   |
88900       |       -56830.9   |       -56514.6   |       -316.237   |   45:34:12   |   364:30:31   |
88950       |         -56789   |       -56505.8   |       -283.193   |   45:35:47   |   364:29:21   |


Iter        |      Posterior   |     Likelihood   |          Prior   |    elapsed   |        ETA   |
----------------------------------------------------------------------------------------------------
89000       |       -56765.5   |       -56508.7   |       -256.729   |   45:37:24   |   364:28:26   |
89050       |       -56781.6   |       -56516.8   |       -264.753   |   45:38:54   |   364:26:36   |
89100       |       -56753.7   |       -56527.7   |       -226.008   |   45:40:23   |   364:24:37   |
89150       |       -56774.8   |       -56534.9   |       -239.915   |   45:41:54   |   364:22:55   |
89200       |       -56748.6   |       -56526.9   |       -221.707   |   45:43:25   |   364:21:13   |
89250       |       -56791.2   |       -56529.1   |        -262.06   |   45:44:59   |   364:19:54   |
89300       |       -56741.4   |       -56523.9   |       -217.409   |   45:46:32   |   364:18:28   |
89350       |       -56827.3   |       -56542.3   |       -284.935   |   45:48:01   |   364:16:29   |
89400       |       -56758.8   |       -56519.9   |       -238.925   |   45:49:31   |   364:14:39   |
89450       |       -56744.1   |       -56525.9   |       -218.202   |   45:51:04   |   364:13:13   |
89500       |       -56756.5   |       -56522.8   |       -233.628   |   45:52:41   |   364:12:18   |
89550       |       -56761.9   |       -56520.7   |       -241.183   |   45:54:19   |   364:11:31   |
89600       |       -56755.8   |       -56517.5   |       -238.367   |   45:55:54   |   364:10:21   |
89650       |       -56766.3   |       -56525.1   |       -241.229   |   45:57:27   |   364:08:54   |
89700       |       -56771.1   |       -56507.8   |       -263.234   |   45:59:00   |   364:07:27   |
89750       |       -56752.3   |       -56510.6   |       -241.635   |   46:00:33   |   364:06:01   |
89800       |         -56755   |       -56525.4   |       -229.577   |   46:02:09   |   364:04:58   |
89850       |       -56736.5   |       -56515.5   |       -220.976   |   46:03:45   |   364:03:55   |
89900       |       -56771.9   |       -56526.4   |       -245.568   |   46:05:25   |   364:03:24   |
89950       |       -56742.1   |       -56526.2   |       -215.932   |   46:07:00   |   364:02:13   |


Iter        |      Posterior   |     Likelihood   |          Prior   |    elapsed   |        ETA   |
----------------------------------------------------------------------------------------------------
90000       |       -56759.6   |       -56524.2   |        -235.41   |   46:08:32   |   364:00:39   |
90050       |       -56751.7   |       -56532.5   |       -219.185   |   46:10:03   |   363:58:56   |
90100       |       -56765.8   |       -56531.3   |       -234.523   |   46:11:40   |   363:58:01   |
90150       |       -56750.9   |         -56535   |       -215.913   |   46:13:11   |   363:56:19   |
90200       |       -56780.3   |       -56528.4   |       -251.913   |   46:14:43   |   363:54:44   |
90250       |       -56786.5   |       -56535.7   |       -250.798   |   46:16:20   |   363:53:49   |
90300       |       -56783.2   |       -56525.6   |        -257.65   |   46:17:55   |   363:52:38   |
90350       |       -56766.6   |       -56545.7   |       -220.843   |   46:19:30   |   363:51:27   |
90400       |       -56756.1   |       -56528.9   |       -227.245   |   46:21:04   |   363:50:08   |
90450       |       -56730.1   |       -56518.1   |       -212.016   |   46:22:38   |   363:48:49   |
90500       |       -56788.6   |       -56522.2   |       -266.376   |   46:24:12   |   363:47:30   |
90550       |       -56794.1   |       -56550.9   |       -243.218   |   46:25:46   |   363:46:11   |
90600       |       -56824.2   |       -56537.1   |       -287.085   |   46:27:20   |   363:44:52   |
90650       |       -56786.9   |       -56527.2   |       -259.701   |   46:28:55   |   363:43:41   |
90700       |       -56798.9   |       -56522.8   |        -276.08   |   46:30:34   |   363:43:01   |
90750       |       -56742.1   |       -56523.2   |       -218.882   |   46:32:10   |   363:41:58   |
90800       |       -56742.5   |       -56512.1   |       -230.304   |   46:33:40   |   363:40:08   |
90850       |       -56747.8   |       -56514.2   |       -233.646   |   46:35:14   |   363:38:49   |
90900       |       -56717.3   |       -56511.4   |       -205.885   |   46:36:49   |   363:37:37   |
90950       |       -56769.6   |       -56512.6   |       -257.006   |   46:38:20   |   363:35:55   |


Iter        |      Posterior   |     Likelihood   |          Prior   |    elapsed   |        ETA   |
----------------------------------------------------------------------------------------------------
91000       |       -56760.5   |       -56524.9   |       -235.658   |   46:39:55   |   363:34:44   |
91050       |       -56756.6   |       -56513.5   |       -243.099   |   46:41:29   |   363:33:25   |
91100       |       -56726.6   |       -56512.6   |       -213.943   |   46:43:01   |   363:31:50   |
91150       |       -56757.4   |       -56535.3   |       -222.105   |   46:44:33   |   363:30:15   |
91200       |       -56725.5   |       -56522.7   |       -202.728   |   46:46:06   |   363:28:48   |
91250       |       -56696.4   |       -56520.1   |       -176.329   |   46:47:39   |   363:27:21   |
91300       |       -56777.1   |       -56517.4   |       -259.648   |   46:49:17   |   363:26:33   |
91350       |       -56781.2   |       -56517.2   |       -264.006   |   46:50:53   |   363:25:30   |
91400       |       -56770.6   |       -56519.5   |       -251.116   |   46:52:23   |   363:23:39   |
91450       |       -56738.9   |       -56525.6   |        -213.36   |   46:53:58   |   363:22:28   |
91500       |       -56773.5   |       -56535.3   |        -238.24   |   46:55:30   |   363:20:53   |
91550       |       -56759.4   |       -56535.9   |       -223.462   |   46:57:00   |   363:19:03   |
91600       |       -56774.1   |       -56519.1   |       -254.967   |   46:58:34   |   363:17:44   |
91650       |       -56769.7   |       -56541.2   |        -228.56   |   47:00:08   |   363:16:24   |
91700       |       -56746.1   |         -56516   |       -230.155   |   47:01:39   |   363:14:42   |
91750       |       -56740.1   |       -56518.2   |       -221.904   |   47:03:12   |   363:13:15   |
91800       |       -56802.7   |         -56520   |       -282.674   |   47:04:44   |   363:11:40   |
91850       |       -56806.2   |       -56534.4   |       -271.728   |   47:06:14   |   363:09:50   |
91900       |       -56777.8   |       -56523.9   |       -253.964   |   47:07:42   |   363:07:45   |
91950       |       -56776.8   |       -56530.3   |        -246.58   |   47:09:17   |   363:06:33   |


Iter        |      Posterior   |     Likelihood   |          Prior   |    elapsed   |        ETA   |
----------------------------------------------------------------------------------------------------
92000       |       -56757.9   |       -56527.9   |       -230.055   |   47:10:49   |   363:04:58   |
92050       |       -56745.1   |       -56514.2   |       -230.946   |   47:12:23   |   363:03:39   |
92100       |       -56774.6   |       -56516.8   |       -257.834   |   47:13:59   |   363:02:35   |
92150       |       -56746.5   |       -56526.8   |       -219.685   |   47:15:32   |   363:01:08   |
92200       |       -56722.9   |       -56511.2   |       -211.752   |   47:17:07   |   362:59:56   |
92250       |       -56779.5   |       -56513.2   |       -266.253   |   47:18:45   |   362:59:08   |
92300       |       -56762.7   |       -56508.5   |        -254.21   |   47:20:22   |   362:58:11   |
92350       |       -56810.3   |         -56536   |       -274.263   |   47:21:55   |   362:56:44   |
92400       |       -56792.7   |       -56528.7   |       -263.999   |   47:23:29   |   362:55:25   |
92450       |       -56778.3   |       -56521.5   |       -256.775   |   47:25:00   |   362:53:42   |
92500       |         -56781   |       -56510.8   |       -270.199   |   47:26:32   |   362:52:08   |
92550       |       -56759.7   |       -56534.6   |       -225.074   |   47:28:04   |   362:50:33   |
92600       |         -56732   |       -56515.3   |       -216.712   |   47:29:36   |   362:48:58   |
92650       |       -56725.2   |       -56521.6   |        -203.67   |   47:31:08   |   362:47:23   |
92700       |       -56744.9   |       -56518.5   |       -226.447   |   47:32:39   |   362:45:41   |
92750       |       -56793.1   |       -56521.6   |        -271.53   |   47:34:14   |   362:44:29   |
92800       |       -56729.6   |         -56512   |        -217.62   |   47:35:44   |   362:42:39   |
92850       |       -56768.2   |         -56515   |       -253.218   |   47:37:15   |   362:40:57   |
92900       |       -56772.8   |       -56525.5   |       -247.272   |   47:38:48   |   362:39:29   |
92950       |       -56776.2   |       -56521.8   |       -254.419   |   47:40:23   |   362:38:18   |


Iter        |      Posterior   |     Likelihood   |          Prior   |    elapsed   |        ETA   |
----------------------------------------------------------------------------------------------------
93000       |       -56735.8   |       -56530.3   |       -205.501   |   47:41:58   |   362:37:06   |
93050       |       -56732.5   |         -56521   |       -211.439   |   47:43:31   |   362:35:38   |
93100       |       -56774.7   |       -56521.5   |       -253.165   |   47:45:01   |   362:33:48   |
93150       |       -56724.9   |       -56519.4   |       -205.478   |   47:46:36   |   362:32:36   |
93200       |       -56716.6   |       -56518.6   |       -197.929   |   47:48:10   |   362:31:17   |
93250       |         -56741   |       -56526.6   |       -214.393   |   47:49:43   |   362:29:50   |
93300       |       -56754.3   |       -56532.4   |        -221.97   |   47:51:17   |   362:28:30   |
93350       |       -56756.7   |       -56516.1   |       -240.594   |   47:52:50   |   362:27:03   |
93400       |       -56744.3   |         -56512   |       -232.305   |   47:54:22   |   362:25:28   |
93450       |         -56789   |       -56528.7   |       -260.317   |   47:55:52   |   362:23:38   |
93500       |       -56728.9   |         -56520   |       -208.898   |   47:57:22   |   362:21:48   |
93550       |       -56796.9   |       -56533.3   |       -263.553   |   47:58:50   |   362:19:43   |
93600       |       -56735.5   |       -56532.9   |       -202.618   |   48:00:18   |   362:17:38   |
93650       |       -56783.5   |       -56533.6   |       -249.931   |   48:01:48   |   362:15:49   |
93700       |       -56771.3   |       -56546.7   |       -224.608   |   48:03:20   |   362:14:14   |
93750       |       -56750.7   |       -56530.6   |       -220.069   |   48:04:51   |   362:12:32   |
93800       |       -56779.5   |       -56533.7   |       -245.843   |   48:06:31   |   362:11:57   |
93850       |       -56830.7   |       -56541.3   |       -289.311   |   48:08:08   |   362:11:00   |
93900       |       -56811.4   |       -56541.6   |        -269.86   |   48:09:43   |   362:09:48   |
93950       |       -56804.6   |       -56534.5   |        -270.04   |   48:11:16   |   362:08:21   |


Iter        |      Posterior   |     Likelihood   |          Prior   |    elapsed   |        ETA   |
----------------------------------------------------------------------------------------------------
94000       |         -56800   |       -56530.4   |       -269.681   |   48:12:44   |   362:06:16   |
94050       |       -56788.9   |       -56533.5   |       -255.402   |   48:14:10   |   362:03:56   |
94100       |       -56771.2   |       -56527.5   |       -243.644   |   48:15:39   |   362:01:59   |
94150       |       -56762.9   |       -56531.3   |       -231.641   |   48:17:10   |   362:00:17   |
94200       |       -56782.9   |       -56540.4   |       -242.436   |   48:18:43   |   361:58:50   |
94250       |       -56768.9   |       -56517.8   |       -251.182   |   48:20:21   |   361:58:00   |
94300       |       -56734.8   |       -56511.3   |       -223.594   |   48:21:58   |   361:57:03   |
94350       |       -56756.7   |       -56521.6   |       -235.172   |   48:23:33   |   361:55:50   |
94400       |       -56748.6   |       -56522.9   |       -225.721   |   48:25:08   |   361:54:38   |
94450       |       -56790.5   |       -56530.7   |       -259.856   |   48:26:44   |   361:53:33   |
94500       |       -56755.4   |       -56512.6   |       -242.789   |   48:28:25   |   361:53:06   |
94550       |       -56797.2   |       -56514.6   |       -282.601   |   48:30:01   |   361:52:01   |
94600       |       -56791.8   |       -56508.1   |       -283.785   |   48:31:34   |   361:50:33   |
94650       |       -56724.8   |       -56514.4   |       -210.444   |   48:33:10   |   361:49:28   |
94700       |       -56793.7   |       -56517.9   |       -275.823   |   48:34:41   |   361:47:46   |
94750       |       -56792.4   |       -56526.9   |       -265.453   |   48:36:15   |   361:46:26   |
94800       |       -56806.2   |       -56525.8   |       -280.446   |   48:37:49   |   361:45:06   |
94850       |       -56767.9   |       -56515.8   |        -252.11   |   48:39:23   |   361:43:46   |
94900       |       -56784.8   |       -56517.3   |       -267.408   |   48:41:01   |   361:42:56   |
94950       |       -56773.9   |       -56512.6   |        -261.28   |   48:42:39   |   361:42:05   |


Iter        |      Posterior   |     Likelihood   |          Prior   |    elapsed   |        ETA   |
----------------------------------------------------------------------------------------------------
95000       |       -56819.9   |       -56514.8   |       -305.127   |   48:44:16   |   361:41:08   |
95050       |       -56776.7   |       -56526.1   |       -250.624   |   48:45:55   |   361:40:25   |
95100       |       -56735.9   |       -56508.1   |       -227.739   |   48:47:32   |   361:39:27   |
95150       |       -56752.1   |       -56512.8   |       -239.371   |   48:49:05   |   361:37:59   |
95200       |       -56738.5   |       -56508.8   |        -229.67   |   48:50:36   |   361:36:17   |
95250       |       -56763.5   |       -56519.2   |       -244.275   |   48:52:11   |   361:35:04   |
95300       |       -56758.9   |       -56515.3   |       -243.542   |   48:53:46   |   361:33:51   |
95350       |       -56781.6   |       -56516.6   |       -265.053   |   48:55:23   |   361:32:53   |
95400       |       -56811.1   |       -56514.2   |       -296.923   |   48:57:00   |   361:31:55   |
95450       |       -56753.2   |       -56520.9   |       -232.279   |   48:58:33   |   361:30:28   |
95500       |       -56805.9   |       -56517.8   |       -288.153   |   49:00:05   |   361:28:53   |
95550       |       -56789.1   |       -56514.3   |       -274.745   |   49:01:38   |   361:27:25   |
95600       |       -56773.9   |       -56501.8   |       -272.049   |   49:03:14   |   361:26:20   |
95650       |       -56758.6   |       -56533.9   |       -224.624   |   49:04:48   |   361:24:59   |
95700       |       -56767.8   |       -56523.6   |       -244.159   |   49:06:19   |   361:23:17   |
95750       |       -56736.9   |       -56517.3   |       -219.601   |   49:07:48   |   361:21:20   |
95800       |       -56768.4   |       -56536.3   |        -232.13   |   49:09:23   |   361:20:07   |
95850       |       -56750.2   |       -56517.2   |       -233.049   |   49:10:57   |   361:18:47   |
95900       |       -56719.9   |       -56513.5   |       -206.465   |   49:12:25   |   361:16:42   |
95950       |       -56776.6   |       -56524.1   |       -252.515   |   49:13:54   |   361:14:45   |


Iter        |      Posterior   |     Likelihood   |          Prior   |    elapsed   |        ETA   |
----------------------------------------------------------------------------------------------------
96000       |       -56758.7   |       -56527.4   |        -231.26   |   49:15:26   |   361:13:10   |
96050       |       -56776.1   |       -56523.1   |       -253.007   |   49:17:05   |   361:12:26   |
96100       |       -56724.9   |       -56519.6   |       -205.315   |   49:18:39   |   361:11:06   |
96150       |       -56746.1   |       -56520.3   |       -225.772   |   49:20:10   |   361:09:24   |
96200       |       -56778.4   |       -56515.6   |       -262.747   |   49:21:45   |   361:08:11   |
96250       |       -56750.7   |         -56514   |       -236.664   |   49:23:16   |   361:06:28   |
96300       |       -56775.4   |       -56513.5   |       -261.924   |   49:24:47   |   361:04:46   |
96350       |       -56769.9   |       -56517.7   |       -252.205   |   49:26:21   |   361:03:26   |
96400       |       -56768.6   |       -56510.5   |       -258.155   |   49:27:54   |   361:01:58   |
96450       |       -56731.4   |       -56515.7   |       -215.698   |   49:29:25   |   361:00:16   |
96500       |       -56751.8   |       -56519.3   |       -232.582   |   49:30:59   |   360:58:55   |
96550       |       -56780.4   |       -56528.9   |       -251.444   |   49:32:31   |   360:57:20   |
96600       |       -56771.2   |       -56513.4   |       -257.761   |   49:34:03   |   360:55:45   |
96650       |       -56780.2   |       -56539.3   |       -240.957   |   49:35:37   |   360:54:25   |
96700       |       -56763.1   |       -56539.8   |        -223.27   |   49:37:13   |   360:53:19   |
96750       |       -56772.7   |       -56535.7   |       -237.019   |   49:38:39   |   360:51:00   |
96800       |       -56765.5   |       -56518.1   |       -247.397   |   49:40:10   |   360:49:18   |
96850       |       -56813.9   |       -56519.8   |       -294.104   |   49:41:44   |   360:47:58   |
96900       |         -56759   |       -56526.9   |       -232.085   |   49:43:18   |   360:46:37   |
96950       |       -56743.2   |       -56524.6   |       -218.644   |   49:44:53   |   360:45:24   |


Iter        |      Posterior   |     Likelihood   |          Prior   |    elapsed   |        ETA   |
----------------------------------------------------------------------------------------------------
97000       |       -56779.7   |       -56526.3   |       -253.442   |   49:46:27   |   360:44:03   |
97050       |       -56746.2   |       -56527.4   |       -218.753   |   49:47:59   |   360:42:28   |
97100       |       -56758.1   |       -56526.8   |       -231.277   |   49:49:33   |   360:41:08   |
97150       |       -56763.8   |       -56526.5   |       -237.355   |   49:51:07   |   360:39:47   |
97200       |       -56748.9   |       -56525.9   |       -222.933   |   49:52:39   |   360:38:12   |
97250       |       -56773.5   |         -56518   |       -255.567   |   49:54:10   |   360:36:30   |
97300       |       -56759.9   |       -56529.9   |       -229.946   |   49:55:44   |   360:35:10   |
97350       |       -56764.6   |       -56527.2   |        -237.48   |   49:57:12   |   360:33:06   |
97400       |       -56743.4   |       -56522.3   |       -221.069   |   49:58:42   |   360:31:16   |
97450       |         -56756   |       -56517.5   |       -238.476   |   50:00:14   |   360:29:41   |
97500       |       -56770.2   |       -56512.4   |       -257.768   |   50:01:48   |   360:28:21   |
97550       |       -56747.6   |       -56524.6   |       -222.963   |   50:03:23   |   360:27:07   |
97600       |       -56734.1   |       -56511.6   |       -222.492   |   50:04:59   |   360:26:01   |
97650       |       -56762.1   |       -56529.3   |       -232.787   |   50:06:40   |   360:25:31   |
97700       |       -56751.3   |       -56507.8   |        -243.52   |   50:08:14   |   360:24:10   |
97750       |       -56725.9   |       -56516.8   |       -209.156   |   50:09:47   |   360:22:42   |
97800       |       -56762.1   |       -56505.2   |       -256.895   |   50:11:20   |   360:21:15   |
97850       |       -56732.2   |       -56505.7   |       -226.482   |   50:12:52   |   360:19:39   |
97900       |       -56764.3   |       -56508.9   |        -255.43   |   50:14:34   |   360:19:16   |
97950       |       -56768.9   |       -56513.1   |       -255.756   |   50:16:10   |   360:18:10   |


Iter        |      Posterior   |     Likelihood   |          Prior   |    elapsed   |        ETA   |
----------------------------------------------------------------------------------------------------
98000       |       -56755.6   |       -56502.6   |       -253.073   |   50:17:47   |   360:17:10   |
98050       |       -56754.2   |         -56504   |       -250.157   |   50:19:20   |   360:15:43   |
98100       |         -56731   |         -56521   |       -210.034   |   50:20:52   |   360:14:07   |
98150       |       -56770.9   |       -56518.2   |       -252.751   |   50:22:28   |   360:13:01   |
98200       |       -56734.6   |       -56517.1   |       -217.567   |   50:24:03   |   360:11:47   |
98250       |       -56770.2   |       -56522.6   |       -247.595   |   50:25:36   |   360:10:19   |
98300       |       -56723.5   |       -56504.1   |       -219.435   |   50:27:11   |   360:09:06   |
98350       |       -56753.1   |       -56508.7   |       -244.369   |   50:28:47   |   360:07:59   |
98400       |       -56725.4   |       -56514.5   |       -210.947   |   50:30:21   |   360:06:38   |
98450       |       -56735.2   |       -56527.7   |       -207.445   |   50:31:53   |   360:05:03   |
98500       |       -56752.8   |       -56525.9   |       -226.895   |   50:33:30   |   360:04:03   |
98550       |       -56793.3   |       -56526.5   |       -266.805   |   50:35:03   |   360:02:35   |
98600       |         -56764   |       -56518.1   |       -245.925   |   50:36:39   |   360:01:29   |
98650       |       -56804.1   |       -56530.3   |       -273.778   |   50:38:14   |   360:00:15   |
98700       |       -56782.4   |       -56532.8   |       -249.566   |   50:39:49   |   359:59:01   |
98750       |       -56798.1   |         -56527   |       -271.112   |   50:41:21   |   359:57:26   |
98800       |       -56762.8   |       -56526.3   |         -236.5   |   50:42:59   |   359:56:33   |
98850       |       -56781.4   |       -56552.4   |       -228.973   |   50:44:40   |   359:56:02   |
98900       |       -56749.2   |       -56530.3   |       -218.921   |   50:46:20   |   359:55:23   |
98950       |       -56750.6   |       -56535.8   |       -214.767   |   50:47:57   |   359:54:23   |


Iter        |      Posterior   |     Likelihood   |          Prior   |    elapsed   |        ETA   |
----------------------------------------------------------------------------------------------------
99000       |       -56771.6   |       -56535.8   |       -235.883   |   50:49:29   |   359:52:48   |
99050       |       -56796.9   |       -56535.4   |        -261.49   |   50:51:02   |   359:51:20   |
99100       |         -56819   |       -56534.5   |        -284.53   |   50:52:32   |   359:49:30   |
99150       |       -56788.3   |       -56522.1   |       -266.205   |   50:53:58   |   359:47:13   |
99200       |       -56774.8   |         -56530   |       -244.853   |   50:55:26   |   359:45:09   |
99250       |       -56786.7   |         -56548   |        -238.68   |   50:56:59   |   359:43:41   |
99300       |       -56792.3   |       -56528.2   |        -264.12   |   50:58:37   |   359:42:48   |
99350       |       -56805.5   |       -56530.6   |       -274.972   |   51:00:12   |   359:41:34   |
99400       |         -56738   |         -56532   |       -205.982   |   51:01:47   |   359:40:20   |
99450       |       -56764.9   |       -56523.4   |       -241.527   |   51:03:24   |   359:39:20   |
99500       |       -56800.9   |       -56520.2   |       -280.681   |   51:05:01   |   359:38:20   |
99550       |       -56736.5   |       -56521.9   |       -214.543   |   51:06:31   |   359:36:30   |
99600       |       -56760.3   |       -56537.9   |        -222.39   |   51:08:07   |   359:35:23   |
99650       |       -56734.5   |       -56527.6   |       -206.872   |   51:09:38   |   359:33:41   |
99700       |         -56776   |       -56545.9   |       -230.049   |   51:11:11   |   359:32:12   |
99750       |         -56782   |       -56546.8   |       -235.161   |   51:12:43   |   359:30:37   |
99800       |       -56747.8   |       -56551.3   |       -196.525   |   51:14:16   |   359:29:09   |
99850       |       -56801.5   |       -56547.5   |       -253.962   |   51:15:51   |   359:27:54   |
99900       |       -56801.8   |       -56540.4   |       -261.386   |   51:17:23   |   359:26:19   |
99950       |       -56797.5   |         -56532   |       -265.541   |   51:19:00   |   359:25:19   |


Iter        |      Posterior   |     Likelihood   |          Prior   |    elapsed   |        ETA   |
----------------------------------------------------------------------------------------------------
100000      |       -56770.7   |       -56533.2   |       -237.508   |   51:20:36   |   359:24:12   |
100050      |       -56784.8   |       -56541.7   |        -243.11   |   51:22:16   |   359:23:32   |
100100      |       -56791.8   |       -56526.6   |       -265.192   |   51:23:52   |   359:22:25   |
100150      |       -56752.4   |       -56516.7   |       -235.648   |   51:25:25   |   359:20:56   |
100200      |       -56776.6   |       -56539.5   |        -237.13   |   51:27:00   |   359:19:42   |
100250      |       -56778.7   |       -56543.2   |       -235.475   |   51:28:31   |   359:18:00   |
100300      |       -56773.8   |       -56518.1   |       -255.636   |   51:30:02   |   359:16:17   |
100350      |         -56754   |       -56514.2   |       -239.863   |   51:31:36   |   359:14:56   |
100400      |       -56752.9   |       -56537.8   |       -215.017   |   51:33:11   |   359:13:41   |
100450      |       -56781.4   |       -56551.5   |       -229.954   |   51:34:45   |   359:12:20   |
100500      |       -56773.8   |       -56527.7   |       -246.111   |   51:36:20   |   359:11:05   |
100550      |       -56776.5   |       -56524.8   |       -251.767   |   51:37:53   |   359:09:37   |
100600      |         -56761   |       -56530.1   |        -230.93   |   51:39:23   |   359:07:48   |
100650      |       -56756.4   |       -56531.5   |       -224.874   |   51:40:51   |   359:05:44   |
100700      |         -56824   |         -56540   |       -283.953   |   51:42:21   |   359:03:55   |
100750      |       -56770.6   |       -56547.9   |       -222.765   |   51:43:54   |   359:02:27   |
100800      |       -56775.8   |       -56550.7   |        -225.17   |   51:45:29   |   359:01:12   |
100850      |       -56779.3   |       -56560.2   |       -219.129   |   51:47:02   |   358:59:44   |
100900      |       -56789.2   |       -56550.4   |       -238.867   |   51:48:36   |   358:58:22   |
100950      |       -56828.6   |       -56560.6   |       -267.935   |   51:50:05   |   358:56:26   |


Iter        |      Posterior   |     Likelihood   |          Prior   |    elapsed   |        ETA   |
----------------------------------------------------------------------------------------------------
101000      |         -56816   |       -56551.8   |       -264.151   |   51:51:36   |   358:54:44   |
101050      |       -56785.6   |       -56554.6   |       -230.985   |   51:53:09   |   358:53:15   |
101100      |       -56790.3   |         -56549   |       -241.286   |   51:54:40   |   358:51:33   |
101150      |       -56787.4   |       -56552.5   |       -234.936   |   51:56:15   |   358:50:18   |
101200      |       -56810.6   |       -56564.9   |       -245.716   |   51:57:48   |   358:48:50   |
101250      |       -56798.9   |       -56545.8   |       -253.104   |   51:59:19   |   358:47:08   |
101300      |       -56750.3   |       -56547.6   |       -202.708   |   52:00:54   |   358:45:53   |
101350      |       -56799.7   |       -56558.2   |       -241.478   |   52:02:28   |   358:44:31   |
101400      |       -56865.4   |       -56538.3   |       -327.036   |   52:04:08   |   358:43:51   |
101450      |       -56773.4   |       -56548.4   |       -225.028   |   52:05:43   |   358:42:36   |
101500      |       -56772.7   |       -56549.2   |       -223.482   |   52:07:17   |   358:41:15   |
101550      |       -56795.1   |       -56556.4   |        -238.64   |   52:08:50   |   358:39:46   |
101600      |       -56788.5   |       -56548.6   |       -239.862   |   52:10:27   |   358:38:45   |
101650      |       -56750.2   |       -56537.4   |       -212.824   |   52:11:55   |   358:36:42   |
101700      |       -56793.2   |         -56552   |       -241.178   |   52:13:24   |   358:34:46   |
101750      |       -56740.9   |       -56530.7   |       -210.155   |   52:14:56   |   358:33:11   |
101800      |       -56790.3   |       -56528.1   |       -262.156   |   52:16:28   |   358:31:36   |
101850      |         -56776   |       -56524.5   |       -251.452   |   52:17:57   |   358:29:40   |
101900      |       -56796.5   |       -56535.9   |       -260.649   |   52:19:32   |   358:28:25   |
101950      |       -56762.4   |       -56529.5   |       -232.985   |   52:21:06   |   358:27:03   |


Iter        |      Posterior   |     Likelihood   |          Prior   |    elapsed   |        ETA   |
----------------------------------------------------------------------------------------------------
102000      |       -56789.8   |       -56532.3   |       -257.558   |   52:22:43   |   358:26:02   |
102050      |       -56766.6   |       -56526.9   |       -239.756   |   52:24:16   |   358:24:33   |
102100      |       -56757.1   |       -56533.4   |       -223.672   |   52:25:48   |   358:22:58   |
102150      |       -56709.1   |       -56514.5   |       -194.668   |   52:27:22   |   358:21:36   |
102200      |       -56787.4   |       -56515.3   |        -272.09   |   52:28:50   |   358:19:34   |
102250      |       -56781.6   |       -56509.4   |       -272.252   |   52:30:21   |   358:17:51   |
102300      |       -56783.1   |       -56511.9   |       -271.296   |   52:31:54   |   358:16:23   |
102350      |       -56807.2   |       -56520.4   |       -286.732   |   52:33:26   |   358:14:47   |
102400      |       -56721.9   |       -56517.6   |       -204.265   |   52:34:53   |   358:12:38   |
102450      |       -56755.5   |       -56523.7   |       -231.759   |   52:36:22   |   358:10:42   |
102500      |       -56738.5   |       -56523.5   |       -215.025   |   52:37:51   |   358:08:47   |
102550      |       -56712.1   |       -56511.5   |       -200.599   |   52:39:24   |   358:07:18   |
102600      |       -56738.3   |       -56518.4   |       -219.875   |   52:40:54   |   358:05:29   |
102650      |       -56763.3   |         -56539   |       -224.321   |   52:42:23   |   358:03:33   |
102700      |       -56736.8   |       -56516.6   |       -220.168   |   52:43:55   |   358:01:58   |
102750      |       -56790.2   |       -56525.6   |       -264.544   |   52:45:29   |   358:00:36   |
102800      |       -56773.4   |         -56549   |       -224.428   |   52:47:03   |   357:59:15   |
102850      |       -56796.4   |       -56524.9   |       -271.442   |   52:48:40   |   357:58:13   |
102900      |       -56807.3   |       -56524.8   |       -282.494   |   52:50:18   |   357:57:19   |
102950      |       -56747.5   |       -56546.9   |       -200.646   |   52:51:58   |   357:56:37   |


Iter        |      Posterior   |     Likelihood   |          Prior   |    elapsed   |        ETA   |
----------------------------------------------------------------------------------------------------
103000      |       -56755.4   |       -56523.3   |       -232.113   |   52:53:38   |   357:55:56   |
103050      |       -56731.9   |       -56537.6   |       -194.333   |   52:55:15   |   357:54:55   |
103100      |       -56733.7   |       -56528.6   |       -205.126   |   52:56:55   |   357:54:13   |
103150      |       -56759.1   |       -56530.2   |       -228.894   |   52:58:33   |   357:53:18   |
103200      |       -56773.8   |       -56520.1   |       -253.638   |   53:00:09   |   357:52:10   |
103250      |       -56772.8   |       -56519.6   |       -253.186   |   53:01:49   |   357:51:29   |
103300      |       -56743.7   |       -56522.3   |       -221.385   |   53:03:26   |   357:50:27   |
103350      |       -56750.1   |       -56522.5   |       -227.622   |   53:05:00   |   357:49:05   |
103400      |       -56698.1   |       -56517.5   |       -180.637   |   53:06:34   |   357:47:43   |
103450      |       -56736.3   |       -56527.8   |       -208.454   |   53:08:12   |   357:46:48   |
103500      |       -56739.6   |       -56508.9   |       -230.783   |   53:09:49   |   357:45:46   |
103550      |       -56770.8   |       -56539.4   |       -231.437   |   53:11:23   |   357:44:24   |
103600      |         -56748   |       -56541.4   |       -206.554   |   53:12:56   |   357:42:55   |
103650      |         -56733   |       -56518.5   |       -214.463   |   53:14:30   |   357:41:33   |
103700      |       -56696.9   |       -56510.7   |       -186.214   |   53:16:07   |   357:40:31   |
103750      |       -56770.1   |       -56500.2   |       -269.863   |   53:17:42   |   357:39:15   |
103800      |       -56739.4   |       -56514.7   |       -224.642   |   53:19:17   |   357:38:00   |
103850      |       -56741.6   |       -56526.6   |        -215.02   |   53:20:54   |   357:36:58   |
103900      |       -56748.7   |       -56510.5   |       -238.135   |   53:22:28   |   357:35:36   |
103950      |       -56778.9   |       -56538.3   |       -240.558   |   53:24:02   |   357:34:13   |


Iter        |      Posterior   |     Likelihood   |          Prior   |    elapsed   |        ETA   |
----------------------------------------------------------------------------------------------------
104000      |         -56737   |       -56512.4   |       -224.532   |   53:25:36   |   357:32:51   |
104050      |       -56725.8   |       -56502.3   |       -223.555   |   53:27:10   |   357:31:29   |
104100      |       -56738.4   |       -56502.8   |        -235.54   |   53:28:42   |   357:29:53   |
104150      |       -56765.4   |       -56511.2   |       -254.248   |   53:30:13   |   357:28:11   |
104200      |       -56760.3   |         -56519   |       -241.297   |   53:31:47   |   357:26:49   |
104250      |       -56777.6   |       -56516.2   |       -261.383   |   53:33:22   |   357:25:33   |
104300      |       -56806.4   |       -56520.6   |       -285.841   |   53:34:57   |   357:24:18   |
104350      |       -56763.2   |       -56511.3   |       -251.896   |   53:36:33   |   357:23:09   |
104400      |       -56796.8   |       -56517.6   |       -279.187   |   53:38:06   |   357:21:40   |
104450      |       -56710.1   |         -56516   |       -194.067   |   53:39:42   |   357:20:31   |
104500      |       -56725.3   |       -56512.6   |        -212.65   |   53:41:20   |   357:19:35   |
104550      |       -56750.4   |       -56517.6   |       -232.792   |   53:42:54   |   357:18:13   |
104600      |       -56781.7   |         -56525   |       -256.768   |   53:44:25   |   357:16:30   |
104650      |       -56726.2   |       -56514.1   |       -212.158   |   53:45:53   |   357:14:28   |
104700      |       -56746.6   |       -56518.6   |       -228.022   |   53:47:24   |   357:12:46   |
104750      |       -56764.5   |       -56522.6   |       -241.866   |   53:48:57   |   357:11:17   |
104800      |       -56733.9   |       -56519.9   |       -214.023   |   53:50:28   |   357:09:35   |
104850      |       -56775.7   |       -56529.9   |       -245.758   |   53:51:59   |   357:07:52   |
104900      |       -56729.8   |       -56524.7   |       -205.051   |   53:53:31   |   357:06:17   |
104950      |       -56717.9   |       -56513.3   |       -204.557   |   53:55:01   |   357:04:28   |


Iter        |      Posterior   |     Likelihood   |          Prior   |    elapsed   |        ETA   |
----------------------------------------------------------------------------------------------------
105000      |       -56729.8   |       -56502.9   |       -226.846   |   53:56:34   |   357:02:59   |
105050      |       -56744.2   |         -56504   |        -240.15   |   53:58:07   |   357:01:30   |
105100      |       -56759.2   |         -56523   |       -236.206   |   53:59:38   |   356:59:48   |
105150      |       -56753.6   |       -56527.7   |       -225.947   |   54:01:06   |   356:57:46   |
105200      |       -56748.5   |       -56519.8   |       -228.732   |   54:02:33   |   356:55:37   |
105250      |         -56772   |       -56520.9   |       -251.141   |   54:04:00   |   356:53:28   |
105300      |         -56773   |       -56544.4   |       -228.541   |   54:05:31   |   356:51:46   |
105350      |       -56737.5   |       -56525.6   |       -211.936   |   54:07:07   |   356:50:37   |
105400      |       -56744.9   |       -56514.2   |       -230.685   |   54:08:43   |   356:49:28   |
105450      |       -56737.7   |       -56521.3   |       -216.421   |   54:10:27   |   356:49:11   |
105500      |       -56727.5   |       -56532.3   |        -195.24   |   54:12:02   |   356:47:56   |
105550      |       -56723.2   |         -56536   |       -187.267   |   54:13:35   |   356:46:27   |
105600      |       -56736.8   |       -56525.9   |       -210.926   |   54:15:05   |   356:44:38   |
105650      |       -56720.2   |       -56534.6   |       -185.537   |   54:16:37   |   356:43:02   |
105700      |       -56769.1   |       -56542.8   |        -226.24   |   54:18:07   |   356:41:14   |
105750      |       -56684.6   |       -56517.5   |       -167.062   |   54:19:38   |   356:39:31   |
105800      |       -56732.5   |       -56520.7   |       -211.829   |   54:21:16   |   356:38:35   |
105850      |       -56782.7   |         -56530   |       -252.701   |   54:22:56   |   356:37:52   |
105900      |         -56756   |         -56528   |       -227.985   |   54:24:29   |   356:36:23   |
105950      |       -56777.6   |       -56520.1   |       -257.506   |   54:26:05   |   356:35:14   |


Iter        |      Posterior   |     Likelihood   |          Prior   |    elapsed   |        ETA   |
----------------------------------------------------------------------------------------------------
106000      |       -56748.9   |       -56533.8   |       -215.064   |   54:27:43   |   356:34:17   |
106050      |       -56743.4   |         -56525   |       -218.341   |   54:29:18   |   356:33:01   |
106100      |       -56798.8   |       -56535.8   |       -262.942   |   54:30:49   |   356:31:19   |
106150      |       -56789.9   |       -56542.5   |       -247.314   |   54:32:21   |   356:29:43   |
106200      |       -56778.2   |       -56544.2   |       -233.992   |   54:33:52   |   356:28:01   |
106250      |         -56781   |       -56516.4   |       -264.642   |   54:35:27   |   356:26:45   |
106300      |       -56767.6   |       -56537.1   |       -230.527   |   54:37:00   |   356:25:16   |
106350      |         -56796   |       -56531.6   |       -264.388   |   54:38:32   |   356:23:40   |
106400      |       -56778.2   |       -56528.7   |       -249.485   |   54:40:09   |   356:22:37   |
106450      |       -56784.9   |       -56537.3   |       -247.613   |   54:41:46   |   356:21:34   |
106500      |       -56748.6   |       -56533.9   |       -214.756   |   54:43:19   |   356:20:05   |
106550      |       -56754.2   |       -56516.1   |       -238.095   |   54:44:49   |   356:18:17   |
106600      |       -56781.2   |         -56528   |       -253.294   |   54:46:20   |   356:16:34   |
106650      |       -56789.1   |       -56534.1   |       -254.994   |   54:47:54   |   356:15:12   |
106700      |       -56777.6   |       -56545.7   |       -231.933   |   54:49:30   |   356:14:02   |
106750      |         -56776   |       -56526.9   |       -249.061   |   54:51:10   |   356:13:18   |
106800      |       -56794.1   |       -56512.8   |       -281.301   |   54:52:45   |   356:12:02   |
106850      |       -56751.6   |       -56504.5   |       -247.019   |   54:54:21   |   356:10:52   |
106900      |       -56796.1   |       -56521.2   |       -274.923   |   54:55:59   |   356:09:56   |
106950      |       -56726.9   |       -56502.8   |       -224.151   |   54:57:32   |   356:08:26   |


Iter        |      Posterior   |     Likelihood   |          Prior   |    elapsed   |        ETA   |
----------------------------------------------------------------------------------------------------
107000      |       -56772.7   |       -56520.7   |       -252.002   |   54:59:06   |   356:07:04   |
107050      |       -56806.2   |       -56512.1   |       -294.133   |   55:00:49   |   356:06:39   |
107100      |       -56784.4   |       -56522.5   |       -261.885   |   55:02:22   |   356:05:10   |
107150      |       -56733.1   |       -56513.4   |       -219.675   |   55:03:52   |   356:03:21   |
107200      |       -56773.1   |       -56519.2   |       -253.875   |   55:05:23   |   356:01:39   |
107250      |       -56756.7   |       -56524.2   |        -232.52   |   55:06:57   |   356:00:16   |
107300      |       -56798.2   |       -56531.7   |        -266.58   |   55:08:32   |   355:59:00   |
107350      |       -56770.2   |       -56524.1   |       -246.054   |   55:10:09   |   355:57:56   |
107400      |         -56773   |       -56535.5   |       -237.497   |   55:11:41   |   355:56:20   |
107450      |       -56738.4   |       -56530.1   |       -208.239   |   55:13:17   |   355:55:10   |
107500      |       -56736.4   |       -56529.8   |       -206.621   |   55:14:48   |   355:53:28   |
107550      |       -56758.1   |       -56523.9   |       -234.204   |   55:16:20   |   355:51:52   |
107600      |       -56741.5   |       -56522.9   |       -218.625   |   55:17:50   |   355:50:04   |
107650      |       -56756.3   |       -56526.4   |        -229.88   |   55:19:21   |   355:48:22   |
107700      |         -56798   |       -56520.7   |       -277.372   |   55:20:59   |   355:47:24   |
107750      |       -56738.8   |       -56517.3   |       -221.477   |   55:22:36   |   355:46:21   |
107800      |       -56759.9   |       -56517.3   |       -242.664   |   55:24:13   |   355:45:17   |
107850      |       -56732.2   |         -56505   |       -227.136   |   55:25:44   |   355:43:35   |
107900      |       -56779.6   |       -56509.5   |       -270.164   |   55:27:16   |   355:41:59   |
107950      |       -56777.1   |         -56522   |        -255.09   |   55:28:48   |   355:40:23   |


Iter        |      Posterior   |     Likelihood   |          Prior   |    elapsed   |        ETA   |
----------------------------------------------------------------------------------------------------
108000      |       -56782.8   |       -56545.5   |       -237.301   |   55:30:22   |   355:39:00   |
108050      |       -56744.3   |       -56525.3   |       -218.999   |   55:31:55   |   355:37:31   |
108100      |       -56788.5   |       -56530.9   |       -257.572   |   55:33:30   |   355:36:15   |
108150      |       -56768.1   |       -56522.5   |       -245.668   |   55:35:03   |   355:34:45   |
108200      |       -56778.7   |       -56537.3   |       -241.447   |   55:36:33   |   355:32:57   |
108250      |       -56748.5   |       -56534.3   |       -214.221   |   55:38:05   |   355:31:21   |
108300      |       -56750.9   |       -56518.9   |       -231.996   |   55:39:38   |   355:29:51   |
108350      |       -56748.5   |       -56509.1   |       -239.439   |   55:41:14   |   355:28:41   |
108400      |       -56747.4   |       -56518.2   |       -229.184   |   55:42:49   |   355:27:25   |
108450      |       -56768.4   |         -56532   |       -236.338   |   55:44:26   |   355:26:21   |
108500      |       -56738.1   |       -56523.7   |        -214.49   |   55:46:02   |   355:25:10   |
108550      |         -56760   |       -56534.3   |       -225.696   |   55:47:33   |   355:23:28   |
108600      |       -56785.1   |       -56535.7   |       -249.389   |   55:49:09   |   355:22:18   |
108650      |       -56775.6   |       -56524.5   |       -251.047   |   55:50:45   |   355:21:07   |
108700      |       -56744.4   |       -56527.6   |       -216.782   |   55:52:21   |   355:19:57   |
108750      |       -56737.2   |       -56533.1   |       -204.172   |   55:53:57   |   355:18:47   |
108800      |       -56759.7   |       -56528.4   |       -231.284   |   55:55:33   |   355:17:36   |
108850      |       -56785.7   |       -56525.8   |       -259.927   |   55:57:08   |   355:16:19   |
108900      |       -56797.8   |       -56531.2   |       -266.601   |   55:58:44   |   355:15:09   |
108950      |       -56743.5   |       -56543.7   |       -199.776   |   56:00:17   |   355:13:39   |


Iter        |      Posterior   |     Likelihood   |          Prior   |    elapsed   |        ETA   |
----------------------------------------------------------------------------------------------------
109000      |       -56771.1   |       -56514.2   |       -256.847   |   56:01:58   |   355:13:01   |
109050      |       -56737.1   |       -56508.1   |       -229.046   |   56:03:33   |   355:11:44   |
109100      |       -56792.3   |       -56521.3   |       -270.973   |   56:05:12   |   355:10:52   |
109150      |       -56769.2   |       -56536.3   |       -232.887   |   56:06:50   |   355:09:54   |
109200      |       -56763.3   |       -56523.4   |       -239.918   |   56:08:28   |   355:08:56   |
109250      |       -56767.7   |       -56529.3   |       -238.398   |   56:10:01   |   355:07:27   |
109300      |       -56766.3   |       -56521.1   |       -245.203   |   56:11:26   |   355:05:06   |
109350      |       -56765.8   |       -56530.5   |       -235.217   |   56:12:57   |   355:03:24   |
109400      |       -56737.6   |       -56509.5   |        -228.09   |   56:14:25   |   355:01:23   |
109450      |       -56748.5   |       -56524.1   |       -224.388   |   56:15:50   |   354:59:03   |
109500      |       -56798.2   |       -56522.2   |       -275.995   |   56:17:17   |   354:56:55   |
109550      |       -56783.6   |       -56525.6   |       -258.037   |   56:18:45   |   354:54:54   |
109600      |       -56751.2   |       -56512.1   |        -239.08   |   56:20:19   |   354:53:31   |
109650      |       -56750.1   |       -56522.9   |       -227.258   |   56:21:53   |   354:52:08   |
109700      |       -56818.1   |       -56520.9   |       -297.215   |   56:23:27   |   354:50:45   |
109750      |       -56769.3   |       -56531.7   |       -237.576   |   56:25:06   |   354:49:53   |
109800      |       -56760.1   |       -56526.9   |       -233.223   |   56:26:41   |   354:48:36   |
109850      |       -56756.6   |       -56515.7   |       -240.845   |   56:28:12   |   354:46:54   |
109900      |       -56759.9   |       -56518.2   |       -241.728   |   56:29:48   |   354:45:43   |
109950      |         -56783   |       -56527.8   |       -255.164   |   56:31:24   |   354:44:32   |


Iter        |      Posterior   |     Likelihood   |          Prior   |    elapsed   |        ETA   |
----------------------------------------------------------------------------------------------------
110000      |       -56729.2   |         -56526   |       -203.192   |   56:32:55   |   354:42:50   |
110050      |       -56755.4   |         -56507   |       -248.423   |   56:34:25   |   354:41:02   |
110100      |       -56722.6   |       -56501.6   |       -221.006   |   56:35:55   |   354:39:13   |
110150      |       -56709.9   |       -56508.6   |       -201.323   |   56:37:26   |   354:37:31   |
110200      |       -56730.5   |       -56519.8   |       -210.682   |   56:38:55   |   354:35:36   |
110250      |       -56772.8   |       -56524.4   |       -248.382   |   56:40:32   |   354:34:32   |
110300      |       -56753.5   |       -56510.6   |       -242.916   |   56:42:10   |   354:33:33   |
110350      |       -56795.1   |       -56540.6   |       -254.415   |   56:43:47   |   354:32:29   |
110400      |       -56759.3   |       -56519.4   |       -239.852   |   56:45:22   |   354:31:12   |
110450      |       -56740.1   |       -56523.4   |       -216.722   |   56:46:59   |   354:30:07   |
110500      |       -56741.7   |       -56513.7   |       -228.017   |   56:48:36   |   354:29:02   |
110550      |       -56783.7   |       -56523.4   |       -260.284   |   56:50:13   |   354:27:58   |
110600      |       -56819.2   |       -56525.1   |       -294.063   |   56:51:49   |   354:26:47   |
110650      |       -56750.8   |       -56522.3   |       -228.521   |   56:53:24   |   354:25:29   |
110700      |       -56755.4   |       -56516.3   |       -239.151   |   56:55:00   |   354:24:18   |
110750      |       -56770.8   |       -56539.1   |       -231.651   |   56:56:41   |   354:23:38   |
110800      |       -56767.9   |       -56519.1   |       -248.856   |   56:58:18   |   354:22:33   |
110850      |       -56784.7   |       -56509.4   |       -275.304   |   56:59:59   |   354:21:53   |
110900      |       -56757.1   |       -56517.5   |       -239.535   |   57:01:42   |   354:21:26   |
110950      |       -56778.1   |       -56513.6   |       -264.478   |   57:03:18   |   354:20:15   |


Iter        |      Posterior   |     Likelihood   |          Prior   |    elapsed   |        ETA   |
----------------------------------------------------------------------------------------------------
111000      |       -56760.9   |       -56517.8   |       -243.149   |   57:04:56   |   354:19:16   |
111050      |       -56750.7   |       -56510.7   |       -240.038   |   57:06:33   |   354:18:11   |
111100      |       -56718.8   |       -56519.4   |       -199.412   |   57:08:06   |   354:16:41   |
111150      |       -56770.1   |       -56517.3   |       -252.769   |   57:09:43   |   354:15:36   |
111200      |       -56757.8   |         -56505   |       -252.864   |   57:11:21   |   354:14:37   |
111250      |         -56798   |       -56521.8   |       -276.147   |   57:12:58   |   354:13:32   |
111300      |       -56773.4   |       -56527.2   |       -246.134   |   57:14:35   |   354:12:26   |
111350      |       -56759.6   |       -56515.4   |         -244.2   |   57:16:07   |   354:10:50   |
111400      |       -56713.7   |       -56513.4   |       -200.359   |   57:17:47   |   354:10:04   |
111450      |       -56735.2   |       -56530.1   |       -205.091   |   57:19:36   |   354:10:12   |
111500      |       -56781.2   |       -56516.5   |       -264.658   |   57:21:16   |   354:09:26   |
111550      |       -56753.3   |       -56515.6   |       -237.731   |   57:22:50   |   354:08:02   |
111600      |       -56788.4   |       -56536.8   |       -251.547   |   57:24:24   |   354:06:38   |
111650      |       -56746.8   |       -56516.8   |       -229.986   |   57:26:01   |   354:05:32   |
111700      |       -56740.1   |         -56520   |       -220.065   |   57:27:39   |   354:04:33   |
111750      |       -56752.3   |       -56522.6   |       -229.759   |   57:29:11   |   354:02:57   |
111800      |       -56793.7   |       -56521.8   |       -271.893   |   57:30:46   |   354:01:39   |
111850      |       -56796.2   |       -56523.8   |       -272.424   |   57:32:19   |   354:00:09   |
111900      |       -56802.4   |       -56530.4   |       -271.971   |   57:33:54   |   353:58:51   |
111950      |       -56798.7   |       -56538.3   |       -260.384   |   57:35:31   |   353:57:46   |


Iter        |      Posterior   |     Likelihood   |          Prior   |    elapsed   |        ETA   |
----------------------------------------------------------------------------------------------------
112000      |       -56798.7   |       -56532.1   |       -266.655   |   57:37:09   |   353:56:46   |
112050      |       -56776.7   |       -56519.4   |       -257.292   |   57:38:41   |   353:55:10   |
112100      |         -56746   |       -56516.9   |       -229.129   |   57:40:15   |   353:53:46   |
112150      |       -56799.2   |       -56528.8   |       -270.398   |   57:41:49   |   353:52:22   |
112200      |       -56776.6   |       -56527.6   |       -249.028   |   57:43:23   |   353:50:58   |
112250      |       -56773.5   |       -56533.8   |       -239.667   |   57:44:55   |   353:49:22   |
112300      |       -56740.2   |       -56537.8   |       -202.429   |   57:46:32   |   353:48:16   |
112350      |       -56765.2   |       -56534.3   |       -230.844   |   57:48:11   |   353:47:22   |
112400      |       -56814.7   |       -56539.6   |       -275.112   |   57:49:45   |   353:45:58   |
112450      |       -56758.1   |       -56542.6   |       -215.526   |   57:51:19   |   353:44:34   |
112500      |       -56790.7   |       -56541.6   |       -249.134   |   57:52:53   |   353:43:10   |
112550      |       -56785.3   |       -56533.4   |       -251.952   |   57:54:28   |   353:41:52   |
112600      |         -56710   |       -56533.9   |       -176.057   |   57:56:05   |   353:40:46   |
112650      |       -56739.3   |       -56521.8   |       -217.499   |   57:57:43   |   353:39:46   |
112700      |       -56767.8   |         -56534   |       -233.855   |   57:59:18   |   353:38:28   |
112750      |       -56783.1   |       -56535.4   |       -247.745   |   58:00:55   |   353:37:23   |
112800      |       -56748.7   |       -56537.9   |       -210.831   |   58:02:31   |   353:36:10   |
112850      |         -56773   |       -56539.3   |       -233.696   |   58:04:09   |   353:35:11   |
112900      |       -56742.5   |       -56518.1   |       -224.438   |   58:05:46   |   353:34:05   |
112950      |       -56793.8   |       -56530.4   |       -263.376   |   58:07:22   |   353:32:53   |


Iter        |      Posterior   |     Likelihood   |          Prior   |    elapsed   |        ETA   |
----------------------------------------------------------------------------------------------------
113000      |         -56784   |         -56544   |       -240.085   |   58:08:59   |   353:31:47   |
113050      |       -56752.4   |       -56546.9   |       -205.578   |   58:10:33   |   353:30:22   |
113100      |       -56763.8   |       -56538.1   |       -225.677   |   58:12:10   |   353:29:16   |
113150      |       -56771.6   |       -56548.3   |        -223.28   |   58:13:47   |   353:28:10   |
113200      |       -56805.2   |       -56540.6   |       -264.593   |   58:15:21   |   353:26:46   |
113250      |       -56723.4   |       -56530.8   |        -192.68   |   58:16:55   |   353:25:21   |
113300      |       -56735.6   |       -56534.6   |       -201.026   |   58:18:28   |   353:23:51   |
113350      |       -56794.3   |       -56536.9   |       -257.398   |   58:20:03   |   353:22:33   |
113400      |       -56740.4   |       -56534.9   |       -205.515   |   58:21:38   |   353:21:14   |
113450      |       -56779.4   |       -56537.3   |       -242.096   |   58:23:14   |   353:20:02   |
113500      |       -56773.7   |       -56524.6   |       -249.175   |   58:24:51   |   353:18:56   |
113550      |         -56766   |         -56530   |       -235.988   |   58:26:26   |   353:17:37   |
113600      |       -56741.9   |       -56521.8   |       -220.173   |   58:28:00   |   353:16:13   |
113650      |         -56765   |       -56541.1   |       -223.834   |   58:29:34   |   353:14:49   |
113700      |       -56752.9   |         -56530   |       -222.939   |   58:31:18   |   353:14:25   |
113750      |       -56761.3   |       -56541.5   |       -219.821   |   58:32:50   |   353:12:48   |
113800      |       -56750.2   |       -56541.9   |       -208.343   |   58:34:23   |   353:11:17   |
113850      |       -56766.9   |       -56533.4   |       -233.556   |   58:35:54   |   353:09:35   |
113900      |       -56781.8   |       -56538.3   |       -243.481   |   58:37:24   |   353:07:46   |
113950      |       -56788.3   |       -56528.2   |       -260.114   |   58:38:53   |   353:05:52   |


Iter        |      Posterior   |     Likelihood   |          Prior   |    elapsed   |        ETA   |
----------------------------------------------------------------------------------------------------
114000      |       -56724.9   |       -56522.2   |       -202.726   |   58:40:25   |   353:04:15   |
114050      |         -56723   |       -56526.2   |       -196.781   |   58:41:58   |   353:02:45   |
114100      |       -56764.4   |       -56521.7   |       -242.745   |   58:43:34   |   353:01:32   |
114150      |       -56783.9   |       -56531.6   |       -252.301   |   58:45:07   |   353:00:02   |
114200      |       -56747.5   |       -56523.1   |       -224.442   |   58:46:40   |   352:58:31   |
114250      |       -56763.1   |       -56530.4   |       -232.689   |   58:48:10   |   352:56:43   |
114300      |       -56800.7   |       -56531.3   |       -269.441   |   58:49:48   |   352:55:42   |
114350      |       -56743.3   |       -56527.9   |       -215.438   |   58:51:25   |   352:54:36   |
114400      |       -56749.9   |       -56546.9   |       -202.983   |   58:53:00   |   352:53:17   |
114450      |       -56800.7   |       -56533.1   |        -267.66   |   58:54:32   |   352:51:41   |
114500      |       -56757.3   |       -56520.4   |       -236.927   |   58:56:05   |   352:50:10   |
114550      |       -56786.6   |       -56537.6   |       -249.064   |   58:57:40   |   352:48:51   |
114600      |         -56766   |       -56520.6   |       -245.413   |   58:59:14   |   352:47:27   |
114650      |       -56738.8   |       -56514.1   |       -224.726   |   59:00:50   |   352:46:14   |
114700      |       -56728.1   |       -56532.1   |        -196.06   |   59:02:28   |   352:45:14   |
114750      |       -56753.6   |       -56524.1   |       -229.501   |   59:04:05   |   352:44:07   |
114800      |       -56769.1   |       -56542.2   |       -226.854   |   59:05:34   |   352:42:12   |
114850      |       -56770.9   |       -56524.2   |        -246.68   |   59:07:10   |   352:41:00   |
114900      |       -56764.5   |       -56523.1   |       -241.435   |   59:08:43   |   352:39:29   |
114950      |       -56750.6   |       -56525.5   |       -225.151   |   59:10:16   |   352:37:58   |


Iter        |      Posterior   |     Likelihood   |          Prior   |    elapsed   |        ETA   |
----------------------------------------------------------------------------------------------------
115000      |       -56780.3   |       -56526.3   |        -253.97   |   59:11:48   |   352:36:22   |
115050      |       -56765.3   |       -56530.2   |        -235.08   |   59:13:21   |   352:34:51   |
115100      |       -56775.1   |       -56524.9   |       -250.197   |   59:14:57   |   352:33:39   |
115150      |       -56767.9   |       -56538.7   |       -229.215   |   59:16:30   |   352:32:08   |
115200      |       -56787.1   |       -56532.3   |       -254.784   |   59:18:01   |   352:30:25   |
115250      |       -56730.2   |       -56530.8   |       -199.395   |   59:19:27   |   352:28:13   |
115300      |       -56738.8   |       -56533.3   |       -205.462   |   59:20:58   |   352:26:31   |
115350      |       -56769.3   |       -56529.4   |       -239.982   |   59:22:34   |   352:25:18   |
115400      |       -56749.1   |       -56529.4   |       -219.669   |   59:24:06   |   352:23:41   |
115450      |       -56746.9   |       -56523.7   |       -223.275   |   59:25:40   |   352:22:17   |
115500      |       -56796.9   |       -56534.1   |       -262.839   |   59:27:17   |   352:21:10   |
115550      |       -56764.5   |       -56513.5   |       -250.956   |   59:28:49   |   352:19:33   |
115600      |       -56737.4   |       -56516.2   |       -221.124   |   59:30:20   |   352:17:51   |
115650      |       -56787.1   |       -56526.6   |       -260.484   |   59:31:54   |   352:16:26   |
115700      |       -56792.8   |       -56527.5   |       -265.392   |   59:33:24   |   352:14:38   |
115750      |       -56742.4   |         -56516   |       -226.394   |   59:34:58   |   352:13:13   |
115800      |       -56781.2   |         -56527   |       -254.139   |   59:36:33   |   352:11:54   |
115850      |       -56815.6   |       -56532.2   |       -283.408   |   59:38:08   |   352:10:35   |
115900      |         -56766   |       -56525.7   |        -240.31   |   59:39:43   |   352:09:17   |
115950      |       -56806.6   |       -56540.2   |       -266.448   |   59:41:19   |   352:08:04   |


Iter        |      Posterior   |     Likelihood   |          Prior   |    elapsed   |        ETA   |
----------------------------------------------------------------------------------------------------
116000      |       -56774.4   |       -56523.4   |       -250.977   |   59:42:53   |   352:06:39   |
116050      |         -56724   |         -56507   |        -217.01   |   59:44:25   |   352:05:02   |
116100      |       -56722.3   |       -56515.1   |       -207.169   |   59:45:57   |   352:03:26   |
116150      |       -56766.7   |         -56513   |       -253.712   |   59:47:28   |   352:01:43   |
116200      |       -56749.8   |       -56512.3   |       -237.478   |   59:48:57   |   351:59:49   |
116250      |       -56759.2   |       -56525.3   |        -233.94   |   59:50:32   |   351:58:30   |
116300      |       -56718.4   |       -56503.9   |         -214.5   |   59:52:08   |   351:57:17   |
116350      |       -56729.5   |       -56521.6   |       -207.879   |   59:53:43   |   351:55:58   |
116400      |       -56719.1   |       -56522.5   |       -196.592   |   59:55:17   |   351:54:34   |
116450      |         -56740   |       -56509.5   |       -230.478   |   59:56:49   |   351:52:57   |
116500      |       -56733.6   |         -56527   |       -206.594   |   59:58:22   |   351:51:26   |
116550      |       -56754.7   |       -56519.6   |       -235.087   |   59:59:52   |   351:49:38   |
116600      |       -56746.1   |       -56509.5   |        -236.57   |   60:01:25   |   351:48:07   |
116650      |       -56699.9   |       -56518.7   |       -181.216   |   60:02:57   |   351:46:31   |
116700      |       -56774.9   |       -56519.2   |       -255.709   |   60:04:26   |   351:44:37   |
116750      |       -56758.5   |       -56521.2   |       -237.291   |   60:06:03   |   351:43:30   |
116800      |       -56724.8   |       -56521.7   |       -203.147   |   60:07:40   |   351:42:22   |
116850      |       -56703.9   |       -56506.8   |       -197.097   |   60:09:18   |   351:41:21   |
116900      |       -56777.9   |         -56518   |       -259.907   |   60:10:57   |   351:40:25   |
116950      |       -56718.5   |       -56519.8   |       -198.735   |   60:12:36   |   351:39:29   |


Iter        |      Posterior   |     Likelihood   |          Prior   |    elapsed   |        ETA   |
----------------------------------------------------------------------------------------------------
117000      |       -56769.6   |       -56517.9   |        -251.75   |   60:14:16   |   351:38:40   |
117050      |         -56713   |       -56515.2   |       -197.765   |   60:15:47   |   351:36:57   |
117100      |       -56786.3   |       -56528.4   |       -257.856   |   60:17:21   |   351:35:32   |
117150      |       -56689.9   |       -56501.3   |       -188.588   |   60:18:54   |   351:34:01   |
117200      |       -56698.3   |       -56506.1   |       -192.196   |   60:20:30   |   351:32:48   |
117250      |       -56744.7   |       -56506.6   |       -238.095   |   60:22:02   |   351:31:12   |
117300      |       -56802.8   |       -56518.6   |       -284.236   |   60:23:39   |   351:30:04   |
117350      |       -56783.8   |       -56513.7   |       -270.157   |   60:25:18   |   351:29:08   |
117400      |       -56765.5   |       -56510.1   |       -255.428   |   60:26:54   |   351:27:55   |
117450      |       -56794.8   |       -56527.2   |       -267.666   |   60:28:26   |   351:26:18   |
117500      |         -56796   |       -56513.5   |       -282.485   |   60:30:00   |   351:24:53   |
117550      |       -56743.7   |       -56515.6   |       -228.124   |   60:31:37   |   351:23:46   |
117600      |       -56784.3   |       -56521.8   |       -262.543   |   60:33:13   |   351:22:32   |
117650      |       -56742.1   |       -56521.2   |       -220.877   |   60:34:49   |   351:21:19   |
117700      |       -56753.4   |       -56504.2   |       -249.237   |   60:36:21   |   351:19:42   |
117750      |       -56719.9   |       -56516.8   |       -203.118   |   60:37:56   |   351:18:23   |
117800      |       -56725.2   |       -56517.7   |       -207.542   |   60:39:31   |   351:17:03   |
117850      |       -56763.3   |       -56526.1   |       -237.176   |   60:41:09   |   351:16:01   |
117900      |       -56725.6   |       -56515.7   |       -209.963   |   60:42:46   |   351:14:54   |
117950      |       -56729.7   |       -56513.7   |       -216.095   |   60:44:19   |   351:13:23   |


Iter        |      Posterior   |     Likelihood   |          Prior   |    elapsed   |        ETA   |
----------------------------------------------------------------------------------------------------
118000      |       -56783.5   |       -56512.5   |       -271.004   |   60:45:48   |   351:11:29   |
118050      |       -56750.6   |       -56511.5   |       -239.161   |   60:47:22   |   351:10:04   |
118100      |       -56727.6   |       -56518.5   |       -209.057   |   60:49:01   |   351:09:07   |
118150      |       -56726.4   |       -56513.5   |       -212.989   |   60:50:36   |   351:07:48   |
118200      |       -56810.6   |       -56516.7   |       -293.904   |   60:52:11   |   351:06:29   |
118250      |       -56757.1   |       -56531.3   |       -225.789   |   60:53:43   |   351:04:52   |
118300      |       -56798.5   |       -56528.2   |       -270.333   |   60:55:17   |   351:03:27   |
118350      |       -56750.7   |       -56530.6   |       -220.075   |   60:56:50   |   351:01:56   |
118400      |         -56726   |       -56512.1   |        -213.95   |   60:58:27   |   351:00:48   |
118450      |       -56779.7   |       -56517.8   |       -261.866   |   61:00:03   |   350:59:34   |
118500      |       -56809.6   |         -56533   |       -276.625   |   61:01:41   |   350:58:32   |
118550      |       -56764.2   |       -56517.2   |       -246.961   |   61:03:18   |   350:57:24   |
118600      |       -56731.9   |       -56517.3   |       -214.634   |   61:04:53   |   350:56:05   |
118650      |         -56755   |       -56533.3   |       -221.721   |   61:06:31   |   350:55:02   |
118700      |       -56792.2   |       -56513.7   |        -278.47   |   61:08:09   |   350:54:00   |
118750      |       -56782.8   |         -56522   |       -260.827   |   61:09:47   |   350:52:58   |
118800      |       -56812.7   |       -56537.1   |       -275.649   |   61:11:24   |   350:51:49   |
118850      |       -56777.6   |       -56528.2   |       -249.366   |   61:12:57   |   350:50:18   |
118900      |       -56746.8   |         -56528   |       -218.792   |   61:14:28   |   350:48:36   |
118950      |       -56731.5   |       -56518.5   |       -212.945   |   61:16:01   |   350:47:05   |


Iter        |      Posterior   |     Likelihood   |          Prior   |    elapsed   |        ETA   |
----------------------------------------------------------------------------------------------------
119000      |       -56783.6   |       -56521.8   |       -261.825   |   61:17:36   |   350:45:45   |
119050      |       -56791.4   |       -56540.7   |       -250.612   |   61:19:12   |   350:44:31   |
119100      |         -56740   |       -56542.7   |       -197.279   |   61:20:45   |   350:43:00   |
119150      |       -56759.4   |       -56531.1   |       -228.326   |   61:22:17   |   350:41:23   |
119200      |       -56789.6   |       -56513.4   |       -276.225   |   61:23:46   |   350:39:29   |
119250      |       -56765.7   |         -56531   |       -234.627   |   61:25:16   |   350:37:41   |
119300      |       -56748.6   |       -56536.1   |       -212.535   |   61:26:45   |   350:35:47   |
119350      |       -56770.2   |       -56519.9   |       -250.276   |   61:28:19   |   350:34:22   |
119400      |       -56792.6   |       -56525.1   |       -267.513   |   61:29:57   |   350:33:19   |
119450      |       -56782.6   |         -56524   |       -258.566   |   61:31:35   |   350:32:17   |
119500      |       -56809.5   |       -56522.6   |       -286.847   |   61:33:07   |   350:30:40   |
119550      |       -56795.8   |       -56526.9   |       -268.922   |   61:34:40   |   350:29:09   |
119600      |       -56787.5   |       -56517.3   |       -270.155   |   61:36:13   |   350:27:38   |
119650      |       -56794.4   |       -56521.4   |       -272.927   |   61:37:47   |   350:26:13   |
119700      |       -56769.7   |         -56515   |       -254.717   |   61:39:21   |   350:24:47   |
119750      |       -56770.2   |         -56517   |       -253.278   |   61:40:56   |   350:23:27   |
119800      |         -56776   |       -56523.8   |       -252.127   |   61:42:28   |   350:21:51   |
119850      |       -56739.3   |       -56522.1   |       -217.233   |   61:43:59   |   350:20:08   |
119900      |       -56748.7   |       -56511.5   |       -237.254   |   61:45:29   |   350:18:20   |
119950      |       -56761.3   |       -56521.9   |        -239.44   |   61:47:01   |   350:16:43   |


Iter        |      Posterior   |     Likelihood   |          Prior   |    elapsed   |        ETA   |
----------------------------------------------------------------------------------------------------
120000      |       -56746.2   |       -56526.3   |       -219.935   |   61:48:36   |   350:15:24   |
120050      |       -56808.9   |       -56533.7   |       -275.233   |   61:50:10   |   350:13:58   |
120100      |       -56753.8   |       -56528.1   |        -225.75   |   61:51:45   |   350:12:38   |
120150      |       -56770.2   |       -56537.1   |       -233.171   |   61:53:23   |   350:11:35   |
120200      |       -56777.8   |       -56533.4   |       -244.353   |   61:55:02   |   350:10:38   |
120250      |       -56780.9   |       -56525.4   |       -255.428   |   61:56:39   |   350:09:30   |
120300      |       -56810.6   |       -56541.6   |       -268.983   |   61:58:13   |   350:08:04   |
120350      |       -56803.1   |       -56527.2   |       -275.848   |   61:59:44   |   350:06:22   |
120400      |         -56820   |       -56546.4   |       -273.644   |   62:01:17   |   350:04:51   |
120450      |       -56765.8   |       -56517.4   |       -248.424   |   62:02:49   |   350:03:14   |
120500      |       -56745.3   |       -56534.6   |       -210.691   |   62:04:22   |   350:01:43   |
120550      |       -56759.1   |       -56529.7   |       -229.314   |   62:05:56   |   350:00:17   |
120600      |       -56775.8   |       -56538.4   |       -237.466   |   62:07:29   |   349:58:46   |
120650      |       -56778.5   |       -56546.8   |       -231.711   |   62:09:03   |   349:57:20   |
120700      |       -56775.1   |       -56524.8   |       -250.229   |   62:10:40   |   349:56:12   |
120750      |       -56785.2   |       -56532.5   |       -252.727   |   62:12:16   |   349:54:57   |
120800      |       -56758.3   |       -56533.8   |        -224.45   |   62:13:49   |   349:53:26   |
120850      |       -56755.5   |       -56529.6   |       -225.875   |   62:15:19   |   349:51:38   |
120900      |       -56800.3   |       -56538.3   |       -261.969   |   62:16:53   |   349:50:13   |
120950      |         -56795   |       -56530.7   |       -264.326   |   62:18:27   |   349:48:47   |


Iter        |      Posterior   |     Likelihood   |          Prior   |    elapsed   |        ETA   |
----------------------------------------------------------------------------------------------------
121000      |       -56798.3   |       -56543.2   |       -255.117   |   62:20:07   |   349:47:55   |
121050      |       -56766.1   |       -56541.2   |       -224.957   |   62:21:48   |   349:47:09   |
121100      |       -56789.5   |       -56539.6   |       -249.883   |   62:23:26   |   349:46:06   |
121150      |       -56785.6   |       -56528.8   |       -256.777   |   62:25:03   |   349:44:57   |
121200      |       -56754.5   |       -56533.7   |       -220.804   |   62:26:37   |   349:43:31   |
121250      |       -56750.4   |       -56510.9   |       -239.486   |   62:28:15   |   349:42:28   |
121300      |       -56731.2   |         -56518   |       -213.275   |   62:29:47   |   349:40:51   |
121350      |       -56785.4   |       -56517.5   |       -267.881   |   62:31:21   |   349:39:25   |
121400      |       -56749.4   |       -56514.6   |       -234.878   |   62:32:52   |   349:37:43   |
121450      |       -56730.8   |         -56515   |       -215.799   |   62:34:30   |   349:36:39   |
121500      |       -56771.4   |       -56512.5   |       -258.896   |   62:36:02   |   349:35:03   |
121550      |       -56733.8   |       -56516.3   |       -217.561   |   62:37:37   |   349:33:42   |
121600      |       -56747.7   |       -56516.8   |       -230.901   |   62:39:07   |   349:31:54   |
121650      |       -56757.3   |       -56508.3   |       -249.007   |   62:40:45   |   349:30:51   |
121700      |       -56803.2   |       -56532.4   |       -270.815   |   62:42:19   |   349:29:25   |
121750      |       -56760.5   |       -56513.1   |       -247.427   |   62:43:50   |   349:27:43   |
121800      |       -56789.3   |       -56543.5   |       -245.758   |   62:45:26   |   349:26:28   |
121850      |       -56769.3   |       -56522.9   |        -246.44   |   62:47:02   |   349:25:13   |
121900      |       -56736.7   |       -56507.1   |       -229.522   |   62:48:35   |   349:23:42   |
121950      |       -56762.9   |       -56516.5   |       -246.373   |   62:50:08   |   349:22:11   |


Iter        |      Posterior   |     Likelihood   |          Prior   |    elapsed   |        ETA   |
----------------------------------------------------------------------------------------------------
122000      |       -56767.1   |       -56500.4   |       -266.705   |   62:51:43   |   349:20:51   |
122050      |       -56775.6   |       -56527.8   |       -247.804   |   62:53:19   |   349:19:36   |
122100      |       -56789.5   |       -56515.6   |       -273.834   |   62:54:56   |   349:18:27   |
122150      |       -56760.1   |         -56516   |       -244.106   |   62:56:30   |   349:17:01   |
122200      |       -56753.6   |       -56503.2   |        -250.41   |   62:58:03   |   349:15:30   |
122250      |       -56733.5   |       -56504.5   |       -228.962   |   62:59:36   |   349:13:58   |
122300      |       -56765.6   |       -56530.2   |       -235.429   |   63:01:12   |   349:12:43   |
122350      |       -56781.4   |       -56508.5   |       -272.913   |   63:02:44   |   349:11:07   |
122400      |       -56749.3   |       -56512.8   |       -236.404   |   63:04:18   |   349:09:41   |
122450      |       -56755.8   |         -56515   |       -240.801   |   63:06:07   |   349:09:38   |
122500      |       -56789.7   |       -56502.2   |       -287.536   |   63:07:41   |   349:08:12   |
122550      |       -56731.1   |       -56508.9   |        -222.24   |   63:09:14   |   349:06:41   |
122600      |       -56754.4   |         -56520   |       -234.443   |   63:10:47   |   349:05:09   |
122650      |       -56784.9   |       -56523.6   |       -261.339   |   63:12:23   |   349:03:54   |
122700      |       -56742.9   |       -56531.9   |       -210.936   |   63:14:04   |   349:03:07   |
122750      |       -56755.7   |       -56530.5   |       -225.197   |   63:15:44   |   349:02:14   |
122800      |       -56771.6   |       -56521.5   |       -250.153   |   63:17:21   |   349:01:05   |
122850      |       -56762.7   |       -56521.2   |       -241.489   |   63:18:50   |   348:59:11   |
122900      |       -56803.4   |         -56530   |       -273.406   |   63:20:23   |   348:57:40   |
122950      |       -56827.1   |       -56521.4   |       -305.724   |   63:21:54   |   348:55:57   |


Iter        |      Posterior   |     Likelihood   |          Prior   |    elapsed   |        ETA   |
----------------------------------------------------------------------------------------------------
123000      |         -56757   |       -56518.3   |       -238.667   |   63:23:27   |   348:54:26   |
123050      |         -56799   |       -56517.3   |       -281.689   |   63:25:04   |   348:53:16   |
123100      |       -56764.5   |       -56512.8   |         -251.7   |   63:26:38   |   348:51:50   |
123150      |       -56743.3   |       -56507.4   |       -235.944   |   63:28:11   |   348:50:19   |
123200      |         -56765   |       -56502.3   |        -262.71   |   63:29:44   |   348:48:47   |
123250      |       -56797.7   |       -56535.5   |        -262.18   |   63:31:17   |   348:47:16   |
123300      |       -56791.4   |       -56511.2   |        -280.21   |   63:32:47   |   348:45:28   |
123350      |         -56750   |       -56513.8   |       -236.214   |   63:34:17   |   348:43:40   |
123400      |         -56796   |       -56526.2   |       -269.843   |   63:35:54   |   348:42:30   |
123450      |       -56741.8   |       -56524.1   |       -217.673   |   63:37:32   |   348:41:26   |
123500      |         -56797   |       -56524.4   |       -272.606   |   63:39:09   |   348:40:16   |
123550      |       -56742.9   |       -56510.8   |       -232.099   |   63:40:42   |   348:38:45   |
123600      |       -56718.4   |       -56527.8   |       -190.562   |   63:42:16   |   348:37:19   |
123650      |       -56746.1   |       -56521.9   |         -224.2   |   63:43:50   |   348:35:53   |
123700      |       -56769.9   |       -56539.2   |       -230.699   |   63:45:22   |   348:34:16   |
123750      |       -56757.5   |       -56531.7   |       -225.799   |   63:46:50   |   348:32:17   |
123800      |       -56759.3   |       -56535.3   |        -224.01   |   63:48:20   |   348:30:29   |
123850      |       -56731.9   |       -56521.7   |       -210.172   |   63:49:51   |   348:28:47   |
123900      |       -56768.6   |       -56531.2   |       -237.337   |   63:51:25   |   348:27:21   |
123950      |       -56742.1   |       -56511.5   |       -230.624   |   63:52:59   |   348:25:55   |


Iter        |      Posterior   |     Likelihood   |          Prior   |    elapsed   |        ETA   |
----------------------------------------------------------------------------------------------------
124000      |       -56759.6   |       -56516.4   |       -243.166   |   63:54:33   |   348:24:28   |
124050      |       -56783.8   |       -56506.8   |       -276.994   |   63:56:03   |   348:22:41   |
124100      |       -56728.1   |       -56513.3   |       -214.861   |   63:57:37   |   348:21:14   |
124150      |       -56783.8   |         -56526   |       -257.816   |   63:59:11   |   348:19:48   |
124200      |       -56770.2   |       -56521.7   |       -248.503   |   64:00:50   |   348:18:50   |
124250      |       -56778.3   |       -56531.5   |        -246.77   |   64:02:30   |   348:17:56   |
124300      |       -56741.9   |       -56529.4   |       -212.565   |   64:04:07   |   348:16:46   |
124350      |       -56725.9   |         -56521   |       -204.879   |   64:05:44   |   348:15:36   |
124400      |       -56755.7   |         -56515   |       -240.755   |   64:07:22   |   348:14:32   |
124450      |       -56739.4   |       -56514.6   |       -224.809   |   64:09:00   |   348:13:28   |
124500      |       -56738.2   |       -56517.7   |       -220.503   |   64:10:35   |   348:12:07   |
124550      |       -56764.6   |       -56512.6   |        -251.95   |   64:12:09   |   348:10:41   |
124600      |       -56727.8   |       -56512.8   |       -215.045   |   64:13:43   |   348:09:14   |
124650      |       -56768.9   |       -56512.2   |       -256.728   |   64:15:15   |   348:07:37   |
124700      |       -56760.4   |       -56515.1   |       -245.286   |   64:16:44   |   348:05:44   |
124750      |       -56777.8   |       -56526.4   |       -251.398   |   64:18:13   |   348:03:51   |
124800      |       -56757.9   |       -56519.6   |       -238.336   |   64:19:48   |   348:02:30   |
124850      |       -56747.6   |       -56518.2   |       -229.401   |   64:21:24   |   348:01:15   |
124900      |       -56762.4   |       -56523.6   |       -238.729   |   64:23:00   |   347:59:59   |
124950      |         -56743   |       -56510.8   |        -232.13   |   64:24:34   |   347:58:33   |


Iter        |      Posterior   |     Likelihood   |          Prior   |    elapsed   |        ETA   |
----------------------------------------------------------------------------------------------------
125000      |         -56795   |         -56524   |       -270.936   |   64:26:06   |   347:56:56   |
125050      |       -56761.7   |       -56516.8   |       -244.842   |   64:27:38   |   347:55:19   |
125100      |         -56725   |       -56517.3   |       -207.644   |   64:29:13   |   347:53:58   |
125150      |       -56775.4   |       -56524.1   |       -251.302   |   64:30:52   |   347:52:59   |
125200      |       -56772.5   |       -56530.6   |       -241.898   |   64:32:23   |   347:51:16   |
125250      |       -56780.1   |       -56519.4   |       -260.719   |   64:33:58   |   347:49:55   |
125300      |       -56758.8   |       -56507.4   |       -251.354   |   64:35:33   |   347:48:35   |
125350      |       -56768.8   |       -56529.9   |       -238.911   |   64:37:10   |   347:47:24   |
125400      |       -56798.4   |       -56519.5   |       -278.858   |   64:38:49   |   347:46:25   |
125450      |       -56774.1   |       -56516.6   |       -257.504   |   64:40:21   |   347:44:48   |
125500      |       -56755.2   |       -56521.2   |       -234.023   |   64:41:55   |   347:43:22   |
125550      |       -56737.1   |       -56510.8   |       -226.316   |   64:43:27   |   347:41:45   |
125600      |       -56718.4   |       -56502.8   |       -215.563   |   64:45:01   |   347:40:18   |
125650      |       -56740.8   |       -56524.3   |       -216.558   |   64:46:33   |   347:38:41   |
125700      |       -56769.1   |       -56518.3   |       -250.873   |   64:48:08   |   347:37:20   |
125750      |       -56723.5   |       -56513.4   |       -210.168   |   64:49:41   |   347:35:49   |
125800      |       -56732.5   |       -56512.5   |       -219.992   |   64:51:17   |   347:34:33   |
125850      |       -56782.8   |       -56525.7   |       -257.073   |   64:52:56   |   347:33:33   |
125900      |       -56746.2   |       -56511.4   |       -234.718   |   64:54:32   |   347:32:18   |
125950      |       -56810.7   |       -56523.3   |       -287.387   |   64:56:07   |   347:30:57   |


Iter        |      Posterior   |     Likelihood   |          Prior   |    elapsed   |        ETA   |
----------------------------------------------------------------------------------------------------
126000      |       -56737.3   |       -56518.8   |       -218.479   |   64:57:41   |   347:29:30   |
126050      |       -56799.8   |       -56519.5   |       -280.278   |   64:59:12   |   347:27:48   |
126100      |       -56793.3   |       -56551.5   |       -241.807   |   65:00:41   |   347:25:55   |
126150      |         -56818   |       -56523.7   |       -294.289   |   65:02:14   |   347:24:23   |
126200      |       -56787.8   |       -56518.3   |       -269.422   |   65:03:47   |   347:22:51   |
126250      |         -56771   |       -56518.5   |       -252.512   |   65:05:24   |   347:21:41   |
126300      |       -56733.1   |       -56504.1   |        -228.93   |   65:06:55   |   347:19:58   |
126350      |       -56784.9   |       -56530.5   |       -254.392   |   65:08:22   |   347:17:55   |
126400      |       -56755.9   |       -56519.8   |       -236.141   |   65:09:52   |   347:16:07   |
126450      |       -56764.1   |         -56529   |       -235.071   |   65:11:19   |   347:14:03   |
126500      |       -56794.6   |       -56519.8   |       -274.774   |   65:12:50   |   347:12:21   |
126550      |       -56776.2   |       -56525.3   |       -250.904   |   65:14:19   |   347:10:28   |
126600      |       -56795.8   |       -56532.3   |        -263.46   |   65:15:54   |   347:09:07   |
126650      |       -56780.5   |       -56518.7   |       -261.753   |   65:17:31   |   347:07:56   |
126700      |       -56721.7   |       -56516.8   |       -204.926   |   65:19:04   |   347:06:25   |
126750      |       -56834.9   |         -56523   |       -311.906   |   65:20:39   |   347:05:04   |
126800      |       -56794.6   |       -56515.5   |       -279.053   |   65:22:15   |   347:03:48   |
126850      |       -56771.7   |       -56516.1   |       -255.549   |   65:23:52   |   347:02:37   |
126900      |       -56777.1   |       -56529.2   |       -247.869   |   65:25:28   |   347:01:22   |
126950      |       -56732.4   |         -56514   |       -218.477   |   65:26:56   |   346:59:23   |


Iter        |      Posterior   |     Likelihood   |          Prior   |    elapsed   |        ETA   |
----------------------------------------------------------------------------------------------------
127000      |       -56742.6   |       -56516.9   |       -225.678   |   65:28:25   |   346:57:30   |
127050      |       -56742.9   |       -56512.8   |       -230.088   |   65:29:56   |   346:55:48   |
127100      |       -56784.4   |       -56506.7   |       -277.696   |   65:31:28   |   346:54:11   |
127150      |       -56788.6   |       -56520.2   |       -268.417   |   65:32:58   |   346:52:23   |
127200      |       -56767.8   |       -56516.3   |       -251.506   |   65:34:30   |   346:50:46   |
127250      |       -56739.4   |       -56524.5   |       -214.888   |   65:36:01   |   346:49:04   |
127300      |       -56742.5   |       -56516.9   |       -225.573   |   65:37:40   |   346:48:04   |
127350      |       -56737.6   |       -56508.3   |        -229.34   |   65:39:16   |   346:46:48   |
127400      |       -56758.7   |       -56520.3   |       -238.413   |   65:40:55   |   346:45:48   |
127450      |       -56758.4   |       -56521.8   |       -236.593   |   65:42:33   |   346:44:43   |
127500      |       -56749.8   |       -56509.8   |       -240.018   |   65:44:08   |   346:43:22   |
127550      |       -56720.1   |       -56531.2   |       -188.945   |   65:45:43   |   346:42:00   |
127600      |       -56742.7   |       -56527.8   |       -214.922   |   65:47:22   |   346:41:00   |
127650      |       -56771.8   |       -56532.1   |       -239.673   |   65:49:01   |   346:40:00   |
127700      |       -56756.4   |       -56525.4   |       -230.981   |   65:50:37   |   346:38:44   |
127750      |       -56754.2   |       -56519.1   |       -235.077   |   65:52:10   |   346:37:12   |
127800      |       -56759.4   |       -56529.7   |        -229.71   |   65:53:42   |   346:35:35   |
127850      |       -56743.9   |       -56528.3   |        -215.62   |   65:55:16   |   346:34:09   |
127900      |       -56761.8   |       -56538.9   |       -222.854   |   65:56:51   |   346:32:47   |
127950      |       -56763.6   |       -56534.5   |       -229.097   |   65:58:26   |   346:31:26   |


Iter        |      Posterior   |     Likelihood   |          Prior   |    elapsed   |        ETA   |
----------------------------------------------------------------------------------------------------
128000      |       -56753.5   |         -56519   |       -234.444   |   66:00:02   |   346:30:10   |
128050      |       -56806.6   |       -56532.3   |       -274.241   |   66:01:40   |   346:29:04   |
128100      |       -56763.8   |       -56525.5   |       -238.296   |   66:03:17   |   346:27:54   |
128150      |       -56755.8   |       -56539.2   |       -216.539   |   66:04:52   |   346:26:32   |
128200      |       -56772.8   |       -56521.1   |       -251.737   |   66:06:30   |   346:25:27   |
128250      |       -56805.1   |         -56527   |       -278.094   |   66:08:01   |   346:23:44   |
128300      |       -56792.3   |       -56534.6   |       -257.746   |   66:09:38   |   346:22:33   |
128350      |       -56734.2   |       -56524.7   |       -209.442   |   66:11:19   |   346:21:43   |
128400      |       -56753.9   |       -56522.1   |       -231.797   |   66:12:51   |   346:20:06   |
128450      |       -56774.8   |       -56519.4   |        -255.44   |   66:14:24   |   346:18:34   |
128500      |       -56719.9   |         -56530   |       -189.813   |   66:15:58   |   346:17:07   |
128550      |       -56783.1   |       -56527.6   |        -255.52   |   66:17:30   |   346:15:30   |
128600      |       -56772.2   |       -56527.9   |        -244.28   |   66:19:02   |   346:13:53   |
128650      |       -56790.1   |       -56533.5   |       -256.635   |   66:20:35   |   346:12:21   |
128700      |       -56764.9   |       -56531.6   |       -233.349   |   66:22:10   |   346:11:00   |
128750      |       -56753.2   |       -56518.9   |       -234.259   |   66:23:43   |   346:09:28   |
128800      |       -56796.2   |       -56539.5   |       -256.669   |   66:25:19   |   346:08:12   |
128850      |       -56770.7   |       -56521.6   |       -249.068   |   66:26:58   |   346:07:11   |
128900      |       -56741.9   |         -56518   |       -223.895   |   66:28:37   |   346:06:10   |
128950      |         -56754   |       -56536.2   |       -217.838   |   66:30:12   |   346:04:49   |


Iter        |      Posterior   |     Likelihood   |          Prior   |    elapsed   |        ETA   |
----------------------------------------------------------------------------------------------------
129000      |       -56799.4   |       -56533.3   |       -266.091   |   66:31:45   |   346:03:17   |
129050      |         -56748   |       -56532.1   |       -215.895   |   66:33:19   |   346:01:50   |
129100      |       -56751.3   |       -56523.2   |       -228.097   |   66:34:58   |   346:00:49   |
129150      |       -56752.8   |       -56518.9   |       -233.924   |   66:36:35   |   345:59:38   |
129200      |         -56801   |       -56540.8   |       -260.226   |   66:38:10   |   345:58:16   |
129250      |       -56783.2   |       -56519.2   |       -263.981   |   66:39:49   |   345:57:16   |
129300      |       -56791.5   |       -56527.3   |        -264.22   |   66:41:18   |   345:55:23   |
129350      |       -56801.5   |       -56512.7   |       -288.846   |   66:42:52   |   345:53:56   |
129400      |       -56751.6   |       -56511.5   |       -240.077   |   66:44:23   |   345:52:14   |
129450      |       -56723.1   |       -56528.4   |       -194.711   |   66:45:54   |   345:50:31   |
129500      |       -56793.2   |       -56522.8   |       -270.397   |   66:47:29   |   345:49:10   |
129550      |         -56790   |       -56534.7   |       -255.304   |   66:48:58   |   345:47:17   |
129600      |       -56819.5   |         -56545   |        -274.49   |   66:50:31   |   345:45:45   |
129650      |       -56750.1   |       -56511.2   |       -238.887   |   66:52:07   |   345:44:29   |
129700      |       -56762.1   |       -56540.7   |        -221.38   |   66:53:44   |   345:43:17   |
129750      |       -56753.8   |       -56529.3   |       -224.461   |   66:55:18   |   345:41:50   |
129800      |       -56802.6   |       -56530.2   |       -272.436   |   66:56:55   |   345:40:39   |
129850      |         -56793   |       -56534.5   |       -258.509   |   66:58:32   |   345:39:28   |
129900      |       -56759.6   |       -56526.1   |       -233.471   |   67:00:10   |   345:38:21   |
129950      |       -56789.4   |       -56523.1   |       -266.296   |   67:01:46   |   345:37:05   |


Iter        |      Posterior   |     Likelihood   |          Prior   |    elapsed   |        ETA   |
----------------------------------------------------------------------------------------------------
130000      |       -56803.4   |       -56522.2   |       -281.203   |   67:03:20   |   345:35:38   |
130050      |       -56763.9   |       -56530.9   |       -232.974   |   67:04:52   |   345:34:01   |
130100      |       -56801.4   |       -56517.8   |       -283.555   |   67:06:27   |   345:32:39   |
130150      |       -56763.4   |       -56528.6   |       -234.761   |   67:08:00   |   345:31:07   |
130200      |       -56749.9   |       -56516.5   |       -233.366   |   67:09:28   |   345:29:09   |
130250      |       -56759.2   |       -56514.1   |       -245.142   |   67:11:00   |   345:27:32   |
130300      |         -56795   |       -56520.9   |       -274.138   |   67:12:38   |   345:26:26   |
130350      |       -56793.1   |       -56512.8   |       -280.326   |   67:14:11   |   345:24:54   |
130400      |       -56783.6   |       -56534.6   |       -248.949   |   67:15:44   |   345:23:22   |
130450      |       -56801.5   |       -56523.6   |        -277.93   |   67:17:12   |   345:21:24   |
130500      |       -56775.6   |       -56518.7   |       -256.918   |   67:18:47   |   345:20:02   |
130550      |       -56792.7   |       -56524.2   |       -268.594   |   67:20:26   |   345:19:01   |
130600      |       -56788.5   |       -56534.2   |       -254.312   |   67:22:00   |   345:17:34   |
130650      |       -56736.8   |       -56531.8   |       -205.058   |   67:23:37   |   345:16:22   |
130700      |       -56767.8   |       -56531.1   |       -236.776   |   67:25:10   |   345:14:50   |
130750      |       -56768.3   |       -56517.4   |       -250.864   |   67:26:44   |   345:13:23   |
130800      |       -56780.4   |       -56528.6   |       -251.781   |   67:28:22   |   345:12:17   |
130850      |       -56791.8   |       -56529.4   |       -262.343   |   67:29:55   |   345:10:45   |
130900      |       -56790.8   |       -56524.3   |       -266.519   |   67:31:23   |   345:08:47   |
130950      |       -56769.2   |       -56509.2   |       -259.959   |   67:32:53   |   345:06:59   |


Iter        |      Posterior   |     Likelihood   |          Prior   |    elapsed   |        ETA   |
----------------------------------------------------------------------------------------------------
131000      |       -56806.1   |       -56525.7   |       -280.391   |   67:34:27   |   345:05:33   |
131050      |       -56817.2   |       -56533.6   |        -283.54   |   67:35:56   |   345:03:40   |
131100      |       -56788.2   |       -56537.3   |       -250.917   |   67:37:25   |   345:01:48   |
131150      |       -56737.9   |         -56531   |       -206.962   |   67:39:01   |   345:00:31   |
131200      |       -56781.7   |       -56541.4   |        -240.33   |   67:40:42   |   344:59:39   |
131250      |       -56778.3   |       -56520.9   |       -257.392   |   67:42:19   |   344:58:28   |
131300      |       -56747.4   |       -56512.9   |       -234.513   |   67:43:56   |   344:57:16   |
131350      |       -56800.2   |       -56544.7   |       -255.502   |   67:45:31   |   344:55:54   |
131400      |         -56750   |       -56538.3   |       -211.676   |   67:47:07   |   344:54:37   |
131450      |       -56759.9   |       -56526.9   |       -233.069   |   67:48:41   |   344:53:10   |
131500      |       -56789.7   |       -56528.3   |       -261.418   |   67:50:16   |   344:51:48   |
131550      |         -56790   |       -56532.7   |       -257.341   |   67:51:51   |   344:50:26   |
131600      |       -56816.5   |       -56547.3   |       -269.193   |   67:53:27   |   344:49:09   |
131650      |       -56765.5   |       -56521.1   |       -244.333   |   67:55:03   |   344:47:52   |
131700      |       -56760.1   |       -56518.6   |       -241.445   |   67:56:33   |   344:46:05   |
131750      |       -56758.5   |       -56521.5   |       -236.972   |   67:58:02   |   344:44:13   |
131800      |       -56739.4   |       -56513.7   |       -225.739   |   67:59:30   |   344:42:15   |
131850      |       -56772.6   |       -56513.5   |       -259.022   |   68:01:05   |   344:40:53   |
131900      |       -56803.8   |       -56522.2   |       -281.565   |   68:02:39   |   344:39:26   |
131950      |       -56728.7   |       -56521.4   |       -207.355   |   68:04:10   |   344:37:44   |


Iter        |      Posterior   |     Likelihood   |          Prior   |    elapsed   |        ETA   |
----------------------------------------------------------------------------------------------------
132000      |       -56711.9   |         -56527   |       -184.957   |   68:05:42   |   344:36:07   |
132050      |         -56804   |       -56517.9   |       -286.066   |   68:07:14   |   344:34:29   |
132100      |       -56733.2   |       -56524.6   |       -208.519   |   68:08:47   |   344:32:57   |
132150      |         -56762   |       -56527.9   |       -234.077   |   68:10:17   |   344:31:10   |
132200      |       -56769.1   |       -56521.2   |       -247.943   |   68:11:47   |   344:29:23   |
132250      |         -56771   |       -56517.8   |       -253.147   |   68:13:19   |   344:27:46   |
132300      |       -56768.5   |       -56539.3   |       -229.144   |   68:14:55   |   344:26:29   |
132350      |       -56723.5   |       -56527.3   |       -196.245   |   68:16:27   |   344:24:51   |
132400      |       -56756.3   |       -56528.6   |       -227.656   |   68:17:58   |   344:23:09   |
132450      |       -56762.6   |       -56518.7   |       -243.958   |   68:19:28   |   344:21:22   |
132500      |       -56751.8   |         -56518   |       -233.802   |   68:20:58   |   344:19:35   |
132550      |       -56770.1   |       -56515.6   |       -254.535   |   68:22:32   |   344:18:08   |
132600      |       -56757.1   |       -56528.6   |       -228.595   |   68:24:05   |   344:16:36   |
132650      |       -56744.4   |       -56520.1   |       -224.359   |   68:25:35   |   344:14:48   |
132700      |       -56764.1   |         -56518   |       -246.025   |   68:27:07   |   344:13:11   |
132750      |       -56806.2   |       -56524.1   |        -282.15   |   68:28:38   |   344:11:29   |
132800      |       -56717.3   |       -56510.3   |       -206.989   |   68:30:13   |   344:10:07   |
132850      |       -56725.9   |       -56524.6   |       -201.339   |   68:31:42   |   344:08:15   |
132900      |         -56732   |       -56512.4   |       -219.646   |   68:33:12   |   344:06:28   |
132950      |       -56776.1   |       -56524.4   |       -251.669   |   68:34:44   |   344:04:51   |


Iter        |      Posterior   |     Likelihood   |          Prior   |    elapsed   |        ETA   |
----------------------------------------------------------------------------------------------------
133000      |       -56743.4   |       -56510.1   |        -233.28   |   68:36:15   |   344:03:08   |
133050      |       -56729.5   |       -56517.6   |       -211.957   |   68:37:47   |   344:01:31   |
133100      |       -56783.3   |       -56522.2   |       -261.092   |   68:39:17   |   343:59:44   |
133150      |       -56783.7   |       -56508.2   |       -275.512   |   68:40:44   |   343:57:42   |
133200      |       -56800.8   |       -56538.6   |       -262.189   |   68:42:07   |   343:55:20   |
133250      |       -56816.2   |       -56526.8   |       -289.409   |   68:43:33   |   343:53:13   |
133300      |       -56777.7   |       -56516.1   |       -261.552   |   68:45:04   |   343:51:31   |
133350      |       -56797.9   |       -56525.4   |       -272.537   |   68:46:38   |   343:50:04   |
133400      |       -56760.4   |       -56516.3   |       -244.168   |   68:48:10   |   343:48:27   |
133450      |       -56791.7   |       -56519.9   |        -271.76   |   68:49:41   |   343:46:45   |
133500      |       -56761.8   |       -56520.6   |       -241.212   |   68:51:14   |   343:45:13   |
133550      |       -56765.5   |       -56536.2   |       -229.319   |   68:52:47   |   343:43:41   |
133600      |       -56753.6   |         -56525   |       -228.584   |   68:54:22   |   343:42:19   |
133650      |       -56794.4   |       -56522.8   |       -271.627   |   68:55:53   |   343:40:37   |
133700      |         -56798   |       -56534.8   |       -263.185   |   68:57:26   |   343:39:05   |
133750      |       -56805.8   |       -56528.3   |       -277.518   |   68:59:00   |   343:37:38   |
133800      |       -56763.4   |       -56536.6   |       -226.776   |   69:00:31   |   343:35:56   |
133850      |       -56752.2   |       -56523.4   |       -228.864   |   69:02:01   |   343:34:09   |
133900      |       -56838.4   |       -56540.7   |       -297.791   |   69:03:31   |   343:32:22   |
133950      |       -56771.5   |       -56513.8   |       -257.717   |   69:05:03   |   343:30:45   |


Iter        |      Posterior   |     Likelihood   |          Prior   |    elapsed   |        ETA   |
----------------------------------------------------------------------------------------------------
134000      |       -56746.9   |       -56546.8   |        -200.08   |   69:06:36   |   343:29:13   |
134050      |       -56749.8   |       -56527.3   |       -222.581   |   69:08:08   |   343:27:36   |
134100      |       -56786.1   |       -56534.3   |       -251.838   |   69:09:47   |   343:26:34   |
134150      |       -56761.3   |       -56522.9   |       -238.446   |   69:11:25   |   343:25:26   |
134200      |       -56798.2   |       -56532.3   |       -265.891   |   69:13:00   |   343:24:04   |
134250      |       -56747.8   |         -56525   |       -222.824   |   69:14:34   |   343:22:37   |
134300      |       -56773.2   |       -56525.8   |       -247.385   |   69:16:06   |   343:21:00   |
134350      |       -56780.2   |       -56523.8   |       -256.334   |   69:17:39   |   343:19:28   |
134400      |       -56757.4   |       -56533.6   |       -223.788   |   69:19:12   |   343:17:56   |
134450      |       -56810.6   |       -56527.5   |       -283.042   |   69:20:47   |   343:16:34   |
134500      |       -56786.7   |       -56524.8   |       -261.895   |   69:22:24   |   343:15:22   |
134550      |       -56763.6   |       -56529.9   |       -233.695   |   69:24:00   |   343:14:04   |
134600      |       -56767.3   |       -56519.2   |       -248.066   |   69:25:34   |   343:12:37   |
134650      |       -56783.9   |       -56518.8   |       -265.113   |   69:27:07   |   343:11:05   |
134700      |       -56763.2   |       -56532.6   |         -230.6   |   69:28:39   |   343:09:28   |
134750      |       -56756.4   |       -56531.2   |       -225.141   |   69:30:11   |   343:07:51   |
134800      |       -56761.3   |       -56524.4   |       -236.911   |   69:31:46   |   343:06:29   |
134850      |       -56829.2   |         -56526   |       -303.186   |   69:33:17   |   343:04:47   |
134900      |         -56773   |       -56523.5   |       -249.457   |   69:34:51   |   343:03:20   |
134950      |       -56806.2   |       -56524.8   |       -281.406   |   69:36:30   |   343:02:17   |


Iter        |      Posterior   |     Likelihood   |          Prior   |    elapsed   |        ETA   |
----------------------------------------------------------------------------------------------------
135000      |       -56806.7   |       -56541.4   |       -265.282   |   69:38:02   |   343:00:40   |
135050      |       -56779.3   |       -56525.4   |        -253.86   |   69:39:38   |   342:59:23   |
135100      |       -56782.4   |         -56530   |       -252.356   |   69:41:29   |   342:59:20   |
135150      |       -56782.4   |       -56537.4   |       -244.944   |   69:43:09   |   342:58:22   |
135200      |       -56806.4   |       -56533.7   |       -272.681   |   69:44:44   |   342:57:00   |
135250      |       -56762.5   |       -56537.5   |       -225.037   |   69:46:14   |   342:55:13   |
135300      |       -56810.2   |       -56542.7   |       -267.483   |   69:47:44   |   342:53:26   |
135350      |       -56774.7   |         -56520   |       -254.785   |   69:49:18   |   342:51:59   |
135400      |       -56782.5   |         -56535   |       -247.502   |   69:50:52   |   342:50:31   |
135450      |       -56766.9   |       -56524.2   |       -242.705   |   69:52:27   |   342:49:09   |
135500      |       -56728.2   |       -56523.6   |       -204.568   |   69:54:02   |   342:47:47   |
135550      |       -56760.6   |       -56511.4   |        -249.25   |   69:55:35   |   342:46:15   |
135600      |       -56773.8   |       -56532.4   |        -241.38   |   69:57:08   |   342:44:42   |
135650      |       -56793.8   |       -56544.2   |       -249.618   |   69:58:36   |   342:42:46   |
135700      |         -56791   |       -56529.5   |       -261.426   |   70:00:08   |   342:41:09   |
135750      |         -56765   |       -56515.7   |       -249.347   |   70:01:40   |   342:39:32   |
135800      |       -56786.4   |       -56534.7   |       -251.664   |   70:03:15   |   342:38:09   |
135850      |       -56734.6   |       -56522.7   |        -211.82   |   70:04:51   |   342:36:52   |
135900      |       -56788.6   |       -56530.9   |       -257.704   |   70:06:29   |   342:35:44   |
135950      |         -56796   |       -56539.3   |       -256.726   |   70:08:04   |   342:34:22   |


Iter        |      Posterior   |     Likelihood   |          Prior   |    elapsed   |        ETA   |
----------------------------------------------------------------------------------------------------
136000      |       -56776.7   |       -56531.2   |       -245.472   |   70:09:34   |   342:32:35   |
136050      |       -56813.6   |       -56532.8   |       -280.838   |   70:11:05   |   342:30:53   |
136100      |       -56769.4   |       -56530.2   |       -239.197   |   70:12:35   |   342:29:06   |
136150      |       -56827.9   |       -56525.4   |       -302.481   |   70:14:15   |   342:28:08   |
136200      |       -56786.2   |       -56513.9   |       -272.253   |   70:15:53   |   342:27:00   |
136250      |       -56778.3   |       -56538.3   |       -240.006   |   70:17:28   |   342:25:38   |
136300      |       -56794.1   |       -56527.1   |       -266.983   |   70:19:02   |   342:24:11   |
136350      |       -56777.5   |         -56531   |       -246.546   |   70:20:35   |   342:22:38   |
136400      |       -56784.3   |         -56523   |        -261.25   |   70:22:10   |   342:21:16   |
136450      |         -56778   |       -56526.6   |        -251.43   |   70:23:44   |   342:19:49   |
136500      |       -56774.6   |       -56525.8   |       -248.811   |   70:25:18   |   342:18:21   |
136550      |       -56787.5   |       -56533.3   |       -254.199   |   70:26:54   |   342:17:04   |
136600      |       -56759.9   |       -56535.1   |       -224.791   |   70:28:26   |   342:15:27   |
136650      |         -56788   |       -56534.2   |       -253.783   |   70:29:59   |   342:13:54   |
136700      |       -56807.3   |       -56525.4   |       -281.856   |   70:31:30   |   342:12:12   |
136750      |       -56823.8   |       -56540.6   |       -283.258   |   70:33:05   |   342:10:50   |
136800      |       -56805.5   |       -56529.9   |       -275.652   |   70:34:39   |   342:09:23   |
136850      |         -56803   |       -56523.8   |       -279.221   |   70:36:15   |   342:08:05   |
136900      |       -56785.4   |       -56532.5   |       -252.846   |   70:37:47   |   342:06:28   |
136950      |       -56790.1   |         -56533   |       -257.153   |   70:39:24   |   342:05:15   |


Iter        |      Posterior   |     Likelihood   |          Prior   |    elapsed   |        ETA   |
----------------------------------------------------------------------------------------------------
137000      |       -56778.2   |       -56526.2   |       -251.996   |   70:40:56   |   342:03:38   |
137050      |       -56764.6   |       -56526.3   |       -238.342   |   70:42:28   |   342:02:01   |
137100      |       -56771.9   |       -56514.7   |       -257.243   |   70:44:03   |   342:00:38   |
137150      |       -56737.3   |       -56533.6   |       -203.639   |   70:45:42   |   341:59:35   |
137200      |       -56737.5   |       -56513.6   |       -223.915   |   70:47:18   |   341:58:17   |
137250      |       -56784.3   |         -56527   |       -257.279   |   70:48:48   |   341:56:31   |
137300      |       -56804.7   |       -56524.8   |       -279.899   |   70:50:23   |   341:55:08   |
137350      |       -56773.1   |       -56525.6   |       -247.559   |   70:51:50   |   341:53:07   |
137400      |       -56749.8   |       -56515.6   |        -234.25   |   70:53:21   |   341:51:25   |
137450      |       -56738.8   |       -56529.9   |       -208.931   |   70:54:54   |   341:49:53   |
137500      |         -56776   |       -56525.2   |       -250.758   |   70:56:24   |   341:48:06   |
137550      |       -56802.4   |         -56518   |       -284.454   |   70:57:55   |   341:46:24   |
137600      |       -56761.2   |       -56536.6   |       -224.595   |   70:59:26   |   341:44:42   |
137650      |       -56761.6   |       -56531.3   |       -230.276   |   71:00:52   |   341:42:36   |
137700      |       -56789.1   |       -56544.7   |       -244.447   |   71:02:22   |   341:40:50   |
137750      |       -56773.2   |       -56534.8   |       -238.347   |   71:03:59   |   341:39:37   |
137800      |       -56808.5   |       -56531.9   |       -276.597   |   71:05:33   |   341:38:09   |
137850      |       -56784.2   |       -56528.7   |       -255.469   |   71:07:06   |   341:36:37   |
137900      |       -56742.6   |       -56521.6   |       -221.039   |   71:08:42   |   341:35:19   |
137950      |       -56831.5   |       -56518.1   |       -313.393   |   71:10:17   |   341:33:57   |


Iter        |      Posterior   |     Likelihood   |          Prior   |    elapsed   |        ETA   |
----------------------------------------------------------------------------------------------------
138000      |       -56821.3   |         -56535   |       -286.298   |   71:11:51   |   341:32:29   |
138050      |       -56778.8   |       -56537.5   |       -241.368   |   71:13:21   |   341:30:43   |
138100      |         -56811   |       -56523.5   |       -287.514   |   71:14:48   |   341:28:42   |
138150      |       -56817.4   |       -56529.4   |       -287.995   |   71:16:22   |   341:27:14   |
138200      |       -56770.1   |       -56535.8   |       -234.288   |   71:17:54   |   341:25:37   |
138250      |         -56740   |       -56527.8   |       -212.127   |   71:19:27   |   341:24:05   |
138300      |       -56763.7   |       -56518.6   |       -245.071   |   71:20:57   |   341:22:19   |
138350      |       -56787.6   |         -56532   |       -255.575   |   71:22:27   |   341:20:32   |
138400      |       -56804.3   |       -56517.1   |       -287.245   |   71:24:02   |   341:19:09   |
138450      |       -56806.1   |       -56514.2   |       -291.925   |   71:25:33   |   341:17:28   |
138500      |         -56792   |       -56517.2   |       -274.723   |   71:27:04   |   341:15:46   |
138550      |       -56785.6   |       -56533.6   |       -251.945   |   71:28:36   |   341:14:09   |
138600      |       -56726.9   |       -56520.1   |       -206.836   |   71:30:08   |   341:12:32   |
138650      |       -56769.9   |       -56532.9   |        -237.03   |   71:31:41   |   341:11:00   |
138700      |       -56795.6   |       -56524.4   |        -271.17   |   71:33:07   |   341:08:54   |
138750      |       -56763.2   |       -56513.7   |       -249.506   |   71:34:35   |   341:06:58   |
138800      |         -56787   |       -56521.1   |       -265.917   |   71:36:05   |   341:05:12   |
138850      |       -56790.9   |       -56541.8   |       -249.111   |   71:37:38   |   341:03:40   |
138900      |       -56774.5   |       -56545.4   |       -229.178   |   71:39:10   |   341:02:03   |
138950      |       -56750.1   |         -56526   |       -224.085   |   71:40:45   |   341:00:40   |


Iter        |      Posterior   |     Likelihood   |          Prior   |    elapsed   |        ETA   |
----------------------------------------------------------------------------------------------------
139000      |         -56808   |       -56538.9   |       -269.088   |   71:42:26   |   340:59:46   |
139050      |       -56768.6   |       -56520.2   |       -248.439   |   71:44:04   |   340:58:37   |
139100      |       -56777.6   |       -56528.5   |       -249.155   |   71:45:36   |   340:57:01   |
139150      |       -56780.3   |       -56527.4   |        -252.96   |   71:47:06   |   340:55:14   |
139200      |       -56814.7   |         -56532   |       -282.715   |   71:48:43   |   340:54:01   |
139250      |       -56831.4   |       -56543.1   |       -288.295   |   71:50:22   |   340:52:57   |
139300      |       -56758.2   |       -56526.4   |       -231.733   |   71:51:55   |   340:51:25   |
139350      |       -56759.3   |       -56535.7   |       -223.648   |   71:53:28   |   340:49:53   |
139400      |         -56830   |       -56526.6   |       -303.416   |   71:55:00   |   340:48:16   |
139450      |       -56739.1   |         -56513   |       -226.081   |   71:56:32   |   340:46:39   |
139500      |       -56818.7   |       -56528.3   |       -290.435   |   71:58:02   |   340:44:52   |
139550      |       -56822.5   |       -56542.6   |       -279.849   |   71:59:35   |   340:43:20   |
139600      |       -56777.5   |       -56526.3   |       -251.205   |   72:01:05   |   340:41:34   |
139650      |       -56770.7   |         -56529   |       -241.643   |   72:02:41   |   340:40:16   |
139700      |       -56758.7   |         -56523   |       -235.732   |   72:04:16   |   340:38:53   |
139750      |       -56761.9   |       -56531.9   |       -230.074   |   72:05:52   |   340:37:35   |
139800      |       -56764.7   |       -56527.6   |       -237.193   |   72:07:30   |   340:36:26   |
139850      |       -56791.6   |       -56530.4   |       -261.159   |   72:09:03   |   340:34:54   |
139900      |       -56804.4   |       -56533.4   |       -271.056   |   72:10:30   |   340:32:54   |
139950      |       -56750.1   |       -56516.7   |       -233.434   |   72:12:03   |   340:31:21   |


Iter        |      Posterior   |     Likelihood   |          Prior   |    elapsed   |        ETA   |
----------------------------------------------------------------------------------------------------
140000      |       -56811.4   |       -56528.4   |       -283.037   |   72:13:38   |   340:29:59   |
140050      |       -56796.2   |       -56529.8   |       -266.407   |   72:15:14   |   340:28:41   |
140100      |       -56752.1   |       -56526.6   |       -225.515   |   72:16:47   |   340:27:08   |
140150      |       -56795.1   |       -56519.6   |       -275.496   |   72:18:23   |   340:25:50   |
140200      |       -56807.4   |       -56551.1   |       -256.209   |   72:20:00   |   340:24:37   |
140250      |       -56775.2   |       -56535.7   |       -239.439   |   72:21:33   |   340:23:05   |
140300      |       -56807.1   |       -56536.4   |       -270.631   |   72:23:06   |   340:21:32   |
140350      |       -56749.3   |         -56525   |       -224.305   |   72:24:39   |   340:20:00   |
140400      |       -56758.3   |       -56530.8   |       -227.475   |   72:26:13   |   340:18:33   |
140450      |         -56798   |         -56518   |       -279.944   |   72:27:46   |   340:17:00   |
140500      |       -56744.4   |       -56518.1   |       -226.269   |   72:29:19   |   340:15:28   |
140550      |       -56774.4   |       -56532.1   |       -242.345   |   72:30:48   |   340:13:37   |
140600      |       -56751.9   |       -56509.5   |        -242.42   |   72:32:24   |   340:12:19   |
140650      |       -56760.1   |       -56534.3   |       -225.726   |   72:33:56   |   340:10:42   |
140700      |       -56748.2   |       -56523.3   |       -224.833   |   72:35:29   |   340:09:10   |
140750      |       -56753.1   |       -56545.4   |       -207.722   |   72:37:01   |   340:07:33   |
140800      |       -56738.4   |         -56520   |       -218.371   |   72:38:34   |   340:06:01   |
140850      |       -56759.9   |       -56536.4   |       -223.508   |   72:40:09   |   340:04:38   |
140900      |         -56796   |       -56526.3   |       -269.651   |   72:41:43   |   340:03:10   |
140950      |       -56796.2   |       -56531.5   |       -264.686   |   72:43:20   |   340:01:56   |


Iter        |      Posterior   |     Likelihood   |          Prior   |    elapsed   |        ETA   |
----------------------------------------------------------------------------------------------------
141000      |       -56756.6   |       -56515.1   |       -241.537   |   72:44:53   |   340:00:24   |
141050      |       -56774.8   |       -56518.1   |       -256.647   |   72:46:23   |   339:58:38   |
141100      |       -56818.6   |       -56532.4   |       -286.201   |   72:47:53   |   339:56:52   |
141150      |       -56770.9   |       -56507.2   |       -263.748   |   72:49:22   |   339:55:01   |
141200      |       -56810.3   |       -56512.3   |       -297.917   |   72:50:56   |   339:53:33   |
141250      |       -56758.7   |       -56526.6   |       -232.131   |   72:52:35   |   339:52:29   |
141300      |       -56737.2   |       -56520.9   |       -216.229   |   72:54:09   |   339:51:01   |
141350      |       -56750.1   |       -56526.1   |       -224.067   |   72:55:42   |   339:49:29   |
141400      |       -56782.1   |       -56525.8   |        -256.28   |   72:57:15   |   339:47:57   |
141450      |         -56745   |       -56522.4   |       -222.593   |   72:58:48   |   339:46:25   |
141500      |       -56778.3   |         -56528   |       -250.296   |   73:00:21   |   339:44:52   |
141550      |       -56764.1   |         -56532   |       -232.179   |   73:01:53   |   339:43:15   |
141600      |         -56783   |       -56526.8   |       -256.231   |   73:03:23   |   339:41:29   |
141650      |       -56779.4   |         -56515   |       -264.448   |   73:05:00   |   339:40:15   |
141700      |       -56772.5   |       -56539.4   |       -233.119   |   73:06:35   |   339:38:53   |
141750      |       -56791.8   |       -56533.1   |       -258.722   |   73:08:06   |   339:37:11   |
141800      |       -56739.3   |       -56522.3   |       -216.931   |   73:09:34   |   339:35:15   |
141850      |       -56778.9   |       -56521.6   |       -257.301   |   73:11:03   |   339:33:25   |
141900      |       -56774.4   |       -56533.2   |       -241.156   |   73:12:39   |   339:32:06   |
141950      |       -56779.2   |       -56519.5   |       -259.716   |   73:14:13   |   339:30:39   |


Iter        |      Posterior   |     Likelihood   |          Prior   |    elapsed   |        ETA   |
----------------------------------------------------------------------------------------------------
142000      |       -56786.7   |       -56527.9   |        -258.86   |   73:15:45   |   339:29:02   |
142050      |       -56786.4   |       -56524.6   |       -261.791   |   73:17:16   |   339:27:20   |
142100      |       -56760.9   |       -56513.4   |       -247.507   |   73:18:50   |   339:25:53   |
142150      |       -56773.8   |       -56538.4   |       -235.364   |   73:20:21   |   339:24:11   |
142200      |         -56786   |       -56533.7   |       -252.276   |   73:21:53   |   339:22:34   |
142250      |       -56781.4   |       -56540.3   |       -241.157   |   73:23:26   |   339:21:02   |
142300      |       -56758.9   |       -56527.3   |       -231.597   |   73:24:59   |   339:19:30   |
142350      |       -56763.5   |       -56527.6   |       -235.893   |   73:26:27   |   339:17:34   |
142400      |       -56741.7   |       -56534.5   |       -207.207   |   73:27:56   |   339:15:44   |
142450      |       -56799.6   |       -56516.6   |       -283.068   |   73:29:31   |   339:14:21   |
142500      |       -56814.5   |       -56535.2   |       -279.284   |   73:31:04   |   339:12:48   |
142550      |       -56775.7   |       -56533.1   |        -242.64   |   73:32:37   |   339:11:16   |
142600      |       -56821.4   |       -56534.9   |       -286.521   |   73:34:11   |   339:09:49   |
142650      |       -56749.7   |       -56531.3   |       -218.447   |   73:35:41   |   339:08:03   |
142700      |       -56737.8   |       -56527.9   |       -209.884   |   73:37:10   |   339:06:12   |
142750      |       -56758.2   |       -56521.7   |       -236.531   |   73:38:38   |   339:04:17   |
142800      |       -56733.8   |       -56526.8   |       -207.022   |   73:40:10   |   339:02:40   |
142850      |       -56760.3   |         -56520   |       -240.269   |   73:41:40   |   339:00:54   |
142900      |       -56781.3   |       -56525.7   |       -255.544   |   73:43:11   |   338:59:12   |
142950      |       -56789.4   |         -56521   |       -268.378   |   73:44:43   |   338:57:36   |


Iter        |      Posterior   |     Likelihood   |          Prior   |    elapsed   |        ETA   |
----------------------------------------------------------------------------------------------------
143000      |       -56759.8   |       -56514.6   |       -245.129   |   73:46:14   |   338:55:54   |
143050      |       -56803.2   |       -56525.8   |       -277.403   |   73:47:48   |   338:54:27   |
143100      |       -56775.6   |       -56520.9   |       -254.657   |   73:49:23   |   338:53:04   |
143150      |       -56783.6   |       -56521.4   |       -262.227   |   73:50:56   |   338:51:31   |
143200      |         -56802   |       -56519.5   |       -282.434   |   73:52:34   |   338:50:22   |
143250      |       -56807.5   |       -56536.6   |       -270.863   |   73:54:08   |   338:48:54   |
143300      |       -56808.8   |       -56521.4   |       -287.318   |   73:55:37   |   338:47:04   |
143350      |         -56772   |       -56522.3   |       -249.796   |   73:57:16   |   338:45:59   |
143400      |         -56826   |       -56518.4   |       -307.522   |   73:58:54   |   338:44:50   |
143450      |       -56779.6   |       -56512.8   |       -266.777   |   74:00:39   |   338:44:12   |
143500      |       -56769.2   |         -56505   |       -264.245   |   74:02:08   |   338:42:22   |
143550      |       -56794.1   |       -56521.6   |       -272.496   |   74:03:39   |   338:40:40   |
143600      |       -56758.9   |       -56520.5   |       -238.338   |   74:05:11   |   338:39:04   |
143650      |       -56774.3   |       -56524.8   |        -249.52   |   74:06:45   |   338:37:36   |
143700      |       -56817.6   |       -56514.8   |       -302.811   |   74:08:17   |   338:35:59   |
143750      |       -56835.9   |         -56519   |       -316.974   |   74:09:50   |   338:34:27   |
143800      |         -56778   |       -56527.7   |       -250.309   |   74:11:21   |   338:32:46   |
143850      |       -56807.4   |       -56518.7   |       -288.662   |   74:12:52   |   338:31:04   |
143900      |         -56794   |       -56511.9   |       -282.185   |   74:14:20   |   338:29:09   |
143950      |       -56785.8   |       -56529.5   |       -256.326   |   74:15:53   |   338:27:37   |


Iter        |      Posterior   |     Likelihood   |          Prior   |    elapsed   |        ETA   |
----------------------------------------------------------------------------------------------------
144000      |       -56780.8   |       -56512.2   |       -268.581   |   74:17:24   |   338:25:56   |
144050      |       -56753.4   |       -56523.5   |       -229.921   |   74:18:54   |   338:24:10   |
144100      |       -56760.8   |       -56523.6   |       -237.202   |   74:20:27   |   338:22:37   |
144150      |       -56771.6   |       -56518.5   |       -253.074   |   74:21:59   |   338:21:01   |
144200      |       -56804.9   |         -56531   |       -273.957   |   74:23:29   |   338:19:15   |
144250      |       -56763.4   |       -56532.3   |       -231.133   |   74:25:03   |   338:17:47   |
144300      |       -56758.6   |       -56536.6   |       -221.959   |   74:26:41   |   338:16:38   |
144350      |       -56798.4   |       -56529.7   |       -268.723   |   74:28:16   |   338:15:14   |
144400      |       -56802.7   |         -56516   |       -286.715   |   74:29:51   |   338:13:51   |
144450      |       -56788.2   |       -56527.7   |       -260.534   |   74:31:22   |   338:12:10   |
144500      |       -56787.6   |       -56543.7   |       -243.855   |   74:32:59   |   338:10:56   |
144550      |       -56758.8   |       -56545.7   |       -213.069   |   74:34:30   |   338:09:14   |
144600      |         -56734   |         -56525   |       -209.022   |   74:36:01   |   338:07:33   |
144650      |       -56764.4   |       -56523.4   |       -241.041   |   74:37:33   |   338:05:56   |
144700      |       -56722.3   |       -56521.7   |       -200.552   |   74:39:02   |   338:04:06   |
144750      |       -56758.4   |       -56527.5   |       -230.888   |   74:40:33   |   338:02:25   |
144800      |       -56759.6   |       -56519.6   |           -240   |   74:42:00   |   338:00:25   |
144850      |       -56745.4   |       -56528.2   |        -217.22   |   74:43:27   |   337:58:26   |
144900      |       -56721.5   |       -56525.4   |       -196.143   |   74:44:59   |   337:56:49   |
144950      |       -56747.7   |         -56532   |       -215.744   |   74:46:33   |   337:55:22   |


Iter        |      Posterior   |     Likelihood   |          Prior   |    elapsed   |        ETA   |
----------------------------------------------------------------------------------------------------
145000      |       -56781.1   |       -56524.7   |       -256.443   |   74:48:05   |   337:53:45   |
145050      |         -56799   |       -56506.5   |       -292.531   |   74:49:34   |   337:51:55   |
145100      |       -56759.1   |       -56513.7   |       -245.418   |   74:51:05   |   337:50:13   |
145150      |       -56751.1   |       -56516.1   |       -234.932   |   74:52:39   |   337:48:46   |
145200      |       -56786.4   |       -56525.8   |        -260.52   |   74:54:09   |   337:47:00   |
145250      |       -56739.1   |       -56513.7   |       -225.393   |   74:55:41   |   337:45:23   |
145300      |       -56739.7   |       -56508.2   |       -231.519   |   74:57:14   |   337:43:51   |
145350      |       -56753.4   |         -56511   |         -242.4   |   74:58:46   |   337:42:14   |
145400      |       -56747.8   |       -56522.2   |       -225.544   |   75:00:19   |   337:40:42   |
145450      |       -56795.3   |       -56514.1   |       -281.224   |   75:01:52   |   337:39:10   |
145500      |       -56749.8   |       -56516.9   |       -232.947   |   75:03:24   |   337:37:33   |
145550      |       -56776.6   |       -56520.2   |       -256.363   |   75:04:51   |   337:35:34   |
145600      |       -56802.5   |       -56521.6   |       -280.878   |   75:06:20   |   337:33:44   |
145650      |       -56842.1   |       -56515.2   |       -326.899   |   75:07:49   |   337:31:54   |
145700      |       -56743.5   |       -56511.8   |       -231.661   |   75:09:20   |   337:30:13   |
145750      |       -56760.8   |       -56510.5   |       -250.317   |   75:10:49   |   337:28:22   |
145800      |       -56767.6   |       -56528.7   |       -238.857   |   75:12:24   |   337:26:59   |
145850      |       -56818.8   |       -56524.7   |       -294.084   |   75:13:55   |   337:25:18   |
145900      |       -56826.9   |       -56538.3   |       -288.549   |   75:15:30   |   337:23:55   |
145950      |       -56761.6   |         -56528   |       -233.591   |   75:16:59   |   337:22:05   |


Iter        |      Posterior   |     Likelihood   |          Prior   |    elapsed   |        ETA   |
----------------------------------------------------------------------------------------------------
146000      |         -56808   |       -56522.8   |        -285.17   |   75:18:33   |   337:20:37   |
146050      |       -56754.7   |       -56524.1   |       -230.568   |   75:20:07   |   337:19:10   |
146100      |       -56781.5   |       -56531.4   |       -250.118   |   75:21:42   |   337:17:46   |
146150      |       -56782.1   |       -56528.9   |       -253.222   |   75:23:15   |   337:16:14   |
146200      |       -56774.8   |         -56520   |       -254.762   |   75:24:52   |   337:15:00   |
146250      |       -56824.9   |       -56544.9   |       -280.052   |   75:26:29   |   337:13:46   |
146300      |       -56810.9   |       -56530.1   |       -280.799   |   75:27:59   |   337:12:00   |
146350      |       -56817.7   |       -56534.1   |       -283.579   |   75:29:30   |   337:10:19   |
146400      |       -56823.1   |       -56533.5   |       -289.582   |   75:31:03   |   337:08:47   |
146450      |       -56801.6   |       -56534.4   |       -267.216   |   75:32:35   |   337:07:10   |
146500      |       -56749.8   |       -56521.2   |       -228.584   |   75:34:04   |   337:05:20   |
146550      |       -56763.8   |         -56504   |       -259.808   |   75:35:41   |   337:04:06   |
146600      |       -56762.2   |       -56519.9   |       -242.309   |   75:37:15   |   337:02:38   |
146650      |       -56763.3   |       -56526.6   |       -236.723   |   75:38:50   |   337:01:15   |
146700      |       -56748.5   |       -56523.4   |       -225.097   |   75:40:21   |   336:59:34   |
146750      |         -56742   |       -56516.4   |       -225.689   |   75:41:53   |   336:57:57   |
146800      |       -56792.8   |       -56528.4   |        -264.47   |   75:43:25   |   336:56:20   |
146850      |       -56749.3   |       -56505.4   |       -243.838   |   75:44:54   |   336:54:30   |
146900      |       -56808.9   |       -56513.2   |        -295.73   |   75:46:24   |   336:52:45   |
146950      |       -56793.7   |       -56531.2   |       -262.488   |   75:47:55   |   336:51:04   |


Iter        |      Posterior   |     Likelihood   |          Prior   |    elapsed   |        ETA   |
----------------------------------------------------------------------------------------------------
147000      |       -56807.3   |       -56525.1   |       -282.188   |   75:49:26   |   336:49:23   |
147050      |       -56823.9   |       -56518.4   |       -305.481   |   75:50:56   |   336:47:37   |
147100      |       -56820.1   |       -56527.4   |       -292.728   |   75:52:30   |   336:46:10   |
147150      |       -56787.7   |       -56526.5   |       -261.197   |   75:54:00   |   336:44:24   |
147200      |       -56791.9   |       -56517.3   |       -274.611   |   75:55:30   |   336:42:39   |
147250      |       -56806.8   |       -56537.3   |       -269.409   |   75:57:02   |   336:41:02   |
147300      |       -56820.5   |       -56515.9   |       -304.575   |   75:58:38   |   336:39:43   |
147350      |       -56805.1   |       -56513.7   |       -291.422   |   76:00:08   |   336:37:58   |
147400      |       -56795.8   |       -56524.9   |       -270.942   |   76:01:37   |   336:36:08   |
147450      |       -56781.4   |       -56536.6   |       -244.769   |   76:03:04   |   336:34:09   |
147500      |       -56764.4   |         -56528   |       -236.416   |   76:04:29   |   336:32:02   |
147550      |       -56813.5   |       -56535.4   |        -278.15   |   76:05:55   |   336:29:59   |
147600      |       -56791.5   |       -56535.2   |       -256.282   |   76:07:25   |   336:28:13   |
147650      |       -56781.1   |       -56518.3   |       -262.759   |   76:08:57   |   336:26:37   |
147700      |       -56754.3   |       -56518.4   |       -235.891   |   76:10:28   |   336:24:56   |
147750      |       -56784.8   |       -56531.8   |       -252.999   |   76:11:56   |   336:23:02   |
147800      |         -56788   |       -56523.4   |       -264.623   |   76:13:24   |   336:21:07   |
147850      |       -56784.9   |       -56530.9   |       -254.011   |   76:14:56   |   336:19:31   |
147900      |         -56725   |       -56521.9   |       -203.089   |   76:16:32   |   336:18:12   |
147950      |       -56772.3   |       -56528.9   |       -243.457   |   76:18:08   |   336:16:53   |


Iter        |      Posterior   |     Likelihood   |          Prior   |    elapsed   |        ETA   |
----------------------------------------------------------------------------------------------------
148000      |       -56779.3   |       -56527.2   |       -252.113   |   76:19:40   |   336:15:17   |
148050      |         -56753   |       -56527.3   |       -225.629   |   76:21:08   |   336:13:23   |
148100      |       -56749.2   |       -56526.2   |       -222.978   |   76:22:36   |   336:11:29   |
148150      |       -56761.1   |       -56536.3   |       -224.757   |   76:24:07   |   336:09:48   |
148200      |         -56803   |       -56525.5   |       -277.453   |   76:25:39   |   336:08:11   |
148250      |       -56789.2   |       -56525.5   |       -263.741   |   76:27:13   |   336:06:44   |
148300      |       -56782.4   |       -56536.4   |       -245.993   |   76:28:43   |   336:04:58   |
148350      |       -56777.3   |       -56527.9   |       -249.432   |   76:30:15   |   336:03:22   |
148400      |       -56740.9   |       -56521.4   |        -219.52   |   76:31:48   |   336:01:50   |
148450      |       -56782.2   |       -56531.3   |        -250.87   |   76:33:21   |   336:00:18   |
148500      |       -56774.6   |       -56544.5   |       -230.083   |   76:34:57   |   335:58:59   |
148550      |       -56768.9   |       -56542.9   |       -225.977   |   76:36:28   |   335:57:18   |
148600      |       -56707.2   |       -56516.4   |       -190.802   |   76:37:59   |   335:55:37   |
148650      |         -56734   |       -56517.9   |        -216.08   |   76:39:34   |   335:54:14   |
148700      |         -56762   |       -56533.8   |       -228.222   |   76:41:10   |   335:52:55   |
148750      |       -56762.7   |       -56536.9   |       -225.794   |   76:42:42   |   335:51:19   |
148800      |       -56763.8   |       -56523.7   |       -240.021   |   76:44:14   |   335:49:42   |
148850      |       -56776.2   |       -56513.4   |       -262.881   |   76:45:49   |   335:48:19   |
148900      |       -56789.7   |       -56522.6   |       -267.122   |   76:47:22   |   335:46:47   |
148950      |       -56785.6   |       -56521.9   |       -263.746   |   76:48:51   |   335:44:57   |


Iter        |      Posterior   |     Likelihood   |          Prior   |    elapsed   |        ETA   |
----------------------------------------------------------------------------------------------------
149000      |       -56817.5   |       -56512.2   |       -305.253   |   76:50:20   |   335:43:08   |
149050      |       -56758.9   |       -56512.5   |       -246.471   |   76:51:47   |   335:41:09   |
149100      |       -56767.9   |       -56515.1   |       -252.818   |   76:53:22   |   335:39:46   |
149150      |       -56770.2   |       -56512.3   |        -257.93   |   76:54:54   |   335:38:10   |
149200      |       -56777.6   |         -56522   |       -255.546   |   76:56:24   |   335:36:24   |
149250      |       -56765.4   |       -56518.5   |       -246.903   |   76:57:54   |   335:34:39   |
149300      |       -56786.7   |       -56535.4   |       -251.301   |   76:59:27   |   335:33:07   |
149350      |       -56797.3   |       -56531.1   |       -266.201   |   77:00:59   |   335:31:31   |
149400      |       -56757.1   |       -56522.1   |       -234.951   |   77:02:27   |   335:29:37   |
149450      |       -56799.3   |         -56526   |       -273.361   |   77:03:59   |   335:28:01   |
149500      |       -56755.1   |       -56527.8   |       -227.297   |   77:05:34   |   335:26:37   |
149550      |       -56804.7   |       -56528.2   |       -276.508   |   77:07:06   |   335:25:01   |
149600      |       -56821.2   |       -56523.3   |       -297.894   |   77:08:44   |   335:23:51   |
149650      |       -56785.2   |       -56521.9   |       -263.329   |   77:10:20   |   335:22:32   |
149700      |       -56748.7   |       -56506.2   |       -242.491   |   77:11:53   |   335:21:00   |
149750      |       -56777.7   |       -56517.9   |       -259.744   |   77:13:27   |   335:19:32   |
149800      |       -56752.2   |       -56528.1   |       -224.023   |   77:15:00   |   335:18:00   |
149850      |         -56770   |       -56514.1   |       -255.945   |   77:16:30   |   335:16:15   |
149900      |       -56728.4   |       -56507.2   |       -221.137   |   77:18:02   |   335:14:38   |
149950      |       -56799.1   |       -56512.3   |       -286.872   |   77:19:31   |   335:12:49   |


Iter        |      Posterior   |     Likelihood   |          Prior   |    elapsed   |        ETA   |
----------------------------------------------------------------------------------------------------
150000      |       -56770.4   |       -56521.8   |       -248.609   |   77:21:06   |   335:11:26   |
150050      |       -56749.9   |       -56506.1   |       -243.837   |   77:22:38   |   335:09:49   |
150100      |       -56737.6   |         -56513   |       -224.542   |   77:24:11   |   335:08:17   |
150150      |       -56793.6   |       -56519.2   |       -274.362   |   77:25:43   |   335:06:41   |
150200      |       -56774.3   |         -56523   |       -251.236   |   77:27:15   |   335:05:04   |
150250      |       -56799.3   |       -56532.7   |       -266.568   |   77:28:46   |   335:03:24   |
150300      |       -56794.8   |       -56517.8   |       -276.954   |   77:30:15   |   335:01:34   |
150350      |       -56754.8   |       -56515.4   |       -239.433   |   77:31:45   |   334:59:49   |
150400      |       -56786.5   |       -56516.3   |       -270.201   |   77:33:14   |   334:58:00   |
150450      |       -56768.5   |       -56523.9   |        -244.63   |   77:34:48   |   334:56:32   |
150500      |       -56791.5   |       -56542.8   |       -248.685   |   77:36:19   |   334:54:52   |
150550      |       -56788.4   |       -56536.3   |       -252.162   |   77:37:51   |   334:53:15   |
150600      |       -56769.4   |       -56528.1   |       -241.247   |   77:39:27   |   334:51:56   |
150650      |       -56797.7   |       -56533.1   |       -264.576   |   77:41:02   |   334:50:33   |
150700      |       -56756.7   |       -56532.7   |       -223.983   |   77:42:37   |   334:49:09   |
150750      |       -56796.5   |       -56533.9   |       -262.647   |   77:44:13   |   334:47:50   |
150800      |       -56778.2   |       -56535.7   |       -242.491   |   77:45:47   |   334:46:22   |
150850      |       -56795.9   |         -56547   |       -248.876   |   77:47:16   |   334:44:33   |
150900      |       -56815.9   |         -56545   |       -270.868   |   77:48:49   |   334:43:01   |
150950      |       -56785.9   |       -56540.4   |        -245.45   |   77:50:25   |   334:41:42   |


Iter        |      Posterior   |     Likelihood   |          Prior   |    elapsed   |        ETA   |
----------------------------------------------------------------------------------------------------
151000      |       -56815.7   |       -56544.8   |       -270.975   |   77:52:01   |   334:40:23   |
151050      |       -56836.9   |         -56530   |       -306.921   |   77:53:38   |   334:39:08   |
151100      |       -56780.1   |       -56534.9   |       -245.216   |   77:55:09   |   334:37:27   |
151150      |       -56793.5   |       -56530.4   |       -263.094   |   77:56:43   |   334:36:00   |
151200      |       -56758.7   |       -56530.1   |       -228.629   |   77:58:20   |   334:34:45   |
151250      |       -56777.2   |       -56527.8   |       -249.376   |   77:59:55   |   334:33:21   |
151300      |         -56781   |         -56527   |       -253.985   |   78:01:32   |   334:32:06   |
151350      |       -56771.4   |       -56516.7   |       -254.653   |   78:03:05   |   334:30:34   |
151400      |       -56751.9   |       -56539.9   |       -212.065   |   78:04:41   |   334:29:15   |
151450      |       -56769.7   |       -56533.2   |       -236.514   |   78:06:15   |   334:27:47   |
151500      |       -56789.8   |       -56514.4   |       -275.387   |   78:07:47   |   334:26:11   |
151550      |       -56770.9   |       -56519.7   |       -251.261   |   78:09:18   |   334:24:30   |
151600      |       -56761.4   |       -56531.4   |       -229.966   |   78:10:50   |   334:22:54   |
151650      |         -56750   |       -56533.5   |        -216.47   |   78:12:23   |   334:21:22   |
151700      |       -56774.2   |       -56531.7   |       -242.457   |   78:13:54   |   334:19:41   |
151750      |       -56800.6   |       -56526.6   |       -273.934   |   78:15:31   |   334:18:26   |
151800      |       -56781.1   |         -56531   |        -250.12   |   78:17:07   |   334:17:07   |
151850      |       -56767.9   |         -56532   |       -235.923   |   78:18:44   |   334:15:52   |
151900      |         -56810   |       -56538.8   |       -271.185   |   78:20:18   |   334:14:24   |
151950      |       -56727.6   |       -56512.3   |       -215.288   |   78:21:50   |   334:12:48   |


Iter        |      Posterior   |     Likelihood   |          Prior   |    elapsed   |        ETA   |
----------------------------------------------------------------------------------------------------
152000      |       -56774.3   |       -56519.1   |       -255.183   |   78:23:24   |   334:11:20   |
152050      |       -56796.9   |       -56523.1   |       -273.791   |   78:24:56   |   334:09:43   |
152100      |       -56768.8   |       -56521.4   |       -247.435   |   78:26:35   |   334:08:37   |
152150      |       -56806.2   |       -56540.7   |       -265.527   |   78:28:10   |   334:07:13   |
152200      |       -56770.7   |       -56529.6   |       -241.069   |   78:29:45   |   334:05:50   |
152250      |       -56815.7   |       -56528.8   |       -286.935   |   78:31:24   |   334:04:43   |
152300      |       -56827.8   |       -56534.8   |       -293.066   |   78:32:58   |   334:03:15   |
152350      |       -56831.8   |       -56530.9   |       -300.853   |   78:34:31   |   334:01:43   |
152400      |       -56779.4   |       -56519.1   |       -260.307   |   78:36:02   |   334:00:02   |
152450      |       -56791.7   |       -56531.9   |        -259.77   |   78:37:35   |   333:58:30   |
152500      |       -56763.9   |       -56534.6   |       -229.285   |   78:39:08   |   333:56:58   |
152550      |       -56736.2   |         -56523   |       -213.254   |   78:40:43   |   333:55:34   |
152600      |       -56740.6   |       -56513.2   |       -227.451   |   78:42:16   |   333:54:02   |
152650      |       -56748.3   |       -56519.4   |       -228.938   |   78:43:51   |   333:52:39   |
152700      |       -56741.4   |       -56520.4   |       -220.991   |   78:45:23   |   333:51:02   |
152750      |       -56769.3   |       -56525.1   |       -244.263   |   78:46:55   |   333:49:26   |
152800      |       -56754.5   |       -56521.9   |       -232.594   |   78:48:30   |   333:48:02   |
152850      |       -56750.6   |       -56521.5   |       -229.076   |   78:50:06   |   333:46:43   |
152900      |       -56773.9   |       -56537.1   |       -236.769   |   78:51:42   |   333:45:23   |
152950      |       -56825.2   |       -56536.3   |       -288.883   |   78:53:15   |   333:43:51   |


Iter        |      Posterior   |     Likelihood   |          Prior   |    elapsed   |        ETA   |
----------------------------------------------------------------------------------------------------
153000      |       -56769.9   |       -56519.8   |       -250.081   |   78:54:49   |   333:42:23   |
153050      |       -56780.3   |       -56521.6   |       -258.708   |   78:56:21   |   333:40:47   |
153100      |       -56818.6   |       -56548.1   |       -270.462   |   78:57:53   |   333:39:10   |
153150      |         -56788   |       -56518.8   |       -269.252   |   78:59:24   |   333:37:30   |
153200      |         -56762   |       -56520.6   |        -241.39   |   79:00:54   |   333:35:45   |
153250      |         -56778   |       -56534.4   |       -243.565   |   79:02:23   |   333:33:56   |
153300      |       -56757.5   |       -56518.4   |       -239.162   |   79:03:53   |   333:32:11   |
153350      |       -56767.4   |       -56521.7   |       -245.765   |   79:05:27   |   333:30:43   |
153400      |       -56744.6   |         -56516   |        -228.68   |   79:07:03   |   333:29:24   |
153450      |       -56762.4   |       -56507.3   |       -255.099   |   79:08:39   |   333:28:04   |
153500      |       -56789.1   |       -56522.2   |       -266.852   |   79:10:14   |   333:26:40   |
153550      |       -56760.4   |       -56527.4   |       -232.953   |   79:11:52   |   333:25:29   |
153600      |       -56749.9   |       -56531.5   |        -218.43   |   79:13:25   |   333:23:57   |
153650      |       -56778.1   |       -56538.5   |       -239.616   |   79:14:55   |   333:22:12   |
153700      |       -56754.7   |       -56522.7   |       -232.079   |   79:16:26   |   333:20:32   |
153750      |         -56809   |       -56531.6   |       -277.438   |   79:17:59   |   333:19:00   |
153800      |       -56785.4   |       -56524.7   |       -260.749   |   79:19:33   |   333:17:32   |
153850      |       -56798.2   |       -56534.6   |        -263.63   |   79:21:13   |   333:16:29   |
153900      |       -56741.3   |       -56517.2   |       -224.073   |   79:22:48   |   333:15:05   |
153950      |       -56780.1   |       -56509.8   |       -270.304   |   79:24:21   |   333:13:33   |


Iter        |      Posterior   |     Likelihood   |          Prior   |    elapsed   |        ETA   |
----------------------------------------------------------------------------------------------------
154000      |       -56804.6   |       -56522.2   |       -282.392   |   79:25:54   |   333:12:01   |
154050      |         -56768   |       -56515.3   |       -252.652   |   79:27:26   |   333:10:24   |
154100      |       -56798.3   |       -56519.4   |       -278.903   |   79:28:58   |   333:08:48   |
154150      |       -56793.6   |       -56515.5   |       -278.146   |   79:30:31   |   333:07:16   |
154200      |         -56777   |       -56524.4   |       -252.617   |   79:32:03   |   333:05:40   |
154250      |       -56831.8   |       -56535.3   |       -296.513   |   79:33:34   |   333:03:59   |
154300      |       -56791.9   |       -56535.3   |       -256.623   |   79:35:03   |   333:02:10   |
154350      |       -56803.7   |       -56524.9   |        -278.77   |   79:36:33   |   333:00:25   |
154400      |       -56784.3   |       -56522.1   |       -262.158   |   79:38:06   |   332:58:53   |
154450      |       -56788.6   |       -56526.4   |       -262.246   |   79:39:41   |   332:57:29   |
154500      |       -56764.3   |       -56531.8   |       -232.433   |   79:41:12   |   332:55:49   |
154550      |       -56782.5   |       -56523.8   |        -258.73   |   79:42:44   |   332:54:13   |
154600      |       -56757.7   |       -56531.9   |       -225.833   |   79:44:20   |   332:52:53   |
154650      |       -56786.3   |       -56526.8   |       -259.547   |   79:45:56   |   332:51:33   |
154700      |       -56772.3   |       -56530.6   |       -241.644   |   79:47:30   |   332:50:05   |
154750      |         -56812   |       -56537.2   |       -274.762   |   79:49:02   |   332:48:29   |
154800      |         -56797   |       -56523.7   |       -273.292   |   79:50:35   |   332:46:57   |
154850      |       -56756.4   |       -56532.8   |       -223.578   |   79:52:07   |   332:45:20   |
154900      |       -56808.4   |       -56541.4   |       -266.955   |   79:53:38   |   332:43:40   |
154950      |       -56825.3   |         -56537   |       -288.285   |   79:55:14   |   332:42:20   |


Iter        |      Posterior   |     Likelihood   |          Prior   |    elapsed   |        ETA   |
----------------------------------------------------------------------------------------------------
155000      |       -56758.4   |       -56523.4   |       -235.034   |   79:56:43   |   332:40:31   |
155050      |       -56814.1   |       -56524.9   |       -289.272   |   79:58:11   |   332:38:38   |
155100      |       -56730.1   |       -56518.3   |       -211.821   |   79:59:39   |   332:36:45   |
155150      |       -56780.3   |       -56520.4   |       -259.893   |   80:01:12   |   332:35:13   |
155200      |       -56767.8   |         -56519   |       -248.807   |   80:02:48   |   332:33:54   |
155250      |       -56771.4   |       -56520.3   |       -251.054   |   80:04:23   |   332:32:30   |
155300      |       -56762.8   |       -56533.9   |       -228.937   |   80:05:51   |   332:30:37   |
155350      |       -56798.5   |       -56533.7   |       -264.792   |   80:07:25   |   332:29:09   |
155400      |       -56796.7   |       -56544.7   |       -252.004   |   80:08:56   |   332:27:28   |
155450      |       -56750.6   |       -56526.8   |       -223.768   |   80:10:25   |   332:25:40   |
155500      |       -56764.3   |       -56508.9   |       -255.477   |   80:11:53   |   332:23:47   |
155550      |         -56788   |       -56515.3   |        -272.77   |   80:13:22   |   332:21:58   |
155600      |       -56794.5   |       -56525.2   |       -269.311   |   80:14:57   |   332:20:34   |
155650      |       -56796.8   |       -56523.2   |       -273.615   |   80:16:36   |   332:19:27   |
155700      |         -56790   |       -56524.4   |       -265.632   |   80:18:09   |   332:17:55   |
155750      |       -56799.3   |       -56538.8   |       -260.514   |   80:19:43   |   332:16:27   |
155800      |       -56805.6   |       -56540.7   |       -264.968   |   80:21:18   |   332:15:03   |
155850      |       -56808.8   |       -56525.6   |       -283.245   |   80:22:54   |   332:13:43   |
155900      |       -56739.6   |       -56514.7   |        -224.93   |   80:24:23   |   332:11:54   |
155950      |       -56807.8   |       -56518.9   |       -288.922   |   80:25:51   |   332:10:01   |


Iter        |      Posterior   |     Likelihood   |          Prior   |    elapsed   |        ETA   |
----------------------------------------------------------------------------------------------------
156000      |       -56787.4   |       -56528.2   |       -259.138   |   80:27:22   |   332:08:21   |
156050      |       -56763.3   |       -56522.7   |       -240.591   |   80:28:51   |   332:06:32   |
156100      |       -56751.5   |       -56521.8   |       -229.737   |   80:30:19   |   332:04:40   |
156150      |       -56760.9   |       -56521.2   |       -239.661   |   80:31:52   |   332:03:08   |
156200      |       -56797.3   |       -56537.5   |       -259.827   |   80:33:28   |   332:01:48   |
156250      |       -56785.2   |       -56533.8   |       -251.427   |   80:35:02   |   332:00:20   |
156300      |       -56777.7   |       -56516.7   |       -261.061   |   80:36:37   |   331:58:56   |
156350      |       -56785.6   |       -56519.8   |       -265.772   |   80:38:11   |   331:57:28   |
156400      |       -56782.5   |       -56512.2   |        -270.34   |   80:39:46   |   331:56:04   |
156450      |       -56800.7   |       -56519.2   |       -281.554   |   80:41:17   |   331:54:24   |
156500      |       -56791.2   |       -56504.4   |       -286.806   |   80:42:49   |   331:52:47   |
156550      |       -56775.8   |       -56526.9   |       -248.904   |   80:44:20   |   331:51:07   |
156600      |       -56782.1   |       -56526.5   |       -255.532   |   80:45:51   |   331:49:27   |
156650      |       -56754.3   |       -56536.2   |       -218.016   |   80:47:23   |   331:47:50   |
156700      |       -56787.6   |       -56547.4   |       -240.241   |   80:48:56   |   331:46:18   |
156750      |       -56819.7   |       -56528.3   |       -291.392   |   80:50:27   |   331:44:38   |
156800      |       -56778.5   |       -56528.9   |        -249.59   |   80:51:53   |   331:42:37   |
156850      |       -56799.1   |       -56533.1   |       -266.032   |   80:53:27   |   331:41:09   |
156900      |       -56823.3   |       -56541.4   |       -281.826   |   80:55:02   |   331:39:45   |
156950      |       -56796.8   |       -56523.2   |       -273.645   |   80:56:33   |   331:38:05   |


Iter        |      Posterior   |     Likelihood   |          Prior   |    elapsed   |        ETA   |
----------------------------------------------------------------------------------------------------
157000      |       -56788.5   |       -56537.5   |       -251.003   |   80:58:06   |   331:36:32   |
157050      |       -56799.1   |       -56528.9   |       -270.252   |   80:59:39   |   331:35:00   |
157100      |       -56779.1   |       -56504.7   |       -274.396   |   81:01:10   |   331:33:20   |
157150      |         -56810   |       -56516.2   |       -293.754   |   81:02:40   |   331:31:36   |
157200      |       -56727.3   |       -56504.4   |       -222.911   |   81:04:09   |   331:29:47   |
157250      |       -56788.6   |       -56520.1   |       -268.463   |   81:05:41   |   331:28:11   |
157300      |       -56778.5   |       -56545.2   |       -233.284   |   81:07:14   |   331:26:39   |
157350      |       -56795.2   |       -56539.3   |       -255.879   |   81:08:46   |   331:25:03   |
157400      |       -56744.4   |       -56527.3   |       -217.132   |   81:10:18   |   331:23:26   |
157450      |       -56774.1   |       -56540.7   |       -233.388   |   81:11:56   |   331:22:15   |
157500      |       -56776.9   |       -56533.3   |       -243.607   |   81:13:36   |   331:21:11   |
157550      |       -56770.3   |       -56533.3   |       -236.938   |   81:15:13   |   331:19:55   |
157600      |       -56818.1   |       -56536.6   |       -281.559   |   81:16:49   |   331:18:35   |
157650      |       -56746.4   |       -56524.5   |       -221.934   |   81:18:23   |   331:17:07   |
157700      |       -56803.7   |       -56540.4   |       -263.315   |   81:19:57   |   331:15:39   |
157750      |       -56778.5   |       -56514.1   |       -264.396   |   81:21:30   |   331:14:07   |
157800      |       -56738.6   |       -56518.8   |       -219.865   |   81:23:00   |   331:12:23   |
157850      |       -56794.2   |       -56535.9   |       -258.241   |   81:24:36   |   331:11:03   |
157900      |       -56765.4   |       -56530.8   |       -234.585   |   81:26:10   |   331:09:35   |
157950      |       -56721.2   |       -56517.8   |        -203.42   |   81:27:41   |   331:07:54   |


Iter        |      Posterior   |     Likelihood   |          Prior   |    elapsed   |        ETA   |
----------------------------------------------------------------------------------------------------
158000      |       -56772.9   |       -56531.8   |       -241.162   |   81:29:17   |   331:06:34   |
158050      |       -56741.5   |       -56531.6   |       -209.926   |   81:30:51   |   331:05:06   |
158100      |       -56739.9   |       -56517.5   |       -222.314   |   81:32:28   |   331:03:50   |
158150      |       -56758.3   |       -56520.8   |        -237.44   |   81:34:01   |   331:02:18   |
158200      |       -56791.5   |       -56522.6   |       -268.883   |   81:35:35   |   331:00:50   |
158250      |       -56764.5   |       -56520.2   |       -244.316   |   81:37:09   |   330:59:22   |
158300      |       -56796.1   |       -56522.1   |       -273.932   |   81:38:43   |   330:57:54   |
158350      |       -56751.7   |         -56520   |       -231.711   |   81:40:16   |   330:56:22   |
158400      |       -56753.9   |       -56514.8   |       -239.006   |   81:41:48   |   330:54:45   |
158450      |       -56812.4   |       -56527.6   |       -284.798   |   81:43:26   |   330:53:34   |
158500      |       -56807.9   |       -56520.1   |       -287.827   |   81:45:01   |   330:52:09   |
158550      |       -56743.7   |       -56517.7   |       -225.987   |   81:46:38   |   330:50:53   |
158600      |       -56771.1   |         -56515   |       -256.061   |   81:48:11   |   330:49:21   |
158650      |       -56769.6   |       -56523.9   |       -245.677   |   81:49:42   |   330:47:41   |
158700      |       -56733.4   |       -56514.8   |       -218.591   |   81:51:16   |   330:46:13   |
158750      |       -56719.1   |       -56507.4   |       -211.681   |   81:52:47   |   330:44:33   |
158800      |       -56750.2   |       -56511.4   |       -238.805   |   81:54:21   |   330:43:04   |
158850      |       -56770.7   |       -56513.2   |       -257.497   |   81:55:54   |   330:41:32   |
158900      |         -56763   |       -56520.3   |       -242.633   |   81:57:31   |   330:40:16   |
158950      |       -56786.8   |       -56522.5   |       -264.378   |   81:59:04   |   330:38:44   |


Iter        |      Posterior   |     Likelihood   |          Prior   |    elapsed   |        ETA   |
----------------------------------------------------------------------------------------------------
159000      |       -56746.3   |       -56513.6   |       -232.707   |   82:00:38   |   330:37:16   |
159050      |       -56722.4   |       -56514.9   |       -207.529   |   82:02:10   |   330:35:39   |
159100      |       -56765.1   |       -56526.1   |       -239.043   |   82:03:41   |   330:33:59   |
159150      |         -56764   |         -56516   |       -248.007   |   82:05:09   |   330:32:07   |
159200      |       -56796.5   |       -56532.9   |       -263.564   |   82:06:39   |   330:30:23   |
159250      |       -56767.7   |       -56524.1   |       -243.638   |   82:08:16   |   330:29:07   |
159300      |       -56776.7   |       -56519.9   |       -256.836   |   82:09:48   |   330:27:30   |
159350      |       -56812.6   |       -56540.2   |       -272.444   |   82:11:18   |   330:25:46   |
159400      |       -56728.4   |       -56522.3   |       -206.158   |   82:12:48   |   330:24:02   |
159450      |       -56815.4   |       -56530.7   |       -284.688   |   82:14:22   |   330:22:34   |
159500      |       -56815.1   |       -56529.8   |       -285.265   |   82:15:52   |   330:20:49   |
159550      |       -56817.1   |       -56538.8   |       -278.265   |   82:17:23   |   330:19:09   |
159600      |       -56775.5   |       -56515.2   |       -260.268   |   82:18:51   |   330:17:17   |
159650      |       -56786.5   |       -56524.4   |       -262.099   |   82:20:23   |   330:15:41   |
159700      |       -56742.8   |       -56512.7   |       -230.046   |   82:22:01   |   330:14:29   |
159750      |       -56769.6   |       -56529.7   |       -239.893   |   82:23:36   |   330:13:04   |
159800      |       -56763.1   |       -56514.7   |       -248.434   |   82:25:11   |   330:11:40   |
159850      |         -56782   |       -56529.3   |       -252.674   |   82:26:48   |   330:10:24   |
159900      |         -56753   |       -56529.6   |       -223.471   |   82:28:24   |   330:09:04   |
159950      |       -56770.9   |       -56538.6   |       -232.314   |   82:29:58   |   330:07:36   |


Iter        |      Posterior   |     Likelihood   |          Prior   |    elapsed   |        ETA   |
----------------------------------------------------------------------------------------------------
160000      |         -56777   |       -56527.6   |       -249.398   |   82:31:32   |   330:06:08   |
160050      |       -56770.6   |       -56523.9   |       -246.702   |   82:33:03   |   330:04:27   |
160100      |       -56810.4   |       -56527.1   |       -283.325   |   82:34:33   |   330:02:43   |
160150      |       -56797.5   |       -56520.6   |       -276.883   |   82:36:05   |   330:01:07   |
160200      |       -56788.4   |       -56525.6   |       -262.774   |   82:37:38   |   329:59:35   |
160250      |       -56762.1   |       -56525.3   |        -236.86   |   82:39:12   |   329:58:07   |
160300      |       -56762.9   |       -56517.7   |       -245.285   |   82:40:46   |   329:56:38   |
160350      |       -56767.1   |       -56529.7   |       -237.413   |   82:42:18   |   329:55:02   |
160400      |       -56757.6   |       -56523.3   |       -234.305   |   82:43:52   |   329:53:34   |
160450      |       -56734.6   |       -56528.7   |       -205.934   |   82:45:28   |   329:52:14   |
160500      |       -56770.9   |       -56523.3   |       -247.628   |   82:47:01   |   329:50:41   |
160550      |       -56770.2   |       -56525.8   |       -244.357   |   82:48:36   |   329:49:17   |
160600      |       -56745.7   |       -56524.2   |       -221.494   |   82:50:08   |   329:47:41   |
160650      |       -56766.4   |       -56533.5   |       -232.912   |   82:51:37   |   329:45:53   |
160700      |       -56767.1   |       -56519.1   |       -247.911   |   82:53:05   |   329:44:01   |
160750      |       -56757.2   |       -56521.3   |       -235.908   |   82:54:33   |   329:42:09   |
160800      |       -56780.2   |       -56531.4   |       -248.866   |   82:56:03   |   329:40:25   |
160850      |       -56765.1   |       -56531.5   |       -233.658   |   82:57:34   |   329:38:44   |
160900      |       -56765.3   |         -56526   |       -239.263   |   82:59:09   |   329:37:20   |
160950      |       -56743.5   |         -56515   |       -228.471   |   83:00:44   |   329:35:56   |


Iter        |      Posterior   |     Likelihood   |          Prior   |    elapsed   |        ETA   |
----------------------------------------------------------------------------------------------------
161000      |       -56818.2   |         -56520   |       -298.202   |   83:02:15   |   329:34:16   |
161050      |       -56806.2   |       -56519.4   |       -286.768   |   83:03:46   |   329:32:36   |
161100      |       -56730.1   |       -56524.9   |       -205.221   |   83:05:15   |   329:30:48   |
161150      |       -56735.5   |       -56527.9   |        -207.61   |   83:06:43   |   329:28:56   |
161200      |       -56777.8   |       -56539.3   |       -238.563   |   83:08:17   |   329:27:27   |
161250      |       -56758.4   |       -56525.6   |         -232.8   |   83:09:56   |   329:26:19   |
161300      |       -56785.6   |       -56523.2   |       -262.338   |   83:11:27   |   329:24:39   |
161350      |       -56758.9   |       -56538.9   |        -219.95   |   83:12:57   |   329:22:55   |
161400      |       -56812.7   |       -56545.1   |       -267.663   |   83:14:29   |   329:21:19   |
161450      |       -56724.5   |       -56521.5   |       -202.977   |   83:15:59   |   329:19:35   |
161500      |       -56808.2   |       -56518.3   |       -289.855   |   83:17:30   |   329:17:55   |
161550      |       -56789.7   |       -56515.8   |       -273.884   |   83:19:04   |   329:16:26   |
161600      |       -56753.1   |       -56507.3   |       -245.759   |   83:20:38   |   329:14:58   |
161650      |       -56772.6   |       -56509.8   |         -262.8   |   83:22:15   |   329:13:42   |
161700      |       -56789.4   |       -56512.3   |       -277.067   |   83:23:48   |   329:12:10   |
161750      |       -56794.7   |       -56506.7   |       -288.009   |   83:25:23   |   329:10:45   |
161800      |       -56727.7   |       -56502.8   |       -224.896   |   83:26:56   |   329:09:13   |
161850      |       -56731.8   |       -56513.8   |       -217.989   |   83:28:31   |   329:07:49   |
161900      |       -56745.7   |       -56510.4   |       -235.299   |   83:30:06   |   329:06:24   |
161950      |       -56728.9   |       -56508.3   |       -220.674   |   83:31:46   |   329:05:20   |


Iter        |      Posterior   |     Likelihood   |          Prior   |    elapsed   |        ETA   |
----------------------------------------------------------------------------------------------------
162000      |       -56728.5   |       -56495.6   |       -232.883   |   83:33:24   |   329:04:07   |
162050      |       -56741.9   |       -56507.6   |       -234.304   |   83:35:00   |   329:02:47   |
162100      |       -56822.1   |       -56518.7   |       -303.458   |   83:36:37   |   329:01:30   |
162150      |       -56705.9   |       -56507.9   |       -197.993   |   83:38:14   |   329:00:14   |
162200      |       -56749.6   |       -56504.1   |       -245.525   |   83:39:48   |   328:58:46   |
162250      |       -56750.3   |       -56518.4   |       -231.848   |   83:41:28   |   328:57:41   |
162300      |       -56727.5   |       -56517.5   |       -209.963   |   83:43:02   |   328:56:13   |
162350      |       -56791.2   |       -56531.9   |       -259.284   |   83:44:33   |   328:54:33   |
162400      |       -56784.7   |       -56518.6   |       -266.043   |   83:46:07   |   328:53:04   |
162450      |       -56769.6   |       -56522.6   |       -247.046   |   83:47:35   |   328:51:12   |
162500      |       -56800.1   |       -56511.7   |       -288.398   |   83:49:05   |   328:49:28   |
162550      |       -56807.3   |       -56535.1   |       -272.267   |   83:50:43   |   328:48:16   |
162600      |       -56835.1   |       -56521.4   |       -313.651   |   83:52:18   |   328:46:51   |
162650      |       -56803.1   |         -56533   |       -270.122   |   83:53:56   |   328:45:39   |
162700      |       -56815.4   |       -56515.4   |       -299.988   |   83:55:37   |   328:44:38   |
162750      |         -56799   |         -56513   |       -285.992   |   83:57:14   |   328:43:21   |
162800      |       -56789.9   |       -56521.1   |       -268.842   |   83:58:48   |   328:41:53   |
162850      |         -56766   |       -56511.7   |       -254.312   |   84:00:18   |   328:40:09   |
162900      |         -56761   |       -56517.1   |       -243.849   |   84:02:02   |   328:39:20   |
162950      |         -56829   |       -56539.7   |        -289.31   |   84:03:33   |   328:37:39   |


Iter        |      Posterior   |     Likelihood   |          Prior   |    elapsed   |        ETA   |
----------------------------------------------------------------------------------------------------
163000      |       -56762.8   |       -56513.5   |       -249.306   |   84:05:01   |   328:35:48   |
163050      |       -56780.9   |       -56513.9   |       -267.037   |   84:06:36   |   328:34:23   |
163100      |       -56795.9   |       -56516.6   |       -279.273   |   84:08:14   |   328:33:10   |
163150      |       -56765.3   |       -56509.4   |       -255.932   |   84:09:47   |   328:31:38   |
163200      |       -56778.9   |       -56510.2   |       -268.716   |   84:11:21   |   328:30:10   |
163250      |       -56750.6   |         -56513   |       -237.551   |   84:12:52   |   328:28:30   |
163300      |       -56798.1   |       -56503.5   |       -294.537   |   84:14:23   |   328:26:49   |
163350      |       -56761.6   |       -56524.9   |       -236.724   |   84:15:51   |   328:24:58   |
163400      |       -56781.9   |       -56524.6   |       -257.266   |   84:17:21   |   328:23:14   |
163450      |       -56780.8   |       -56500.7   |       -280.014   |   84:18:51   |   328:21:30   |
163500      |       -56780.4   |       -56507.7   |       -272.717   |   84:20:22   |   328:19:50   |
163550      |         -56760   |       -56515.6   |       -244.406   |   84:21:54   |   328:18:14   |
163600      |       -56774.8   |       -56502.1   |       -272.611   |   84:23:24   |   328:16:30   |
163650      |       -56739.1   |         -56504   |       -235.034   |   84:24:54   |   328:14:46   |
163700      |       -56742.5   |       -56507.4   |       -235.116   |   84:26:23   |   328:12:58   |
163750      |         -56732   |       -56485.3   |       -246.675   |   84:27:58   |   328:11:33   |
163800      |       -56746.1   |       -56497.1   |       -248.964   |   84:29:33   |   328:10:09   |
163850      |       -56734.7   |       -56497.1   |       -237.586   |   84:31:05   |   328:08:33   |
163900      |       -56756.8   |       -56508.6   |       -248.185   |   84:32:38   |   328:07:01   |
163950      |       -56738.3   |       -56496.2   |       -242.039   |   84:34:10   |   328:05:24   |


Iter        |      Posterior   |     Likelihood   |          Prior   |    elapsed   |        ETA   |
----------------------------------------------------------------------------------------------------
164000      |       -56730.4   |       -56499.9   |       -230.497   |   84:35:43   |   328:03:52   |
164050      |       -56794.1   |       -56526.4   |       -267.769   |   84:37:20   |   328:02:35   |
164100      |       -56758.1   |       -56508.7   |       -249.438   |   84:38:53   |   328:01:03   |
164150      |         -56771   |       -56506.9   |       -264.167   |   84:40:27   |   327:59:35   |
164200      |       -56732.6   |       -56510.6   |       -221.974   |   84:41:59   |   327:57:59   |
164250      |       -56786.1   |         -56505   |       -281.083   |   84:43:35   |   327:56:38   |
164300      |       -56720.4   |       -56514.7   |       -205.737   |   84:45:09   |   327:55:09   |
164350      |       -56716.4   |       -56493.2   |       -223.254   |   84:46:44   |   327:53:45   |
164400      |       -56744.3   |       -56501.5   |       -242.844   |   84:48:20   |   327:52:24   |
164450      |       -56698.7   |       -56492.3   |       -206.457   |   84:49:54   |   327:50:56   |
164500      |       -56778.8   |       -56517.3   |       -261.468   |   84:51:25   |   327:49:16   |
164550      |       -56699.3   |         -56504   |       -195.303   |   84:52:55   |   327:47:32   |
164600      |       -56766.6   |       -56523.6   |       -243.066   |   84:54:20   |   327:45:29   |
164650      |       -56759.5   |       -56523.2   |        -236.21   |   84:55:51   |   327:43:49   |
164700      |       -56722.7   |       -56499.3   |       -223.417   |   84:57:26   |   327:42:24   |
164750      |         -56759   |       -56501.1   |        -257.89   |   84:58:57   |   327:40:44   |
164800      |       -56741.6   |       -56507.2   |       -234.403   |   85:00:35   |   327:39:31   |
164850      |       -56729.7   |       -56512.9   |       -216.777   |   85:02:09   |   327:38:03   |
164900      |       -56765.6   |       -56496.6   |       -269.036   |   85:03:39   |   327:36:19   |
164950      |       -56755.8   |       -56506.7   |        -249.08   |   85:05:11   |   327:34:43   |


Iter        |      Posterior   |     Likelihood   |          Prior   |    elapsed   |        ETA   |
----------------------------------------------------------------------------------------------------
165000      |         -56768   |       -56505.3   |        -262.69   |   85:06:50   |   327:33:34   |
165050      |       -56764.8   |       -56504.4   |       -260.391   |   85:08:27   |   327:32:17   |
165100      |       -56761.5   |       -56490.3   |        -271.22   |   85:10:00   |   327:30:45   |
165150      |       -56742.4   |       -56500.6   |       -241.756   |   85:11:35   |   327:29:20   |
165200      |       -56697.8   |       -56492.8   |       -204.959   |   85:13:07   |   327:27:44   |
165250      |       -56734.4   |       -56501.8   |       -232.575   |   85:14:38   |   327:26:04   |
165300      |       -56758.2   |       -56513.1   |       -245.189   |   85:16:11   |   327:24:32   |
165350      |         -56748   |       -56494.2   |        -253.81   |   85:17:56   |   327:23:45   |
165400      |       -56779.1   |       -56531.5   |       -247.627   |   85:19:27   |   327:22:05   |
165450      |       -56780.1   |       -56516.6   |       -263.516   |   85:21:02   |   327:20:41   |
165500      |       -56808.7   |       -56514.3   |       -294.442   |   85:22:35   |   327:19:08   |
165550      |       -56752.8   |       -56494.1   |       -258.719   |   85:24:06   |   327:17:28   |
165600      |       -56803.3   |       -56511.3   |       -292.004   |   85:25:42   |   327:16:08   |
165650      |       -56748.2   |       -56508.8   |       -239.385   |   85:27:13   |   327:14:28   |
165700      |       -56749.5   |       -56494.9   |       -254.538   |   85:28:46   |   327:12:55   |
165750      |       -56752.5   |       -56500.9   |       -251.583   |   85:30:21   |   327:11:31   |
165800      |       -56741.9   |       -56504.8   |       -237.027   |   85:31:51   |   327:09:47   |
165850      |       -56746.2   |       -56486.2   |       -259.934   |   85:33:21   |   327:08:03   |
165900      |       -56820.1   |       -56492.4   |       -327.688   |   85:34:54   |   327:06:31   |
165950      |       -56757.5   |       -56501.3   |       -256.169   |   85:36:23   |   327:04:43   |


Iter        |      Posterior   |     Likelihood   |          Prior   |    elapsed   |        ETA   |
----------------------------------------------------------------------------------------------------
166000      |       -56768.4   |       -56496.2   |       -272.262   |   85:37:50   |   327:02:48   |
166050      |       -56749.8   |       -56481.6   |       -268.247   |   85:39:22   |   327:01:12   |
166100      |       -56746.9   |       -56489.5   |       -257.377   |   85:40:55   |   326:59:40   |
166150      |       -56727.6   |       -56489.5   |       -238.108   |   85:42:32   |   326:58:23   |
166200      |       -56768.5   |         -56509   |       -259.517   |   85:44:04   |   326:56:47   |
166250      |         -56731   |       -56508.3   |       -222.679   |   85:45:37   |   326:55:14   |
166300      |       -56764.7   |       -56503.5   |       -261.276   |   85:47:11   |   326:53:46   |
166350      |       -56782.4   |       -56508.4   |       -273.983   |   85:48:44   |   326:52:13   |
166400      |       -56775.7   |       -56507.2   |       -268.425   |   85:50:16   |   326:50:37   |
166450      |       -56711.4   |       -56505.8   |       -205.544   |   85:51:49   |   326:49:05   |
166500      |       -56760.7   |         -56491   |       -269.785   |   85:53:17   |   326:47:14   |
166550      |       -56694.6   |       -56497.7   |        -196.85   |   85:54:48   |   326:45:34   |
166600      |       -56739.2   |       -56494.1   |       -245.141   |   85:56:22   |   326:44:05   |
166650      |       -56765.4   |       -56503.4   |        -262.03   |   85:57:51   |   326:42:18   |
166700      |       -56731.8   |       -56493.1   |       -238.773   |   85:59:23   |   326:40:42   |
166750      |       -56748.5   |       -56506.6   |       -241.843   |   86:00:50   |   326:38:47   |
166800      |       -56744.8   |       -56485.3   |       -259.414   |   86:02:22   |   326:37:11   |
166850      |       -56791.1   |       -56505.8   |       -285.287   |   86:03:54   |   326:35:35   |
166900      |       -56787.2   |       -56518.6   |       -268.552   |   86:05:22   |   326:33:43   |
166950      |         -56848   |       -56523.5   |       -324.536   |   86:06:50   |   326:31:52   |


Iter        |      Posterior   |     Likelihood   |          Prior   |    elapsed   |        ETA   |
----------------------------------------------------------------------------------------------------
167000      |       -56713.9   |         -56496   |       -217.864   |   86:08:22   |   326:30:16   |
167050      |       -56779.8   |       -56504.1   |       -275.704   |   86:09:53   |   326:28:36   |
167100      |       -56766.9   |       -56512.6   |       -254.325   |   86:11:22   |   326:26:49   |
167150      |       -56728.3   |       -56499.5   |       -228.827   |   86:12:51   |   326:25:01   |
167200      |       -56772.8   |       -56490.3   |       -282.551   |   86:14:20   |   326:23:14   |
167250      |       -56827.8   |       -56502.7   |       -325.165   |   86:15:49   |   326:21:27   |
167300      |       -56737.4   |         -56481   |         -256.4   |   86:17:20   |   326:19:47   |
167350      |       -56783.1   |       -56482.4   |       -300.776   |   86:18:49   |   326:18:00   |
167400      |       -56736.7   |       -56473.4   |       -263.353   |   86:20:19   |   326:16:16   |
167450      |       -56730.3   |       -56498.7   |       -231.534   |   86:21:48   |   326:14:29   |
167500      |       -56726.5   |       -56508.6   |       -217.923   |   86:23:12   |   326:12:22   |
167550      |       -56789.5   |       -56503.9   |       -285.515   |   86:24:43   |   326:10:43   |
167600      |       -56742.6   |       -56486.4   |       -256.186   |   86:26:11   |   326:08:52   |
167650      |       -56726.2   |       -56508.2   |       -217.989   |   86:27:38   |   326:06:57   |
167700      |       -56777.4   |       -56499.5   |       -277.831   |   86:29:09   |   326:05:17   |
167750      |       -56722.3   |       -56502.4   |       -219.854   |   86:30:38   |   326:03:30   |
167800      |       -56743.3   |       -56503.9   |       -239.422   |   86:32:05   |   326:01:35   |
167850      |       -56689.9   |       -56509.7   |       -180.274   |   86:33:29   |   325:59:29   |
167900      |       -56756.4   |       -56500.2   |       -256.168   |   86:34:55   |   325:57:30   |
167950      |       -56738.9   |       -56493.3   |       -245.576   |   86:36:28   |   325:55:58   |


Iter        |      Posterior   |     Likelihood   |          Prior   |    elapsed   |        ETA   |
----------------------------------------------------------------------------------------------------
168000      |         -56786   |       -56511.7   |       -274.266   |   86:38:03   |   325:54:34   |
168050      |         -56777   |       -56510.7   |       -266.302   |   86:39:32   |   325:52:46   |
168100      |       -56710.9   |       -56484.1   |       -226.793   |   86:41:04   |   325:51:11   |
168150      |       -56713.5   |       -56492.5   |       -220.998   |   86:42:34   |   325:49:27   |
168200      |       -56708.5   |       -56493.7   |       -214.803   |   86:44:07   |   325:47:55   |
168250      |       -56777.5   |       -56490.6   |       -286.883   |   86:45:35   |   325:46:04   |
168300      |       -56719.2   |       -56483.5   |       -235.657   |   86:47:08   |   325:44:32   |
168350      |       -56751.8   |       -56491.6   |       -260.112   |   86:48:40   |   325:42:56   |
168400      |       -56774.2   |       -56503.6   |       -270.565   |   86:50:10   |   325:41:13   |
168450      |       -56754.8   |       -56505.1   |       -249.699   |   86:51:40   |   325:39:29   |
168500      |       -56758.8   |       -56488.5   |       -270.284   |   86:53:10   |   325:37:46   |
168550      |       -56797.6   |       -56502.4   |       -295.223   |   86:54:42   |   325:36:10   |
168600      |       -56716.6   |       -56492.5   |        -224.18   |   86:56:13   |   325:34:30   |
168650      |       -56758.6   |       -56490.3   |       -268.262   |   86:57:46   |   325:32:58   |
168700      |       -56767.9   |       -56494.5   |       -273.368   |   86:59:16   |   325:31:15   |
168750      |       -56740.1   |       -56510.3   |       -229.835   |   87:00:50   |   325:29:47   |
168800      |         -56739   |       -56484.4   |       -254.685   |   87:02:24   |   325:28:18   |
168850      |       -56735.5   |       -56493.3   |       -242.159   |   87:03:54   |   325:26:35   |
168900      |       -56787.4   |       -56503.1   |       -284.284   |   87:05:31   |   325:25:18   |
168950      |       -56754.6   |       -56497.1   |        -257.55   |   87:07:08   |   325:24:00   |


Iter        |      Posterior   |     Likelihood   |          Prior   |    elapsed   |        ETA   |
----------------------------------------------------------------------------------------------------
169000      |       -56791.7   |       -56491.3   |        -300.42   |   87:08:40   |   325:22:25   |
169050      |       -56761.3   |       -56484.8   |       -276.456   |   87:10:10   |   325:20:41   |
169100      |       -56743.8   |         -56492   |       -251.803   |   87:11:45   |   325:19:17   |
169150      |       -56804.5   |       -56503.6   |       -300.857   |   87:13:20   |   325:17:52   |
169200      |       -56749.6   |       -56510.3   |       -239.262   |   87:14:53   |   325:16:20   |
169250      |       -56779.3   |       -56488.7   |       -290.572   |   87:16:28   |   325:14:55   |
169300      |       -56754.3   |       -56485.3   |       -269.003   |   87:17:58   |   325:13:12   |
169350      |       -56783.8   |       -56510.3   |       -273.435   |   87:19:28   |   325:11:28   |
169400      |       -56776.3   |       -56492.4   |       -283.813   |   87:20:58   |   325:09:45   |
169450      |       -56772.7   |       -56494.1   |       -278.627   |   87:22:30   |   325:08:09   |
169500      |       -56803.7   |       -56495.4   |       -308.309   |   87:24:01   |   325:06:30   |
169550      |       -56711.7   |       -56506.2   |       -205.507   |   87:25:31   |   325:04:46   |
169600      |       -56750.5   |       -56510.4   |        -240.07   |   87:27:05   |   325:03:18   |
169650      |       -56716.8   |       -56503.8   |       -213.031   |   87:28:39   |   325:01:50   |
169700      |       -56770.7   |       -56503.1   |       -267.594   |   87:30:09   |   325:00:06   |
169750      |       -56775.7   |       -56515.2   |       -260.455   |   87:31:40   |   324:58:27   |
169800      |       -56782.5   |       -56513.9   |       -268.575   |   87:33:17   |   324:57:10   |
169850      |       -56788.1   |       -56511.2   |       -276.845   |   87:34:55   |   324:55:56   |
169900      |       -56815.2   |       -56517.9   |       -297.286   |   87:36:33   |   324:54:42   |
169950      |       -56790.7   |       -56512.3   |       -278.405   |   87:38:09   |   324:53:21   |


Iter        |      Posterior   |     Likelihood   |          Prior   |    elapsed   |        ETA   |
----------------------------------------------------------------------------------------------------
170000      |       -56789.7   |       -56530.6   |       -259.118   |   87:39:43   |   324:51:53   |
170050      |       -56770.2   |       -56512.8   |       -257.362   |   87:41:13   |   324:50:10   |
170100      |         -56781   |       -56508.6   |        -272.39   |   87:42:41   |   324:48:19   |
170150      |       -56784.6   |       -56509.5   |       -275.094   |   87:44:12   |   324:46:40   |
170200      |       -56789.7   |       -56516.3   |        -273.37   |   87:45:47   |   324:45:15   |
170250      |       -56782.3   |       -56516.6   |        -265.66   |   87:47:21   |   324:43:46   |
170300      |       -56772.2   |       -56507.8   |       -264.417   |   87:48:56   |   324:42:22   |
170350      |       -56788.1   |       -56526.3   |       -261.844   |   87:50:29   |   324:40:49   |
170400      |       -56813.7   |       -56523.7   |       -289.969   |   87:52:03   |   324:39:21   |
170450      |       -56757.2   |       -56508.3   |        -248.84   |   87:53:40   |   324:38:04   |
170500      |       -56737.3   |       -56519.4   |       -217.909   |   87:55:13   |   324:36:31   |
170550      |       -56754.4   |       -56514.2   |       -240.149   |   87:56:46   |   324:34:59   |
170600      |       -56767.5   |       -56503.9   |       -263.513   |   87:58:18   |   324:33:23   |
170650      |       -56743.6   |       -56518.8   |       -224.808   |   87:59:52   |   324:31:55   |
170700      |       -56727.5   |       -56526.2   |       -201.294   |   88:01:25   |   324:30:23   |
170750      |       -56815.7   |       -56534.4   |       -281.365   |   88:02:58   |   324:28:51   |
170800      |       -56774.4   |       -56526.7   |       -247.696   |   88:04:35   |   324:27:33   |
170850      |         -56758   |       -56515.5   |       -242.552   |   88:06:13   |   324:26:20   |
170900      |       -56751.2   |       -56514.9   |       -236.337   |   88:07:47   |   324:24:51   |
170950      |       -56782.2   |       -56517.7   |       -264.573   |   88:09:19   |   324:23:15   |


Iter        |      Posterior   |     Likelihood   |          Prior   |    elapsed   |        ETA   |
----------------------------------------------------------------------------------------------------
171000      |       -56768.7   |       -56519.6   |       -249.156   |   88:10:54   |   324:21:50   |
171050      |       -56709.4   |       -56511.1   |       -198.271   |   88:12:24   |   324:20:07   |
171100      |       -56754.6   |       -56522.3   |       -232.336   |   88:13:52   |   324:18:17   |
171150      |       -56777.9   |       -56509.1   |       -268.843   |   88:15:26   |   324:16:48   |
171200      |       -56727.1   |       -56511.9   |       -215.189   |   88:17:02   |   324:15:27   |
171250      |       -56783.3   |       -56515.3   |       -268.009   |   88:18:39   |   324:14:10   |
171300      |       -56722.2   |       -56512.3   |       -209.892   |   88:20:15   |   324:12:48   |
171350      |       -56756.8   |       -56514.9   |       -241.925   |   88:21:51   |   324:11:27   |
171400      |       -56769.9   |       -56518.3   |       -251.619   |   88:23:28   |   324:10:10   |
171450      |       -56776.1   |       -56513.6   |        -262.51   |   88:25:00   |   324:08:34   |
171500      |       -56714.9   |       -56502.4   |       -212.436   |   88:26:37   |   324:07:16   |
171550      |         -56761   |       -56524.4   |       -236.584   |   88:28:11   |   324:05:48   |
171600      |       -56709.4   |       -56514.4   |       -195.006   |   88:29:43   |   324:04:12   |
171650      |       -56782.3   |       -56518.7   |       -263.622   |   88:31:20   |   324:02:54   |
171700      |       -56763.6   |       -56519.4   |        -244.25   |   88:32:54   |   324:01:26   |
171750      |       -56739.1   |       -56512.6   |       -226.457   |   88:34:37   |   324:00:30   |
171800      |       -56760.9   |       -56527.2   |       -233.697   |   88:36:17   |   323:59:24   |
171850      |       -56704.6   |       -56500.7   |       -203.922   |   88:38:02   |   323:58:35   |
171900      |       -56726.5   |       -56506.8   |       -219.695   |   88:39:36   |   323:57:07   |
171950      |         -56780   |       -56516.5   |       -263.525   |   88:41:09   |   323:55:34   |


Iter        |      Posterior   |     Likelihood   |          Prior   |    elapsed   |        ETA   |
----------------------------------------------------------------------------------------------------
172000      |       -56781.5   |       -56507.5   |       -274.044   |   88:42:45   |   323:54:13   |
172050      |       -56742.9   |       -56498.7   |       -244.213   |   88:44:22   |   323:52:55   |
172100      |       -56780.9   |       -56521.6   |       -259.357   |   88:45:56   |   323:51:27   |
172150      |       -56722.8   |       -56496.2   |       -226.598   |   88:47:29   |   323:49:55   |
172200      |         -56758   |       -56509.8   |       -248.173   |   88:49:01   |   323:48:19   |
172250      |       -56751.3   |       -56494.3   |       -257.067   |   88:50:37   |   323:46:57   |
172300      |       -56757.6   |       -56486.5   |       -271.081   |   88:52:13   |   323:45:36   |
172350      |       -56763.4   |       -56515.4   |       -248.068   |   88:53:53   |   323:44:29   |
172400      |       -56780.6   |       -56526.6   |       -254.003   |   88:55:30   |   323:43:12   |
172450      |       -56797.3   |         -56521   |       -276.283   |   88:57:01   |   323:41:32   |
172500      |       -56740.8   |       -56522.3   |       -218.568   |   88:58:33   |   323:39:56   |
172550      |         -56763   |       -56547.1   |       -215.965   |   89:00:05   |   323:38:20   |
172600      |         -56769   |       -56527.2   |       -241.719   |   89:01:35   |   323:36:37   |
172650      |       -56832.3   |       -56533.1   |       -299.212   |   89:03:08   |   323:35:05   |
172700      |       -56761.1   |       -56513.8   |       -247.272   |   89:04:45   |   323:33:47   |
172750      |       -56763.6   |       -56508.4   |       -255.159   |   89:06:18   |   323:32:15   |
172800      |       -56791.3   |         -56509   |        -282.28   |   89:07:49   |   323:30:35   |
172850      |       -56748.8   |       -56508.2   |       -240.618   |   89:09:25   |   323:29:14   |
172900      |       -56739.9   |       -56506.7   |       -233.281   |   89:11:03   |   323:28:00   |
172950      |       -56728.4   |       -56508.3   |       -220.089   |   89:12:37   |   323:26:31   |


Iter        |      Posterior   |     Likelihood   |          Prior   |    elapsed   |        ETA   |
----------------------------------------------------------------------------------------------------
173000      |       -56729.2   |       -56523.4   |        -205.78   |   89:14:15   |   323:25:17   |
173050      |       -56783.6   |       -56522.2   |        -261.39   |   89:15:50   |   323:23:52   |
173100      |       -56711.9   |       -56508.2   |       -203.733   |   89:17:24   |   323:22:23   |
173150      |       -56717.1   |       -56501.2   |       -215.856   |   89:19:00   |   323:21:02   |
173200      |       -56742.1   |       -56517.8   |        -224.34   |   89:20:32   |   323:19:26   |
173250      |       -56761.9   |       -56510.3   |       -251.591   |   89:22:06   |   323:17:57   |
173300      |         -56750   |       -56519.2   |       -230.828   |   89:23:36   |   323:16:14   |
173350      |         -56712   |       -56514.2   |       -197.797   |   89:25:09   |   323:14:42   |
173400      |         -56768   |         -56504   |       -264.037   |   89:26:38   |   323:12:55   |
173450      |       -56785.2   |         -56531   |       -254.184   |   89:28:11   |   323:11:22   |
173500      |       -56732.7   |       -56503.1   |       -229.638   |   89:29:45   |   323:09:54   |
173550      |       -56734.4   |       -56506.4   |       -227.984   |   89:31:16   |   323:08:14   |
173600      |       -56740.3   |       -56506.6   |       -233.692   |   89:32:45   |   323:06:27   |
173650      |       -56729.1   |       -56494.4   |       -234.636   |   89:34:15   |   323:04:44   |
173700      |       -56790.3   |       -56508.3   |       -282.023   |   89:35:49   |   323:03:16   |
173750      |       -56762.6   |       -56527.3   |       -235.323   |   89:37:21   |   323:01:40   |
173800      |       -56788.8   |       -56512.3   |       -276.537   |   89:38:53   |   323:00:04   |
173850      |       -56709.3   |       -56515.6   |       -193.724   |   89:40:25   |   322:58:28   |
173900      |       -56729.4   |       -56506.1   |       -223.372   |   89:41:58   |   322:56:56   |
173950      |       -56778.8   |       -56530.1   |       -248.647   |   89:43:29   |   322:55:16   |


Iter        |      Posterior   |     Likelihood   |          Prior   |    elapsed   |        ETA   |
----------------------------------------------------------------------------------------------------
174000      |       -56798.2   |       -56512.2   |       -285.974   |   89:45:04   |   322:53:51   |
174050      |       -56815.5   |       -56501.9   |       -313.634   |   89:46:36   |   322:52:15   |
174100      |       -56790.6   |         -56498   |       -292.632   |   89:48:08   |   322:50:39   |
174150      |       -56755.2   |       -56500.9   |       -254.289   |   89:49:44   |   322:49:18   |
174200      |       -56760.8   |       -56500.2   |       -260.584   |   89:51:18   |   322:47:49   |
174250      |       -56769.4   |       -56521.7   |       -247.717   |   89:52:52   |   322:46:20   |
174300      |         -56765   |       -56509.4   |       -255.577   |   89:54:28   |   322:44:59   |
174350      |       -56747.2   |       -56504.9   |       -242.318   |   89:56:02   |   322:43:30   |
174400      |       -56786.2   |       -56514.1   |       -272.096   |   89:57:33   |   322:41:51   |
174450      |       -56748.7   |       -56518.5   |       -230.194   |   89:59:08   |   322:40:26   |
174500      |       -56787.2   |       -56507.5   |       -279.643   |   90:00:44   |   322:39:04   |
174550      |       -56722.5   |       -56499.9   |       -222.594   |   90:02:16   |   322:37:28   |
174600      |         -56732   |       -56508.8   |       -223.276   |   90:03:46   |   322:35:45   |
174650      |       -56749.1   |       -56524.3   |        -224.78   |   90:05:15   |   322:33:58   |
174700      |       -56747.3   |       -56529.4   |        -217.89   |   90:06:46   |   322:32:19   |
174750      |       -56720.3   |       -56510.4   |       -209.879   |   90:08:19   |   322:30:47   |
174800      |       -56769.7   |       -56531.4   |       -238.278   |   90:09:55   |   322:29:25   |
174850      |       -56776.3   |       -56515.7   |       -260.631   |   90:11:30   |   322:28:00   |
174900      |         -56775   |       -56522.7   |       -252.231   |   90:13:02   |   322:26:24   |
174950      |       -56790.7   |       -56519.1   |       -271.616   |   90:14:38   |   322:25:03   |


Iter        |      Posterior   |     Likelihood   |          Prior   |    elapsed   |        ETA   |
----------------------------------------------------------------------------------------------------
175000      |         -56806   |       -56551.2   |       -254.838   |   90:16:11   |   322:23:30   |
175050      |       -56772.8   |         -56520   |       -252.874   |   90:17:40   |   322:21:44   |
175100      |       -56762.3   |       -56513.5   |       -248.755   |   90:19:15   |   322:20:18   |
175150      |         -56735   |       -56512.5   |       -222.533   |   90:20:50   |   322:18:53   |
175200      |       -56811.8   |       -56517.1   |       -294.704   |   90:22:24   |   322:17:25   |
175250      |       -56810.6   |       -56534.8   |       -275.787   |   90:23:54   |   322:15:42   |
175300      |       -56772.2   |       -56520.3   |       -251.926   |   90:25:24   |   322:13:59   |
175350      |       -56766.3   |       -56510.6   |       -255.647   |   90:26:52   |   322:12:08   |
175400      |       -56767.4   |       -56524.1   |       -243.282   |   90:28:24   |   322:10:33   |
175450      |       -56745.3   |       -56519.8   |       -225.543   |   90:29:58   |   322:09:04   |
175500      |       -56739.7   |       -56501.8   |         -237.9   |   90:31:32   |   322:07:35   |
175550      |       -56761.6   |         -56527   |       -234.563   |   90:33:02   |   322:05:52   |
175600      |       -56762.1   |       -56511.3   |       -250.779   |   90:34:36   |   322:04:23   |
175650      |       -56761.5   |       -56511.4   |       -250.159   |   90:36:10   |   322:02:55   |
175700      |       -56770.5   |         -56512   |       -258.477   |   90:37:42   |   322:01:19   |
175750      |       -56736.6   |       -56510.5   |       -226.113   |   90:39:17   |   321:59:54   |
175800      |       -56776.7   |       -56512.5   |       -264.242   |   90:40:55   |   321:58:39   |
175850      |         -56776   |       -56519.6   |       -256.421   |   90:42:32   |   321:57:21   |
175900      |       -56793.7   |       -56507.4   |       -286.389   |   90:44:10   |   321:56:06   |
175950      |       -56734.4   |       -56515.2   |       -219.202   |   90:45:40   |   321:54:23   |


Iter        |      Posterior   |     Likelihood   |          Prior   |    elapsed   |        ETA   |
----------------------------------------------------------------------------------------------------
176000      |       -56770.6   |       -56526.9   |       -243.746   |   90:47:15   |   321:52:58   |
176050      |       -56762.7   |       -56508.8   |       -253.913   |   90:48:51   |   321:51:36   |
176100      |       -56802.4   |       -56515.9   |       -286.443   |   90:50:25   |   321:50:08   |
176150      |       -56718.8   |       -56495.3   |       -223.482   |   90:52:01   |   321:48:46   |
176200      |       -56746.1   |       -56519.7   |        -226.38   |   90:53:31   |   321:47:03   |
176250      |       -56733.6   |         -56517   |       -216.566   |   90:54:58   |   321:45:09   |
176300      |       -56761.4   |         -56519   |        -242.38   |   90:56:31   |   321:43:37   |
176350      |         -56748   |       -56506.2   |       -241.789   |   90:58:04   |   321:42:05   |
176400      |       -56776.6   |       -56501.9   |       -274.684   |   90:59:37   |   321:40:32   |
176450      |       -56785.6   |       -56521.3   |       -264.367   |   91:01:04   |   321:38:39   |
176500      |       -56808.9   |       -56518.4   |       -290.449   |   91:02:36   |   321:37:03   |
176550      |       -56778.8   |       -56522.6   |       -256.216   |   91:04:12   |   321:35:41   |
176600      |       -56780.3   |         -56513   |       -267.288   |   91:05:45   |   321:34:09   |
176650      |       -56750.9   |       -56510.6   |       -240.331   |   91:07:19   |   321:32:40   |
176700      |       -56802.1   |       -56505.9   |       -296.145   |   91:09:02   |   321:31:43   |
176750      |       -56771.3   |       -56511.6   |       -259.686   |   91:10:37   |   321:30:18   |
176800      |       -56790.3   |       -56513.4   |       -276.966   |   91:12:12   |   321:28:53   |
176850      |         -56804   |       -56509.5   |       -294.456   |   91:13:43   |   321:27:13   |
176900      |       -56777.3   |       -56520.8   |       -256.477   |   91:15:15   |   321:25:37   |
176950      |       -56739.1   |       -56499.2   |       -239.837   |   91:16:45   |   321:23:55   |


Iter        |      Posterior   |     Likelihood   |          Prior   |    elapsed   |        ETA   |
----------------------------------------------------------------------------------------------------
177000      |       -56798.3   |       -56516.6   |       -281.619   |   91:18:20   |   321:22:29   |
177050      |       -56759.3   |       -56517.1   |       -242.224   |   91:19:50   |   321:20:46   |
177100      |         -56797   |       -56511.5   |       -285.548   |   91:21:18   |   321:18:56   |
177150      |       -56803.1   |       -56518.1   |       -284.934   |   91:22:46   |   321:17:07   |
177200      |       -56832.1   |       -56514.9   |       -317.124   |   91:24:18   |   321:15:31   |
177250      |       -56791.6   |       -56506.4   |       -285.195   |   91:25:53   |   321:14:05   |
177300      |       -56818.8   |         -56500   |       -318.818   |   91:27:32   |   321:12:54   |
177350      |       -56775.6   |       -56517.7   |        -257.87   |   91:29:06   |   321:11:25   |
177400      |       -56806.5   |       -56505.6   |       -300.834   |   91:30:41   |   321:10:00   |
177450      |       -56747.4   |       -56507.7   |        -239.66   |   91:32:20   |   321:08:49   |
177500      |       -56737.4   |       -56515.6   |       -221.805   |   91:33:54   |   321:07:20   |
177550      |       -56757.5   |       -56513.4   |       -244.105   |   91:35:28   |   321:05:51   |
177600      |       -56780.5   |       -56524.3   |       -256.168   |   91:37:05   |   321:04:33   |
177650      |       -56781.8   |       -56509.8   |       -271.934   |   91:38:38   |   321:03:00   |
177700      |       -56714.9   |       -56513.2   |       -201.747   |   91:40:12   |   321:01:31   |
177750      |       -56764.8   |       -56521.8   |       -242.952   |   91:41:51   |   321:00:20   |
177800      |       -56807.6   |       -56519.1   |       -288.448   |   91:43:27   |   320:58:58   |
177850      |       -56758.7   |       -56502.5   |       -256.167   |   91:45:04   |   320:57:40   |
177900      |       -56785.4   |       -56518.3   |        -267.04   |   91:46:38   |   320:56:11   |
177950      |       -56774.2   |       -56535.4   |       -238.783   |   91:48:13   |   320:54:46   |


Iter        |      Posterior   |     Likelihood   |          Prior   |    elapsed   |        ETA   |
----------------------------------------------------------------------------------------------------
178000      |       -56720.9   |       -56517.2   |       -203.708   |   91:49:46   |   320:53:13   |
178050      |       -56761.3   |       -56535.6   |       -225.739   |   91:51:24   |   320:51:58   |
178100      |       -56794.5   |       -56533.9   |       -260.546   |   91:53:00   |   320:50:36   |
178150      |       -56798.4   |       -56513.8   |       -284.589   |   91:54:35   |   320:49:11   |
178200      |       -56800.3   |         -56524   |        -276.24   |   91:56:11   |   320:47:49   |
178250      |       -56776.2   |       -56496.4   |       -279.802   |   91:57:43   |   320:46:13   |
178300      |       -56801.5   |       -56512.6   |       -288.955   |   91:59:15   |   320:44:37   |
178350      |       -56767.1   |       -56515.1   |       -252.017   |   92:00:58   |   320:43:40   |
178400      |       -56791.2   |       -56519.9   |        -271.33   |   92:02:32   |   320:42:11   |
178450      |       -56773.4   |       -56504.6   |       -268.798   |   92:04:07   |   320:40:45   |
178500      |       -56787.9   |       -56494.7   |       -293.183   |   92:05:40   |   320:39:13   |
178550      |       -56794.1   |       -56501.3   |       -292.822   |   92:07:12   |   320:37:37   |
178600      |       -56798.4   |       -56504.6   |       -293.799   |   92:08:45   |   320:36:05   |
178650      |       -56792.6   |       -56522.1   |       -270.476   |   92:10:18   |   320:34:32   |
178700      |       -56804.6   |       -56508.1   |       -296.468   |   92:11:47   |   320:32:46   |
178750      |       -56752.5   |       -56524.2   |       -228.323   |   92:13:18   |   320:31:07   |
178800      |       -56719.3   |       -56522.2   |       -197.142   |   92:14:50   |   320:29:31   |
178850      |       -56753.2   |       -56526.6   |       -226.676   |   92:16:27   |   320:28:12   |
178900      |       -56769.7   |       -56520.7   |       -249.025   |   92:18:05   |   320:26:57   |
178950      |       -56728.3   |       -56515.9   |       -212.433   |   92:19:43   |   320:25:42   |


Iter        |      Posterior   |     Likelihood   |          Prior   |    elapsed   |        ETA   |
----------------------------------------------------------------------------------------------------
179000      |       -56738.5   |       -56516.1   |        -222.33   |   92:21:16   |   320:24:10   |
179050      |       -56808.8   |       -56515.2   |       -293.588   |   92:22:49   |   320:22:37   |
179100      |       -56753.4   |       -56521.4   |       -232.021   |   92:24:23   |   320:21:08   |
179150      |       -56768.1   |         -56526   |       -242.081   |   92:25:58   |   320:19:43   |
179200      |       -56734.4   |       -56527.7   |       -206.655   |   92:27:32   |   320:18:14   |
179250      |       -56776.3   |       -56535.2   |       -241.102   |   92:29:09   |   320:16:55   |
179300      |       -56823.9   |       -56528.1   |       -295.864   |   92:30:48   |   320:15:44   |
179350      |       -56781.4   |       -56521.2   |       -260.179   |   92:32:35   |   320:15:00   |
179400      |       -56797.8   |       -56514.7   |       -283.114   |   92:34:15   |   320:13:51   |
179450      |       -56769.4   |       -56525.3   |       -244.115   |   92:35:46   |   320:12:12   |
179500      |       -56775.3   |       -56512.1   |       -263.142   |   92:37:21   |   320:10:47   |
179550      |       -56752.5   |       -56507.2   |       -245.229   |   92:38:55   |   320:09:18   |
179600      |       -56795.8   |       -56519.5   |       -276.274   |   92:40:30   |   320:07:52   |
179650      |       -56733.2   |       -56507.1   |        -226.18   |   92:42:03   |   320:06:19   |
179700      |       -56843.4   |       -56521.2   |        -322.17   |   92:43:37   |   320:04:50   |
179750      |       -56753.4   |       -56515.1   |       -238.335   |   92:45:14   |   320:03:32   |
179800      |       -56771.9   |       -56521.5   |       -250.432   |   92:46:47   |   320:01:59   |
179850      |       -56769.7   |       -56515.7   |       -253.964   |   92:48:21   |   320:00:30   |
179900      |       -56787.6   |       -56509.3   |        -278.25   |   92:49:54   |   319:58:58   |
179950      |         -56768   |       -56507.1   |       -260.863   |   92:51:26   |   319:57:22   |


Iter        |      Posterior   |     Likelihood   |          Prior   |    elapsed   |        ETA   |
----------------------------------------------------------------------------------------------------
180000      |       -56756.8   |       -56513.1   |       -243.757   |   92:52:57   |   319:55:43   |
180050      |       -56720.2   |       -56512.8   |       -207.421   |   92:54:29   |   319:54:07   |
180100      |       -56736.6   |       -56501.9   |       -234.703   |   92:56:03   |   319:52:38   |
180150      |       -56753.8   |         -56512   |       -241.818   |   92:57:37   |   319:51:09   |
180200      |       -56790.8   |       -56519.6   |       -271.252   |   92:59:11   |   319:49:39   |
180250      |       -56751.4   |       -56515.3   |       -236.058   |   93:00:47   |   319:48:17   |
180300      |         -56774   |       -56527.7   |         -246.3   |   93:02:29   |   319:47:16   |
180350      |       -56789.5   |       -56517.4   |        -272.15   |   93:04:12   |   319:46:18   |
180400      |       -56764.1   |       -56511.1   |       -252.957   |   93:05:53   |   319:45:13   |
180450      |       -56763.6   |       -56511.4   |       -252.216   |   93:07:29   |   319:43:50   |
180500      |       -56720.3   |       -56513.5   |       -206.779   |   93:08:59   |   319:42:08   |
180550      |       -56728.5   |       -56511.2   |       -217.274   |   93:10:31   |   319:40:32   |
180600      |       -56728.3   |       -56523.8   |       -204.572   |   93:12:03   |   319:38:56   |
180650      |       -56743.8   |       -56496.6   |       -247.241   |   93:13:35   |   319:37:20   |
180700      |         -56761   |       -56504.7   |       -256.295   |   93:15:10   |   319:35:54   |
180750      |       -56766.3   |       -56512.3   |       -254.032   |   93:16:51   |   319:34:49   |
180800      |       -56738.5   |       -56512.2   |        -226.25   |   93:18:33   |   319:33:47   |
180850      |         -56820   |       -56505.3   |       -314.747   |   93:20:08   |   319:32:22   |
180900      |       -56763.4   |       -56506.8   |       -256.568   |   93:21:43   |   319:30:56   |
180950      |       -56800.6   |       -56526.9   |       -273.711   |   93:23:14   |   319:29:16   |


Iter        |      Posterior   |     Likelihood   |          Prior   |    elapsed   |        ETA   |
----------------------------------------------------------------------------------------------------
181000      |       -56767.8   |       -56526.5   |       -241.338   |   93:24:44   |   319:27:34   |
181050      |       -56803.1   |       -56531.5   |       -271.577   |   93:26:18   |   319:26:04   |
181100      |       -56744.5   |       -56509.7   |       -234.761   |   93:27:56   |   319:24:49   |
181150      |         -56769   |       -56530.8   |       -238.273   |   93:29:33   |   319:23:30   |
181200      |       -56810.7   |       -56539.2   |       -271.468   |   93:31:06   |   319:21:58   |
181250      |       -56764.3   |       -56529.4   |       -234.904   |   93:32:38   |   319:20:22   |
181300      |       -56779.9   |         -56531   |       -248.973   |   93:34:08   |   319:18:39   |
181350      |       -56752.4   |       -56506.3   |       -246.149   |   93:35:42   |   319:17:10   |
181400      |       -56759.3   |       -56521.9   |       -237.388   |   93:37:19   |   319:15:51   |
181450      |       -56740.3   |       -56507.6   |         -232.7   |   93:38:52   |   319:14:18   |
181500      |       -56762.7   |       -56506.3   |       -256.357   |   93:40:30   |   319:13:03   |
181550      |       -56785.9   |       -56519.9   |       -265.989   |   93:42:09   |   319:11:51   |
181600      |       -56772.8   |       -56509.1   |       -263.704   |   93:43:43   |   319:10:21   |
181650      |       -56727.7   |       -56499.2   |        -228.41   |   93:45:17   |   319:08:52   |
181700      |       -56769.5   |       -56504.1   |        -265.42   |   93:46:50   |   319:07:20   |
181750      |       -56724.7   |       -56500.5   |       -224.196   |   93:48:20   |   319:05:37   |
181800      |       -56728.9   |         -56512   |       -216.892   |   93:49:50   |   319:03:54   |
181850      |       -56754.2   |         -56501   |       -253.188   |   93:51:20   |   319:02:11   |
181900      |       -56787.5   |       -56521.6   |        -265.89   |   93:52:52   |   319:00:35   |
181950      |       -56763.7   |       -56510.5   |       -253.178   |   93:54:26   |   318:59:06   |


Iter        |      Posterior   |     Likelihood   |          Prior   |    elapsed   |        ETA   |
----------------------------------------------------------------------------------------------------
182000      |         -56795   |       -56500.5   |        -294.54   |   93:55:55   |   318:57:20   |
182050      |       -56740.9   |       -56493.5   |       -247.425   |   93:57:27   |   318:55:44   |
182100      |       -56738.8   |       -56497.5   |       -241.329   |   93:59:01   |   318:54:15   |
182150      |       -56753.6   |       -56505.6   |       -247.985   |   94:00:41   |   318:53:06   |
182200      |       -56785.1   |       -56517.3   |       -267.727   |   94:02:15   |   318:51:37   |
182250      |       -56738.7   |       -56509.7   |        -229.01   |   94:03:46   |   318:49:58   |
182300      |       -56793.9   |       -56507.4   |       -286.494   |   94:05:18   |   318:48:22   |
182350      |         -56759   |       -56506.4   |       -252.587   |   94:06:49   |   318:46:42   |
182400      |       -56781.4   |       -56505.4   |       -275.998   |   94:08:21   |   318:45:06   |
182450      |       -56759.2   |       -56504.2   |       -254.925   |   94:09:57   |   318:43:44   |
182500      |       -56716.5   |       -56498.1   |       -218.336   |   94:11:31   |   318:42:15   |
182550      |       -56726.9   |       -56520.8   |       -206.037   |   94:13:02   |   318:40:35   |
182600      |       -56714.3   |       -56510.7   |       -203.574   |   94:14:38   |   318:39:13   |
182650      |       -56764.9   |       -56532.8   |       -232.165   |   94:16:14   |   318:37:51   |
182700      |       -56750.8   |       -56504.3   |       -246.487   |   94:17:48   |   318:36:21   |
182750      |         -56787   |       -56523.5   |       -263.552   |   94:19:21   |   318:34:49   |
182800      |       -56752.8   |       -56513.6   |       -239.237   |   94:20:57   |   318:33:26   |
182850      |       -56759.3   |       -56517.3   |       -241.973   |   94:22:31   |   318:31:57   |
182900      |       -56769.6   |       -56525.5   |       -244.088   |   94:24:08   |   318:30:38   |
182950      |       -56739.8   |         -56512   |       -227.778   |   94:25:46   |   318:29:22   |


Iter        |      Posterior   |     Likelihood   |          Prior   |    elapsed   |        ETA   |
----------------------------------------------------------------------------------------------------
183000      |       -56733.7   |       -56529.3   |       -204.361   |   94:27:24   |   318:28:07   |
183050      |       -56733.3   |       -56510.3   |       -223.023   |   94:29:02   |   318:26:51   |
183100      |       -56721.2   |       -56502.2   |       -219.073   |   94:30:39   |   318:25:32   |
183150      |       -56748.9   |         -56513   |       -235.969   |   94:32:16   |   318:24:13   |
183200      |       -56776.1   |         -56507   |       -269.098   |   94:33:50   |   318:22:43   |
183250      |       -56793.9   |       -56514.7   |       -279.267   |   94:35:26   |   318:21:21   |
183300      |       -56779.5   |       -56504.9   |        -274.67   |   94:37:03   |   318:20:02   |
183350      |       -56746.6   |       -56505.8   |       -240.806   |   94:38:40   |   318:18:43   |
183400      |       -56754.6   |       -56507.9   |       -246.676   |   94:40:10   |   318:17:00   |
183450      |       -56791.7   |       -56506.3   |       -285.471   |   94:41:40   |   318:15:17   |
183500      |       -56747.7   |       -56516.8   |       -230.962   |   94:43:04   |   318:13:14   |
183550      |       -56775.7   |       -56508.8   |       -266.938   |   94:44:36   |   318:11:38   |
183600      |       -56727.3   |       -56499.2   |       -228.038   |   94:46:13   |   318:10:19   |
183650      |       -56728.5   |       -56513.3   |       -215.171   |   94:47:48   |   318:08:53   |
183700      |       -56754.4   |       -56517.8   |       -236.615   |   94:49:23   |   318:07:27   |
183750      |       -56746.3   |       -56511.3   |       -235.046   |   94:50:55   |   318:05:51   |
183800      |       -56735.1   |       -56509.6   |       -225.416   |   94:52:29   |   318:04:22   |
183850      |       -56763.1   |       -56515.3   |       -247.776   |   94:54:01   |   318:02:46   |
183900      |       -56711.1   |       -56511.2   |       -199.894   |   94:55:36   |   318:01:20   |
183950      |       -56730.5   |       -56515.5   |       -214.915   |   94:57:14   |   318:00:04   |


Iter        |      Posterior   |     Likelihood   |          Prior   |    elapsed   |        ETA   |
----------------------------------------------------------------------------------------------------
184000      |       -56737.1   |       -56513.3   |       -223.795   |   94:58:49   |   317:58:38   |
184050      |       -56770.5   |       -56517.7   |       -252.839   |   95:00:22   |   317:57:06   |
184100      |         -56767   |       -56513.6   |       -253.385   |   95:01:55   |   317:55:33   |
184150      |       -56794.7   |         -56495   |       -299.736   |   95:03:26   |   317:53:54   |
184200      |       -56760.1   |       -56511.6   |        -248.43   |   95:04:53   |   317:52:01   |
184250      |       -56720.1   |       -56500.7   |       -219.402   |   95:06:23   |   317:50:18   |
184300      |       -56755.5   |       -56507.9   |        -247.68   |   95:07:57   |   317:48:49   |
184350      |       -56777.7   |       -56512.9   |       -264.796   |   95:09:26   |   317:47:03   |
184400      |       -56745.4   |       -56507.7   |       -237.633   |   95:10:58   |   317:45:27   |
184450      |       -56731.8   |       -56502.7   |       -229.031   |   95:12:34   |   317:44:05   |
184500      |       -56774.1   |       -56512.1   |       -262.049   |   95:14:10   |   317:42:42   |
184550      |       -56785.9   |       -56491.4   |       -294.565   |   95:15:47   |   317:41:23   |
184600      |       -56721.9   |       -56489.6   |       -232.294   |   95:17:23   |   317:40:00   |
184650      |       -56769.9   |       -56495.3   |       -274.539   |   95:18:56   |   317:38:27   |
184700      |       -56728.5   |       -56496.3   |       -232.211   |   95:20:32   |   317:37:05   |
184750      |       -56780.4   |       -56514.7   |       -265.671   |   95:22:08   |   317:35:42   |
184800      |       -56778.5   |       -56510.1   |       -268.415   |   95:23:41   |   317:34:09   |
184850      |       -56794.9   |       -56511.3   |       -283.578   |   95:25:08   |   317:32:17   |
184900      |       -56799.9   |       -56512.1   |       -287.835   |   95:26:37   |   317:30:31   |
184950      |       -56796.1   |       -56528.9   |        -267.22   |   95:28:05   |   317:28:42   |


Iter        |      Posterior   |     Likelihood   |          Prior   |    elapsed   |        ETA   |
----------------------------------------------------------------------------------------------------
185000      |       -56821.9   |       -56518.7   |        -303.23   |   95:29:35   |   317:26:59   |
185050      |       -56802.4   |       -56515.5   |       -286.888   |   95:31:04   |   317:25:13   |
185100      |       -56756.6   |       -56514.7   |       -241.937   |   95:32:34   |   317:23:31   |
185150      |       -56782.8   |       -56520.1   |       -262.696   |   95:34:05   |   317:21:51   |
185200      |       -56801.7   |         -56525   |       -276.713   |   95:35:37   |   317:20:15   |
185250      |       -56795.1   |       -56530.7   |       -264.368   |   95:37:13   |   317:18:53   |
185300      |       -56804.5   |       -56530.5   |       -274.063   |   95:38:52   |   317:17:40   |
185350      |       -56767.4   |       -56504.1   |       -263.258   |   95:40:31   |   317:16:27   |
185400      |       -56839.4   |       -56517.6   |       -321.796   |   95:42:12   |   317:15:21   |
185450      |       -56819.6   |       -56521.4   |       -298.207   |   95:43:51   |   317:14:08   |
185500      |       -56791.9   |       -56513.1   |        -278.76   |   95:45:29   |   317:12:52   |
185550      |       -56738.2   |       -56495.7   |       -242.537   |   95:47:04   |   317:11:26   |
185600      |       -56793.1   |       -56516.3   |       -276.784   |   95:48:38   |   317:09:57   |
185650      |       -56728.1   |       -56521.1   |       -207.016   |   95:50:10   |   317:08:21   |
185700      |       -56786.1   |       -56506.7   |       -279.357   |   95:51:43   |   317:06:48   |
185750      |       -56763.9   |       -56503.6   |       -260.275   |   95:53:13   |   317:05:06   |
185800      |       -56751.4   |       -56501.3   |        -250.09   |   95:54:43   |   317:03:23   |
185850      |       -56769.9   |       -56508.2   |       -261.654   |   95:56:12   |   317:01:37   |
185900      |       -56780.8   |       -56512.4   |       -268.396   |   95:57:45   |   317:00:05   |
185950      |       -56747.7   |       -56538.8   |       -208.843   |   95:59:17   |   316:58:29   |


Iter        |      Posterior   |     Likelihood   |          Prior   |    elapsed   |        ETA   |
----------------------------------------------------------------------------------------------------
186000      |       -56741.5   |       -56514.7   |       -226.808   |   96:00:47   |   316:56:46   |
186050      |         -56748   |       -56523.2   |       -224.797   |   96:02:19   |   316:55:10   |
186100      |       -56782.4   |       -56514.3   |       -268.069   |   96:03:54   |   316:53:44   |
186150      |       -56759.8   |       -56521.4   |       -238.389   |   96:05:23   |   316:51:58   |
186200      |       -56789.9   |       -56515.4   |       -274.539   |   96:06:56   |   316:50:26   |
186250      |       -56786.5   |       -56522.7   |       -263.839   |   96:08:31   |   316:49:00   |
186300      |       -56756.5   |       -56524.2   |        -232.34   |   96:10:06   |   316:47:34   |
186350      |         -56775   |       -56511.2   |       -263.774   |   96:11:40   |   316:46:04   |
186400      |       -56766.5   |       -56514.3   |       -252.236   |   96:13:16   |   316:44:42   |
186450      |       -56744.2   |       -56510.8   |       -233.405   |   96:14:49   |   316:43:09   |
186500      |       -56779.3   |       -56504.7   |       -274.555   |   96:16:25   |   316:41:46   |
186550      |       -56758.9   |       -56526.2   |       -232.637   |   96:17:59   |   316:40:17   |
186600      |       -56750.9   |       -56510.5   |       -240.378   |   96:19:33   |   316:38:47   |
186650      |       -56737.4   |       -56519.9   |       -217.493   |   96:21:11   |   316:37:31   |
186700      |       -56725.2   |       -56505.2   |       -219.957   |   96:22:45   |   316:36:02   |
186750      |       -56733.1   |       -56509.3   |       -223.843   |   96:24:11   |   316:34:06   |
186800      |       -56696.8   |       -56502.5   |       -194.302   |   96:25:43   |   316:32:30   |
186850      |       -56744.4   |       -56511.3   |       -233.111   |   96:27:16   |   316:30:58   |
186900      |       -56771.8   |       -56537.8   |       -234.037   |   96:28:50   |   316:29:28   |
186950      |       -56781.3   |       -56516.2   |       -265.103   |   96:30:22   |   316:27:52   |


Iter        |      Posterior   |     Likelihood   |          Prior   |    elapsed   |        ETA   |
----------------------------------------------------------------------------------------------------
187000      |         -56767   |       -56533.1   |       -233.888   |   96:31:54   |   316:26:16   |
187050      |       -56728.1   |       -56515.9   |       -212.151   |   96:33:30   |   316:24:54   |
187100      |       -56820.9   |       -56507.4   |       -313.518   |   96:35:03   |   316:23:21   |
187150      |       -56765.7   |       -56505.4   |       -260.289   |   96:36:38   |   316:21:55   |
187200      |       -56772.3   |       -56511.4   |       -260.894   |   96:38:17   |   316:20:42   |
187250      |         -56745   |       -56504.9   |       -240.121   |   96:39:54   |   316:19:22   |
187300      |       -56758.8   |       -56523.4   |       -235.477   |   96:41:24   |   316:17:40   |
187350      |       -56767.1   |       -56516.4   |       -250.691   |   96:42:57   |   316:16:07   |
187400      |         -56790   |       -56504.5   |       -285.549   |   96:44:35   |   316:14:51   |
187450      |       -56759.1   |       -56528.1   |       -230.975   |   96:46:11   |   316:13:28   |
187500      |       -56760.6   |       -56514.2   |       -246.443   |   96:47:47   |   316:12:05   |
187550      |         -56783   |       -56531.5   |        -251.54   |   96:49:26   |   316:10:52   |
187600      |       -56782.2   |       -56521.3   |       -260.875   |   96:50:59   |   316:09:19   |
187650      |       -56729.1   |       -56511.5   |       -217.544   |   96:52:33   |   316:07:50   |
187700      |       -56759.4   |       -56508.7   |       -250.735   |   96:54:11   |   316:06:33   |
187750      |         -56729   |       -56513.5   |       -215.488   |   96:55:51   |   316:05:24   |
187800      |       -56760.3   |       -56513.7   |       -246.552   |   96:57:32   |   316:04:17   |
187850      |       -56771.1   |         -56524   |       -247.064   |   96:59:06   |   316:02:48   |
187900      |       -56735.4   |       -56529.4   |       -205.997   |   97:00:35   |   316:01:02   |
187950      |       -56766.8   |       -56510.8   |        -256.02   |   97:02:06   |   315:59:23   |


Iter        |      Posterior   |     Likelihood   |          Prior   |    elapsed   |        ETA   |
----------------------------------------------------------------------------------------------------
188000      |         -56784   |       -56510.9   |        -273.04   |   97:03:39   |   315:57:50   |
188050      |       -56756.5   |       -56531.6   |       -224.936   |   97:05:12   |   315:56:17   |
188100      |       -56772.3   |       -56502.6   |       -269.657   |   97:06:44   |   315:54:41   |
188150      |       -56741.7   |       -56504.8   |       -236.892   |   97:08:16   |   315:53:05   |
188200      |         -56750   |       -56515.8   |       -234.159   |   97:09:49   |   315:51:33   |
188250      |       -56779.8   |       -56525.7   |       -254.055   |   97:11:24   |   315:50:06   |
188300      |       -56773.2   |       -56513.6   |       -259.597   |   97:12:56   |   315:48:30   |
188350      |       -56755.5   |       -56515.2   |       -240.339   |   97:14:29   |   315:46:58   |
188400      |       -56762.4   |         -56512   |       -250.359   |   97:16:04   |   315:45:31   |
188450      |       -56752.1   |       -56514.4   |       -237.743   |   97:17:37   |   315:43:59   |
188500      |       -56775.6   |       -56524.6   |       -251.081   |   97:19:11   |   315:42:29   |
188550      |       -56745.7   |       -56512.5   |       -233.252   |   97:20:44   |   315:40:57   |
188600      |       -56755.9   |       -56531.2   |         -224.7   |   97:22:15   |   315:39:17   |
188650      |       -56751.5   |       -56522.3   |       -229.201   |   97:23:46   |   315:37:38   |
188700      |       -56736.4   |       -56524.5   |       -211.901   |   97:25:19   |   315:36:06   |
188750      |       -56786.2   |       -56536.7   |        -249.56   |   97:26:55   |   315:34:43   |
188800      |         -56791   |       -56524.3   |       -266.639   |   97:28:31   |   315:33:20   |
188850      |       -56776.8   |       -56539.7   |       -237.129   |   97:30:08   |   315:32:00   |
188900      |       -56745.9   |       -56522.2   |        -223.76   |   97:31:43   |   315:30:34   |
188950      |       -56788.7   |       -56520.8   |       -267.841   |   97:33:16   |   315:29:01   |


Iter        |      Posterior   |     Likelihood   |          Prior   |    elapsed   |        ETA   |
----------------------------------------------------------------------------------------------------
189000      |       -56774.9   |       -56526.9   |       -247.954   |   97:34:50   |   315:27:31   |
189050      |       -56723.9   |       -56525.4   |        -198.48   |   97:36:22   |   315:25:55   |
189100      |       -56737.3   |       -56526.4   |       -210.874   |   97:37:59   |   315:24:36   |
189150      |       -56752.3   |         -56510   |       -242.245   |   97:39:34   |   315:23:09   |
189200      |       -56703.1   |       -56506.5   |       -196.595   |   97:41:08   |   315:21:40   |
189250      |       -56726.6   |       -56516.5   |       -210.104   |   97:42:43   |   315:20:14   |
189300      |       -56753.6   |       -56542.1   |       -211.576   |   97:44:19   |   315:18:50   |
189350      |       -56759.8   |       -56527.4   |       -232.366   |   97:45:56   |   315:17:31   |
189400      |       -56739.3   |       -56518.4   |        -220.92   |   97:47:33   |   315:16:11   |
189450      |       -56754.9   |       -56517.9   |       -237.003   |   97:49:08   |   315:14:44   |
189500      |       -56753.5   |       -56518.7   |       -234.759   |   97:50:37   |   315:12:59   |
189550      |         -56754   |       -56526.4   |       -227.589   |   97:52:05   |   315:11:10   |
189600      |       -56763.1   |       -56536.4   |       -226.758   |   97:53:35   |   315:09:28   |
189650      |         -56779   |         -56533   |       -246.085   |   97:55:10   |   315:08:01   |
189700      |       -56718.4   |       -56514.5   |       -203.863   |   97:56:47   |   315:06:41   |
189750      |       -56728.4   |       -56518.3   |        -210.13   |   97:58:24   |   315:05:22   |
189800      |       -56703.5   |       -56517.3   |       -186.204   |   97:59:57   |   315:03:49   |
189850      |       -56768.7   |       -56516.9   |        -251.78   |   98:01:29   |   315:02:13   |
189900      |       -56746.8   |       -56530.8   |       -215.996   |   98:03:01   |   315:00:37   |
189950      |       -56765.6   |       -56524.2   |       -241.395   |   98:04:35   |   314:59:07   |


Iter        |      Posterior   |     Likelihood   |          Prior   |    elapsed   |        ETA   |
----------------------------------------------------------------------------------------------------
190000      |       -56744.6   |       -56507.4   |       -237.184   |   98:06:11   |   314:57:44   |
190050      |       -56732.6   |       -56522.4   |       -210.192   |   98:07:44   |   314:56:12   |
190100      |       -56809.5   |       -56534.9   |       -274.621   |   98:09:13   |   314:54:26   |
190150      |       -56768.7   |       -56520.4   |       -248.307   |   98:10:43   |   314:52:44   |
190200      |       -56744.3   |       -56528.4   |       -215.915   |   98:12:13   |   314:51:01   |
190250      |       -56788.1   |       -56537.1   |        -250.99   |   98:13:43   |   314:49:19   |
190300      |       -56779.5   |         -56510   |       -269.454   |   98:15:14   |   314:47:40   |
190350      |       -56752.9   |       -56515.9   |       -237.063   |   98:16:43   |   314:45:54   |
190400      |       -56770.8   |       -56514.9   |       -255.948   |   98:18:16   |   314:44:21   |
190450      |       -56763.6   |       -56503.7   |       -259.951   |   98:19:48   |   314:42:46   |
190500      |       -56727.9   |       -56520.6   |        -207.32   |   98:21:19   |   314:41:06   |
190550      |       -56755.1   |       -56518.6   |       -236.482   |   98:22:47   |   314:39:18   |
190600      |         -56749   |       -56516.2   |       -232.814   |   98:24:20   |   314:37:45   |
190650      |       -56742.3   |       -56507.4   |       -234.863   |   98:25:52   |   314:36:09   |
190700      |       -56748.1   |       -56521.2   |       -226.913   |   98:27:22   |   314:34:27   |
190750      |       -56750.6   |       -56516.1   |       -234.538   |   98:28:57   |   314:33:00   |
190800      |       -56733.4   |       -56511.7   |       -221.752   |   98:30:28   |   314:31:21   |
190850      |       -56775.5   |       -56514.3   |       -261.188   |   98:31:55   |   314:29:29   |
190900      |       -56800.9   |       -56523.5   |       -277.438   |   98:33:27   |   314:27:54   |
190950      |       -56781.2   |       -56518.2   |       -262.993   |   98:35:06   |   314:26:40   |


Iter        |      Posterior   |     Likelihood   |          Prior   |    elapsed   |        ETA   |
----------------------------------------------------------------------------------------------------
191000      |         -56781   |       -56502.1   |       -278.902   |   98:36:51   |   314:25:46   |
191050      |       -56771.9   |       -56500.3   |       -271.583   |   98:38:29   |   314:24:29   |
191100      |       -56754.5   |       -56505.5   |       -249.022   |   98:40:00   |   314:22:50   |
191150      |       -56763.9   |       -56514.4   |       -249.527   |   98:41:35   |   314:21:23   |
191200      |       -56752.1   |       -56501.6   |       -250.496   |   98:43:13   |   314:20:07   |
191250      |       -56780.4   |       -56506.5   |       -273.925   |   98:44:46   |   314:18:34   |
191300      |         -56724   |       -56510.9   |       -213.093   |   98:46:15   |   314:16:48   |
191350      |       -56762.1   |         -56510   |       -252.119   |   98:47:49   |   314:15:19   |
191400      |       -56801.4   |       -56516.2   |       -285.167   |   98:49:23   |   314:13:49   |
191450      |       -56741.6   |       -56516.5   |       -225.162   |   98:50:59   |   314:12:26   |
191500      |       -56723.9   |       -56503.4   |        -220.43   |   98:52:36   |   314:11:06   |
191550      |       -56794.6   |       -56515.3   |       -279.312   |   98:54:08   |   314:09:30   |
191600      |       -56747.2   |       -56515.6   |       -231.605   |   98:55:40   |   314:07:54   |
191650      |       -56741.7   |       -56509.3   |       -232.431   |   98:57:13   |   314:06:21   |
191700      |       -56762.5   |       -56537.1   |       -225.327   |   98:58:48   |   314:04:55   |
191750      |       -56755.5   |       -56531.5   |       -224.015   |   99:00:22   |   314:03:25   |
191800      |       -56806.8   |       -56521.4   |       -285.393   |   99:01:56   |   314:01:56   |
191850      |       -56744.6   |       -56524.3   |       -220.227   |   99:03:31   |   314:00:29   |
191900      |       -56790.5   |         -56528   |        -262.49   |   99:05:00   |   313:58:44   |
191950      |       -56798.4   |       -56535.5   |        -262.92   |   99:06:28   |   313:56:55   |


Iter        |      Posterior   |     Likelihood   |          Prior   |    elapsed   |        ETA   |
----------------------------------------------------------------------------------------------------
192000      |       -56742.8   |       -56523.3   |       -219.474   |   99:08:01   |   313:55:23   |
192050      |       -56778.7   |       -56523.1   |       -255.564   |   99:09:39   |   313:54:06   |
192100      |         -56772   |       -56527.6   |       -244.391   |   99:11:16   |   313:52:46   |
192150      |       -56780.3   |       -56527.8   |       -252.497   |   99:12:50   |   313:51:16   |
192200      |       -56791.3   |       -56530.3   |       -261.038   |   99:14:21   |   313:49:37   |
192250      |       -56787.6   |       -56524.1   |       -263.551   |   99:15:52   |   313:47:58   |
192300      |         -56755   |       -56521.2   |       -233.806   |   99:17:26   |   313:46:28   |
192350      |       -56752.7   |       -56521.7   |       -231.006   |   99:18:57   |   313:44:49   |
192400      |       -56791.9   |       -56520.5   |       -271.391   |   99:20:29   |   313:43:13   |
192450      |         -56763   |       -56516.1   |       -246.891   |   99:21:57   |   313:41:25   |
192500      |         -56763   |       -56512.2   |       -250.734   |   99:23:30   |   313:39:52   |
192550      |       -56756.8   |       -56513.5   |        -243.25   |   99:24:59   |   313:38:07   |
192600      |       -56763.1   |       -56514.6   |       -248.559   |   99:26:27   |   313:36:18   |
192650      |       -56782.6   |       -56514.9   |       -267.699   |   99:27:59   |   313:34:42   |
192700      |         -56750   |       -56516.9   |       -233.097   |   99:29:30   |   313:33:03   |
192750      |       -56779.8   |       -56522.2   |       -257.548   |   99:31:05   |   313:31:37   |
192800      |       -56743.1   |       -56513.3   |       -229.859   |   99:32:38   |   313:30:04   |
192850      |       -56742.5   |         -56504   |       -238.486   |   99:34:10   |   313:28:28   |
192900      |         -56767   |       -56509.7   |       -257.226   |   99:35:40   |   313:26:46   |
192950      |       -56765.9   |       -56515.8   |       -250.064   |   99:37:09   |   313:25:01   |


Iter        |      Posterior   |     Likelihood   |          Prior   |    elapsed   |        ETA   |
----------------------------------------------------------------------------------------------------
193000      |       -56755.5   |       -56524.3   |       -231.277   |   99:38:40   |   313:23:22   |
193050      |       -56767.6   |       -56533.6   |       -234.015   |   99:40:09   |   313:21:36   |
193100      |       -56768.9   |       -56520.5   |       -248.324   |   99:41:36   |   313:19:45   |
193150      |       -56797.3   |       -56537.9   |       -259.337   |   99:43:07   |   313:18:06   |
193200      |         -56752   |       -56520.1   |       -231.887   |   99:44:37   |   313:16:24   |
193250      |         -56744   |       -56523.6   |       -220.421   |   99:46:09   |   313:14:48   |
193300      |         -56733   |       -56519.3   |        -213.72   |   99:47:41   |   313:13:12   |
193350      |       -56778.2   |       -56521.4   |       -256.749   |   99:49:09   |   313:11:24   |
193400      |       -56786.5   |       -56520.6   |       -265.887   |   99:50:39   |   313:09:42   |
193450      |       -56762.8   |       -56525.5   |       -237.269   |   99:52:09   |   313:07:59   |
193500      |       -56757.6   |       -56525.6   |        -231.95   |   99:53:38   |   313:06:14   |
193550      |       -56741.6   |       -56525.5   |        -216.06   |   99:55:11   |   313:04:42   |
193600      |         -56732   |       -56520.7   |       -211.309   |   99:56:40   |   313:02:56   |
193650      |       -56806.7   |       -56534.8   |       -271.901   |   99:58:11   |   313:01:17   |
193700      |       -56761.3   |       -56524.9   |       -236.379   |   99:59:43   |   312:59:42   |
193750      |       -56721.7   |       -56525.5   |       -196.247   |   100:01:12   |   312:57:56   |
193800      |       -56725.3   |       -56496.3   |       -228.903   |   100:02:49   |   312:56:36   |
193850      |       -56718.7   |       -56504.2   |       -214.449   |   100:04:22   |   312:55:04   |
193900      |       -56760.3   |         -56522   |       -238.327   |   100:05:55   |   312:53:31   |
193950      |       -56808.6   |       -56512.2   |        -296.45   |   100:07:30   |   312:52:04   |


Iter        |      Posterior   |     Likelihood   |          Prior   |    elapsed   |        ETA   |
----------------------------------------------------------------------------------------------------
194000      |       -56743.9   |       -56517.1   |       -226.761   |   100:09:04   |   312:50:35   |
194050      |       -56781.8   |         -56513   |       -268.826   |   100:10:32   |   312:48:47   |
194100      |       -56743.4   |       -56531.7   |        -211.71   |   100:12:03   |   312:47:08   |
194150      |       -56742.7   |       -56519.2   |       -223.473   |   100:13:37   |   312:45:38   |
194200      |       -56758.7   |       -56502.7   |       -256.001   |   100:15:11   |   312:44:09   |
194250      |       -56774.8   |       -56505.8   |       -269.006   |   100:16:44   |   312:42:36   |
194300      |       -56730.7   |       -56503.1   |       -227.564   |   100:18:18   |   312:41:06   |
194350      |       -56734.5   |       -56523.3   |       -211.129   |   100:19:53   |   312:39:40   |
194400      |       -56742.2   |       -56518.4   |       -223.779   |   100:21:27   |   312:38:10   |
194450      |       -56751.8   |       -56527.9   |       -223.917   |   100:23:02   |   312:36:44   |
194500      |       -56771.8   |       -56512.6   |       -259.145   |   100:24:37   |   312:35:17   |
194550      |       -56779.2   |       -56511.6   |       -267.652   |   100:26:13   |   312:33:54   |
194600      |       -56778.5   |       -56520.3   |       -258.215   |   100:27:46   |   312:32:21   |
194650      |       -56735.2   |       -56517.8   |       -217.351   |   100:29:18   |   312:30:46   |
194700      |       -56785.9   |       -56525.3   |       -260.667   |   100:30:51   |   312:29:13   |
194750      |       -56758.5   |       -56513.2   |       -245.325   |   100:32:25   |   312:27:43   |
194800      |         -56803   |       -56519.4   |       -283.608   |   100:33:54   |   312:25:58   |
194850      |       -56741.9   |       -56499.6   |       -242.324   |   100:35:28   |   312:24:29   |
194900      |       -56753.3   |       -56511.5   |       -241.771   |   100:37:03   |   312:23:02   |
194950      |       -56729.7   |       -56518.2   |       -211.519   |   100:38:36   |   312:21:29   |


Iter        |      Posterior   |     Likelihood   |          Prior   |    elapsed   |        ETA   |
----------------------------------------------------------------------------------------------------
195000      |       -56758.7   |       -56513.5   |       -245.191   |   100:40:13   |   312:20:09   |
195050      |       -56742.7   |       -56520.7   |       -222.009   |   100:41:48   |   312:18:43   |
195100      |       -56746.2   |       -56520.1   |       -226.115   |   100:43:22   |   312:17:13   |
195150      |       -56760.7   |       -56524.3   |       -236.365   |   100:44:58   |   312:15:50   |
195200      |       -56715.9   |       -56508.2   |       -207.611   |   100:46:33   |   312:14:23   |
195250      |       -56744.8   |       -56504.8   |       -240.034   |   100:48:02   |   312:12:38   |
195300      |       -56742.4   |       -56508.4   |       -234.022   |   100:49:30   |   312:10:50   |
195350      |         -56735   |       -56504.8   |       -230.167   |   100:50:59   |   312:09:05   |
195400      |       -56781.8   |       -56519.9   |       -261.906   |   100:52:28   |   312:07:20   |
195450      |       -56799.2   |         -56515   |       -284.165   |   100:53:57   |   312:05:35   |
195500      |       -56798.5   |       -56506.1   |       -292.398   |   100:55:29   |   312:03:59   |
195550      |         -56779   |       -56515.4   |       -263.575   |   100:57:09   |   312:02:48   |
195600      |       -56730.9   |       -56502.8   |       -228.119   |   100:58:55   |   312:01:55   |
195650      |       -56713.3   |       -56506.1   |       -207.178   |   101:00:40   |   312:01:00   |
195700      |       -56747.1   |       -56518.6   |       -228.529   |   101:02:18   |   311:59:42   |
195750      |       -56780.5   |         -56498   |        -282.52   |   101:03:48   |   311:58:00   |
195800      |         -56752   |       -56511.7   |       -240.276   |   101:05:27   |   311:56:46   |
195850      |       -56756.8   |       -56503.5   |       -253.235   |   101:07:04   |   311:55:26   |
195900      |       -56705.4   |         -56508   |       -197.468   |   101:08:41   |   311:54:05   |
195950      |       -56771.4   |         -56517   |       -254.445   |   101:10:20   |   311:52:51   |


Iter        |      Posterior   |     Likelihood   |          Prior   |    elapsed   |        ETA   |
----------------------------------------------------------------------------------------------------
196000      |       -56741.8   |       -56500.1   |       -241.712   |   101:11:56   |   311:51:28   |
196050      |       -56758.2   |       -56520.3   |       -237.906   |   101:13:30   |   311:49:58   |
196100      |       -56740.7   |       -56525.5   |       -215.237   |   101:15:10   |   311:48:47   |
196150      |       -56736.5   |         -56500   |       -236.514   |   101:16:48   |   311:47:29   |
196200      |       -56745.2   |       -56520.7   |       -224.493   |   101:18:20   |   311:45:54   |
196250      |       -56771.5   |         -56524   |       -247.439   |   101:19:47   |   311:44:02   |
196300      |       -56736.9   |       -56513.7   |       -223.264   |   101:21:15   |   311:42:14   |
196350      |       -56762.9   |       -56512.5   |       -250.379   |   101:22:46   |   311:40:35   |
196400      |       -56811.3   |       -56518.7   |       -292.594   |   101:24:17   |   311:38:56   |
196450      |       -56763.2   |       -56527.4   |       -235.871   |   101:25:44   |   311:37:05   |
196500      |       -56773.6   |       -56525.1   |       -248.489   |   101:27:17   |   311:35:32   |
196550      |       -56776.3   |         -56537   |       -239.342   |   101:28:52   |   311:34:06   |
196600      |       -56737.9   |       -56517.9   |       -220.013   |   101:30:24   |   311:32:30   |
196650      |       -56744.1   |       -56525.7   |       -218.431   |   101:31:51   |   311:30:39   |
196700      |       -56767.1   |       -56518.7   |       -248.423   |   101:33:22   |   311:29:00   |
196750      |       -56753.6   |       -56521.8   |       -231.782   |   101:34:56   |   311:27:30   |
196800      |         -56750   |       -56506.9   |       -243.124   |   101:36:27   |   311:25:52   |
196850      |         -56743   |       -56505.3   |       -237.734   |   101:37:56   |   311:24:07   |
196900      |       -56776.4   |       -56513.6   |       -262.787   |   101:39:23   |   311:22:15   |
196950      |       -56775.6   |       -56515.9   |       -259.677   |   101:40:52   |   311:20:30   |


Iter        |      Posterior   |     Likelihood   |          Prior   |    elapsed   |        ETA   |
----------------------------------------------------------------------------------------------------
197000      |       -56752.9   |       -56515.5   |       -237.404   |   101:42:23   |   311:18:52   |
197050      |       -56740.8   |       -56506.2   |       -234.595   |   101:43:56   |   311:17:19   |
197100      |       -56802.3   |       -56510.4   |       -291.904   |   101:45:34   |   311:16:01   |
197150      |       -56778.8   |         -56504   |       -274.778   |   101:47:13   |   311:14:47   |
197200      |         -56742   |       -56500.4   |       -241.567   |   101:48:48   |   311:13:21   |
197250      |       -56747.9   |       -56510.2   |       -237.748   |   101:50:24   |   311:11:57   |
197300      |       -56770.4   |         -56510   |       -260.352   |   101:51:59   |   311:10:30   |
197350      |       -56730.5   |       -56492.9   |       -237.632   |   101:53:31   |   311:08:55   |
197400      |       -56748.3   |       -56520.5   |       -227.786   |   101:55:05   |   311:07:25   |
197450      |         -56758   |       -56505.3   |       -252.607   |   101:56:36   |   311:05:46   |
197500      |       -56766.4   |         -56503   |       -263.444   |   101:58:09   |   311:04:13   |
197550      |       -56776.2   |       -56514.8   |       -261.467   |   101:59:42   |   311:02:41   |
197600      |       -56773.5   |       -56520.7   |       -252.819   |   102:01:13   |   311:01:02   |
197650      |       -56791.5   |       -56525.6   |       -265.899   |   102:02:48   |   310:59:35   |
197700      |       -56800.9   |         -56503   |       -297.839   |   102:04:19   |   310:57:56   |
197750      |       -56729.4   |         -56502   |       -227.421   |   102:05:50   |   310:56:17   |
197800      |       -56732.6   |       -56524.2   |       -208.388   |   102:07:23   |   310:54:45   |
197850      |       -56778.8   |       -56513.9   |       -264.938   |   102:08:58   |   310:53:18   |
197900      |       -56769.3   |       -56524.7   |       -244.653   |   102:10:30   |   310:51:42   |
197950      |       -56742.9   |       -56513.9   |       -229.023   |   102:12:03   |   310:50:10   |


Iter        |      Posterior   |     Likelihood   |          Prior   |    elapsed   |        ETA   |
----------------------------------------------------------------------------------------------------
198000      |       -56812.5   |       -56509.8   |       -302.712   |   102:13:39   |   310:48:46   |
198050      |         -56741   |       -56504.2   |       -236.748   |   102:15:19   |   310:47:34   |
198100      |       -56774.5   |       -56511.6   |       -262.908   |   102:16:56   |   310:46:14   |
198150      |       -56751.8   |       -56508.5   |       -243.246   |   102:18:34   |   310:44:56   |
198200      |         -56751   |         -56518   |       -232.974   |   102:20:13   |   310:43:42   |
198250      |       -56787.2   |       -56524.2   |       -263.067   |   102:21:50   |   310:42:21   |
198300      |       -56801.5   |         -56526   |       -275.479   |   102:23:30   |   310:41:10   |
198350      |         -56820   |       -56539.7   |        -280.34   |   102:25:06   |   310:39:46   |
198400      |       -56719.5   |       -56492.8   |        -226.65   |   102:26:41   |   310:38:19   |
198450      |       -56740.5   |       -56500.7   |       -239.802   |   102:28:15   |   310:36:50   |
198500      |       -56708.2   |       -56509.5   |       -198.749   |   102:29:47   |   310:35:14   |
198550      |       -56712.4   |       -56497.3   |       -215.114   |   102:31:22   |   310:33:47   |
198600      |       -56736.9   |       -56507.2   |       -229.699   |   102:32:49   |   310:31:56   |
198650      |       -56794.3   |       -56522.9   |       -271.422   |   102:34:19   |   310:30:14   |
198700      |       -56741.3   |       -56499.8   |       -241.527   |   102:35:51   |   310:28:38   |
198750      |       -56726.4   |       -56509.8   |       -216.547   |   102:37:26   |   310:27:12   |
198800      |       -56811.2   |       -56507.1   |       -304.182   |   102:39:00   |   310:25:42   |
198850      |       -56742.8   |       -56507.3   |       -235.554   |   102:40:42   |   310:24:36   |
198900      |       -56751.3   |       -56510.5   |       -240.832   |   102:42:15   |   310:23:04   |
198950      |       -56773.1   |       -56521.3   |       -251.841   |   102:43:44   |   310:21:19   |


Iter        |      Posterior   |     Likelihood   |          Prior   |    elapsed   |        ETA   |
----------------------------------------------------------------------------------------------------
199000      |       -56786.5   |       -56532.1   |       -254.378   |   102:45:17   |   310:19:46   |
199050      |       -56747.3   |       -56505.6   |       -241.713   |   102:46:44   |   310:17:55   |
199100      |       -56756.4   |       -56522.6   |       -233.704   |   102:48:14   |   310:16:13   |
199150      |       -56728.5   |       -56516.9   |       -211.608   |   102:49:43   |   310:14:28   |
199200      |       -56722.7   |       -56510.3   |       -212.459   |   102:51:16   |   310:12:56   |
199250      |       -56715.4   |       -56511.5   |       -203.808   |   102:52:49   |   310:11:23   |
199300      |       -56743.4   |       -56511.5   |       -231.982   |   102:54:22   |   310:09:50   |
199350      |       -56721.8   |       -56498.8   |       -223.053   |   102:55:50   |   310:08:02   |
199400      |       -56754.2   |         -56516   |       -238.132   |   102:57:19   |   310:06:18   |
199450      |       -56763.5   |       -56499.9   |       -263.626   |   102:58:50   |   310:04:39   |
199500      |       -56749.7   |       -56512.1   |       -237.677   |   103:00:25   |   310:03:12   |
199550      |       -56785.7   |       -56514.4   |       -271.324   |   103:01:58   |   310:01:39   |
199600      |       -56740.7   |       -56514.3   |       -226.353   |   103:03:32   |   310:00:10   |
199650      |       -56761.1   |       -56512.4   |       -248.705   |   103:05:10   |   309:58:52   |
199700      |       -56768.6   |       -56506.6   |       -262.031   |   103:06:44   |   309:57:22   |
199750      |       -56761.1   |       -56516.2   |       -244.886   |   103:08:09   |   309:55:25   |
199800      |       -56754.9   |       -56509.8   |       -245.144   |   103:09:43   |   309:53:56   |
199850      |       -56771.3   |       -56503.9   |       -267.373   |   103:11:18   |   309:52:29   |
199900      |         -56745   |       -56517.8   |       -227.275   |   103:12:50   |   309:50:53   |
199950      |       -56717.5   |       -56524.4   |       -193.102   |   103:14:23   |   309:49:20   |


Iter        |      Posterior   |     Likelihood   |          Prior   |    elapsed   |        ETA   |
----------------------------------------------------------------------------------------------------
200000      |       -56751.9   |         -56514   |       -237.934   |   103:15:53   |   309:47:39   |
200050      |       -56779.4   |       -56523.3   |       -256.017   |   103:17:34   |   309:46:30   |
200100      |       -56748.3   |       -56497.3   |       -251.036   |   103:19:14   |   309:45:18   |
200150      |       -56778.4   |       -56523.1   |       -255.207   |   103:20:54   |   309:44:06   |
200200      |       -56788.9   |       -56507.5   |       -281.375   |   103:22:35   |   309:42:57   |
200250      |       -56731.4   |       -56513.6   |       -217.865   |   103:24:20   |   309:42:01   |
200300      |       -56755.9   |       -56513.2   |       -242.731   |   103:26:00   |   309:40:49   |
200350      |       -56767.4   |       -56510.9   |       -256.511   |   103:27:45   |   309:39:52   |
200400      |       -56773.9   |       -56517.9   |       -255.995   |   103:29:31   |   309:38:58   |
200450      |       -56752.1   |       -56513.5   |       -238.592   |   103:31:17   |   309:38:04   |
200500      |       -56765.5   |       -56517.1   |       -248.379   |   103:33:04   |   309:37:13   |
200550      |       -56742.2   |       -56500.9   |       -241.352   |   103:34:52   |   309:36:25   |
200600      |       -56799.5   |       -56520.5   |       -278.955   |   103:36:39   |   309:35:34   |
200650      |       -56793.4   |       -56522.9   |        -270.47   |   103:38:22   |   309:34:31   |
200700      |       -56742.5   |       -56516.8   |       -225.779   |   103:40:04   |   309:33:25   |
200750      |       -56767.2   |       -56523.3   |       -243.927   |   103:41:49   |   309:32:28   |
200800      |       -56769.7   |       -56513.9   |       -255.868   |   103:43:33   |   309:31:28   |
200850      |       -56770.4   |       -56520.2   |       -250.213   |   103:45:20   |   309:30:37   |
200900      |       -56778.5   |       -56516.7   |       -261.771   |   103:47:02   |   309:29:30   |
200950      |       -56792.3   |       -56517.8   |       -274.514   |   103:48:41   |   309:28:15   |


Iter        |      Posterior   |     Likelihood   |          Prior   |    elapsed   |        ETA   |
----------------------------------------------------------------------------------------------------
201000      |       -56745.6   |       -56520.2   |       -225.467   |   103:50:24   |   309:27:12   |
201050      |       -56760.4   |       -56522.6   |       -237.843   |   103:52:04   |   309:26:00   |
201100      |       -56768.5   |       -56512.4   |       -256.118   |   103:53:43   |   309:24:45   |
201150      |       -56809.4   |       -56514.7   |       -294.711   |   103:55:28   |   309:23:48   |
201200      |         -56808   |       -56534.3   |        -273.68   |   103:57:09   |   309:22:39   |
201250      |       -56720.1   |       -56518.7   |       -201.415   |   103:58:47   |   309:21:20   |
201300      |       -56774.8   |       -56545.8   |       -228.978   |   104:00:30   |   309:20:17   |
201350      |       -56765.4   |         -56516   |       -249.384   |   104:02:15   |   309:19:20   |
201400      |       -56760.8   |       -56513.7   |       -247.115   |   104:03:55   |   309:18:08   |
201450      |       -56789.3   |       -56513.8   |       -275.514   |   104:05:36   |   309:16:58   |
201500      |         -56805   |       -56523.3   |       -281.674   |   104:07:20   |   309:15:58   |
201550      |       -56768.2   |       -56518.9   |       -249.317   |   104:09:00   |   309:14:46   |
201600      |       -56739.8   |       -56511.7   |       -228.107   |   104:10:44   |   309:13:45   |
201650      |       -56763.9   |       -56520.5   |       -243.348   |   104:12:32   |   309:12:57   |
201700      |       -56722.1   |       -56510.4   |       -211.703   |   104:14:13   |   309:11:47   |
201750      |         -56708   |       -56513.3   |        -194.78   |   104:15:55   |   309:10:41   |
201800      |       -56733.4   |         -56495   |       -238.346   |   104:17:39   |   309:09:41   |
201850      |       -56768.5   |       -56518.7   |       -249.816   |   104:19:24   |   309:08:43   |
201900      |         -56793   |         -56507   |       -286.041   |   104:21:08   |   309:07:42   |
201950      |       -56798.7   |         -56512   |       -286.705   |   104:22:46   |   309:06:24   |


Iter        |      Posterior   |     Likelihood   |          Prior   |    elapsed   |        ETA   |
----------------------------------------------------------------------------------------------------
202000      |       -56786.4   |       -56513.5   |       -272.865   |   104:24:25   |   309:05:09   |
202050      |         -56756   |       -56510.5   |       -245.552   |   104:26:02   |   309:03:47   |
202100      |       -56797.8   |       -56534.2   |       -263.625   |   104:27:45   |   309:02:44   |
202150      |         -56773   |       -56515.2   |       -257.848   |   104:29:28   |   309:01:40   |
202200      |       -56708.2   |       -56517.5   |       -190.721   |   104:31:12   |   309:00:40   |
202250      |       -56751.9   |       -56519.5   |       -232.406   |   104:32:58   |   308:59:45   |
202300      |       -56822.4   |       -56530.6   |       -291.817   |   104:34:41   |   308:58:41   |
202350      |       -56801.1   |       -56543.3   |       -257.767   |   104:36:27   |   308:57:46   |
202400      |       -56755.6   |       -56507.1   |       -248.486   |   104:38:11   |   308:56:46   |
202450      |       -56725.7   |       -56499.5   |       -226.202   |   104:39:52   |   308:55:36   |
202500      |       -56739.6   |       -56514.7   |        -224.93   |   104:41:35   |   308:54:32   |
202550      |       -56773.7   |       -56523.3   |       -250.433   |   104:43:21   |   308:53:38   |
202600      |       -56738.5   |       -56500.5   |        -237.97   |   104:45:10   |   308:52:51   |
202650      |       -56738.2   |       -56516.3   |       -221.881   |   104:46:59   |   308:52:05   |
202700      |         -56742   |       -56506.1   |       -235.918   |   104:48:45   |   308:51:10   |
202750      |       -56746.5   |       -56519.8   |       -226.649   |   104:50:33   |   308:50:21   |
202800      |       -56773.8   |       -56511.3   |       -262.486   |   104:52:21   |   308:49:32   |
202850      |       -56752.2   |       -56515.4   |       -236.856   |   104:54:06   |   308:48:34   |
202900      |       -56754.5   |       -56512.2   |       -242.285   |   104:55:49   |   308:47:30   |
202950      |       -56760.8   |       -56507.9   |       -252.854   |   104:57:30   |   308:46:20   |


Iter        |      Posterior   |     Likelihood   |          Prior   |    elapsed   |        ETA   |
----------------------------------------------------------------------------------------------------
203000      |       -56799.3   |       -56518.7   |       -280.592   |   104:59:11   |   308:45:11   |
203050      |       -56777.9   |       -56515.8   |       -262.071   |   105:00:52   |   308:44:01   |
203100      |       -56738.5   |         -56503   |        -235.46   |   105:02:31   |   308:42:45   |
203150      |         -56777   |       -56514.6   |       -262.417   |   105:04:13   |   308:41:38   |
203200      |       -56746.4   |       -56501.6   |       -244.759   |   105:05:51   |   308:40:19   |
203250      |       -56736.9   |       -56532.1   |       -204.792   |   105:07:36   |   308:39:21   |
203300      |       -56764.1   |       -56530.8   |       -233.371   |   105:09:20   |   308:38:20   |
203350      |       -56761.1   |         -56519   |       -242.103   |   105:11:01   |   308:37:10   |
203400      |       -56748.3   |       -56522.6   |        -225.66   |   105:12:44   |   308:36:06   |
203450      |       -56793.9   |         -56532   |        -261.87   |   105:14:29   |   308:35:08   |
203500      |       -56732.7   |       -56517.3   |       -215.424   |   105:16:13   |   308:34:07   |
203550      |       -56784.8   |       -56548.5   |       -236.333   |   105:17:58   |   308:33:08   |
203600      |       -56773.8   |       -56519.8   |       -254.054   |   105:19:43   |   308:32:10   |
203650      |       -56742.7   |       -56525.4   |       -217.349   |   105:21:31   |   308:31:21   |
203700      |       -56829.9   |         -56541   |       -288.949   |   105:23:22   |   308:30:40   |
203750      |       -56778.4   |       -56528.7   |       -249.733   |   105:25:12   |   308:29:56   |
203800      |       -56752.9   |       -56521.2   |       -231.746   |   105:26:56   |   308:28:55   |
203850      |       -56792.6   |       -56540.7   |       -251.967   |   105:28:42   |   308:27:59   |
203900      |       -56746.2   |         -56522   |       -224.239   |   105:30:25   |   308:26:55   |
203950      |       -56810.1   |       -56522.2   |       -287.961   |   105:32:13   |   308:26:05   |


Iter        |      Posterior   |     Likelihood   |          Prior   |    elapsed   |        ETA   |
----------------------------------------------------------------------------------------------------
204000      |       -56725.1   |         -56511   |       -214.121   |   105:33:58   |   308:25:07   |
204050      |         -56754   |       -56513.3   |       -240.768   |   105:35:44   |   308:24:11   |
204100      |       -56797.3   |       -56517.2   |       -280.014   |   105:37:27   |   308:23:07   |
204150      |       -56800.4   |       -56522.5   |       -277.946   |   105:39:12   |   308:22:08   |
204200      |       -56724.4   |       -56515.3   |       -209.111   |   105:40:56   |   308:21:07   |
204250      |       -56770.5   |       -56516.1   |       -254.392   |   105:42:41   |   308:20:08   |
204300      |       -56770.9   |       -56514.2   |       -256.666   |   105:44:30   |   308:19:21   |
204350      |       -56767.6   |       -56514.7   |       -252.849   |   105:46:13   |   308:18:16   |
204400      |       -56777.7   |       -56502.8   |        -274.92   |   105:47:56   |   308:17:12   |
204450      |       -56694.2   |         -56497   |       -197.279   |   105:49:41   |   308:16:13   |
204500      |       -56766.6   |       -56497.2   |       -269.425   |   105:51:29   |   308:15:23   |
204550      |       -56707.5   |       -56513.4   |       -194.103   |   105:53:14   |   308:14:24   |
204600      |         -56765   |       -56505.2   |       -259.865   |   105:54:55   |   308:13:14   |
204650      |         -56770   |       -56536.7   |       -233.331   |   105:56:35   |   308:12:01   |
204700      |       -56759.8   |       -56519.9   |       -239.905   |   105:58:16   |   308:10:50   |
204750      |       -56758.1   |       -56529.4   |       -228.713   |   105:59:58   |   308:09:43   |
204800      |       -56770.7   |       -56536.1   |       -234.616   |   106:01:39   |   308:08:32   |
204850      |       -56787.7   |       -56536.7   |       -250.971   |   106:03:22   |   308:07:28   |
204900      |       -56791.7   |         -56541   |        -250.64   |   106:05:05   |   308:06:23   |
204950      |       -56797.4   |       -56534.5   |       -262.928   |   106:06:48   |   308:05:18   |


Iter        |      Posterior   |     Likelihood   |          Prior   |    elapsed   |        ETA   |
----------------------------------------------------------------------------------------------------
205000      |       -56737.5   |       -56511.2   |       -226.321   |   106:08:27   |   308:04:02   |
205050      |       -56736.3   |       -56513.9   |       -222.424   |   106:10:03   |   308:02:37   |
205100      |       -56744.8   |       -56517.4   |       -227.392   |   106:11:40   |   308:01:15   |
205150      |       -56743.1   |       -56538.7   |       -204.432   |   106:13:19   |   307:59:58   |
205200      |       -56773.5   |         -56536   |       -237.562   |   106:14:58   |   307:58:42   |
205250      |       -56760.6   |       -56533.8   |       -226.835   |   106:16:29   |   307:57:02   |
205300      |       -56793.6   |       -56537.7   |       -255.844   |   106:18:06   |   307:55:40   |
205350      |       -56774.8   |       -56529.3   |       -245.516   |   106:19:51   |   307:54:41   |
205400      |       -56763.3   |       -56519.2   |       -244.149   |   106:21:28   |   307:53:19   |
205450      |       -56789.4   |       -56537.1   |       -252.255   |   106:23:03   |   307:51:51   |
205500      |       -56771.8   |       -56530.5   |       -241.261   |   106:24:40   |   307:50:29   |
205550      |       -56774.2   |       -56540.3   |       -233.874   |   106:26:12   |   307:48:52   |
205600      |       -56772.3   |       -56540.1   |       -232.233   |   106:27:43   |   307:47:12   |
205650      |       -56847.7   |       -56552.5   |        -295.14   |   106:29:21   |   307:45:53   |
205700      |         -56764   |       -56542.3   |       -221.671   |   106:31:00   |   307:44:36   |
205750      |       -56787.9   |       -56529.6   |       -258.286   |   106:32:37   |   307:43:14   |
205800      |       -56751.8   |       -56533.8   |       -217.971   |   106:34:14   |   307:41:52   |
205850      |       -56777.6   |       -56537.6   |       -239.999   |   106:35:45   |   307:40:12   |
205900      |       -56774.8   |       -56518.4   |         -256.4   |   106:37:15   |   307:38:30   |
205950      |       -56795.6   |       -56528.3   |        -267.38   |   106:38:52   |   307:37:08   |


Iter        |      Posterior   |     Likelihood   |          Prior   |    elapsed   |        ETA   |
----------------------------------------------------------------------------------------------------
206000      |       -56779.3   |       -56541.5   |       -237.824   |   106:40:26   |   307:35:37   |
206050      |       -56797.5   |       -56552.2   |       -245.322   |   106:42:03   |   307:34:14   |
206100      |       -56756.2   |       -56524.2   |       -232.022   |   106:43:41   |   307:32:55   |
206150      |         -56750   |         -56512   |       -237.918   |   106:45:18   |   307:31:33   |
206200      |       -56810.3   |       -56533.4   |       -276.865   |   106:46:57   |   307:30:16   |
206250      |         -56791   |       -56521.9   |       -269.085   |   106:48:34   |   307:28:54   |
206300      |         -56796   |       -56526.5   |         -269.5   |   106:50:08   |   307:27:23   |
206350      |       -56761.2   |       -56528.1   |       -233.041   |   106:51:48   |   307:26:09   |
206400      |       -56788.6   |       -56536.6   |       -252.034   |   106:53:27   |   307:24:53   |
206450      |       -56827.1   |       -56534.1   |        -293.04   |   106:55:07   |   307:23:39   |
206500      |       -56778.7   |       -56524.9   |       -253.732   |   106:56:46   |   307:22:22   |
206550      |       -56797.3   |       -56521.5   |       -275.829   |   106:58:22   |   307:20:57   |
206600      |         -56775   |       -56522.4   |       -252.626   |   106:59:58   |   307:19:32   |
206650      |       -56775.7   |       -56526.6   |       -249.092   |   107:01:30   |   307:17:55   |
206700      |       -56771.8   |       -56538.3   |       -233.557   |   107:03:09   |   307:16:38   |
206750      |       -56776.3   |       -56526.9   |       -249.344   |   107:04:41   |   307:15:02   |
206800      |       -56839.1   |       -56541.1   |       -298.001   |   107:06:11   |   307:13:19   |
206850      |       -56773.1   |       -56540.3   |       -232.863   |   107:07:39   |   307:11:31   |
206900      |       -56793.4   |       -56521.9   |        -271.46   |   107:09:11   |   307:09:54   |
206950      |       -56766.9   |       -56515.3   |       -251.622   |   107:10:54   |   307:08:49   |


Iter        |      Posterior   |     Likelihood   |          Prior   |    elapsed   |        ETA   |
----------------------------------------------------------------------------------------------------
207000      |       -56759.9   |       -56514.5   |       -245.452   |   107:12:32   |   307:07:29   |
207050      |       -56742.2   |       -56511.3   |       -230.889   |   107:14:11   |   307:06:13   |
207100      |       -56759.5   |       -56526.2   |       -233.288   |   107:15:52   |   307:05:02   |
207150      |       -56749.8   |       -56519.2   |        -230.56   |   107:17:39   |   307:04:08   |
207200      |       -56744.8   |         -56520   |       -224.742   |   107:19:26   |   307:03:14   |
207250      |       -56829.4   |       -56528.6   |       -300.857   |   107:21:15   |   307:02:26   |
207300      |       -56759.4   |       -56514.3   |       -245.148   |   107:23:04   |   307:01:38   |
207350      |       -56760.5   |       -56524.8   |       -235.615   |   107:24:54   |   307:00:52   |
207400      |       -56785.1   |       -56518.1   |           -267   |   107:26:40   |   306:59:56   |
207450      |       -56745.8   |       -56513.9   |       -231.928   |   107:28:18   |   306:58:36   |
207500      |       -56747.9   |       -56519.4   |       -228.464   |   107:29:59   |   306:57:25   |
207550      |       -56781.8   |       -56522.3   |       -259.484   |   107:31:37   |   306:56:05   |
207600      |       -56779.3   |       -56547.5   |       -231.808   |   107:33:19   |   306:54:57   |
207650      |       -56806.6   |       -56532.5   |       -274.091   |   107:35:01   |   306:53:49   |
207700      |       -56824.2   |       -56523.1   |         -301.1   |   107:36:44   |   306:52:43   |
207750      |       -56802.2   |       -56523.2   |       -279.085   |   107:38:19   |   306:51:15   |
207800      |       -56788.3   |       -56522.6   |       -265.737   |   107:39:53   |   306:49:44   |
207850      |       -56757.6   |       -56524.9   |       -232.713   |   107:41:26   |   306:48:10   |
207900      |       -56763.4   |       -56526.2   |       -237.108   |   107:43:01   |   306:46:41   |
207950      |       -56733.4   |       -56522.8   |       -210.602   |   107:44:44   |   306:45:36   |


Iter        |      Posterior   |     Likelihood   |          Prior   |    elapsed   |        ETA   |
----------------------------------------------------------------------------------------------------
208000      |       -56789.1   |       -56523.4   |       -265.714   |   107:46:25   |   306:44:25   |
208050      |       -56789.9   |       -56540.3   |       -249.669   |   107:48:04   |   306:43:08   |
208100      |         -56730   |       -56518.9   |       -211.034   |   107:49:39   |   306:41:39   |
208150      |       -56715.8   |       -56503.2   |       -212.526   |   107:51:13   |   306:40:08   |
208200      |       -56763.6   |       -56524.4   |       -239.197   |   107:52:46   |   306:38:34   |
208250      |       -56761.6   |       -56506.8   |       -254.824   |   107:54:20   |   306:37:03   |
208300      |       -56726.6   |       -56521.7   |        -204.98   |   107:55:51   |   306:35:23   |
208350      |       -56747.4   |       -56535.3   |        -212.04   |   107:57:26   |   306:33:55   |
208400      |         -56751   |       -56522.4   |       -228.604   |   107:59:01   |   306:32:26   |
208450      |       -56769.9   |       -56514.1   |       -255.741   |   108:00:40   |   306:31:09   |
208500      |       -56796.3   |       -56536.3   |       -259.929   |   108:02:17   |   306:29:47   |
208550      |       -56736.1   |       -56519.3   |       -216.776   |   108:03:53   |   306:28:21   |
208600      |       -56782.7   |       -56511.8   |       -270.881   |   108:05:27   |   306:26:50   |
208650      |       -56754.1   |       -56536.4   |        -217.74   |   108:07:02   |   306:25:22   |
208700      |       -56743.2   |       -56516.2   |       -226.972   |   108:08:38   |   306:23:56   |
208750      |       -56717.1   |       -56512.3   |        -204.75   |   108:10:11   |   306:22:22   |
208800      |       -56740.1   |       -56509.9   |       -230.271   |   108:11:44   |   306:20:48   |
208850      |       -56744.8   |       -56523.2   |       -221.629   |   108:13:20   |   306:19:22   |
208900      |       -56748.3   |       -56524.8   |       -223.489   |   108:14:59   |   306:18:05   |
208950      |       -56738.1   |       -56520.6   |       -217.429   |   108:16:37   |   306:16:45   |


Iter        |      Posterior   |     Likelihood   |          Prior   |    elapsed   |        ETA   |
----------------------------------------------------------------------------------------------------
209000      |       -56770.8   |       -56519.4   |       -251.411   |   108:18:15   |   306:15:26   |
209050      |       -56757.5   |       -56527.2   |       -230.235   |   108:19:53   |   306:14:06   |
209100      |       -56751.8   |       -56518.1   |       -233.678   |   108:21:29   |   306:12:40   |
209150      |       -56795.4   |       -56514.1   |       -281.339   |   108:23:03   |   306:11:09   |
209200      |         -56759   |       -56515.9   |        -243.14   |   108:24:35   |   306:09:32   |
209250      |       -56778.6   |       -56522.1   |       -256.469   |   108:26:13   |   306:08:12   |
209300      |       -56795.5   |       -56533.9   |       -261.627   |   108:27:45   |   306:06:35   |
209350      |       -56762.3   |       -56511.5   |        -250.79   |   108:29:19   |   306:05:04   |
209400      |       -56755.8   |       -56500.5   |       -255.374   |   108:30:56   |   306:03:41   |
209450      |       -56745.4   |       -56510.1   |       -235.337   |   108:32:35   |   306:02:24   |
209500      |       -56722.5   |       -56521.3   |       -201.218   |   108:34:13   |   306:01:04   |
209550      |       -56746.5   |       -56536.5   |       -210.008   |   108:35:49   |   305:59:38   |
209600      |       -56746.2   |       -56508.4   |       -237.824   |   108:37:25   |   305:58:13   |
209650      |       -56756.8   |       -56516.9   |       -239.915   |   108:38:58   |   305:56:39   |
209700      |       -56748.3   |       -56505.3   |       -243.031   |   108:40:35   |   305:55:16   |
209750      |       -56757.6   |       -56516.8   |       -240.836   |   108:42:11   |   305:53:50   |
209800      |       -56764.3   |       -56528.3   |       -236.039   |   108:43:48   |   305:52:27   |
209850      |       -56775.5   |       -56504.9   |       -270.592   |   108:45:27   |   305:51:10   |
209900      |       -56763.6   |       -56523.1   |       -240.511   |   108:47:05   |   305:49:50   |
209950      |       -56761.9   |       -56517.3   |        -244.62   |   108:48:37   |   305:48:13   |


Iter        |      Posterior   |     Likelihood   |          Prior   |    elapsed   |        ETA   |
----------------------------------------------------------------------------------------------------
210000      |       -56767.4   |       -56510.6   |       -256.753   |   108:50:04   |   305:46:22   |
210050      |       -56743.2   |         -56511   |       -232.171   |   108:51:34   |   305:44:40   |
210100      |       -56794.1   |       -56522.2   |       -271.896   |   108:52:59   |   305:42:43   |
210150      |       -56736.5   |       -56506.1   |       -230.316   |   108:54:29   |   305:41:01   |
210200      |       -56783.3   |       -56512.9   |       -270.467   |   108:55:59   |   305:39:18   |
210250      |       -56799.4   |       -56532.4   |       -266.974   |   108:57:36   |   305:37:55   |
210300      |       -56774.7   |         -56524   |       -250.673   |   108:59:10   |   305:36:24   |
210350      |       -56749.4   |       -56521.5   |       -227.923   |   109:00:44   |   305:34:53   |
210400      |       -56784.3   |         -56535   |        -249.32   |   109:02:18   |   305:33:21   |
210450      |       -56806.8   |       -56520.5   |       -286.317   |   109:03:53   |   305:31:53   |
210500      |       -56776.9   |       -56530.6   |       -246.301   |   109:05:24   |   305:30:13   |
210550      |       -56773.2   |       -56532.5   |       -240.742   |   109:06:51   |   305:28:22   |
210600      |       -56760.2   |         -56528   |       -232.276   |   109:08:26   |   305:26:54   |
210650      |       -56779.8   |       -56529.3   |       -250.459   |   109:09:57   |   305:25:14   |
210700      |       -56772.3   |       -56528.2   |       -244.111   |   109:11:28   |   305:23:35   |
210750      |       -56724.2   |       -56512.7   |       -211.424   |   109:12:59   |   305:21:55   |
210800      |       -56763.6   |       -56516.7   |       -246.972   |   109:14:33   |   305:20:24   |
210850      |       -56762.2   |       -56518.4   |       -243.808   |   109:16:08   |   305:18:55   |
210900      |       -56751.8   |       -56511.7   |       -240.112   |   109:17:38   |   305:17:13   |
210950      |       -56768.2   |       -56506.4   |       -261.794   |   109:19:10   |   305:15:36   |


Iter        |      Posterior   |     Likelihood   |          Prior   |    elapsed   |        ETA   |
----------------------------------------------------------------------------------------------------
211000      |       -56729.2   |       -56501.3   |       -227.841   |   109:20:45   |   305:14:07   |
211050      |         -56762   |       -56526.8   |       -235.252   |   109:22:23   |   305:12:47   |
211100      |       -56774.7   |       -56516.3   |        -258.39   |   109:23:55   |   305:11:10   |
211150      |         -56776   |       -56514.1   |        -261.91   |   109:25:28   |   305:09:36   |
211200      |       -56782.5   |       -56523.7   |       -258.862   |   109:27:00   |   305:08:00   |
211250      |       -56765.8   |       -56538.1   |       -227.701   |   109:28:34   |   305:06:28   |
211300      |       -56718.6   |       -56524.6   |       -194.019   |   109:30:13   |   305:05:11   |
211350      |       -56726.1   |       -56525.5   |       -200.655   |   109:31:52   |   305:03:54   |
211400      |       -56793.4   |       -56528.5   |       -264.898   |   109:33:29   |   305:02:31   |
211450      |       -56755.8   |       -56520.1   |       -235.665   |   109:35:03   |   305:00:59   |
211500      |         -56767   |       -56532.7   |       -234.287   |   109:36:42   |   304:59:42   |
211550      |         -56748   |       -56512.9   |       -235.097   |   109:38:17   |   304:58:13   |
211600      |       -56795.8   |       -56525.4   |       -270.445   |   109:39:50   |   304:56:39   |
211650      |       -56736.6   |       -56523.1   |       -213.491   |   109:41:22   |   304:55:02   |
211700      |       -56793.2   |       -56539.3   |        -253.92   |   109:42:52   |   304:53:20   |
211750      |       -56754.4   |       -56524.5   |       -229.988   |   109:44:24   |   304:51:43   |
211800      |       -56769.7   |       -56510.2   |       -259.445   |   109:45:55   |   304:50:04   |
211850      |       -56759.4   |       -56523.7   |       -235.619   |   109:47:28   |   304:48:29   |
211900      |       -56745.3   |       -56514.8   |       -230.541   |   109:48:59   |   304:46:50   |
211950      |       -56770.9   |       -56508.3   |       -262.641   |   109:50:31   |   304:45:13   |


Iter        |      Posterior   |     Likelihood   |          Prior   |    elapsed   |        ETA   |
----------------------------------------------------------------------------------------------------
212000      |       -56803.3   |       -56516.3   |       -286.924   |   109:52:03   |   304:43:36   |
212050      |       -56773.2   |       -56516.1   |       -257.086   |   109:53:36   |   304:42:02   |
212100      |       -56758.5   |         -56524   |       -234.525   |   109:55:11   |   304:40:34   |
212150      |       -56792.2   |       -56515.4   |       -276.791   |   109:56:48   |   304:39:11   |
212200      |       -56809.2   |       -56526.5   |       -282.768   |   109:58:25   |   304:37:48   |
212250      |       -56733.4   |       -56521.7   |       -211.645   |   109:59:59   |   304:36:16   |
212300      |       -56747.5   |       -56533.6   |        -213.91   |   110:01:31   |   304:34:39   |
212350      |       -56763.8   |       -56520.8   |       -242.991   |   110:03:06   |   304:33:11   |
212400      |       -56788.6   |       -56513.8   |        -274.75   |   110:04:39   |   304:31:37   |
212450      |       -56760.9   |         -56521   |       -239.915   |   110:06:15   |   304:30:11   |
212500      |       -56750.7   |       -56508.6   |       -242.052   |   110:07:48   |   304:28:37   |
212550      |       -56781.8   |       -56522.7   |       -259.156   |   110:09:19   |   304:26:57   |
212600      |       -56744.4   |       -56517.7   |       -226.775   |   110:10:53   |   304:25:26   |
212650      |         -56745   |       -56512.9   |       -232.093   |   110:12:28   |   304:23:57   |
212700      |       -56750.6   |       -56504.9   |       -245.726   |   110:14:03   |   304:22:29   |
212750      |       -56784.9   |       -56503.8   |       -281.093   |   110:15:37   |   304:20:58   |
212800      |       -56792.8   |       -56506.5   |       -286.253   |   110:17:11   |   304:19:26   |
212850      |       -56772.4   |       -56519.5   |       -252.909   |   110:18:43   |   304:17:49   |
212900      |       -56737.3   |       -56504.9   |       -232.431   |   110:20:20   |   304:16:26   |
212950      |       -56750.9   |       -56508.4   |       -242.437   |   110:21:57   |   304:15:03   |


Iter        |      Posterior   |     Likelihood   |          Prior   |    elapsed   |        ETA   |
----------------------------------------------------------------------------------------------------
213000      |       -56734.7   |       -56523.7   |       -210.983   |   110:23:31   |   304:13:32   |
213050      |       -56737.5   |       -56520.1   |       -217.432   |   110:25:07   |   304:12:06   |
213100      |         -56788   |       -56504.6   |       -283.366   |   110:26:44   |   304:10:43   |
213150      |       -56743.3   |       -56510.9   |       -232.415   |   110:28:19   |   304:09:14   |
213200      |       -56764.5   |       -56518.7   |       -245.805   |   110:29:54   |   304:07:46   |
213250      |       -56743.6   |       -56511.6   |       -232.012   |   110:31:31   |   304:06:23   |
213300      |       -56731.8   |       -56513.5   |       -218.317   |   110:33:03   |   304:04:46   |
213350      |       -56738.4   |         -56527   |        -211.41   |   110:34:34   |   304:03:06   |
213400      |       -56743.6   |       -56516.8   |       -226.837   |   110:36:07   |   304:01:32   |
213450      |       -56805.3   |       -56513.1   |       -292.171   |   110:37:39   |   303:59:55   |
213500      |       -56818.1   |       -56536.3   |       -281.793   |   110:39:13   |   303:58:24   |
213550      |       -56780.4   |       -56519.7   |       -260.723   |   110:40:46   |   303:56:50   |
213600      |       -56779.3   |         -56520   |       -259.352   |   110:42:23   |   303:55:27   |
213650      |       -56762.7   |       -56520.6   |       -242.127   |   110:43:58   |   303:53:58   |
213700      |         -56751   |       -56520.1   |       -230.852   |   110:45:35   |   303:52:35   |
213750      |         -56733   |       -56529.6   |       -203.322   |   110:47:09   |   303:51:04   |
213800      |         -56819   |       -56524.7   |       -294.291   |   110:48:41   |   303:49:27   |
213850      |       -56725.7   |       -56530.7   |       -195.008   |   110:50:26   |   303:48:26   |
213900      |       -56750.4   |       -56527.6   |       -222.838   |   110:52:04   |   303:47:05   |
213950      |       -56733.5   |         -56515   |       -218.526   |   110:53:44   |   303:45:50   |


Iter        |      Posterior   |     Likelihood   |          Prior   |    elapsed   |        ETA   |
----------------------------------------------------------------------------------------------------
214000      |       -56720.7   |       -56512.1   |       -208.573   |   110:55:19   |   303:44:22   |
214050      |       -56728.7   |       -56508.7   |        -220.07   |   110:56:51   |   303:42:45   |
214100      |       -56767.8   |       -56537.3   |       -230.495   |   110:58:22   |   303:41:05   |
214150      |       -56761.4   |       -56533.4   |       -228.002   |   110:59:52   |   303:39:23   |
214200      |       -56741.8   |       -56530.2   |       -211.611   |   111:01:23   |   303:37:43   |
214250      |       -56734.9   |       -56523.5   |       -211.384   |   111:02:53   |   303:36:01   |
214300      |         -56712   |       -56514.2   |       -197.786   |   111:04:26   |   303:34:27   |
214350      |       -56751.8   |       -56512.5   |       -239.241   |   111:05:57   |   303:32:47   |
214400      |       -56740.2   |       -56516.6   |       -223.619   |   111:07:29   |   303:31:11   |
214450      |       -56738.4   |       -56516.4   |       -222.071   |   111:09:09   |   303:29:56   |
214500      |       -56775.3   |       -56532.2   |       -243.027   |   111:10:48   |   303:28:38   |
214550      |       -56780.4   |       -56521.5   |       -258.936   |   111:12:25   |   303:27:15   |
214600      |       -56787.5   |       -56513.5   |       -274.006   |   111:14:00   |   303:25:46   |
214650      |       -56725.1   |       -56514.1   |       -211.047   |   111:15:40   |   303:24:31   |
214700      |       -56763.5   |       -56514.1   |       -249.429   |   111:17:14   |   303:23:00   |
214750      |       -56737.9   |       -56509.9   |       -228.036   |   111:18:43   |   303:21:15   |
214800      |       -56747.9   |       -56512.7   |       -235.161   |   111:20:19   |   303:19:49   |
214850      |       -56747.6   |       -56543.5   |        -204.05   |   111:21:52   |   303:18:15   |
214900      |       -56750.9   |       -56519.6   |       -231.298   |   111:23:26   |   303:16:43   |
214950      |       -56761.5   |       -56502.4   |       -259.118   |   111:25:06   |   303:15:28   |


Iter        |      Posterior   |     Likelihood   |          Prior   |    elapsed   |        ETA   |
----------------------------------------------------------------------------------------------------
215000      |         -56744   |       -56520.7   |       -223.298   |   111:26:41   |   303:13:59   |
215050      |       -56759.3   |       -56527.7   |       -231.577   |   111:28:12   |   303:12:20   |
215100      |       -56771.4   |         -56540   |       -231.419   |   111:29:42   |   303:10:38   |
215150      |       -56761.2   |       -56543.2   |       -218.018   |   111:31:12   |   303:08:55   |
215200      |       -56722.3   |       -56520.4   |       -201.926   |   111:32:43   |   303:07:16   |
215250      |       -56762.6   |       -56529.4   |       -233.208   |   111:34:15   |   303:05:39   |
215300      |       -56775.8   |       -56542.4   |       -233.416   |   111:35:46   |   303:03:59   |
215350      |       -56754.9   |       -56546.8   |       -208.086   |   111:37:22   |   303:02:33   |
215400      |       -56754.3   |         -56529   |       -225.278   |   111:38:57   |   303:01:05   |
215450      |       -56782.3   |       -56526.8   |       -255.525   |   111:40:32   |   302:59:36   |
215500      |       -56792.3   |       -56533.4   |       -258.841   |   111:42:03   |   302:57:57   |
215550      |       -56760.6   |       -56533.2   |       -227.324   |   111:43:35   |   302:56:20   |
215600      |       -56765.9   |       -56537.5   |       -228.325   |   111:45:06   |   302:54:40   |
215650      |       -56778.1   |       -56524.5   |       -253.694   |   111:46:40   |   302:53:09   |
215700      |       -56771.7   |       -56515.1   |       -256.675   |   111:48:17   |   302:51:45   |
215750      |       -56744.3   |       -56533.9   |       -210.382   |   111:49:50   |   302:50:11   |
215800      |       -56733.8   |       -56526.9   |       -206.935   |   111:51:20   |   302:48:29   |
215850      |       -56757.2   |       -56525.5   |       -231.641   |   111:52:51   |   302:46:50   |
215900      |       -56743.2   |       -56520.6   |       -222.532   |   111:54:21   |   302:45:07   |
215950      |       -56774.8   |       -56523.4   |       -251.405   |   111:55:51   |   302:43:25   |


Iter        |      Posterior   |     Likelihood   |          Prior   |    elapsed   |        ETA   |
----------------------------------------------------------------------------------------------------
216000      |         -56798   |       -56551.9   |       -246.026   |   111:57:22   |   302:41:46   |
216050      |       -56768.5   |       -56526.4   |         -242.1   |   111:58:44   |   302:39:42   |
216100      |       -56824.1   |       -56540.7   |       -283.443   |   112:00:12   |   302:37:54   |
216150      |       -56775.1   |       -56527.2   |       -247.843   |   112:01:41   |   302:36:09   |
216200      |       -56784.1   |         -56535   |       -249.082   |   112:03:15   |   302:34:38   |
216250      |         -56778   |       -56529.7   |       -248.274   |   112:04:48   |   302:33:04   |
216300      |       -56824.6   |       -56544.1   |       -280.498   |   112:06:23   |   302:31:35   |
216350      |       -56803.5   |       -56534.7   |       -268.787   |   112:08:01   |   302:30:15   |
216400      |       -56795.1   |       -56533.2   |       -261.927   |   112:09:38   |   302:28:51   |
216450      |       -56799.1   |       -56525.2   |       -273.867   |   112:11:16   |   302:27:31   |
216500      |       -56805.6   |       -56523.3   |        -282.36   |   112:12:54   |   302:26:10   |
216550      |       -56772.8   |       -56509.8   |       -263.058   |   112:14:31   |   302:24:47   |
216600      |         -56797   |         -56523   |       -273.964   |   112:16:04   |   302:23:13   |
216650      |       -56777.5   |       -56527.4   |       -250.106   |   112:17:38   |   302:21:41   |
216700      |       -56779.2   |       -56523.6   |       -255.575   |   112:19:10   |   302:20:04   |
216750      |       -56736.2   |       -56507.6   |       -228.545   |   112:20:43   |   302:18:30   |
216800      |       -56788.5   |       -56518.1   |       -270.448   |   112:22:21   |   302:17:10   |
216850      |       -56794.8   |       -56525.7   |       -269.165   |   112:23:55   |   302:15:38   |
216900      |       -56815.4   |       -56527.7   |       -287.632   |   112:25:27   |   302:14:02   |
216950      |       -56760.7   |       -56534.6   |       -226.075   |   112:26:59   |   302:12:25   |


Iter        |      Posterior   |     Likelihood   |          Prior   |    elapsed   |        ETA   |
----------------------------------------------------------------------------------------------------
217000      |       -56781.9   |         -56526   |       -255.832   |   112:28:32   |   302:10:51   |
217050      |       -56799.4   |       -56530.2   |       -269.121   |   112:30:01   |   302:09:06   |
217100      |       -56812.7   |       -56523.9   |        -288.84   |   112:31:28   |   302:07:16   |
217150      |         -56793   |       -56534.9   |       -258.114   |   112:32:57   |   302:05:31   |
217200      |         -56766   |       -56531.4   |       -234.581   |   112:34:29   |   302:03:54   |
217250      |       -56773.6   |       -56524.1   |       -249.544   |   112:35:58   |   302:02:09   |
217300      |       -56754.6   |       -56517.7   |       -236.925   |   112:37:31   |   302:00:35   |
217350      |       -56771.2   |       -56525.6   |       -245.641   |   112:39:04   |   301:59:01   |
217400      |       -56709.2   |       -56525.6   |       -183.573   |   112:40:35   |   301:57:22   |
217450      |       -56768.6   |       -56523.3   |       -245.358   |   112:42:06   |   301:55:42   |
217500      |       -56783.2   |       -56526.4   |       -256.805   |   112:43:37   |   301:54:03   |
217550      |       -56774.9   |         -56529   |        -245.83   |   112:45:12   |   301:52:34   |
217600      |       -56762.7   |       -56524.3   |       -238.468   |   112:46:46   |   301:51:03   |
217650      |       -56802.4   |       -56534.4   |        -268.01   |   112:48:15   |   301:49:18   |
217700      |       -56799.7   |       -56529.6   |       -270.065   |   112:49:41   |   301:47:25   |
217750      |       -56811.4   |         -56535   |       -276.368   |   112:51:13   |   301:45:48   |
217800      |       -56826.2   |       -56535.6   |       -290.668   |   112:52:46   |   301:44:14   |
217850      |         -56826   |       -56548.6   |       -277.383   |   112:54:17   |   301:42:35   |
217900      |       -56761.8   |       -56535.1   |       -226.704   |   112:55:48   |   301:40:55   |
217950      |       -56777.4   |       -56544.1   |       -233.346   |   112:57:18   |   301:39:13   |


Iter        |      Posterior   |     Likelihood   |          Prior   |    elapsed   |        ETA   |
----------------------------------------------------------------------------------------------------
218000      |       -56766.5   |       -56519.6   |       -246.865   |   112:58:48   |   301:37:31   |
218050      |       -56728.8   |       -56524.8   |        -204.02   |   113:00:21   |   301:35:57   |
218100      |       -56773.9   |       -56537.3   |       -236.643   |   113:01:56   |   301:34:29   |
218150      |       -56745.8   |         -56534   |       -211.887   |   113:03:30   |   301:32:57   |
218200      |       -56751.2   |       -56514.6   |       -236.515   |   113:05:02   |   301:31:20   |
218250      |         -56784   |       -56533.4   |        -250.59   |   113:06:37   |   301:29:52   |
218300      |       -56801.7   |       -56535.9   |       -265.807   |   113:08:15   |   301:28:31   |
218350      |       -56768.4   |         -56522   |       -246.453   |   113:09:51   |   301:27:05   |
218400      |         -56779   |       -56528.6   |       -250.405   |   113:11:24   |   301:25:31   |
218450      |         -56750   |       -56539.5   |       -210.577   |   113:12:54   |   301:23:49   |
218500      |       -56765.9   |       -56525.7   |       -240.183   |   113:14:20   |   301:21:56   |
218550      |       -56799.4   |       -56533.1   |       -266.313   |   113:15:47   |   301:20:06   |
218600      |       -56793.3   |       -56521.9   |        -271.41   |   113:17:14   |   301:18:16   |
218650      |       -56777.1   |       -56505.8   |       -271.272   |   113:18:42   |   301:16:29   |
218700      |       -56752.1   |       -56512.3   |       -239.763   |   113:20:09   |   301:14:39   |
218750      |       -56809.2   |       -56525.2   |       -284.041   |   113:21:40   |   301:13:00   |
218800      |       -56798.6   |       -56525.4   |       -273.177   |   113:23:12   |   301:11:23   |
218850      |       -56792.6   |       -56517.3   |       -275.213   |   113:24:45   |   301:09:49   |
218900      |       -56799.2   |       -56531.3   |        -267.91   |   113:26:18   |   301:08:15   |
218950      |       -56758.1   |       -56528.5   |       -229.634   |   113:27:55   |   301:06:51   |


Iter        |      Posterior   |     Likelihood   |          Prior   |    elapsed   |        ETA   |
----------------------------------------------------------------------------------------------------
219000      |       -56779.6   |       -56525.5   |       -254.041   |   113:29:31   |   301:05:25   |
219050      |       -56763.7   |       -56522.8   |       -240.879   |   113:31:03   |   301:03:49   |
219100      |       -56771.5   |       -56518.9   |       -252.681   |   113:32:37   |   301:02:17   |
219150      |       -56787.3   |       -56526.5   |        -260.86   |   113:34:09   |   301:00:41   |
219200      |       -56778.3   |       -56533.4   |       -244.864   |   113:35:44   |   300:59:12   |
219250      |       -56787.1   |       -56527.2   |       -259.948   |   113:37:19   |   300:57:43   |
219300      |       -56742.8   |         -56529   |       -213.764   |   113:38:54   |   300:56:14   |
219350      |       -56778.9   |       -56525.4   |       -253.511   |   113:40:29   |   300:54:46   |
219400      |         -56781   |       -56523.4   |        -257.65   |   113:42:05   |   300:53:20   |
219450      |       -56768.2   |       -56527.4   |       -240.812   |   113:43:40   |   300:51:51   |
219500      |       -56746.1   |       -56512.2   |       -233.885   |   113:45:24   |   300:50:46   |
219550      |       -56740.6   |       -56516.1   |       -224.503   |   113:47:02   |   300:49:25   |
219600      |       -56752.8   |       -56517.4   |       -235.412   |   113:48:38   |   300:47:59   |
219650      |       -56808.1   |       -56511.8   |       -296.264   |   113:50:14   |   300:46:33   |
219700      |       -56746.5   |         -56508   |       -238.539   |   113:51:51   |   300:45:09   |
219750      |       -56772.6   |         -56515   |       -257.554   |   113:53:27   |   300:43:43   |
219800      |       -56749.6   |       -56499.2   |       -250.353   |   113:55:02   |   300:42:14   |
219850      |       -56753.9   |       -56522.4   |       -231.454   |   113:56:35   |   300:40:40   |
219900      |       -56724.4   |       -56515.9   |       -208.441   |   113:58:08   |   300:39:06   |
219950      |       -56788.8   |       -56543.1   |       -245.614   |   113:59:42   |   300:37:35   |


Iter        |      Posterior   |     Likelihood   |          Prior   |    elapsed   |        ETA   |
----------------------------------------------------------------------------------------------------
220000      |       -56772.9   |         -56532   |       -240.888   |   114:01:12   |   300:35:53   |
220050      |       -56756.7   |       -56504.3   |       -252.425   |   114:02:39   |   300:34:03   |
220100      |       -56759.7   |       -56513.9   |       -245.824   |   114:04:16   |   300:32:40   |
220150      |       -56790.6   |       -56507.9   |       -282.706   |   114:05:55   |   300:31:21   |
220200      |       -56785.8   |         -56518   |       -267.801   |   114:07:34   |   300:30:03   |
220250      |       -56774.2   |       -56514.8   |       -259.347   |   114:09:11   |   300:28:40   |
220300      |       -56809.3   |       -56526.8   |        -282.47   |   114:10:42   |   300:27:00   |
220350      |       -56799.9   |       -56527.5   |       -272.449   |   114:12:12   |   300:25:18   |
220400      |       -56778.8   |       -56520.2   |       -258.588   |   114:13:43   |   300:23:39   |
220450      |       -56794.7   |       -56514.8   |        -279.87   |   114:15:15   |   300:22:02   |
220500      |       -56803.5   |       -56517.5   |       -286.055   |   114:16:48   |   300:20:28   |
220550      |       -56780.2   |       -56521.2   |       -258.942   |   114:18:24   |   300:19:02   |
220600      |         -56764   |       -56524.2   |       -239.776   |   114:19:57   |   300:17:28   |
220650      |       -56793.4   |       -56523.5   |       -269.941   |   114:21:33   |   300:16:02   |
220700      |       -56810.4   |       -56533.2   |       -277.196   |   114:23:10   |   300:14:38   |
220750      |       -56817.4   |         -56519   |       -298.455   |   114:24:45   |   300:13:09   |
220800      |         -56789   |       -56525.6   |       -263.376   |   114:26:15   |   300:11:28   |
220850      |       -56773.9   |       -56523.2   |       -250.704   |   114:27:49   |   300:09:56   |
220900      |       -56765.1   |       -56523.5   |       -241.585   |   114:29:22   |   300:08:22   |
220950      |       -56738.3   |       -56513.1   |       -225.234   |   114:30:51   |   300:06:38   |


Iter        |      Posterior   |     Likelihood   |          Prior   |    elapsed   |        ETA   |
----------------------------------------------------------------------------------------------------
221000      |       -56773.4   |       -56513.2   |       -260.196   |   114:32:21   |   300:04:56   |
221050      |       -56769.5   |       -56497.6   |       -271.855   |   114:33:50   |   300:03:11   |
221100      |       -56741.7   |       -56506.7   |       -234.983   |   114:35:20   |   300:01:29   |
221150      |       -56748.7   |       -56523.7   |       -224.962   |   114:36:52   |   299:59:53   |
221200      |       -56746.1   |       -56519.5   |       -226.536   |   114:38:24   |   299:58:16   |
221250      |       -56759.7   |       -56527.2   |       -232.465   |   114:39:57   |   299:56:42   |
221300      |       -56778.4   |       -56520.9   |       -257.474   |   114:41:32   |   299:55:13   |
221350      |       -56726.3   |       -56519.1   |       -207.224   |   114:43:03   |   299:53:34   |
221400      |       -56789.3   |       -56518.9   |       -270.433   |   114:44:33   |   299:51:52   |
221450      |       -56747.8   |       -56538.8   |       -208.946   |   114:46:03   |   299:50:10   |
221500      |       -56776.9   |       -56525.8   |       -251.076   |   114:47:39   |   299:48:44   |
221550      |       -56801.6   |       -56524.1   |       -277.549   |   114:49:12   |   299:47:10   |
221600      |       -56786.9   |       -56543.5   |       -243.457   |   114:50:48   |   299:45:44   |
221650      |       -56752.1   |       -56521.4   |        -230.79   |   114:52:26   |   299:44:23   |
221700      |       -56751.9   |       -56526.6   |       -225.305   |   114:54:02   |   299:42:56   |
221750      |       -56765.7   |       -56519.6   |       -246.073   |   114:55:33   |   299:41:17   |
221800      |       -56768.3   |       -56514.7   |        -253.56   |   114:57:01   |   299:39:30   |
221850      |       -56792.3   |         -56517   |       -275.269   |   114:58:31   |   299:37:48   |
221900      |       -56818.7   |       -56506.6   |       -312.179   |   115:00:06   |   299:36:19   |
221950      |       -56730.4   |       -56502.9   |       -227.463   |   115:01:40   |   299:34:48   |


Iter        |      Posterior   |     Likelihood   |          Prior   |    elapsed   |        ETA   |
----------------------------------------------------------------------------------------------------
222000      |       -56738.2   |       -56516.9   |       -221.343   |   115:03:12   |   299:33:11   |
222050      |       -56747.6   |       -56503.3   |       -244.299   |   115:04:46   |   299:31:40   |
222100      |       -56740.6   |       -56522.5   |       -218.032   |   115:06:22   |   299:30:14   |
222150      |       -56731.4   |       -56502.4   |       -228.975   |   115:07:50   |   299:28:27   |
222200      |       -56738.5   |         -56510   |       -228.476   |   115:09:24   |   299:26:55   |
222250      |       -56710.3   |         -56495   |       -215.349   |   115:10:57   |   299:25:21   |
222300      |       -56731.8   |       -56507.7   |       -224.121   |   115:12:32   |   299:23:52   |
222350      |       -56719.7   |       -56504.3   |        -215.49   |   115:14:05   |   299:22:18   |
222400      |       -56727.1   |       -56507.9   |       -219.195   |   115:15:36   |   299:20:39   |
222450      |       -56769.9   |       -56498.4   |       -271.458   |   115:17:06   |   299:18:57   |
222500      |         -56741   |       -56503.2   |       -237.866   |   115:18:38   |   299:17:21   |
222550      |       -56746.9   |       -56518.9   |       -228.012   |   115:20:10   |   299:15:44   |
222600      |       -56757.3   |         -56512   |       -245.343   |   115:21:41   |   299:14:05   |
222650      |       -56743.6   |       -56504.7   |       -238.807   |   115:23:12   |   299:12:26   |
222700      |       -56710.6   |       -56498.4   |        -212.26   |   115:24:42   |   299:10:44   |
222750      |       -56745.9   |       -56521.4   |       -224.518   |   115:26:10   |   299:08:57   |
222800      |       -56741.1   |       -56522.7   |       -218.406   |   115:27:37   |   299:07:07   |
222850      |       -56747.1   |       -56510.7   |       -236.342   |   115:29:08   |   299:05:28   |
222900      |       -56718.3   |       -56514.7   |       -203.663   |   115:30:39   |   299:03:49   |
222950      |       -56760.7   |       -56523.6   |       -237.095   |   115:32:11   |   299:02:12   |


Iter        |      Posterior   |     Likelihood   |          Prior   |    elapsed   |        ETA   |
----------------------------------------------------------------------------------------------------
223000      |         -56734   |       -56529.4   |       -204.625   |   115:33:41   |   299:00:31   |
223050      |       -56732.1   |       -56527.8   |       -204.231   |   115:35:12   |   298:58:51   |
223100      |         -56743   |       -56528.2   |       -214.836   |   115:36:43   |   298:57:12   |
223150      |       -56794.7   |       -56532.4   |       -262.302   |   115:38:12   |   298:55:28   |
223200      |       -56809.6   |       -56530.4   |         -279.2   |   115:39:44   |   298:53:51   |
223250      |       -56761.4   |       -56536.1   |       -225.266   |   115:41:15   |   298:52:12   |
223300      |       -56751.7   |       -56531.8   |       -219.915   |   115:42:46   |   298:50:33   |
223350      |       -56776.6   |       -56537.1   |       -239.578   |   115:44:19   |   298:48:59   |
223400      |       -56788.4   |       -56518.7   |       -269.656   |   115:45:49   |   298:47:17   |
223450      |       -56703.5   |       -56519.1   |       -184.363   |   115:47:22   |   298:45:43   |
223500      |       -56734.7   |       -56521.8   |       -212.868   |   115:48:59   |   298:44:20   |
223550      |       -56749.3   |       -56520.7   |       -228.603   |   115:50:34   |   298:42:51   |
223600      |       -56820.2   |       -56531.4   |       -288.814   |   115:52:07   |   298:41:17   |
223650      |       -56796.8   |       -56525.5   |       -271.263   |   115:53:41   |   298:39:45   |
223700      |       -56795.1   |         -56550   |       -245.174   |   115:55:14   |   298:38:11   |
223750      |       -56764.1   |         -56537   |       -227.124   |   115:56:45   |   298:36:32   |
223800      |       -56799.4   |       -56541.9   |       -257.495   |   115:58:14   |   298:34:48   |
223850      |       -56788.1   |       -56520.5   |       -267.659   |   115:59:41   |   298:32:59   |
223900      |       -56785.6   |       -56531.2   |       -254.334   |   116:01:11   |   298:31:17   |
223950      |       -56818.7   |       -56530.7   |       -287.935   |   116:02:44   |   298:29:43   |


Iter        |      Posterior   |     Likelihood   |          Prior   |    elapsed   |        ETA   |
----------------------------------------------------------------------------------------------------
224000      |       -56775.3   |       -56541.8   |       -233.483   |   116:04:18   |   298:28:11   |
224050      |       -56744.1   |       -56529.3   |       -214.805   |   116:05:49   |   298:26:32   |
224100      |       -56788.6   |       -56556.5   |       -232.113   |   116:07:22   |   298:24:58   |
224150      |       -56764.6   |       -56533.6   |       -231.005   |   116:08:54   |   298:23:22   |
224200      |         -56797   |       -56541.2   |       -255.763   |   116:10:28   |   298:21:50   |
224250      |       -56795.5   |         -56543   |       -252.458   |   116:11:59   |   298:20:11   |
224300      |       -56786.4   |       -56544.3   |       -242.074   |   116:13:33   |   298:18:40   |
224350      |         -56801   |       -56535.8   |       -265.157   |   116:15:09   |   298:17:14   |
224400      |         -56818   |       -56538.9   |       -279.079   |   116:16:37   |   298:15:27   |
224450      |       -56822.8   |       -56533.7   |       -289.056   |   116:18:06   |   298:13:43   |
224500      |       -56787.8   |       -56550.8   |        -237.01   |   116:19:33   |   298:11:53   |
224550      |       -56788.7   |       -56537.2   |       -251.525   |   116:21:01   |   298:10:07   |
224600      |       -56796.4   |       -56556.2   |       -240.206   |   116:22:33   |   298:08:30   |
224650      |       -56772.3   |       -56540.2   |       -232.073   |   116:24:09   |   298:07:04   |
224700      |       -56773.1   |       -56542.8   |       -230.324   |   116:25:44   |   298:05:35   |
224750      |       -56829.7   |       -56534.6   |       -295.078   |   116:27:17   |   298:04:01   |
224800      |         -56816   |       -56548.2   |       -267.787   |   116:28:51   |   298:02:30   |
224850      |       -56753.6   |       -56542.7   |        -210.89   |   116:30:27   |   298:01:03   |
224900      |       -56747.6   |       -56521.7   |        -225.88   |   116:32:04   |   297:59:40   |
224950      |       -56829.9   |       -56531.4   |       -298.506   |   116:33:55   |   297:58:52   |


Iter        |      Posterior   |     Likelihood   |          Prior   |    elapsed   |        ETA   |
----------------------------------------------------------------------------------------------------
225000      |         -56786   |         -56532   |       -253.982   |   116:35:31   |   297:57:25   |
225050      |       -56841.6   |       -56532.9   |       -308.743   |   116:37:10   |   297:56:07   |
225100      |       -56821.5   |       -56547.2   |       -274.265   |   116:38:46   |   297:54:40   |
225150      |       -56754.2   |       -56533.3   |       -220.866   |   116:40:21   |   297:53:12   |
225200      |       -56783.1   |       -56516.6   |       -266.445   |   116:41:56   |   297:51:43   |
225250      |       -56767.5   |       -56531.9   |        -235.67   |   116:43:24   |   297:49:56   |
225300      |       -56786.8   |       -56507.8   |       -279.047   |   116:44:53   |   297:48:12   |
225350      |       -56772.5   |       -56524.1   |       -248.421   |   116:46:25   |   297:46:35   |
225400      |       -56741.6   |       -56520.8   |       -220.896   |   116:47:58   |   297:45:01   |
225450      |       -56777.4   |       -56524.8   |       -252.642   |   116:49:29   |   297:43:22   |
225500      |       -56791.1   |       -56526.4   |       -264.628   |   116:50:58   |   297:41:38   |
225550      |       -56735.1   |       -56521.5   |        -213.68   |   116:52:29   |   297:39:59   |
225600      |       -56735.5   |       -56518.9   |       -216.565   |   116:54:01   |   297:38:22   |
225650      |       -56746.7   |       -56521.2   |       -225.461   |   116:55:36   |   297:36:54   |
225700      |       -56780.3   |       -56520.9   |       -259.439   |   116:57:11   |   297:35:25   |
225750      |       -56747.1   |       -56522.3   |       -224.832   |   116:58:43   |   297:33:48   |
225800      |       -56740.7   |         -56524   |        -216.65   |   117:00:14   |   297:32:09   |
225850      |       -56777.2   |       -56507.7   |       -269.495   |   117:01:46   |   297:30:33   |
225900      |       -56772.3   |       -56510.8   |       -261.564   |   117:03:18   |   297:28:56   |
225950      |       -56735.2   |       -56509.4   |       -225.803   |   117:04:53   |   297:27:27   |


Iter        |      Posterior   |     Likelihood   |          Prior   |    elapsed   |        ETA   |
----------------------------------------------------------------------------------------------------
226000      |       -56765.3   |       -56522.2   |        -243.14   |   117:06:25   |   297:25:51   |
226050      |       -56758.9   |       -56520.5   |        -238.41   |   117:07:57   |   297:24:14   |
226100      |       -56729.8   |       -56517.2   |       -212.529   |   117:09:28   |   297:22:35   |
226150      |       -56758.3   |       -56513.4   |       -244.929   |   117:10:56   |   297:20:49   |
226200      |       -56752.1   |       -56499.3   |       -252.799   |   117:12:27   |   297:19:10   |
226250      |       -56740.3   |       -56521.4   |       -218.922   |   117:13:55   |   297:17:23   |
226300      |       -56777.8   |         -56525   |       -252.773   |   117:15:25   |   297:15:41   |
226350      |       -56756.7   |       -56514.2   |       -242.505   |   117:16:51   |   297:13:50   |
226400      |       -56778.7   |       -56540.9   |       -237.787   |   117:18:18   |   297:12:01   |
226450      |         -56776   |         -56528   |       -248.054   |   117:19:46   |   297:10:14   |
226500      |       -56754.5   |       -56517.1   |       -237.474   |   117:21:17   |   297:08:35   |
226550      |         -56780   |       -56530.1   |       -249.979   |   117:22:50   |   297:07:01   |
226600      |       -56787.6   |       -56505.2   |       -282.395   |   117:24:22   |   297:05:25   |
226650      |       -56730.1   |       -56500.4   |       -229.739   |   117:25:56   |   297:03:53   |
226700      |       -56730.3   |         -56515   |       -215.219   |   117:27:27   |   297:02:14   |
226750      |         -56762   |       -56512.5   |       -249.569   |   117:28:59   |   297:00:38   |
226800      |       -56788.3   |       -56521.4   |         -266.9   |   117:30:31   |   296:59:01   |
226850      |       -56737.5   |       -56511.8   |       -225.716   |   117:32:03   |   296:57:25   |
226900      |       -56721.3   |       -56504.9   |       -216.349   |   117:33:36   |   296:55:51   |
226950      |       -56809.6   |       -56525.4   |       -284.235   |   117:35:05   |   296:54:07   |


Iter        |      Posterior   |     Likelihood   |          Prior   |    elapsed   |        ETA   |
----------------------------------------------------------------------------------------------------
227000      |       -56743.6   |       -56501.1   |       -242.432   |   117:36:34   |   296:52:23   |
227050      |       -56729.4   |       -56529.7   |       -199.715   |   117:38:08   |   296:50:52   |
227100      |       -56775.9   |       -56527.5   |       -248.416   |   117:39:48   |   296:49:35   |
227150      |       -56757.8   |       -56502.6   |       -255.179   |   117:41:23   |   296:48:06   |
227200      |       -56811.1   |       -56510.2   |       -300.889   |   117:42:59   |   296:46:40   |
227250      |         -56826   |         -56525   |       -300.923   |   117:44:35   |   296:45:14   |
227300      |       -56771.5   |       -56515.9   |       -255.574   |   117:46:04   |   296:43:30   |
227350      |       -56777.2   |       -56513.3   |       -263.851   |   117:47:38   |   296:41:58   |
227400      |         -56788   |       -56504.9   |        -283.11   |   117:49:10   |   296:40:22   |
227450      |       -56751.9   |       -56503.6   |       -248.292   |   117:50:39   |   296:38:38   |
227500      |       -56737.7   |         -56515   |       -222.777   |   117:52:10   |   296:36:59   |
227550      |       -56780.5   |       -56512.8   |         -267.7   |   117:53:46   |   296:35:33   |
227600      |       -56781.6   |       -56514.9   |       -266.762   |   117:55:22   |   296:34:06   |
227650      |       -56763.9   |       -56529.2   |        -234.71   |   117:57:00   |   296:32:45   |
227700      |       -56776.1   |       -56521.1   |       -254.986   |   117:58:35   |   296:31:16   |
227750      |       -56794.5   |       -56525.3   |       -269.163   |   118:00:06   |   296:29:37   |
227800      |       -56750.9   |       -56517.5   |       -233.406   |   118:01:32   |   296:27:46   |
227850      |       -56769.4   |       -56530.1   |       -239.287   |   118:03:02   |   296:26:04   |
227900      |       -56752.2   |       -56527.4   |       -224.827   |   118:04:36   |   296:24:33   |
227950      |       -56719.8   |       -56505.7   |       -214.138   |   118:06:10   |   296:23:01   |


Iter        |      Posterior   |     Likelihood   |          Prior   |    elapsed   |        ETA   |
----------------------------------------------------------------------------------------------------
228000      |       -56733.8   |       -56529.6   |       -204.235   |   118:07:40   |   296:21:20   |
228050      |       -56750.8   |       -56518.8   |       -231.967   |   118:09:16   |   296:19:53   |
228100      |       -56753.1   |       -56534.7   |       -218.377   |   118:10:46   |   296:18:12   |
228150      |       -56789.5   |       -56531.7   |       -257.769   |   118:12:21   |   296:16:43   |
228200      |       -56762.7   |       -56515.3   |       -247.401   |   118:13:59   |   296:15:22   |
228250      |         -56767   |       -56524.3   |       -242.672   |   118:15:32   |   296:13:48   |
228300      |       -56751.2   |       -56526.2   |       -224.992   |   118:17:10   |   296:12:26   |
228350      |       -56781.3   |       -56525.6   |       -255.783   |   118:18:45   |   296:10:58   |
228400      |       -56783.2   |       -56510.6   |       -272.599   |   118:20:16   |   296:09:19   |
228450      |       -56736.4   |       -56519.5   |       -216.986   |   118:21:47   |   296:07:40   |
228500      |       -56743.1   |       -56523.2   |       -219.896   |   118:23:17   |   296:05:58   |
228550      |       -56748.6   |         -56523   |        -225.58   |   118:24:50   |   296:04:24   |
228600      |       -56740.7   |         -56497   |       -243.708   |   118:26:22   |   296:02:48   |
228650      |       -56741.7   |       -56518.3   |       -223.346   |   118:27:48   |   296:00:57   |
228700      |       -56736.1   |       -56521.6   |       -214.491   |   118:29:19   |   295:59:18   |
228750      |       -56737.2   |       -56519.6   |       -217.643   |   118:30:49   |   295:57:36   |
228800      |       -56769.8   |       -56515.6   |       -254.227   |   118:32:19   |   295:55:55   |
228850      |       -56754.2   |       -56532.8   |       -221.339   |   118:33:54   |   295:54:26   |
228900      |       -56775.4   |       -56511.4   |       -263.997   |   118:35:30   |   295:53:00   |
228950      |       -56751.8   |         -56518   |       -233.835   |   118:37:03   |   295:51:26   |


Iter        |      Posterior   |     Likelihood   |          Prior   |    elapsed   |        ETA   |
----------------------------------------------------------------------------------------------------
229000      |         -56729   |       -56524.5   |       -204.542   |   118:38:37   |   295:49:54   |
229050      |       -56774.4   |       -56525.7   |       -248.694   |   118:40:12   |   295:48:25   |
229100      |       -56767.4   |       -56515.9   |       -251.581   |   118:41:45   |   295:46:51   |
229150      |       -56732.3   |         -56519   |       -213.261   |   118:43:16   |   295:45:13   |
229200      |       -56754.1   |       -56528.3   |       -225.836   |   118:44:49   |   295:43:39   |
229250      |       -56779.6   |       -56536.7   |        -242.96   |   118:46:23   |   295:42:07   |
229300      |         -56745   |       -56526.3   |       -218.721   |   118:47:58   |   295:40:38   |
229350      |       -56730.9   |       -56523.2   |       -207.658   |   118:49:34   |   295:39:12   |
229400      |       -56770.6   |       -56522.2   |       -248.419   |   118:51:09   |   295:37:43   |
229450      |       -56779.6   |       -56531.7   |       -247.921   |   118:52:49   |   295:36:27   |
229500      |       -56769.4   |       -56527.2   |       -242.216   |   118:54:25   |   295:35:00   |
229550      |       -56768.1   |       -56532.2   |       -235.819   |   118:56:03   |   295:33:39   |
229600      |       -56764.2   |         -56529   |       -235.279   |   118:57:37   |   295:32:07   |
229650      |       -56792.7   |       -56540.4   |       -252.338   |   118:59:13   |   295:30:41   |
229700      |       -56713.7   |       -56510.8   |       -202.943   |   119:00:51   |   295:29:19   |
229750      |       -56744.2   |       -56513.5   |       -230.742   |   119:02:23   |   295:27:43   |
229800      |         -56780   |         -56507   |       -273.056   |   119:03:57   |   295:26:11   |
229850      |       -56744.9   |       -56535.5   |       -209.393   |   119:05:27   |   295:24:30   |
229900      |         -56736   |       -56516.3   |       -219.677   |   119:06:58   |   295:22:51   |
229950      |         -56743   |       -56531.9   |       -211.109   |   119:08:32   |   295:21:20   |


Iter        |      Posterior   |     Likelihood   |          Prior   |    elapsed   |        ETA   |
----------------------------------------------------------------------------------------------------
230000      |       -56791.4   |       -56530.7   |       -260.708   |   119:10:04   |   295:19:43   |
230050      |       -56752.1   |         -56526   |       -226.023   |   119:11:38   |   295:18:12   |
230100      |       -56723.5   |       -56528.9   |       -194.515   |   119:13:15   |   295:16:48   |
230150      |         -56789   |       -56532.3   |       -256.715   |   119:14:49   |   295:15:16   |
230200      |         -56747   |       -56540.6   |       -206.368   |   119:16:23   |   295:13:45   |
230250      |         -56776   |       -56523.3   |        -252.75   |   119:17:57   |   295:12:14   |
230300      |       -56780.5   |       -56541.8   |       -238.669   |   119:19:30   |   295:10:40   |
230350      |         -56776   |       -56521.9   |       -254.107   |   119:21:07   |   295:09:16   |
230400      |       -56793.2   |       -56536.8   |       -256.489   |   119:22:41   |   295:07:44   |
230450      |       -56817.6   |       -56529.9   |       -287.716   |   119:24:17   |   295:06:18   |
230500      |       -56777.7   |       -56521.7   |       -255.983   |   119:25:53   |   295:04:51   |
230550      |       -56763.8   |       -56534.9   |       -228.896   |   119:27:26   |   295:03:17   |
230600      |       -56774.2   |       -56529.8   |        -244.45   |   119:28:56   |   295:01:36   |
230650      |       -56829.9   |       -56525.3   |       -304.567   |   119:30:28   |   295:00:00   |
230700      |         -56794   |         -56511   |       -282.979   |   119:32:02   |   294:58:28   |
230750      |       -56782.9   |       -56514.4   |       -268.502   |   119:33:34   |   294:56:52   |
230800      |       -56798.1   |       -56514.3   |       -283.784   |   119:35:07   |   294:55:18   |
230850      |       -56808.6   |       -56522.6   |       -285.982   |   119:36:38   |   294:53:39   |
230900      |       -56754.2   |       -56507.9   |       -246.273   |   119:38:12   |   294:52:08   |
230950      |       -56788.6   |       -56504.7   |       -283.884   |   119:39:43   |   294:50:29   |


Iter        |      Posterior   |     Likelihood   |          Prior   |    elapsed   |        ETA   |
----------------------------------------------------------------------------------------------------
231000      |       -56775.5   |       -56517.8   |       -257.722   |   119:41:11   |   294:48:42   |
231050      |       -56747.9   |       -56519.6   |       -228.312   |   119:42:45   |   294:47:11   |
231100      |       -56732.1   |       -56519.1   |       -212.956   |   119:44:18   |   294:45:37   |
231150      |       -56767.6   |       -56518.6   |       -249.075   |   119:45:50   |   294:44:01   |
231200      |       -56779.7   |       -56513.5   |       -266.132   |   119:47:19   |   294:42:17   |
231250      |       -56746.5   |       -56508.8   |       -237.645   |   119:48:48   |   294:40:33   |
231300      |       -56766.7   |         -56518   |       -248.673   |   119:50:17   |   294:38:49   |
231350      |       -56775.7   |         -56517   |       -258.739   |   119:51:46   |   294:37:06   |
231400      |       -56772.6   |       -56516.2   |        -256.39   |   119:53:16   |   294:35:25   |
231450      |       -56813.2   |         -56535   |       -278.255   |   119:54:48   |   294:33:48   |
231500      |       -56783.3   |       -56529.3   |       -253.993   |   119:56:22   |   294:32:17   |
231550      |       -56763.2   |       -56521.5   |       -241.707   |   119:57:54   |   294:30:40   |
231600      |       -56774.1   |       -56519.4   |       -254.634   |   119:59:25   |   294:29:02   |
231650      |       -56783.9   |       -56529.1   |       -254.755   |   120:00:57   |   294:27:25   |
231700      |       -56752.4   |       -56516.7   |       -235.703   |   120:02:29   |   294:25:49   |
231750      |       -56786.7   |       -56527.4   |       -259.291   |   120:04:04   |   294:24:20   |
231800      |       -56738.9   |       -56523.9   |       -214.993   |   120:05:38   |   294:22:48   |
231850      |       -56710.4   |       -56519.8   |        -190.54   |   120:07:13   |   294:21:20   |
231900      |       -56814.6   |       -56516.8   |       -297.835   |   120:08:47   |   294:19:48   |
231950      |       -56746.6   |       -56533.2   |       -213.411   |   120:10:22   |   294:18:19   |


Iter        |      Posterior   |     Likelihood   |          Prior   |    elapsed   |        ETA   |
----------------------------------------------------------------------------------------------------
232000      |       -56706.4   |       -56514.9   |       -191.469   |   120:11:57   |   294:16:50   |
232050      |       -56748.2   |         -56510   |        -238.18   |   120:13:34   |   294:15:26   |
232100      |         -56748   |       -56513.5   |       -234.526   |   120:15:13   |   294:14:07   |
232150      |       -56773.8   |       -56532.7   |        -241.08   |   120:16:47   |   294:12:35   |
232200      |         -56817   |       -56521.8   |       -295.207   |   120:18:26   |   294:11:16   |
232250      |       -56818.7   |       -56531.4   |       -287.316   |   120:20:03   |   294:09:52   |
232300      |       -56771.7   |       -56519.7   |       -251.986   |   120:21:35   |   294:08:16   |
232350      |       -56740.1   |       -56512.2   |       -227.937   |   120:23:08   |   294:06:42   |
232400      |       -56772.9   |       -56524.2   |       -248.723   |   120:24:40   |   294:05:05   |
232450      |       -56780.1   |       -56536.4   |       -243.757   |   120:26:18   |   294:03:44   |
232500      |       -56809.2   |       -56521.1   |       -288.095   |   120:27:55   |   294:02:20   |
232550      |       -56768.3   |       -56530.1   |       -238.213   |   120:29:31   |   294:00:53   |
232600      |         -56835   |       -56539.6   |        -295.36   |   120:31:06   |   293:59:24   |
232650      |       -56844.3   |         -56525   |       -319.298   |   120:32:41   |   293:57:55   |
232700      |       -56777.5   |         -56533   |       -244.541   |   120:34:18   |   293:56:31   |
232750      |       -56784.7   |       -56516.2   |       -268.494   |   120:35:54   |   293:55:04   |
232800      |       -56746.4   |       -56510.2   |       -236.185   |   120:37:29   |   293:53:35   |
232850      |       -56777.7   |       -56534.4   |       -243.378   |   120:39:06   |   293:52:11   |
232900      |       -56767.4   |       -56528.9   |       -238.426   |   120:40:43   |   293:50:47   |
232950      |       -56787.1   |       -56528.9   |       -258.162   |   120:42:23   |   293:49:30   |


Iter        |      Posterior   |     Likelihood   |          Prior   |    elapsed   |        ETA   |
----------------------------------------------------------------------------------------------------
233000      |         -56759   |       -56526.3   |       -232.726   |   120:43:59   |   293:48:03   |
233050      |       -56765.9   |       -56530.1   |       -235.793   |   120:45:32   |   293:46:29   |
233100      |       -56755.4   |       -56534.3   |       -221.132   |   120:47:08   |   293:45:03   |
233150      |       -56790.7   |       -56546.1   |       -244.507   |   120:48:41   |   293:43:29   |
233200      |         -56757   |       -56541.2   |       -215.825   |   120:50:15   |   293:41:57   |
233250      |       -56735.7   |       -56521.7   |       -214.074   |   120:51:47   |   293:40:21   |
233300      |         -56757   |       -56530.8   |       -226.222   |   120:53:23   |   293:38:54   |
233350      |       -56741.5   |         -56535   |       -206.506   |   120:54:59   |   293:37:28   |
233400      |         -56794   |       -56545.1   |       -248.861   |   120:56:32   |   293:35:54   |
233450      |       -56760.6   |       -56539.8   |       -220.838   |   120:58:08   |   293:34:27   |
233500      |       -56778.4   |       -56515.9   |       -262.533   |   120:59:39   |   293:32:48   |
233550      |       -56759.8   |       -56523.4   |       -236.388   |   121:01:12   |   293:31:14   |
233600      |       -56750.7   |       -56527.6   |       -223.129   |   121:02:47   |   293:29:45   |
233650      |       -56777.5   |       -56523.4   |       -254.042   |   121:04:19   |   293:28:09   |
233700      |       -56764.4   |       -56519.9   |       -244.499   |   121:05:48   |   293:26:25   |
233750      |       -56747.2   |       -56517.6   |       -229.645   |   121:07:16   |   293:24:39   |
233800      |       -56735.1   |       -56515.6   |       -219.547   |   121:08:46   |   293:22:58   |
233850      |       -56721.8   |       -56507.3   |       -214.459   |   121:10:18   |   293:21:22   |
233900      |       -56754.6   |       -56528.5   |        -226.09   |   121:11:49   |   293:19:43   |
233950      |       -56747.6   |       -56514.7   |       -232.949   |   121:13:20   |   293:18:04   |


Iter        |      Posterior   |     Likelihood   |          Prior   |    elapsed   |        ETA   |
----------------------------------------------------------------------------------------------------
234000      |       -56751.8   |       -56525.1   |       -226.673   |   121:14:49   |   293:16:21   |
234050      |       -56780.6   |       -56499.1   |       -281.505   |   121:16:20   |   293:14:42   |
234100      |       -56778.9   |       -56513.1   |       -265.802   |   121:17:54   |   293:13:10   |
234150      |         -56769   |       -56512.1   |       -256.905   |   121:19:28   |   293:11:39   |
234200      |       -56756.7   |       -56520.6   |        -236.11   |   121:20:59   |   293:10:00   |
234250      |       -56757.7   |         -56507   |       -250.735   |   121:22:30   |   293:08:21   |
234300      |       -56735.2   |       -56519.5   |       -215.671   |   121:24:00   |   293:06:40   |
234350      |       -56724.8   |       -56494.6   |       -230.128   |   121:25:32   |   293:05:04   |
234400      |       -56758.1   |         -56512   |       -246.126   |   121:27:05   |   293:03:30   |
234450      |       -56733.9   |       -56513.4   |       -220.578   |   121:28:37   |   293:01:54   |
234500      |       -56728.9   |       -56515.9   |       -212.968   |   121:30:07   |   293:00:13   |
234550      |       -56741.5   |       -56503.1   |       -238.468   |   121:31:39   |   292:58:36   |
234600      |       -56779.2   |       -56505.3   |       -273.937   |   121:33:14   |   292:57:07   |
234650      |       -56743.5   |       -56506.7   |       -236.856   |   121:34:49   |   292:55:38   |
234700      |         -56787   |       -56524.4   |       -262.624   |   121:36:22   |   292:54:04   |
234750      |       -56750.9   |       -56499.5   |       -251.434   |   121:37:55   |   292:52:30   |
234800      |       -56770.9   |       -56501.9   |       -268.957   |   121:39:25   |   292:50:49   |
234850      |         -56779   |       -56523.5   |       -255.444   |   121:40:57   |   292:49:13   |
234900      |       -56783.9   |       -56521.3   |       -262.616   |   121:42:30   |   292:47:39   |
234950      |       -56787.2   |       -56525.8   |       -261.429   |   121:44:01   |   292:46:00   |


Iter        |      Posterior   |     Likelihood   |          Prior   |    elapsed   |        ETA   |
----------------------------------------------------------------------------------------------------
235000      |       -56764.2   |       -56524.3   |       -239.895   |   121:45:34   |   292:44:26   |
235050      |         -56779   |       -56509.5   |       -269.439   |   121:47:03   |   292:42:43   |
235100      |       -56784.4   |       -56516.7   |       -267.735   |   121:48:30   |   292:40:55   |
235150      |       -56733.4   |       -56505.5   |       -227.903   |   121:50:03   |   292:39:21   |
235200      |       -56772.1   |       -56506.1   |       -265.926   |   121:51:37   |   292:37:49   |
235250      |       -56791.9   |       -56504.1   |       -287.838   |   121:53:12   |   292:36:20   |
235300      |       -56752.8   |       -56523.6   |       -229.121   |   121:54:47   |   292:34:51   |
235350      |       -56802.5   |       -56513.3   |       -289.196   |   121:56:21   |   292:33:20   |
235400      |       -56803.2   |       -56523.3   |       -279.907   |   121:57:56   |   292:31:50   |
235450      |       -56797.8   |       -56532.2   |       -265.621   |   121:59:27   |   292:30:12   |
235500      |       -56763.3   |       -56533.9   |       -229.367   |   122:01:02   |   292:28:43   |
235550      |       -56718.9   |       -56514.3   |       -204.572   |   122:02:32   |   292:27:02   |
235600      |       -56775.5   |       -56524.4   |       -251.092   |   122:04:07   |   292:25:32   |
235650      |       -56787.5   |       -56519.8   |       -267.735   |   122:05:42   |   292:24:03   |
235700      |       -56764.5   |         -56518   |       -246.572   |   122:07:17   |   292:22:34   |
235750      |       -56739.2   |       -56523.1   |       -216.108   |   122:08:53   |   292:21:08   |
235800      |       -56763.4   |       -56540.4   |       -223.025   |   122:10:27   |   292:19:36   |
235850      |       -56730.7   |       -56512.6   |        -218.08   |   122:12:05   |   292:18:14   |
235900      |       -56778.3   |         -56525   |       -253.371   |   122:13:40   |   292:16:45   |
235950      |       -56750.6   |         -56518   |       -232.533   |   122:15:12   |   292:15:09   |


Iter        |      Posterior   |     Likelihood   |          Prior   |    elapsed   |        ETA   |
----------------------------------------------------------------------------------------------------
236000      |       -56771.5   |       -56506.9   |       -264.561   |   122:16:40   |   292:13:23   |
236050      |       -56732.8   |       -56513.4   |       -219.429   |   122:18:17   |   292:11:59   |
236100      |       -56777.8   |       -56518.7   |       -259.099   |   122:19:50   |   292:10:25   |
236150      |       -56826.1   |       -56527.8   |       -298.291   |   122:21:24   |   292:08:53   |
236200      |       -56785.8   |         -56531   |       -254.776   |   122:22:57   |   292:07:19   |
236250      |       -56750.4   |       -56513.6   |       -236.731   |   122:24:28   |   292:05:41   |
236300      |       -56723.7   |       -56522.1   |       -201.584   |   122:26:02   |   292:04:09   |
236350      |         -56763   |       -56516.7   |       -246.219   |   122:27:30   |   292:02:23   |
236400      |       -56795.9   |       -56521.6   |        -274.28   |   122:28:58   |   292:00:37   |
236450      |       -56771.1   |       -56522.9   |       -248.236   |   122:30:31   |   291:59:04   |
236500      |       -56771.8   |       -56526.8   |       -245.085   |   122:32:07   |   291:57:37   |
236550      |       -56795.2   |         -56527   |       -268.222   |   122:33:42   |   291:56:08   |
236600      |       -56750.5   |       -56532.9   |       -217.625   |   122:35:23   |   291:54:53   |
236650      |         -56803   |       -56515.1   |       -287.933   |   122:36:59   |   291:53:26   |
236700      |       -56794.6   |       -56526.2   |       -268.368   |   122:38:36   |   291:52:02   |
236750      |       -56763.2   |       -56525.2   |        -238.05   |   122:40:12   |   291:50:35   |
236800      |       -56786.8   |       -56522.4   |       -264.444   |   122:41:42   |   291:48:54   |
236850      |       -56747.9   |       -56510.1   |       -237.826   |   122:43:12   |   291:47:13   |
236900      |       -56762.2   |       -56510.4   |       -251.837   |   122:44:43   |   291:45:34   |
236950      |       -56780.9   |       -56508.4   |       -272.442   |   122:46:13   |   291:43:53   |


Iter        |      Posterior   |     Likelihood   |          Prior   |    elapsed   |        ETA   |
----------------------------------------------------------------------------------------------------
237000      |       -56778.8   |       -56530.4   |       -248.418   |   122:47:44   |   291:42:15   |
237050      |       -56783.7   |       -56515.1   |        -268.63   |   122:49:16   |   291:40:38   |
237100      |       -56814.1   |       -56530.4   |       -283.686   |   122:50:44   |   291:38:53   |
237150      |       -56726.8   |       -56504.7   |       -222.133   |   122:52:17   |   291:37:19   |
237200      |       -56793.6   |       -56517.5   |       -276.144   |   122:53:51   |   291:35:47   |
237250      |       -56783.5   |       -56528.1   |       -255.392   |   122:55:25   |   291:34:16   |
237300      |       -56763.2   |       -56510.6   |       -252.645   |   122:56:58   |   291:32:42   |
237350      |       -56816.1   |       -56532.2   |       -283.871   |   122:58:35   |   291:31:17   |
237400      |       -56775.4   |       -56529.7   |       -245.647   |   123:00:20   |   291:30:12   |
237450      |         -56739   |       -56516.2   |       -222.779   |   123:01:58   |   291:28:50   |
237500      |       -56759.8   |       -56517.5   |       -242.337   |   123:03:33   |   291:27:21   |
237550      |         -56741   |         -56507   |       -233.983   |   123:05:12   |   291:26:01   |
237600      |       -56734.1   |       -56516.1   |       -217.972   |   123:06:51   |   291:24:41   |
237650      |         -56754   |       -56524.4   |       -229.633   |   123:08:33   |   291:23:29   |
237700      |       -56757.8   |       -56523.4   |       -234.414   |   123:10:09   |   291:22:02   |
237750      |       -56735.2   |       -56521.7   |       -213.525   |   123:11:42   |   291:20:28   |
237800      |       -56748.5   |         -56510   |       -238.592   |   123:13:15   |   291:18:54   |
237850      |       -56752.1   |       -56529.4   |       -222.696   |   123:14:46   |   291:17:16   |
237900      |       -56779.3   |       -56521.7   |       -257.614   |   123:16:23   |   291:15:51   |
237950      |       -56747.3   |       -56523.3   |       -223.942   |   123:17:59   |   291:14:24   |


Iter        |      Posterior   |     Likelihood   |          Prior   |    elapsed   |        ETA   |
----------------------------------------------------------------------------------------------------
238000      |       -56758.6   |       -56531.5   |       -227.039   |   123:19:34   |   291:12:55   |
238050      |       -56751.2   |       -56528.6   |       -222.618   |   123:21:08   |   291:11:24   |
238100      |       -56791.2   |       -56538.5   |       -252.798   |   123:22:45   |   291:09:59   |
238150      |       -56798.5   |       -56532.8   |       -265.745   |   123:24:20   |   291:08:30   |
238200      |       -56762.3   |       -56527.2   |       -235.125   |   123:25:57   |   291:07:05   |
238250      |       -56767.2   |       -56509.5   |       -257.667   |   123:27:34   |   291:05:41   |
238300      |       -56785.2   |       -56541.2   |       -243.993   |   123:29:07   |   291:04:07   |
238350      |       -56781.2   |       -56524.5   |       -256.763   |   123:30:40   |   291:02:33   |
238400      |         -56772   |       -56519.7   |       -252.269   |   123:32:20   |   291:01:16   |
238450      |         -56762   |       -56510.8   |       -251.165   |   123:33:56   |   290:59:49   |
238500      |       -56769.7   |       -56524.3   |       -245.425   |   123:35:32   |   290:58:22   |
238550      |       -56752.2   |       -56519.4   |       -232.778   |   123:37:09   |   290:56:57   |
238600      |         -56808   |       -56542.3   |       -265.755   |   123:38:49   |   290:55:40   |
238650      |       -56774.8   |         -56538   |       -236.809   |   123:40:29   |   290:54:22   |
238700      |         -56774   |       -56545.5   |       -228.507   |   123:42:06   |   290:52:58   |
238750      |       -56763.8   |       -56531.3   |       -232.455   |   123:43:40   |   290:51:26   |
238800      |       -56778.6   |       -56530.4   |        -248.27   |   123:45:12   |   290:49:50   |
238850      |       -56762.5   |       -56539.5   |       -222.935   |   123:46:46   |   290:48:18   |
238900      |       -56791.5   |         -56533   |       -258.498   |   123:48:19   |   290:46:44   |
238950      |       -56758.8   |       -56514.8   |        -244.05   |   123:49:50   |   290:45:06   |


Iter        |      Posterior   |     Likelihood   |          Prior   |    elapsed   |        ETA   |
----------------------------------------------------------------------------------------------------
239000      |       -56771.2   |         -56518   |       -253.215   |   123:51:19   |   290:43:23   |
239050      |       -56765.9   |       -56523.2   |       -242.743   |   123:52:50   |   290:41:44   |
239100      |         -56742   |       -56506.4   |       -235.632   |   123:54:22   |   290:40:08   |
239150      |       -56801.9   |       -56510.5   |       -291.429   |   123:55:54   |   290:38:31   |
239200      |       -56762.7   |       -56529.8   |       -232.935   |   123:57:28   |   290:37:00   |
239250      |       -56733.7   |       -56506.3   |        -227.41   |   123:59:01   |   290:35:26   |
239300      |       -56717.5   |       -56507.7   |       -209.794   |   124:00:32   |   290:33:47   |
239350      |       -56735.2   |       -56511.5   |       -223.646   |   124:02:02   |   290:32:06   |
239400      |         -56707   |       -56513.4   |       -193.652   |   124:03:34   |   290:30:30   |
239450      |       -56709.3   |       -56523.4   |       -185.885   |   124:05:09   |   290:29:01   |
239500      |       -56772.3   |       -56512.4   |       -259.823   |   124:06:43   |   290:27:29   |
239550      |       -56729.1   |       -56519.1   |       -209.996   |   124:08:18   |   290:26:00   |
239600      |       -56738.4   |       -56516.8   |       -221.615   |   124:09:49   |   290:24:21   |
239650      |       -56739.3   |       -56531.6   |       -207.664   |   124:11:23   |   290:22:50   |
239700      |       -56790.6   |       -56528.4   |       -262.201   |   124:12:54   |   290:21:11   |
239750      |       -56764.3   |       -56524.1   |       -240.247   |   124:14:24   |   290:19:30   |
239800      |       -56747.4   |       -56507.8   |       -239.622   |   124:15:54   |   290:17:49   |
239850      |         -56777   |       -56530.7   |       -246.273   |   124:17:25   |   290:16:11   |
239900      |       -56769.3   |       -56510.6   |       -258.762   |   124:18:56   |   290:14:32   |
239950      |       -56776.6   |       -56522.7   |       -253.916   |   124:20:29   |   290:12:58   |


Iter        |      Posterior   |     Likelihood   |          Prior   |    elapsed   |        ETA   |
----------------------------------------------------------------------------------------------------
240000      |       -56739.5   |       -56510.4   |       -229.124   |   124:22:02   |   290:11:24   |
240050      |       -56756.1   |       -56517.1   |       -239.007   |   124:23:38   |   290:09:57   |
240100      |       -56745.7   |       -56509.1   |       -236.601   |   124:25:14   |   290:08:30   |
240150      |       -56757.5   |       -56502.5   |       -254.997   |   124:26:50   |   290:07:03   |
240200      |       -56778.1   |       -56510.9   |       -267.237   |   124:28:28   |   290:05:41   |
240250      |       -56806.8   |       -56512.6   |       -294.176   |   124:30:09   |   290:04:26   |
240300      |       -56768.9   |       -56496.7   |       -272.138   |   124:31:49   |   290:03:08   |
240350      |       -56747.1   |       -56510.5   |       -236.637   |   124:33:26   |   290:01:44   |
240400      |       -56764.5   |       -56516.9   |       -247.573   |   124:35:00   |   290:00:12   |
240450      |       -56755.3   |       -56536.5   |       -218.865   |   124:36:28   |   289:58:26   |
240500      |       -56740.4   |       -56531.5   |       -208.928   |   124:37:57   |   289:56:43   |
240550      |       -56748.4   |       -56527.9   |        -220.51   |   124:39:30   |   289:55:09   |
240600      |       -56742.1   |       -56540.5   |       -201.645   |   124:41:03   |   289:53:35   |
240650      |       -56728.6   |       -56515.3   |        -213.31   |   124:42:41   |   289:52:13   |
240700      |         -56764   |       -56525.2   |       -238.756   |   124:44:20   |   289:50:53   |
240750      |         -56753   |         -56514   |       -239.053   |   124:45:59   |   289:49:33   |
240800      |       -56741.5   |         -56523   |       -218.561   |   124:47:32   |   289:47:59   |
240850      |       -56743.7   |         -56523   |       -220.735   |   124:49:06   |   289:46:27   |
240900      |       -56781.5   |       -56516.4   |       -265.122   |   124:50:41   |   289:44:58   |
240950      |       -56745.5   |       -56517.8   |       -227.634   |   124:52:18   |   289:43:33   |


Iter        |      Posterior   |     Likelihood   |          Prior   |    elapsed   |        ETA   |
----------------------------------------------------------------------------------------------------
241000      |         -56739   |       -56517.5   |       -221.483   |   124:53:51   |   289:42:00   |
241050      |       -56768.3   |       -56513.6   |       -254.691   |   124:55:27   |   289:40:33   |
241100      |       -56736.4   |       -56499.3   |       -237.078   |   124:57:03   |   289:39:06   |
241150      |       -56775.1   |       -56490.2   |       -284.978   |   124:58:39   |   289:37:39   |
241200      |       -56741.7   |       -56504.4   |       -237.282   |   125:00:11   |   289:36:02   |
241250      |       -56731.6   |       -56511.9   |       -219.616   |   125:01:45   |   289:34:31   |
241300      |       -56792.2   |       -56531.4   |       -260.856   |   125:03:21   |   289:33:04   |
241350      |       -56753.3   |       -56509.3   |       -244.033   |   125:05:01   |   289:31:46   |
241400      |       -56764.6   |       -56520.4   |       -244.238   |   125:06:40   |   289:30:26   |
241450      |       -56819.6   |       -56513.4   |       -306.162   |   125:08:16   |   289:28:59   |
241500      |       -56789.5   |       -56524.8   |       -264.709   |   125:09:52   |   289:27:32   |
241550      |       -56736.4   |       -56514.1   |       -222.305   |   125:11:25   |   289:25:58   |
241600      |       -56765.5   |       -56513.4   |       -252.097   |   125:13:02   |   289:24:33   |
241650      |       -56732.4   |       -56511.6   |       -220.797   |   125:14:38   |   289:23:06   |
241700      |       -56753.6   |         -56514   |       -239.586   |   125:16:12   |   289:21:34   |
241750      |       -56761.6   |       -56510.1   |       -251.535   |   125:17:49   |   289:20:10   |
241800      |       -56787.5   |         -56526   |       -261.557   |   125:19:19   |   289:18:29   |
241850      |       -56725.5   |       -56526.3   |       -199.186   |   125:20:51   |   289:16:53   |
241900      |       -56711.8   |       -56527.6   |       -184.178   |   125:22:26   |   289:15:23   |
241950      |       -56712.3   |       -56530.7   |       -181.646   |   125:24:01   |   289:13:54   |


Iter        |      Posterior   |     Likelihood   |          Prior   |    elapsed   |        ETA   |
----------------------------------------------------------------------------------------------------
242000      |       -56754.7   |       -56527.1   |        -227.67   |   125:25:35   |   289:12:22   |
242050      |       -56751.3   |       -56510.8   |       -240.409   |   125:27:09   |   289:10:51   |
242100      |       -56796.4   |       -56528.8   |        -267.62   |   125:28:42   |   289:09:17   |
242150      |       -56757.9   |       -56513.8   |       -244.079   |   125:30:13   |   289:07:38   |
242200      |       -56764.3   |       -56524.2   |       -240.008   |   125:31:49   |   289:06:11   |
242250      |       -56758.8   |       -56511.8   |       -247.002   |   125:33:23   |   289:04:39   |
242300      |         -56738   |       -56520.5   |       -217.511   |   125:34:58   |   289:03:10   |
242350      |       -56798.1   |         -56525   |       -273.034   |   125:36:33   |   289:01:41   |
242400      |       -56759.1   |       -56516.3   |       -242.818   |   125:38:06   |   289:00:07   |
242450      |       -56723.6   |       -56514.7   |       -208.896   |   125:39:40   |   288:58:35   |
242500      |         -56772   |       -56518.7   |       -253.353   |   125:41:15   |   288:57:06   |
242550      |       -56754.2   |       -56509.7   |       -244.534   |   125:42:56   |   288:55:50   |
242600      |       -56741.5   |       -56532.2   |       -209.297   |   125:44:36   |   288:54:32   |
242650      |       -56738.6   |       -56532.7   |       -205.972   |   125:46:17   |   288:53:16   |
242700      |       -56734.9   |       -56514.6   |       -220.318   |   125:47:51   |   288:51:45   |
242750      |       -56728.1   |       -56518.1   |           -210   |   125:49:23   |   288:50:08   |
242800      |       -56764.2   |       -56524.9   |       -239.309   |   125:50:56   |   288:48:35   |
242850      |       -56779.2   |       -56523.9   |       -255.363   |   125:52:29   |   288:47:01   |
242900      |       -56776.6   |       -56525.9   |       -250.699   |   125:54:06   |   288:45:36   |
242950      |       -56770.3   |       -56535.7   |       -234.625   |   125:55:34   |   288:43:50   |


Iter        |      Posterior   |     Likelihood   |          Prior   |    elapsed   |        ETA   |
----------------------------------------------------------------------------------------------------
243000      |       -56792.5   |       -56528.3   |        -264.16   |   125:57:06   |   288:42:14   |
243050      |         -56796   |       -56533.2   |       -262.805   |   125:58:46   |   288:40:56   |
243100      |       -56767.2   |       -56529.4   |       -237.801   |   126:00:22   |   288:39:29   |
243150      |       -56795.9   |       -56521.3   |       -274.691   |   126:01:56   |   288:37:57   |
243200      |       -56760.7   |       -56524.7   |       -236.081   |   126:03:28   |   288:36:21   |
243250      |       -56764.7   |       -56509.5   |       -255.228   |   126:05:06   |   288:34:58   |
243300      |       -56766.1   |       -56499.8   |       -266.318   |   126:06:40   |   288:33:27   |
243350      |       -56735.6   |       -56521.7   |        -213.92   |   126:08:10   |   288:31:46   |
243400      |       -56731.8   |       -56510.8   |       -221.039   |   126:09:44   |   288:30:14   |
243450      |       -56753.8   |       -56512.9   |       -240.815   |   126:11:17   |   288:28:40   |
243500      |       -56750.3   |       -56528.7   |       -221.637   |   126:12:48   |   288:27:02   |
243550      |         -56739   |       -56501.4   |        -237.66   |   126:14:18   |   288:25:21   |
243600      |       -56735.1   |       -56530.9   |       -204.133   |   126:15:51   |   288:23:47   |
243650      |       -56768.7   |       -56519.5   |       -249.143   |   126:17:23   |   288:22:11   |
243700      |       -56755.1   |         -56514   |       -241.134   |   126:18:57   |   288:20:39   |
243750      |       -56775.2   |       -56516.9   |       -258.271   |   126:20:37   |   288:19:21   |
243800      |       -56744.6   |       -56508.2   |       -236.367   |   126:22:12   |   288:17:51   |
243850      |       -56767.2   |       -56517.3   |       -249.976   |   126:23:49   |   288:16:27   |
243900      |       -56704.5   |       -56511.7   |       -192.808   |   126:25:27   |   288:15:04   |
243950      |         -56776   |       -56531.3   |       -244.655   |   126:27:00   |   288:13:30   |


Iter        |      Posterior   |     Likelihood   |          Prior   |    elapsed   |        ETA   |
----------------------------------------------------------------------------------------------------
244000      |       -56766.5   |       -56529.6   |       -236.874   |   126:28:33   |   288:11:56   |
244050      |       -56789.6   |       -56546.1   |       -243.552   |   126:30:04   |   288:10:17   |
244100      |       -56739.7   |       -56545.8   |       -193.935   |   126:31:39   |   288:08:48   |
244150      |       -56769.8   |       -56539.3   |       -230.516   |   126:33:14   |   288:07:19   |
244200      |       -56747.4   |       -56514.7   |       -232.663   |   126:34:49   |   288:05:49   |
244250      |       -56721.1   |       -56525.8   |       -195.312   |   126:36:25   |   288:04:22   |
244300      |       -56767.6   |       -56522.7   |       -244.912   |   126:38:02   |   288:02:57   |
244350      |       -56745.6   |         -56526   |       -219.599   |   126:39:39   |   288:01:32   |
244400      |       -56742.1   |       -56534.6   |       -207.557   |   126:41:13   |   288:00:00   |
244450      |       -56766.3   |       -56518.4   |       -247.931   |   126:42:45   |   287:58:24   |
244500      |       -56722.9   |       -56513.2   |       -209.757   |   126:44:20   |   287:56:55   |
244550      |       -56766.3   |       -56525.9   |       -240.415   |   126:45:51   |   287:55:16   |
244600      |       -56775.3   |       -56515.3   |       -260.008   |   126:47:25   |   287:53:44   |
244650      |       -56792.1   |       -56516.1   |       -276.003   |   126:49:02   |   287:52:20   |
244700      |       -56751.5   |       -56507.6   |        -243.92   |   126:50:39   |   287:50:55   |
244750      |       -56720.4   |         -56515   |       -205.402   |   126:52:17   |   287:49:32   |
244800      |       -56798.2   |       -56519.5   |       -278.716   |   126:53:57   |   287:48:14   |
244850      |       -56808.8   |       -56529.1   |       -279.668   |   126:55:34   |   287:46:49   |
244900      |         -56778   |       -56532.5   |       -245.522   |   126:57:13   |   287:45:29   |
244950      |       -56738.1   |         -56526   |       -212.056   |   126:58:49   |   287:44:01   |


Iter        |      Posterior   |     Likelihood   |          Prior   |    elapsed   |        ETA   |
----------------------------------------------------------------------------------------------------
245000      |         -56780   |       -56532.1   |       -247.936   |   127:00:25   |   287:42:34   |
245050      |       -56748.3   |       -56535.3   |        -212.98   |   127:01:59   |   287:41:02   |
245100      |       -56776.5   |       -56554.2   |       -222.331   |   127:03:31   |   287:39:26   |
245150      |       -56790.2   |         -56533   |       -257.127   |   127:05:08   |   287:38:01   |
245200      |         -56787   |       -56523.1   |       -263.859   |   127:06:46   |   287:36:38   |
245250      |       -56764.2   |       -56521.6   |       -242.568   |   127:08:24   |   287:35:16   |
245300      |         -56767   |         -56520   |       -247.008   |   127:10:02   |   287:33:53   |
245350      |       -56812.9   |       -56522.2   |       -290.637   |   127:11:39   |   287:32:28   |
245400      |       -56806.9   |         -56517   |       -289.895   |   127:13:15   |   287:31:01   |
245450      |       -56746.8   |       -56526.7   |       -220.017   |   127:14:50   |   287:29:31   |
245500      |       -56763.2   |       -56523.9   |       -239.235   |   127:16:28   |   287:28:08   |
245550      |         -56782   |       -56534.4   |       -247.572   |   127:18:03   |   287:26:39   |
245600      |       -56778.6   |       -56543.4   |       -235.203   |   127:19:38   |   287:25:09   |
245650      |       -56814.9   |       -56537.2   |       -277.739   |   127:21:09   |   287:23:31   |
245700      |       -56752.8   |       -56533.7   |       -219.057   |   127:22:44   |   287:22:01   |
245750      |       -56766.9   |       -56518.9   |       -248.003   |   127:24:25   |   287:20:45   |
245800      |       -56765.9   |       -56535.4   |       -230.476   |   127:26:07   |   287:19:32   |
245850      |       -56774.5   |       -56535.4   |       -239.093   |   127:27:49   |   287:18:18   |
245900      |       -56759.1   |       -56523.4   |       -235.654   |   127:29:26   |   287:16:53   |
245950      |       -56715.9   |       -56518.6   |       -197.268   |   127:31:03   |   287:15:28   |


Iter        |      Posterior   |     Likelihood   |          Prior   |    elapsed   |        ETA   |
----------------------------------------------------------------------------------------------------
246000      |       -56701.6   |       -56511.7   |       -189.956   |   127:32:39   |   287:14:01   |
246050      |       -56752.9   |       -56524.1   |       -228.781   |   127:34:15   |   287:12:33   |
246100      |         -56787   |       -56526.4   |       -260.627   |   127:35:48   |   287:10:59   |
246150      |       -56740.2   |       -56525.6   |       -214.558   |   127:37:32   |   287:09:50   |
246200      |       -56734.9   |       -56530.7   |       -204.158   |   127:39:12   |   287:08:32   |
246250      |       -56758.6   |       -56541.4   |       -217.122   |   127:40:49   |   287:07:06   |
246300      |       -56766.7   |       -56531.5   |       -235.224   |   127:42:26   |   287:05:41   |
246350      |       -56786.4   |       -56540.8   |       -245.571   |   127:43:56   |   287:04:01   |
246400      |       -56759.3   |       -56533.1   |       -226.252   |   127:45:32   |   287:02:33   |
246450      |         -56748   |       -56534.8   |       -213.129   |   127:47:05   |   287:00:59   |
246500      |       -56757.2   |       -56532.4   |       -224.825   |   127:48:34   |   286:59:16   |
246550      |       -56780.7   |       -56534.3   |       -246.366   |   127:50:03   |   286:57:33   |
246600      |       -56732.4   |       -56533.7   |       -198.708   |   127:51:36   |   286:55:59   |
246650      |       -56765.1   |       -56534.7   |       -230.411   |   127:53:06   |   286:54:18   |
246700      |       -56768.6   |       -56539.7   |       -228.846   |   127:54:37   |   286:52:40   |
246750      |       -56753.8   |       -56528.3   |       -225.432   |   127:56:14   |   286:51:15   |
246800      |         -56720   |       -56532.9   |        -187.03   |   127:57:55   |   286:49:58   |
246850      |       -56765.1   |       -56521.5   |       -243.598   |   127:59:34   |   286:48:38   |
246900      |       -56793.9   |       -56531.5   |       -262.375   |   128:01:18   |   286:47:28   |
246950      |         -56784   |       -56531.8   |       -252.193   |   128:02:58   |   286:46:10   |


Iter        |      Posterior   |     Likelihood   |          Prior   |    elapsed   |        ETA   |
----------------------------------------------------------------------------------------------------
247000      |       -56762.5   |       -56534.1   |       -228.464   |   128:04:38   |   286:44:52   |
247050      |       -56778.4   |         -56527   |       -251.414   |   128:06:16   |   286:43:29   |
247100      |       -56776.7   |       -56525.7   |       -251.004   |   128:07:52   |   286:42:01   |
247150      |       -56770.5   |       -56537.2   |       -233.297   |   128:09:30   |   286:40:38   |
247200      |       -56766.5   |         -56553   |       -213.454   |   128:11:01   |   286:39:00   |
247250      |       -56775.3   |       -56529.6   |       -245.695   |   128:12:31   |   286:37:19   |
247300      |       -56745.8   |       -56519.9   |       -225.892   |   128:14:03   |   286:35:43   |
247350      |       -56779.6   |       -56529.7   |       -249.869   |   128:15:38   |   286:34:13   |
247400      |       -56742.1   |       -56521.3   |       -220.827   |   128:17:10   |   286:32:37   |
247450      |       -56798.3   |       -56542.1   |        -256.25   |   128:18:35   |   286:30:45   |
247500      |       -56777.3   |       -56532.7   |       -244.519   |   128:20:09   |   286:29:13   |
247550      |       -56740.8   |         -56529   |       -211.759   |   128:21:46   |   286:27:48   |
247600      |       -56792.8   |       -56527.6   |       -265.192   |   128:23:19   |   286:26:14   |
247650      |       -56791.8   |       -56528.6   |       -263.237   |   128:24:52   |   286:24:40   |
247700      |       -56778.3   |       -56517.5   |       -260.806   |   128:26:26   |   286:23:08   |
247750      |       -56741.9   |       -56532.4   |       -209.413   |   128:27:59   |   286:21:34   |
247800      |       -56753.7   |       -56539.4   |       -214.365   |   128:29:37   |   286:20:11   |
247850      |       -56758.7   |       -56521.9   |       -236.809   |   128:31:12   |   286:18:41   |
247900      |       -56774.7   |       -56536.1   |       -238.663   |   128:32:41   |   286:16:58   |
247950      |       -56764.8   |       -56541.1   |       -223.719   |   128:34:11   |   286:15:17   |


Iter        |      Posterior   |     Likelihood   |          Prior   |    elapsed   |        ETA   |
----------------------------------------------------------------------------------------------------
248000      |       -56771.7   |       -56533.7   |       -237.994   |   128:35:45   |   286:13:45   |
248050      |       -56822.1   |       -56534.4   |       -287.724   |   128:37:23   |   286:12:23   |
248100      |       -56777.7   |       -56528.1   |        -249.59   |   128:38:57   |   286:10:51   |
248150      |       -56770.3   |       -56537.2   |       -233.146   |   128:40:32   |   286:09:21   |
248200      |       -56804.9   |       -56534.1   |       -270.844   |   128:42:06   |   286:07:49   |
248250      |       -56769.6   |       -56531.2   |       -238.426   |   128:43:38   |   286:06:13   |
248300      |       -56744.4   |       -56531.7   |       -212.727   |   128:45:14   |   286:04:45   |
248350      |       -56763.6   |       -56544.8   |       -218.802   |   128:46:48   |   286:03:14   |
248400      |       -56791.9   |       -56536.1   |       -255.826   |   128:48:23   |   286:01:44   |
248450      |       -56762.8   |       -56535.5   |       -227.351   |   128:49:55   |   286:00:08   |
248500      |       -56719.8   |       -56519.2   |       -200.617   |   128:51:28   |   285:58:34   |
248550      |       -56733.1   |       -56506.3   |       -226.802   |   128:53:03   |   285:57:04   |
248600      |       -56781.2   |       -56516.2   |       -265.004   |   128:54:38   |   285:55:34   |
248650      |       -56787.2   |       -56521.5   |        -265.61   |   128:56:13   |   285:54:05   |
248700      |       -56771.8   |       -56541.2   |       -230.566   |   128:57:48   |   285:52:35   |
248750      |       -56756.7   |       -56528.3   |       -228.352   |   128:59:19   |   285:50:56   |
248800      |       -56761.7   |       -56519.4   |       -242.317   |   129:00:54   |   285:49:27   |
248850      |         -56711   |       -56515.8   |       -195.154   |   129:02:31   |   285:48:01   |
248900      |       -56720.5   |       -56522.7   |       -197.775   |   129:04:05   |   285:46:30   |
248950      |       -56753.9   |       -56520.7   |       -233.156   |   129:05:44   |   285:45:09   |


Iter        |      Posterior   |     Likelihood   |          Prior   |    elapsed   |        ETA   |
----------------------------------------------------------------------------------------------------
249000      |       -56763.1   |       -56534.6   |       -228.439   |   129:07:20   |   285:43:41   |
249050      |       -56727.9   |       -56534.8   |       -193.105   |   129:08:55   |   285:42:12   |
249100      |       -56762.8   |       -56525.9   |       -236.881   |   129:10:30   |   285:40:42   |
249150      |       -56738.9   |       -56545.1   |        -193.75   |   129:12:04   |   285:39:10   |
249200      |       -56740.5   |       -56548.6   |       -191.896   |   129:13:37   |   285:37:36   |
249250      |       -56759.8   |       -56560.2   |       -199.588   |   129:15:07   |   285:35:55   |
249300      |       -56780.3   |       -56553.4   |       -226.855   |   129:16:44   |   285:34:30   |
249350      |       -56719.3   |       -56531.7   |       -187.644   |   129:18:16   |   285:32:54   |
249400      |       -56761.9   |       -56512.4   |        -249.49   |   129:19:50   |   285:31:22   |
249450      |       -56800.6   |       -56537.7   |        -262.92   |   129:21:26   |   285:29:54   |
249500      |       -56769.9   |       -56518.6   |       -251.389   |   129:23:02   |   285:28:27   |
249550      |         -56800   |       -56533.2   |       -266.762   |   129:24:34   |   285:26:51   |
249600      |         -56787   |       -56541.3   |       -245.712   |   129:26:04   |   285:25:10   |
249650      |       -56772.4   |       -56531.7   |       -240.696   |   129:27:31   |   285:23:23   |
249700      |         -56767   |       -56536.6   |       -230.347   |   129:29:04   |   285:21:48   |
249750      |       -56789.6   |       -56567.2   |        -222.37   |   129:30:32   |   285:20:03   |
249800      |       -56806.5   |       -56543.6   |       -262.886   |   129:32:03   |   285:18:25   |
249850      |       -56778.7   |       -56534.7   |       -243.924   |   129:33:37   |   285:16:53   |
249900      |       -56735.5   |         -56538   |       -197.539   |   129:35:11   |   285:15:21   |
249950      |       -56738.4   |       -56535.8   |       -202.539   |   129:36:48   |   285:13:56   |


Iter        |      Posterior   |     Likelihood   |          Prior   |    elapsed   |        ETA   |
----------------------------------------------------------------------------------------------------
250000      |       -56766.3   |       -56534.9   |       -231.445   |   129:38:23   |   285:12:26   |
250050      |       -56805.7   |       -56547.4   |       -258.272   |   129:39:59   |   285:10:59   |
250100      |       -56815.6   |       -56558.9   |       -256.674   |   129:41:40   |   285:09:42   |
250150      |       -56755.5   |       -56533.7   |       -221.779   |   129:43:19   |   285:08:21   |
250200      |       -56792.1   |       -56509.9   |       -282.207   |   129:44:59   |   285:07:02   |
250250      |       -56756.4   |       -56524.4   |       -232.063   |   129:46:39   |   285:05:44   |
250300      |         -56761   |       -56527.6   |       -233.433   |   129:48:19   |   285:04:25   |
250350      |         -56776   |       -56518.5   |       -257.557   |   129:49:58   |   285:03:04   |
250400      |       -56755.1   |       -56529.2   |       -225.911   |   129:51:32   |   285:01:32   |
250450      |       -56793.3   |       -56530.2   |       -263.121   |   129:53:04   |   284:59:56   |
250500      |       -56815.1   |       -56538.4   |       -276.629   |   129:54:37   |   284:58:22   |
250550      |       -56796.6   |       -56517.7   |       -278.895   |   129:56:09   |   284:56:45   |
250600      |       -56750.6   |       -56510.6   |       -239.987   |   129:57:45   |   284:55:18   |
250650      |       -56808.3   |       -56521.7   |       -286.595   |   129:59:17   |   284:53:42   |
250700      |       -56757.3   |       -56516.1   |       -241.223   |   130:00:49   |   284:52:05   |
250750      |       -56782.5   |       -56530.7   |       -251.826   |   130:02:21   |   284:50:29   |
250800      |       -56761.9   |       -56548.7   |       -213.127   |   130:03:55   |   284:48:57   |
250850      |       -56760.5   |       -56540.5   |       -220.045   |   130:05:28   |   284:47:23   |
250900      |       -56762.4   |       -56522.3   |       -240.113   |   130:07:02   |   284:45:51   |
250950      |       -56796.6   |       -56537.1   |       -259.527   |   130:08:36   |   284:44:19   |


Iter        |      Posterior   |     Likelihood   |          Prior   |    elapsed   |        ETA   |
----------------------------------------------------------------------------------------------------
251000      |       -56782.7   |         -56528   |       -254.673   |   130:10:10   |   284:42:47   |
251050      |         -56789   |       -56524.2   |       -264.851   |   130:11:37   |   284:41:00   |
251100      |       -56739.3   |       -56529.9   |       -209.412   |   130:13:06   |   284:39:17   |
251150      |       -56775.1   |       -56537.3   |       -237.726   |   130:14:40   |   284:37:45   |
251200      |       -56765.1   |       -56537.2   |       -227.901   |   130:16:12   |   284:36:09   |
251250      |       -56761.7   |       -56527.4   |       -234.358   |   130:17:44   |   284:34:33   |
251300      |       -56804.3   |       -56536.7   |       -267.622   |   130:19:17   |   284:32:59   |
251350      |       -56817.5   |       -56559.8   |       -257.716   |   130:20:55   |   284:31:35   |
251400      |       -56743.4   |       -56512.5   |       -230.892   |   130:22:30   |   284:30:06   |
251450      |       -56769.2   |       -56522.4   |       -246.788   |   130:24:01   |   284:28:27   |
251500      |       -56750.6   |       -56530.4   |       -220.215   |   130:25:37   |   284:27:00   |
251550      |       -56743.1   |         -56506   |       -237.045   |   130:27:15   |   284:25:36   |
251600      |       -56735.4   |       -56508.4   |       -226.981   |   130:28:55   |   284:24:18   |
251650      |       -56775.1   |       -56534.1   |       -241.005   |   130:30:29   |   284:22:46   |
251700      |       -56731.4   |       -56500.8   |       -230.544   |   130:32:03   |   284:21:14   |
251750      |       -56753.9   |       -56528.2   |       -225.726   |   130:33:37   |   284:19:42   |
251800      |       -56740.2   |       -56523.3   |       -216.931   |   130:35:12   |   284:18:12   |
251850      |       -56758.8   |       -56535.5   |       -223.368   |   130:36:46   |   284:16:40   |
251900      |       -56747.8   |       -56533.1   |       -214.668   |   130:38:23   |   284:15:15   |
251950      |       -56775.3   |       -56508.5   |       -266.794   |   130:39:55   |   284:13:38   |


Iter        |      Posterior   |     Likelihood   |          Prior   |    elapsed   |        ETA   |
----------------------------------------------------------------------------------------------------
252000      |       -56719.2   |       -56512.6   |       -206.588   |   130:41:30   |   284:12:09   |
252050      |       -56751.6   |       -56505.5   |       -246.041   |   130:43:04   |   284:10:37   |
252100      |       -56717.4   |       -56520.6   |       -196.783   |   130:44:41   |   284:09:11   |
252150      |       -56819.5   |       -56523.8   |       -295.707   |   130:46:20   |   284:07:50   |
252200      |       -56759.7   |       -56516.5   |       -243.163   |   130:48:00   |   284:06:31   |
252250      |       -56802.8   |       -56521.4   |        -281.41   |   130:49:44   |   284:05:21   |
252300      |       -56750.6   |       -56524.1   |       -226.417   |   130:51:19   |   284:03:51   |
252350      |       -56771.3   |         -56531   |       -240.293   |   130:52:53   |   284:02:19   |
252400      |       -56756.7   |       -56517.6   |       -239.143   |   130:54:26   |   284:00:45   |
252450      |       -56782.2   |       -56532.6   |       -249.545   |   130:56:04   |   283:59:22   |
252500      |       -56777.4   |       -56527.5   |       -249.871   |   130:57:41   |   283:57:56   |
252550      |       -56735.6   |       -56529.2   |       -206.458   |   130:59:19   |   283:56:33   |
252600      |       -56780.6   |       -56512.3   |       -268.306   |   131:00:54   |   283:55:03   |
252650      |       -56797.9   |       -56539.7   |       -258.201   |   131:02:26   |   283:53:27   |
252700      |       -56804.6   |       -56535.9   |        -268.74   |   131:04:04   |   283:52:04   |
252750      |         -56715   |       -56497.8   |        -217.16   |   131:05:39   |   283:50:34   |
252800      |       -56749.8   |       -56514.3   |       -235.493   |   131:07:11   |   283:48:57   |
252850      |       -56747.6   |       -56529.4   |       -218.209   |   131:08:43   |   283:47:21   |
252900      |       -56748.2   |       -56519.5   |       -228.664   |   131:10:15   |   283:45:45   |
252950      |       -56765.4   |       -56533.2   |       -232.149   |   131:11:50   |   283:44:15   |


Iter        |      Posterior   |     Likelihood   |          Prior   |    elapsed   |        ETA   |
----------------------------------------------------------------------------------------------------
253000      |         -56753   |       -56534.3   |       -218.664   |   131:13:27   |   283:42:50   |
253050      |       -56803.9   |         -56529   |       -274.915   |   131:15:01   |   283:41:18   |
253100      |       -56762.2   |       -56513.2   |       -248.958   |   131:16:38   |   283:39:52   |
253150      |       -56800.8   |         -56548   |       -252.804   |   131:18:19   |   283:38:35   |
253200      |       -56807.9   |       -56524.1   |       -283.817   |   131:20:00   |   283:37:18   |
253250      |       -56791.3   |       -56534.7   |       -256.606   |   131:21:34   |   283:35:46   |
253300      |       -56807.8   |       -56542.7   |       -265.153   |   131:23:06   |   283:34:10   |
253350      |       -56787.1   |       -56539.6   |       -247.475   |   131:24:40   |   283:32:38   |
253400      |       -56732.8   |         -56527   |        -205.83   |   131:26:14   |   283:31:06   |
253450      |       -56718.9   |       -56530.9   |       -187.998   |   131:27:48   |   283:29:34   |
253500      |       -56744.2   |       -56526.1   |       -218.153   |   131:29:23   |   283:28:04   |
253550      |       -56731.4   |         -56517   |       -214.429   |   131:30:53   |   283:26:24   |
253600      |         -56715   |       -56524.3   |       -190.659   |   131:32:23   |   283:24:43   |
253650      |       -56788.7   |       -56538.2   |       -250.534   |   131:33:57   |   283:23:11   |
253700      |       -56774.6   |         -56538   |       -236.528   |   131:35:32   |   283:21:41   |
253750      |       -56787.4   |       -56525.8   |       -261.584   |   131:37:09   |   283:20:16   |
253800      |       -56819.5   |       -56541.4   |       -278.077   |   131:38:45   |   283:18:48   |
253850      |       -56788.1   |       -56532.9   |       -255.247   |   131:40:18   |   283:17:14   |
253900      |       -56765.9   |       -56526.7   |       -239.177   |   131:41:52   |   283:15:42   |
253950      |       -56769.2   |       -56522.4   |       -246.755   |   131:43:33   |   283:14:25   |


Iter        |      Posterior   |     Likelihood   |          Prior   |    elapsed   |        ETA   |
----------------------------------------------------------------------------------------------------
254000      |       -56745.6   |       -56518.5   |       -227.102   |   131:45:13   |   283:13:06   |
254050      |       -56739.8   |       -56501.8   |       -237.973   |   131:46:54   |   283:11:49   |
254100      |       -56750.3   |       -56521.8   |       -228.451   |   131:48:31   |   283:10:23   |
254150      |       -56757.1   |       -56525.8   |       -231.272   |   131:50:09   |   283:09:00   |
254200      |       -56721.3   |       -56512.3   |       -208.916   |   131:51:48   |   283:07:38   |
254250      |       -56742.3   |       -56527.2   |       -215.099   |   131:53:22   |   283:06:06   |
254300      |       -56767.7   |       -56508.2   |       -259.487   |   131:54:57   |   283:04:37   |
254350      |       -56769.6   |       -56528.9   |       -240.683   |   131:56:36   |   283:03:15   |
254400      |         -56786   |         -56534   |       -252.001   |   131:58:12   |   283:01:48   |
254450      |       -56773.5   |       -56517.3   |       -256.148   |   131:59:45   |   283:00:13   |
254500      |         -56785   |       -56516.4   |       -268.587   |   132:01:23   |   282:58:50   |
254550      |       -56737.7   |       -56516.8   |       -220.843   |   132:03:01   |   282:57:26   |
254600      |       -56774.7   |       -56532.6   |       -242.159   |   132:04:37   |   282:55:59   |
254650      |       -56732.6   |         -56527   |       -205.664   |   132:06:13   |   282:54:31   |
254700      |       -56793.5   |         -56555   |       -238.423   |   132:07:49   |   282:53:03   |
254750      |       -56808.7   |       -56534.5   |        -274.17   |   132:09:23   |   282:51:31   |
254800      |       -56767.8   |         -56523   |       -244.808   |   132:10:57   |   282:49:59   |
254850      |       -56798.9   |       -56551.2   |       -247.617   |   132:12:31   |   282:48:27   |
254900      |       -56771.3   |       -56523.8   |       -247.529   |   132:14:09   |   282:47:03   |
254950      |       -56767.7   |         -56533   |       -234.624   |   132:15:45   |   282:45:36   |


Iter        |      Posterior   |     Likelihood   |          Prior   |    elapsed   |        ETA   |
----------------------------------------------------------------------------------------------------
255000      |       -56734.3   |       -56518.2   |       -216.122   |   132:17:19   |   282:44:04   |
255050      |       -56786.7   |       -56526.7   |        -259.99   |   132:18:50   |   282:42:25   |
255100      |       -56749.3   |       -56518.8   |       -230.414   |   132:20:22   |   282:40:49   |
255150      |       -56794.6   |       -56530.6   |       -264.095   |   132:21:58   |   282:39:21   |
255200      |       -56757.4   |       -56523.5   |       -233.904   |   132:23:34   |   282:37:53   |
255250      |         -56824   |       -56525.7   |       -298.263   |   132:25:12   |   282:36:30   |
255300      |       -56806.8   |         -56518   |       -288.734   |   132:26:49   |   282:35:04   |
255350      |       -56774.4   |       -56518.6   |       -255.779   |   132:28:28   |   282:33:43   |
255400      |       -56806.5   |       -56523.7   |       -282.831   |   132:30:07   |   282:32:21   |
255450      |       -56759.5   |       -56518.2   |       -241.332   |   132:31:46   |   282:31:00   |
255500      |       -56784.6   |       -56518.4   |       -266.194   |   132:33:26   |   282:29:41   |
255550      |       -56774.2   |       -56518.8   |       -255.393   |   132:35:00   |   282:28:09   |
255600      |       -56720.6   |       -56517.1   |       -203.481   |   132:36:34   |   282:26:36   |
255650      |       -56768.5   |       -56533.2   |       -235.334   |   132:38:07   |   282:25:02   |
255700      |       -56759.7   |       -56550.6   |       -209.109   |   132:39:42   |   282:23:32   |
255750      |       -56806.9   |       -56530.7   |       -276.255   |   132:41:16   |   282:22:00   |
255800      |       -56817.4   |       -56521.3   |        -296.12   |   132:42:50   |   282:20:28   |
255850      |         -56809   |       -56545.4   |        -263.65   |   132:44:21   |   282:18:50   |
255900      |       -56795.3   |       -56530.9   |       -264.457   |   132:45:54   |   282:17:15   |
255950      |       -56743.6   |       -56528.9   |       -214.754   |   132:47:25   |   282:15:37   |


Iter        |      Posterior   |     Likelihood   |          Prior   |    elapsed   |        ETA   |
----------------------------------------------------------------------------------------------------
256000      |       -56795.3   |       -56520.8   |       -274.534   |   132:49:00   |   282:14:07   |
256050      |         -56729   |       -56514.3   |       -214.725   |   132:50:38   |   282:12:43   |
256100      |       -56742.6   |       -56518.2   |       -224.383   |   132:52:12   |   282:11:11   |
256150      |       -56797.5   |       -56525.5   |        -272.04   |   132:53:49   |   282:09:46   |
256200      |       -56717.7   |       -56537.2   |       -180.462   |   132:55:22   |   282:08:11   |
256250      |       -56750.9   |       -56532.4   |       -218.459   |   132:56:59   |   282:06:46   |
256300      |       -56736.3   |       -56506.4   |       -229.917   |   132:58:37   |   282:05:22   |
256350      |       -56749.3   |         -56511   |       -238.373   |   133:00:14   |   282:03:56   |
256400      |       -56720.3   |       -56520.2   |       -200.195   |   133:01:52   |   282:02:33   |
256450      |       -56775.1   |       -56514.1   |       -261.036   |   133:03:28   |   282:01:05   |
256500      |       -56730.7   |       -56524.4   |       -206.387   |   133:05:04   |   281:59:37   |
256550      |       -56762.8   |       -56513.6   |        -249.17   |   133:06:40   |   281:58:09   |
256600      |       -56732.8   |         -56526   |       -206.784   |   133:08:15   |   281:56:39   |
256650      |       -56790.1   |       -56533.2   |       -256.914   |   133:09:53   |   281:55:15   |
256700      |       -56773.8   |       -56510.2   |       -263.593   |   133:11:28   |   281:53:45   |
256750      |       -56789.5   |         -56543   |       -246.489   |   133:13:04   |   281:52:18   |
256800      |         -56767   |       -56525.7   |       -241.273   |   133:14:41   |   281:50:52   |
256850      |       -56764.1   |       -56540.2   |       -223.898   |   133:16:16   |   281:49:22   |
256900      |         -56765   |       -56530.2   |        -234.83   |   133:17:54   |   281:47:58   |
256950      |       -56808.7   |       -56531.9   |       -276.858   |   133:19:29   |   281:46:28   |


Iter        |      Posterior   |     Likelihood   |          Prior   |    elapsed   |        ETA   |
----------------------------------------------------------------------------------------------------
257000      |       -56739.8   |         -56534   |       -205.765   |   133:21:06   |   281:45:02   |
257050      |       -56745.9   |       -56547.8   |       -198.086   |   133:22:41   |   281:43:32   |
257100      |       -56743.1   |         -56526   |       -217.167   |   133:24:19   |   281:42:09   |
257150      |         -56796   |       -56538.8   |       -257.281   |   133:25:55   |   281:40:41   |
257200      |         -56773   |         -56538   |       -234.992   |   133:27:31   |   281:39:13   |
257250      |         -56755   |       -56524.8   |       -230.214   |   133:29:11   |   281:37:53   |
257300      |       -56795.6   |       -56539.5   |       -256.138   |   133:30:53   |   281:36:38   |
257350      |         -56786   |       -56545.6   |       -240.476   |   133:32:33   |   281:35:19   |
257400      |       -56790.2   |       -56549.4   |       -240.822   |   133:34:12   |   281:33:57   |
257450      |       -56775.9   |       -56524.6   |       -251.307   |   133:35:51   |   281:32:35   |
257500      |       -56770.2   |       -56520.9   |       -249.246   |   133:37:28   |   281:31:10   |
257550      |       -56736.9   |         -56534   |       -202.897   |   133:39:05   |   281:29:44   |
257600      |       -56766.5   |       -56538.6   |       -227.931   |   133:40:41   |   281:28:16   |
257650      |         -56768   |       -56537.1   |       -230.842   |   133:42:18   |   281:26:50   |
257700      |       -56751.2   |       -56535.1   |       -216.078   |   133:43:55   |   281:25:24   |
257750      |       -56804.6   |       -56528.9   |       -275.714   |   133:45:30   |   281:23:54   |
257800      |       -56754.1   |       -56509.3   |        -244.79   |   133:47:11   |   281:22:37   |
257850      |       -56739.3   |       -56514.5   |       -224.821   |   133:48:45   |   281:21:04   |
257900      |       -56764.9   |       -56519.2   |       -245.732   |   133:50:17   |   281:19:28   |
257950      |         -56780   |       -56519.7   |       -260.218   |   133:51:52   |   281:17:58   |


Iter        |      Posterior   |     Likelihood   |          Prior   |    elapsed   |        ETA   |
----------------------------------------------------------------------------------------------------
258000      |       -56770.4   |       -56531.1   |       -239.326   |   133:53:24   |   281:16:22   |
258050      |       -56790.3   |       -56534.8   |       -255.456   |   133:54:57   |   281:14:47   |
258100      |         -56804   |       -56525.1   |        -278.96   |   133:56:28   |   281:13:09   |
258150      |       -56779.4   |       -56541.6   |       -237.827   |   133:58:06   |   281:11:45   |
258200      |         -56755   |       -56530.1   |       -224.961   |   133:59:41   |   281:10:15   |
258250      |       -56755.5   |       -56514.9   |       -240.588   |   134:01:16   |   281:08:45   |
258300      |       -56761.3   |         -56532   |       -229.333   |   134:02:52   |   281:07:17   |
258350      |       -56786.4   |       -56523.6   |       -262.733   |   134:04:29   |   281:05:51   |
258400      |       -56796.6   |       -56543.5   |       -253.064   |   134:06:11   |   281:04:36   |
258450      |       -56789.2   |       -56552.7   |       -236.475   |   134:07:50   |   281:03:14   |
258500      |       -56802.4   |       -56548.2   |       -254.195   |   134:09:30   |   281:01:54   |
258550      |       -56759.7   |       -56526.8   |       -232.884   |   134:11:11   |   281:00:37   |
258600      |       -56728.9   |         -56515   |       -213.834   |   134:12:51   |   280:59:17   |
258650      |       -56771.5   |         -56519   |       -252.539   |   134:14:29   |   280:57:53   |
258700      |       -56763.4   |       -56525.7   |       -237.729   |   134:16:04   |   280:56:23   |
258750      |       -56743.6   |       -56529.9   |       -213.729   |   134:17:39   |   280:54:53   |
258800      |       -56729.6   |       -56514.3   |        -215.29   |   134:19:17   |   280:53:29   |
258850      |         -56786   |       -56516.9   |       -269.061   |   134:20:56   |   280:52:07   |
258900      |       -56776.1   |       -56505.7   |       -270.376   |   134:22:35   |   280:50:46   |
258950      |       -56806.2   |       -56539.7   |       -266.548   |   134:24:12   |   280:49:20   |


Iter        |      Posterior   |     Likelihood   |          Prior   |    elapsed   |        ETA   |
----------------------------------------------------------------------------------------------------
259000      |       -56776.1   |       -56526.9   |       -249.244   |   134:25:52   |   280:48:00   |
259050      |       -56808.8   |       -56539.5   |       -269.263   |   134:27:29   |   280:46:34   |
259100      |       -56780.1   |         -56524   |       -256.114   |   134:29:04   |   280:45:04   |
259150      |       -56779.9   |       -56535.8   |       -244.046   |   134:30:37   |   280:43:29   |
259200      |       -56776.6   |         -56532   |       -244.569   |   134:32:14   |   280:42:04   |
259250      |         -56754   |       -56541.8   |        -212.23   |   134:33:47   |   280:40:29   |
259300      |       -56760.1   |       -56530.3   |       -229.771   |   134:35:24   |   280:39:03   |
259350      |       -56750.9   |       -56529.6   |       -221.297   |   134:37:01   |   280:37:37   |
259400      |       -56762.4   |       -56539.3   |       -223.049   |   134:38:37   |   280:36:09   |
259450      |       -56759.7   |       -56537.7   |       -222.054   |   134:40:15   |   280:34:45   |
259500      |       -56755.8   |       -56522.4   |       -233.379   |   134:41:46   |   280:33:07   |
259550      |       -56742.7   |         -56520   |       -222.686   |   134:43:15   |   280:31:24   |
259600      |       -56763.3   |       -56528.2   |       -235.075   |   134:44:46   |   280:29:46   |
259650      |       -56753.4   |       -56535.4   |       -217.991   |   134:46:18   |   280:28:09   |
259700      |       -56774.8   |       -56523.1   |         -251.7   |   134:47:46   |   280:26:24   |
259750      |       -56757.7   |       -56522.7   |       -234.971   |   134:49:19   |   280:24:50   |
259800      |       -56788.3   |       -56532.2   |       -256.078   |   134:50:52   |   280:23:16   |
259850      |       -56792.4   |       -56520.8   |       -271.603   |   134:52:24   |   280:21:39   |
259900      |         -56762   |       -56536.8   |       -225.226   |   134:54:02   |   280:20:16   |
259950      |       -56768.2   |       -56535.3   |       -232.878   |   134:55:36   |   280:18:43   |


Iter        |      Posterior   |     Likelihood   |          Prior   |    elapsed   |        ETA   |
----------------------------------------------------------------------------------------------------
260000      |       -56761.5   |       -56537.7   |       -223.766   |   134:57:12   |   280:17:15   |
260050      |       -56768.6   |       -56520.6   |       -248.033   |   134:58:47   |   280:15:45   |
260100      |       -56833.6   |       -56534.9   |       -298.661   |   135:00:22   |   280:14:15   |
260150      |       -56774.5   |       -56523.8   |       -250.638   |   135:01:56   |   280:12:43   |
260200      |       -56762.6   |       -56518.4   |        -244.18   |   135:03:27   |   280:11:04   |
260250      |       -56732.1   |       -56519.1   |       -213.082   |   135:05:03   |   280:09:36   |
260300      |       -56714.2   |       -56515.6   |        -198.61   |   135:06:37   |   280:08:04   |
260350      |       -56743.8   |       -56510.6   |       -233.163   |   135:08:06   |   280:06:21   |
260400      |         -56737   |       -56521.2   |       -215.825   |   135:09:34   |   280:04:36   |
260450      |         -56759   |       -56524.7   |       -234.326   |   135:11:06   |   280:03:00   |
260500      |       -56772.3   |       -56524.3   |       -247.984   |   135:12:38   |   280:01:24   |
260550      |       -56768.5   |       -56505.4   |       -263.174   |   135:14:11   |   279:59:49   |
260600      |       -56831.3   |       -56537.9   |       -293.369   |   135:15:40   |   279:58:07   |
260650      |         -56776   |       -56532.4   |       -243.602   |   135:17:08   |   279:56:22   |
260700      |         -56791   |       -56522.8   |       -268.273   |   135:18:37   |   279:54:40   |
260750      |       -56809.5   |       -56518.8   |       -290.734   |   135:20:09   |   279:53:03   |
260800      |       -56846.9   |       -56523.3   |       -323.646   |   135:21:40   |   279:51:25   |
260850      |       -56877.1   |       -56526.5   |       -350.627   |   135:23:10   |   279:49:44   |
260900      |       -56754.1   |       -56536.3   |        -217.85   |   135:24:42   |   279:48:08   |
260950      |       -56817.2   |       -56545.1   |       -272.043   |   135:26:11   |   279:46:25   |


Iter        |      Posterior   |     Likelihood   |          Prior   |    elapsed   |        ETA   |
----------------------------------------------------------------------------------------------------
261000      |       -56749.4   |       -56535.5   |       -213.885   |   135:27:42   |   279:44:47   |
261050      |       -56787.1   |       -56540.1   |        -247.04   |   135:29:19   |   279:43:21   |
261100      |       -56758.3   |         -56536   |       -222.226   |   135:30:54   |   279:41:51   |
261150      |       -56787.9   |       -56513.3   |       -274.602   |   135:32:29   |   279:40:21   |
261200      |       -56739.8   |       -56524.8   |       -215.007   |   135:34:00   |   279:38:42   |
261250      |       -56769.3   |       -56517.2   |       -252.025   |   135:35:33   |   279:37:08   |
261300      |       -56748.8   |       -56520.8   |       -227.984   |   135:37:02   |   279:35:25   |
261350      |       -56755.5   |       -56522.6   |        -232.93   |   135:38:33   |   279:33:47   |
261400      |       -56770.3   |       -56521.8   |       -248.473   |   135:40:04   |   279:32:08   |
261450      |       -56771.3   |       -56523.8   |       -247.546   |   135:41:43   |   279:30:47   |
261500      |       -56763.2   |       -56523.2   |       -239.989   |   135:43:24   |   279:29:29   |
261550      |       -56762.9   |       -56517.1   |       -245.788   |   135:45:01   |   279:28:03   |
261600      |       -56787.2   |       -56516.1   |       -271.085   |   135:46:39   |   279:26:39   |
261650      |       -56768.1   |       -56527.2   |        -240.84   |   135:48:20   |   279:25:21   |
261700      |       -56785.6   |       -56520.2   |       -265.407   |   135:49:56   |   279:23:53   |
261750      |       -56734.7   |       -56505.3   |       -229.402   |   135:51:31   |   279:22:23   |
261800      |       -56748.3   |         -56512   |       -236.347   |   135:53:07   |   279:20:54   |
261850      |       -56728.5   |       -56509.5   |       -218.943   |   135:54:40   |   279:19:20   |
261900      |       -56754.4   |       -56526.2   |       -228.242   |   135:56:15   |   279:17:50   |
261950      |       -56754.3   |       -56520.4   |       -233.855   |   135:57:52   |   279:16:24   |


Iter        |      Posterior   |     Likelihood   |          Prior   |    elapsed   |        ETA   |
----------------------------------------------------------------------------------------------------
262000      |         -56726   |       -56517.6   |       -208.399   |   135:59:28   |   279:14:56   |
262050      |       -56743.4   |       -56520.4   |       -223.036   |   136:01:00   |   279:13:19   |
262100      |       -56780.5   |       -56504.8   |       -275.663   |   136:02:37   |   279:11:53   |
262150      |       -56746.1   |       -56508.6   |       -237.486   |   136:04:14   |   279:10:27   |
262200      |       -56763.4   |       -56512.6   |        -250.84   |   136:05:50   |   279:08:59   |
262250      |       -56754.6   |       -56529.6   |       -225.033   |   136:07:28   |   279:07:35   |
262300      |       -56727.9   |       -56516.8   |       -211.099   |   136:09:07   |   279:06:13   |
262350      |       -56788.7   |       -56516.1   |       -272.628   |   136:10:44   |   279:04:47   |
262400      |       -56744.8   |       -56519.5   |       -225.341   |   136:12:24   |   279:03:27   |
262450      |       -56765.3   |       -56517.1   |       -248.146   |   136:14:03   |   279:02:05   |
262500      |       -56741.9   |       -56516.6   |       -225.351   |   136:15:40   |   279:00:39   |
262550      |       -56723.4   |       -56523.1   |       -200.264   |   136:17:16   |   278:59:10   |
262600      |       -56778.8   |       -56538.1   |       -240.683   |   136:18:49   |   278:57:36   |
262650      |       -56729.4   |       -56518.4   |       -211.011   |   136:20:24   |   278:56:06   |
262700      |       -56805.6   |         -56530   |        -275.53   |   136:22:02   |   278:54:42   |
262750      |         -56758   |       -56529.4   |       -228.672   |   136:23:34   |   278:53:05   |
262800      |       -56758.7   |         -56524   |       -234.682   |   136:25:10   |   278:51:37   |
262850      |       -56724.3   |       -56521.2   |       -203.057   |   136:26:45   |   278:50:07   |
262900      |       -56775.5   |       -56519.7   |       -255.769   |   136:28:19   |   278:48:35   |
262950      |       -56761.7   |       -56522.6   |       -239.081   |   136:29:55   |   278:47:06   |


Iter        |      Posterior   |     Likelihood   |          Prior   |    elapsed   |        ETA   |
----------------------------------------------------------------------------------------------------
263000      |       -56779.3   |       -56521.2   |       -258.108   |   136:31:28   |   278:45:32   |
263050      |         -56795   |       -56532.6   |       -262.369   |   136:33:04   |   278:44:04   |
263100      |       -56760.7   |       -56533.9   |       -226.775   |   136:34:54   |   278:43:04   |
263150      |       -56748.7   |       -56526.5   |       -222.164   |   136:36:34   |   278:41:44   |
263200      |       -56778.9   |       -56529.4   |        -249.48   |   136:38:11   |   278:40:18   |
263250      |       -56764.5   |       -56526.8   |        -237.64   |   136:39:44   |   278:38:44   |
263300      |       -56759.8   |       -56523.3   |       -236.543   |   136:41:15   |   278:37:05   |
263350      |       -56778.5   |       -56520.9   |       -257.653   |   136:42:46   |   278:35:27   |
263400      |       -56776.5   |       -56526.8   |        -249.61   |   136:44:20   |   278:33:54   |
263450      |       -56782.9   |       -56532.6   |        -250.33   |   136:45:55   |   278:32:24   |
263500      |       -56772.8   |         -56535   |       -237.798   |   136:47:34   |   278:31:02   |
263550      |       -56762.6   |         -56529   |       -233.577   |   136:49:10   |   278:29:34   |
263600      |       -56785.3   |       -56538.9   |       -246.332   |   136:50:44   |   278:28:01   |
263650      |         -56752   |       -56525.5   |       -226.547   |   136:52:16   |   278:26:25   |
263700      |       -56792.2   |       -56525.5   |       -266.728   |   136:53:45   |   278:24:43   |
263750      |       -56762.5   |       -56494.5   |       -267.997   |   136:55:12   |   278:22:56   |
263800      |       -56717.9   |       -56514.4   |       -203.584   |   136:56:45   |   278:21:22   |
263850      |       -56716.9   |       -56514.5   |       -202.453   |   136:58:20   |   278:19:51   |
263900      |       -56750.9   |       -56527.7   |       -223.237   |   136:59:52   |   278:18:15   |
263950      |       -56756.2   |       -56531.9   |       -224.246   |   137:01:27   |   278:16:45   |


Iter        |      Posterior   |     Likelihood   |          Prior   |    elapsed   |        ETA   |
----------------------------------------------------------------------------------------------------
264000      |       -56767.6   |       -56540.2   |       -227.404   |   137:03:02   |   278:15:14   |
264050      |       -56732.4   |       -56528.5   |       -203.884   |   137:04:35   |   278:13:40   |
264100      |       -56738.6   |       -56528.9   |       -209.658   |   137:06:07   |   278:12:04   |
264150      |       -56727.2   |       -56517.1   |       -210.161   |   137:07:43   |   278:10:35   |
264200      |       -56772.6   |       -56519.7   |       -252.927   |   137:09:18   |   278:09:05   |
264250      |       -56730.3   |         -56509   |       -221.359   |   137:10:56   |   278:07:41   |
264300      |       -56754.5   |       -56511.1   |       -243.401   |   137:12:35   |   278:06:19   |
264350      |       -56753.1   |       -56538.6   |       -214.515   |   137:14:14   |   278:04:57   |
264400      |       -56759.9   |       -56537.1   |       -222.756   |   137:15:54   |   278:03:36   |
264450      |       -56783.2   |       -56527.1   |       -256.091   |   137:17:31   |   278:02:10   |
264500      |         -56741   |       -56527.2   |        -213.83   |   137:19:07   |   278:00:42   |
264550      |       -56744.9   |       -56512.2   |       -232.672   |   137:20:38   |   277:59:04   |
264600      |         -56718   |       -56523.7   |       -194.305   |   137:22:10   |   277:57:27   |
264650      |       -56758.9   |       -56526.5   |       -232.374   |   137:23:43   |   277:55:53   |
264700      |       -56749.1   |         -56520   |       -229.082   |   137:25:17   |   277:54:20   |
264750      |       -56722.9   |       -56525.8   |       -197.107   |   137:26:57   |   277:53:00   |
264800      |       -56741.9   |       -56526.3   |       -215.576   |   137:28:36   |   277:51:38   |
264850      |       -56798.2   |       -56532.4   |       -265.778   |   137:30:16   |   277:50:18   |
264900      |       -56764.5   |       -56523.2   |       -241.302   |   137:31:55   |   277:48:56   |
264950      |       -56745.1   |         -56532   |       -213.098   |   137:33:33   |   277:47:31   |


Iter        |      Posterior   |     Likelihood   |          Prior   |    elapsed   |        ETA   |
----------------------------------------------------------------------------------------------------
265000      |       -56807.5   |       -56544.7   |       -262.725   |   137:35:08   |   277:46:01   |
265050      |       -56785.9   |       -56535.6   |       -250.351   |   137:36:47   |   277:44:39   |
265100      |       -56787.6   |       -56547.7   |       -239.872   |   137:38:25   |   277:43:14   |
265150      |       -56749.6   |       -56537.4   |       -212.119   |   137:40:00   |   277:41:44   |
265200      |       -56793.8   |       -56542.2   |        -251.58   |   137:41:35   |   277:40:14   |
265250      |       -56751.3   |       -56536.6   |       -214.653   |   137:43:10   |   277:38:43   |
265300      |       -56771.7   |       -56530.8   |       -240.913   |   137:44:46   |   277:37:15   |
265350      |       -56762.4   |       -56529.9   |        -232.55   |   137:46:22   |   277:35:47   |
265400      |       -56768.7   |       -56537.6   |       -231.135   |   137:47:53   |   277:34:08   |
265450      |       -56786.3   |       -56540.4   |       -245.872   |   137:49:21   |   277:32:24   |
265500      |       -56789.2   |       -56537.7   |       -251.478   |   137:50:54   |   277:30:49   |
265550      |       -56813.4   |       -56554.7   |       -258.706   |   137:52:27   |   277:29:15   |
265600      |       -56774.8   |       -56538.9   |       -235.891   |   137:54:00   |   277:27:41   |
265650      |       -56749.9   |       -56538.5   |       -211.458   |   137:55:35   |   277:26:10   |
265700      |       -56788.2   |       -56539.9   |       -248.287   |   137:57:08   |   277:24:36   |
265750      |       -56753.5   |       -56530.2   |       -223.225   |   137:58:40   |   277:23:00   |
265800      |       -56783.4   |       -56545.7   |       -237.767   |   138:00:11   |   277:21:21   |
265850      |       -56788.9   |       -56541.7   |       -247.125   |   138:01:44   |   277:19:47   |
265900      |       -56800.4   |       -56545.9   |        -254.49   |   138:03:19   |   277:18:16   |
265950      |       -56766.4   |       -56556.8   |       -209.621   |   138:04:53   |   277:16:44   |


Iter        |      Posterior   |     Likelihood   |          Prior   |    elapsed   |        ETA   |
----------------------------------------------------------------------------------------------------
266000      |       -56766.6   |       -56545.6   |       -220.987   |   138:06:29   |   277:15:16   |
266050      |       -56770.9   |         -56544   |       -226.874   |   138:08:03   |   277:13:43   |
266100      |         -56798   |         -56543   |       -255.005   |   138:09:39   |   277:12:15   |
266150      |       -56762.8   |       -56544.8   |       -217.969   |   138:11:17   |   277:10:51   |
266200      |       -56770.5   |       -56522.2   |       -248.257   |   138:12:51   |   277:09:18   |
266250      |         -56769   |       -56541.8   |       -227.284   |   138:14:27   |   277:07:50   |
266300      |       -56754.4   |       -56534.9   |       -219.539   |   138:16:05   |   277:06:26   |
266350      |       -56760.7   |       -56529.4   |       -231.258   |   138:17:38   |   277:04:51   |
266400      |       -56810.3   |       -56530.5   |       -279.715   |   138:19:11   |   277:03:17   |
266450      |       -56762.2   |       -56522.5   |       -239.735   |   138:20:48   |   277:01:50   |
266500      |       -56798.5   |       -56538.9   |       -259.602   |   138:22:24   |   277:00:22   |
266550      |       -56794.6   |       -56538.3   |       -256.281   |   138:24:00   |   276:58:54   |
266600      |       -56769.5   |         -56529   |       -240.504   |   138:25:37   |   276:57:27   |
266650      |       -56769.7   |       -56526.4   |       -243.278   |   138:27:13   |   276:55:59   |
266700      |       -56771.1   |       -56533.8   |       -237.249   |   138:28:50   |   276:54:33   |
266750      |       -56789.1   |       -56515.7   |       -273.395   |   138:30:27   |   276:53:06   |
266800      |       -56762.8   |       -56535.5   |       -227.263   |   138:32:10   |   276:51:52   |
266850      |       -56766.6   |       -56542.1   |       -224.537   |   138:33:47   |   276:50:25   |
266900      |       -56760.4   |       -56520.9   |       -239.558   |   138:35:27   |   276:49:05   |
266950      |       -56772.3   |       -56532.4   |       -239.876   |   138:37:04   |   276:47:39   |


Iter        |      Posterior   |     Likelihood   |          Prior   |    elapsed   |        ETA   |
----------------------------------------------------------------------------------------------------
267000      |       -56765.3   |       -56527.9   |       -237.353   |   138:38:40   |   276:46:10   |
267050      |       -56747.8   |       -56534.1   |       -213.683   |   138:40:15   |   276:44:40   |
267100      |       -56774.4   |       -56525.2   |       -249.135   |   138:41:52   |   276:43:13   |
267150      |       -56754.8   |       -56554.1   |       -200.708   |   138:43:30   |   276:41:49   |
267200      |       -56716.1   |       -56528.3   |       -187.807   |   138:45:09   |   276:40:26   |
267250      |       -56737.4   |       -56519.6   |       -217.879   |   138:46:43   |   276:38:54   |
267300      |       -56773.3   |       -56534.9   |       -238.365   |   138:48:22   |   276:37:32   |
267350      |       -56828.4   |       -56525.6   |       -302.821   |   138:49:58   |   276:36:03   |
267400      |       -56817.7   |       -56544.8   |       -272.899   |   138:51:34   |   276:34:35   |
267450      |         -56771   |       -56522.1   |       -248.877   |   138:53:10   |   276:33:06   |
267500      |       -56745.3   |       -56523.3   |        -222.01   |   138:54:51   |   276:31:48   |
267550      |         -56785   |       -56539.4   |       -245.638   |   138:56:29   |   276:30:23   |
267600      |       -56770.7   |       -56534.5   |       -236.295   |   138:58:11   |   276:29:07   |
267650      |       -56778.3   |       -56539.2   |       -239.104   |   138:59:55   |   276:27:54   |
267700      |       -56771.1   |       -56518.3   |       -252.813   |   139:01:36   |   276:26:36   |
267750      |       -56755.9   |       -56517.9   |        -237.98   |   139:03:15   |   276:25:13   |
267800      |       -56763.2   |       -56525.5   |       -237.709   |   139:04:52   |   276:23:47   |
267850      |       -56762.2   |       -56511.8   |       -250.367   |   139:06:26   |   276:22:14   |
267900      |       -56755.1   |       -56513.2   |       -241.881   |   139:08:01   |   276:20:44   |
267950      |       -56775.2   |       -56540.9   |       -234.325   |   139:09:34   |   276:19:09   |


Iter        |      Posterior   |     Likelihood   |          Prior   |    elapsed   |        ETA   |
----------------------------------------------------------------------------------------------------
268000      |       -56811.5   |       -56548.3   |       -263.156   |   139:11:09   |   276:17:39   |
268050      |       -56778.2   |       -56544.6   |       -233.622   |   139:12:41   |   276:16:02   |
268100      |       -56764.1   |       -56522.7   |       -241.398   |   139:14:19   |   276:14:38   |
268150      |       -56795.9   |       -56527.9   |       -268.061   |   139:15:55   |   276:13:09   |
268200      |       -56758.1   |       -56533.4   |       -224.699   |   139:17:33   |   276:11:45   |
268250      |       -56794.2   |       -56530.8   |       -263.372   |   139:19:04   |   276:10:06   |
268300      |       -56812.5   |       -56526.7   |       -285.802   |   139:20:35   |   276:08:28   |
268350      |       -56782.1   |       -56526.8   |        -255.26   |   139:22:09   |   276:06:56   |
268400      |       -56795.8   |       -56530.3   |        -265.51   |   139:23:43   |   276:05:23   |
268450      |       -56783.3   |       -56520.5   |       -262.773   |   139:25:16   |   276:03:49   |
268500      |       -56773.8   |         -56519   |       -254.796   |   139:26:53   |   276:02:22   |
268550      |       -56758.7   |       -56532.5   |       -226.161   |   139:28:27   |   276:00:50   |
268600      |       -56758.8   |       -56542.7   |       -216.094   |   139:30:00   |   275:59:15   |
268650      |       -56760.7   |       -56528.7   |       -232.015   |   139:31:33   |   275:57:41   |
268700      |       -56754.9   |       -56510.4   |       -244.478   |   139:33:09   |   275:56:12   |
268750      |         -56758   |       -56511.8   |       -246.179   |   139:34:42   |   275:54:38   |
268800      |       -56785.6   |       -56538.6   |       -247.015   |   139:36:15   |   275:53:03   |
268850      |       -56794.9   |       -56549.6   |       -245.272   |   139:37:48   |   275:51:29   |
268900      |       -56748.5   |       -56553.2   |       -195.285   |   139:39:18   |   275:49:49   |
268950      |       -56785.6   |       -56523.7   |       -261.935   |   139:40:50   |   275:48:12   |


Iter        |      Posterior   |     Likelihood   |          Prior   |    elapsed   |        ETA   |
----------------------------------------------------------------------------------------------------
269000      |       -56757.9   |       -56538.2   |       -219.738   |   139:42:18   |   275:46:28   |
269050      |       -56752.9   |       -56519.5   |       -233.396   |   139:43:48   |   275:44:48   |
269100      |       -56775.7   |       -56525.3   |       -250.354   |   139:45:22   |   275:43:15   |
269150      |       -56733.7   |       -56518.7   |       -214.987   |   139:46:53   |   275:41:37   |
269200      |       -56780.2   |       -56526.4   |       -253.776   |   139:48:26   |   275:40:02   |
269250      |       -56777.3   |       -56524.5   |       -252.802   |   139:50:09   |   275:38:48   |
269300      |       -56756.2   |       -56522.7   |       -233.514   |   139:51:51   |   275:37:31   |
269350      |       -56752.4   |         -56506   |       -246.409   |   139:53:32   |   275:36:12   |
269400      |       -56762.4   |       -56528.6   |       -233.854   |   139:55:10   |   275:34:48   |
269450      |       -56757.1   |       -56507.9   |       -249.168   |   139:56:47   |   275:33:21   |
269500      |       -56806.6   |       -56529.1   |       -277.503   |   139:58:26   |   275:31:58   |
269550      |       -56746.5   |         -56533   |       -213.444   |   140:00:03   |   275:30:32   |
269600      |       -56765.4   |       -56536.6   |       -228.732   |   140:01:39   |   275:29:03   |
269650      |       -56742.3   |       -56529.1   |       -213.112   |   140:03:16   |   275:27:37   |
269700      |         -56742   |       -56516.9   |       -225.029   |   140:04:51   |   275:26:06   |
269750      |       -56767.7   |       -56533.2   |       -234.468   |   140:06:28   |   275:24:40   |
269800      |       -56749.2   |       -56545.9   |       -203.316   |   140:08:01   |   275:23:05   |
269850      |       -56775.3   |       -56520.3   |       -254.975   |   140:09:38   |   275:21:38   |
269900      |       -56781.4   |       -56536.7   |       -244.672   |   140:11:14   |   275:20:10   |
269950      |       -56742.5   |         -56544   |       -198.573   |   140:12:53   |   275:18:47   |


Iter        |      Posterior   |     Likelihood   |          Prior   |    elapsed   |        ETA   |
----------------------------------------------------------------------------------------------------
270000      |       -56761.1   |       -56531.6   |       -229.544   |   140:14:30   |   275:17:21   |
270050      |       -56750.4   |       -56518.4   |       -232.013   |   140:16:05   |   275:15:50   |
270100      |       -56768.8   |       -56535.9   |       -232.909   |   140:17:38   |   275:14:16   |
270150      |       -56747.2   |       -56537.4   |       -209.783   |   140:19:13   |   275:12:45   |
270200      |       -56783.3   |       -56526.7   |       -256.612   |   140:20:46   |   275:11:11   |
270250      |       -56771.3   |       -56530.6   |       -240.688   |   140:22:18   |   275:09:34   |
270300      |       -56737.5   |       -56534.5   |       -202.979   |   140:23:54   |   275:08:06   |
270350      |       -56776.1   |       -56534.6   |       -241.559   |   140:25:29   |   275:06:35   |
270400      |       -56824.5   |       -56523.3   |       -301.221   |   140:27:01   |   275:04:59   |
270450      |       -56731.8   |       -56505.4   |       -226.379   |   140:28:38   |   275:03:32   |
270500      |       -56743.2   |       -56515.7   |       -227.467   |   140:30:12   |   275:01:59   |
270550      |       -56774.5   |       -56545.5   |       -229.008   |   140:31:49   |   275:00:33   |
270600      |       -56810.1   |       -56537.7   |       -272.386   |   140:33:25   |   274:59:04   |
270650      |       -56744.6   |       -56520.3   |       -224.303   |   140:34:59   |   274:57:32   |
270700      |         -56754   |       -56508.2   |       -245.785   |   140:36:33   |   274:55:59   |
270750      |       -56766.9   |       -56521.7   |       -245.153   |   140:38:07   |   274:54:27   |
270800      |       -56808.5   |       -56516.9   |       -291.546   |   140:39:38   |   274:52:48   |
270850      |       -56775.6   |       -56512.2   |       -263.396   |   140:41:12   |   274:51:16   |
270900      |       -56789.7   |         -56508   |       -281.626   |   140:42:45   |   274:49:41   |
270950      |         -56766   |       -56524.9   |       -241.096   |   140:44:15   |   274:48:01   |


Iter        |      Posterior   |     Likelihood   |          Prior   |    elapsed   |        ETA   |
----------------------------------------------------------------------------------------------------
271000      |       -56777.2   |       -56520.5   |       -256.695   |   140:45:47   |   274:46:25   |
271050      |       -56728.8   |       -56514.2   |       -214.597   |   140:47:23   |   274:44:56   |
271100      |       -56752.6   |       -56517.3   |       -235.302   |   140:48:57   |   274:43:23   |
271150      |       -56748.5   |       -56515.5   |       -233.084   |   140:50:28   |   274:41:45   |
271200      |       -56729.3   |       -56517.2   |       -212.029   |   140:52:02   |   274:40:13   |
271250      |       -56770.3   |       -56523.8   |       -246.549   |   140:53:35   |   274:38:38   |
271300      |       -56715.5   |       -56522.1   |       -193.444   |   140:55:12   |   274:37:11   |
271350      |       -56749.5   |       -56507.3   |       -242.232   |   140:56:46   |   274:35:39   |
271400      |       -56770.5   |       -56518.3   |       -252.181   |   140:58:19   |   274:34:04   |
271450      |       -56720.2   |       -56507.2   |       -213.015   |   140:59:52   |   274:32:30   |
271500      |       -56754.9   |       -56518.1   |       -236.762   |   141:01:24   |   274:30:54   |
271550      |       -56777.9   |       -56524.8   |       -253.079   |   141:02:55   |   274:29:15   |
271600      |       -56762.7   |       -56523.3   |       -239.417   |   141:04:23   |   274:27:31   |
271650      |         -56761   |       -56514.8   |       -246.235   |   141:05:57   |   274:25:59   |
271700      |       -56762.6   |       -56528.9   |       -233.726   |   141:07:31   |   274:24:26   |
271750      |       -56759.8   |         -56522   |       -237.795   |   141:09:01   |   274:22:46   |
271800      |       -56761.3   |       -56533.3   |       -228.061   |   141:10:29   |   274:21:02   |
271850      |       -56793.9   |       -56523.6   |       -270.296   |   141:12:00   |   274:19:23   |
271900      |       -56750.1   |         -56515   |        -235.04   |   141:13:31   |   274:17:45   |
271950      |       -56766.6   |         -56522   |       -244.617   |   141:15:05   |   274:16:12   |


Iter        |      Posterior   |     Likelihood   |          Prior   |    elapsed   |        ETA   |
----------------------------------------------------------------------------------------------------
272000      |       -56750.1   |       -56528.1   |       -222.034   |   141:16:39   |   274:14:40   |
272050      |       -56760.1   |       -56521.9   |        -238.21   |   141:18:11   |   274:13:04   |
272100      |       -56774.8   |       -56517.7   |        -257.14   |   141:19:42   |   274:11:25   |
272150      |       -56716.8   |         -56510   |        -206.79   |   141:21:12   |   274:09:45   |
272200      |       -56729.4   |       -56506.6   |        -222.81   |   141:22:44   |   274:08:09   |
272250      |       -56742.4   |       -56506.1   |       -236.355   |   141:24:20   |   274:06:40   |
272300      |       -56744.4   |       -56510.9   |       -233.556   |   141:25:51   |   274:05:02   |
272350      |       -56723.8   |       -56507.1   |       -216.769   |   141:27:22   |   274:03:23   |
272400      |       -56735.1   |       -56514.2   |       -220.832   |   141:28:56   |   274:01:51   |
272450      |       -56745.7   |       -56521.2   |       -224.475   |   141:30:35   |   274:00:28   |
272500      |       -56710.8   |       -56516.6   |       -194.278   |   141:32:12   |   273:59:01   |
272550      |       -56756.6   |         -56520   |       -236.619   |   141:33:46   |   273:57:29   |
272600      |       -56764.5   |       -56527.5   |       -236.953   |   141:35:15   |   273:55:47   |
272650      |         -56725   |       -56514.4   |       -210.646   |   141:36:43   |   273:54:02   |
272700      |       -56796.3   |         -56508   |       -288.287   |   141:38:14   |   273:52:24   |
272750      |       -56740.9   |       -56508.4   |       -232.525   |   141:39:47   |   273:50:50   |
272800      |         -56748   |       -56522.1   |       -225.898   |   141:41:18   |   273:49:11   |
272850      |       -56732.8   |       -56522.5   |       -210.345   |   141:42:49   |   273:47:33   |
272900      |       -56728.9   |       -56518.9   |       -210.001   |   141:44:22   |   273:45:59   |
272950      |       -56778.8   |       -56535.8   |       -243.013   |   141:45:52   |   273:44:18   |


Iter        |      Posterior   |     Likelihood   |          Prior   |    elapsed   |        ETA   |
----------------------------------------------------------------------------------------------------
273000      |         -56717   |       -56520.5   |       -196.458   |   141:47:22   |   273:42:38   |
273050      |       -56736.3   |       -56525.2   |       -211.062   |   141:48:50   |   273:40:54   |
273100      |       -56751.9   |         -56517   |       -234.812   |   141:50:24   |   273:39:22   |
273150      |         -56751   |       -56518.7   |       -232.282   |   141:51:59   |   273:37:51   |
273200      |       -56771.4   |       -56517.4   |       -254.005   |   141:53:35   |   273:36:22   |
273250      |       -56709.1   |       -56510.9   |       -198.179   |   141:55:05   |   273:34:42   |
273300      |       -56748.9   |       -56508.9   |        -240.01   |   141:56:34   |   273:33:00   |
273350      |       -56745.8   |       -56511.4   |       -234.369   |   141:58:05   |   273:31:22   |
273400      |       -56735.4   |       -56505.6   |       -229.802   |   141:59:36   |   273:29:44   |
273450      |       -56714.6   |       -56505.9   |       -208.663   |   142:01:09   |   273:28:09   |
273500      |       -56695.5   |       -56519.7   |       -175.817   |   142:02:38   |   273:26:27   |
273550      |       -56725.7   |       -56532.5   |       -193.128   |   142:04:07   |   273:24:45   |
273600      |       -56783.8   |       -56520.1   |        -263.67   |   142:05:40   |   273:23:10   |
273650      |       -56754.8   |       -56504.4   |       -250.419   |   142:07:13   |   273:21:36   |
273700      |       -56777.2   |       -56523.2   |       -254.035   |   142:08:48   |   273:20:06   |
273750      |       -56737.5   |       -56505.1   |       -232.379   |   142:10:20   |   273:18:29   |
273800      |       -56794.1   |         -56515   |       -279.074   |   142:11:50   |   273:16:49   |
273850      |       -56783.4   |       -56516.6   |       -266.808   |   142:13:20   |   273:15:09   |
273900      |       -56784.7   |       -56530.1   |       -254.605   |   142:14:51   |   273:13:31   |
273950      |       -56801.5   |       -56515.1   |       -286.403   |   142:16:25   |   273:11:58   |


Iter        |      Posterior   |     Likelihood   |          Prior   |    elapsed   |        ETA   |
----------------------------------------------------------------------------------------------------
274000      |         -56770   |       -56523.6   |       -246.394   |   142:17:59   |   273:10:26   |
274050      |       -56757.9   |       -56520.1   |       -237.727   |   142:19:30   |   273:08:47   |
274100      |       -56728.3   |       -56516.8   |        -211.54   |   142:20:59   |   273:07:05   |
274150      |       -56721.1   |       -56528.1   |       -192.959   |   142:22:29   |   273:05:25   |
274200      |       -56760.1   |       -56514.6   |       -245.446   |   142:24:00   |   273:03:47   |
274250      |       -56743.3   |       -56527.5   |        -215.76   |   142:25:32   |   273:02:11   |
274300      |       -56734.1   |       -56531.8   |       -202.373   |   142:27:03   |   273:00:32   |
274350      |       -56747.9   |       -56514.8   |       -233.021   |   142:28:36   |   272:58:58   |
274400      |       -56722.2   |       -56526.9   |       -195.321   |   142:30:06   |   272:57:18   |
274450      |       -56737.9   |       -56514.5   |       -223.406   |   142:31:39   |   272:55:43   |
274500      |       -56760.1   |       -56524.7   |       -235.399   |   142:33:12   |   272:54:09   |
274550      |         -56758   |         -56518   |        -240.01   |   142:34:45   |   272:52:35   |
274600      |       -56728.9   |       -56529.6   |        -199.26   |   142:36:17   |   272:50:58   |
274650      |       -56742.3   |       -56525.7   |       -216.575   |   142:37:50   |   272:49:24   |
274700      |       -56723.5   |       -56517.5   |       -206.016   |   142:39:22   |   272:47:48   |
274750      |       -56728.6   |       -56505.2   |       -223.447   |   142:40:50   |   272:46:04   |
274800      |       -56779.1   |         -56517   |       -262.003   |   142:42:24   |   272:44:31   |
274850      |       -56762.7   |       -56515.9   |       -246.763   |   142:43:59   |   272:43:01   |
274900      |       -56731.9   |       -56507.6   |       -224.355   |   142:45:35   |   272:41:32   |
274950      |       -56761.7   |       -56529.3   |       -232.425   |   142:47:10   |   272:40:01   |


Iter        |      Posterior   |     Likelihood   |          Prior   |    elapsed   |        ETA   |
----------------------------------------------------------------------------------------------------
275000      |       -56805.1   |       -56539.2   |       -265.821   |   142:48:46   |   272:38:33   |
275050      |         -56791   |       -56525.9   |       -265.056   |   142:50:21   |   272:37:02   |
275100      |       -56773.8   |       -56526.2   |       -247.594   |   142:51:56   |   272:35:32   |
275150      |         -56727   |       -56516.8   |       -210.226   |   142:53:25   |   272:33:50   |
275200      |         -56703   |       -56514.4   |       -188.644   |   142:55:03   |   272:32:25   |
275250      |       -56756.3   |         -56526   |       -230.334   |   142:56:39   |   272:30:56   |
275300      |       -56732.3   |       -56517.8   |       -214.462   |   142:58:16   |   272:29:29   |
275350      |       -56730.7   |       -56511.4   |       -219.319   |   142:59:52   |   272:28:01   |
275400      |       -56790.1   |       -56537.1   |       -253.023   |   143:01:25   |   272:26:26   |
275450      |       -56797.8   |       -56525.3   |       -272.559   |   143:03:00   |   272:24:56   |
275500      |       -56754.2   |       -56537.6   |       -216.617   |   143:04:32   |   272:23:19   |
275550      |       -56777.4   |       -56530.2   |       -247.172   |   143:06:03   |   272:21:41   |
275600      |       -56799.1   |       -56539.4   |       -259.705   |   143:07:36   |   272:20:07   |
275650      |       -56803.5   |       -56538.4   |       -265.079   |   143:09:08   |   272:18:30   |
275700      |       -56756.9   |       -56546.6   |       -210.249   |   143:10:43   |   272:17:00   |
275750      |       -56758.8   |         -56526   |       -232.728   |   143:12:17   |   272:15:27   |
275800      |       -56744.4   |       -56523.5   |       -220.878   |   143:13:54   |   272:14:01   |
275850      |       -56756.1   |       -56519.6   |       -236.428   |   143:15:36   |   272:12:43   |
275900      |       -56734.8   |       -56507.6   |       -227.145   |   143:17:11   |   272:11:13   |
275950      |       -56757.7   |       -56514.8   |       -242.823   |   143:18:46   |   272:09:42   |


Iter        |      Posterior   |     Likelihood   |          Prior   |    elapsed   |        ETA   |
----------------------------------------------------------------------------------------------------
276000      |       -56793.1   |       -56521.3   |        -271.85   |   143:20:25   |   272:08:19   |
276050      |       -56745.7   |       -56525.5   |       -220.177   |   143:22:01   |   272:06:50   |
276100      |       -56782.9   |         -56512   |       -270.944   |   143:23:39   |   272:05:26   |
276150      |       -56774.4   |       -56524.2   |       -250.233   |   143:25:18   |   272:04:02   |
276200      |       -56754.6   |       -56524.2   |       -230.373   |   143:26:54   |   272:02:34   |
276250      |       -56801.6   |       -56518.1   |       -283.576   |   143:28:28   |   272:01:01   |
276300      |       -56766.7   |       -56530.6   |       -236.092   |   143:30:06   |   271:59:36   |
276350      |       -56789.3   |       -56526.8   |       -262.458   |   143:31:46   |   271:58:15   |
276400      |       -56748.1   |       -56530.2   |       -217.854   |   143:33:23   |   271:56:48   |
276450      |       -56743.6   |       -56524.7   |       -218.897   |   143:35:03   |   271:55:27   |
276500      |       -56796.5   |       -56547.2   |       -249.299   |   143:36:43   |   271:54:06   |
276550      |       -56770.6   |       -56534.9   |       -235.712   |   143:38:23   |   271:52:45   |
276600      |       -56764.2   |       -56527.7   |       -236.482   |   143:39:59   |   271:51:16   |
276650      |         -56773   |       -56525.3   |       -247.624   |   143:41:36   |   271:49:49   |
276700      |       -56773.3   |       -56526.3   |       -247.024   |   143:43:17   |   271:48:30   |
276750      |       -56728.3   |         -56520   |       -208.337   |   143:44:57   |   271:47:09   |
276800      |       -56791.4   |       -56531.2   |       -260.217   |   143:46:33   |   271:45:40   |
276850      |         -56737   |       -56525.4   |       -211.637   |   143:48:11   |   271:44:15   |
276900      |       -56808.7   |       -56522.4   |       -286.317   |   143:49:47   |   271:42:46   |
276950      |       -56722.5   |       -56519.9   |       -202.586   |   143:51:20   |   271:41:12   |


Iter        |      Posterior   |     Likelihood   |          Prior   |    elapsed   |        ETA   |
----------------------------------------------------------------------------------------------------
277000      |       -56745.8   |       -56528.7   |       -217.103   |   143:52:49   |   271:39:30   |
277050      |       -56780.2   |         -56516   |       -264.209   |   143:54:26   |   271:38:03   |
277100      |       -56745.7   |       -56514.8   |       -230.928   |   143:56:01   |   271:36:32   |
277150      |       -56781.1   |       -56500.2   |       -280.979   |   143:57:34   |   271:34:58   |
277200      |       -56780.9   |       -56521.9   |       -258.968   |   143:59:17   |   271:33:42   |
277250      |         -56775   |       -56512.1   |       -262.943   |   144:00:54   |   271:32:15   |
277300      |       -56771.7   |       -56513.8   |       -257.936   |   144:02:35   |   271:30:56   |
277350      |       -56802.7   |       -56521.9   |       -280.781   |   144:04:13   |   271:29:31   |
277400      |       -56763.6   |       -56516.8   |       -246.739   |   144:05:51   |   271:28:06   |
277450      |       -56740.2   |       -56509.6   |       -230.593   |   144:07:28   |   271:26:39   |
277500      |       -56751.2   |       -56517.2   |       -233.962   |   144:09:05   |   271:25:12   |
277550      |         -56767   |       -56520.9   |       -246.068   |   144:10:38   |   271:23:38   |
277600      |       -56764.7   |       -56520.7   |       -243.978   |   144:12:11   |   271:22:03   |
277650      |         -56738   |       -56520.1   |        -217.89   |   144:13:48   |   271:20:36   |
277700      |       -56771.2   |       -56508.7   |       -262.491   |   144:15:25   |   271:19:09   |
277750      |       -56741.4   |       -56519.6   |       -221.776   |   144:16:58   |   271:17:35   |
277800      |         -56755   |       -56517.3   |       -237.682   |   144:18:30   |   271:15:59   |
277850      |       -56753.4   |       -56530.3   |       -223.067   |   144:20:03   |   271:14:24   |
277900      |       -56757.6   |       -56506.6   |       -251.004   |   144:21:35   |   271:12:48   |
277950      |       -56734.9   |       -56515.2   |       -219.623   |   144:23:06   |   271:11:10   |


Iter        |      Posterior   |     Likelihood   |          Prior   |    elapsed   |        ETA   |
----------------------------------------------------------------------------------------------------
278000      |       -56711.7   |       -56504.6   |        -207.14   |   144:24:40   |   271:09:37   |
278050      |       -56784.1   |       -56513.3   |       -270.844   |   144:26:13   |   271:08:03   |
278100      |       -56746.7   |       -56537.7   |        -209.01   |   144:27:49   |   271:06:34   |
278150      |       -56794.4   |         -56541   |       -253.373   |   144:29:19   |   271:04:54   |
278200      |       -56779.7   |       -56524.7   |       -255.043   |   144:30:47   |   271:03:10   |
278250      |       -56781.4   |       -56520.8   |       -260.554   |   144:32:17   |   271:01:30   |
278300      |       -56750.8   |       -56515.5   |       -235.377   |   144:33:47   |   270:59:50   |
278350      |       -56744.3   |         -56522   |       -222.291   |   144:35:16   |   270:58:08   |
278400      |       -56786.4   |       -56518.1   |       -268.336   |   144:36:44   |   270:56:24   |
278450      |       -56684.9   |       -56512.1   |       -172.803   |   144:38:12   |   270:54:40   |
278500      |       -56736.2   |       -56515.8   |        -220.39   |   144:39:42   |   270:53:00   |
278550      |         -56717   |       -56513.1   |       -203.906   |   144:41:14   |   270:51:24   |
278600      |       -56758.9   |       -56511.8   |       -247.054   |   144:42:46   |   270:49:48   |
278650      |       -56713.8   |       -56521.9   |       -191.857   |   144:44:22   |   270:48:19   |
278700      |       -56774.1   |       -56513.6   |       -260.514   |   144:45:59   |   270:46:52   |
278750      |       -56769.3   |       -56523.4   |       -245.891   |   144:47:43   |   270:45:38   |
278800      |       -56733.4   |       -56533.7   |       -199.732   |   144:49:20   |   270:44:11   |
278850      |       -56731.4   |       -56507.7   |       -223.779   |   144:50:55   |   270:42:40   |
278900      |       -56749.2   |       -56531.9   |       -217.259   |   144:52:38   |   270:41:25   |
278950      |       -56695.6   |       -56509.1   |       -186.501   |   144:54:15   |   270:39:58   |


Iter        |      Posterior   |     Likelihood   |          Prior   |    elapsed   |        ETA   |
----------------------------------------------------------------------------------------------------
279000      |       -56745.7   |       -56520.3   |       -225.398   |   144:55:51   |   270:38:29   |
279050      |       -56767.7   |       -56524.5   |       -243.166   |   144:57:26   |   270:36:58   |
279100      |       -56788.8   |       -56517.8   |       -270.937   |   144:59:11   |   270:35:46   |
279150      |       -56757.3   |       -56521.8   |       -235.426   |   145:00:52   |   270:34:26   |
279200      |       -56737.2   |       -56522.8   |       -214.381   |   145:02:37   |   270:33:14   |
279250      |         -56712   |       -56516.6   |       -195.375   |   145:04:16   |   270:31:51   |
279300      |       -56781.5   |       -56508.9   |       -272.638   |   145:05:54   |   270:30:26   |
279350      |       -56708.1   |       -56511.4   |       -196.707   |   145:07:27   |   270:28:51   |
279400      |       -56716.8   |       -56503.7   |       -213.021   |   145:09:01   |   270:27:19   |
279450      |         -56779   |       -56515.6   |       -263.371   |   145:10:37   |   270:25:50   |
279500      |       -56767.9   |       -56512.8   |       -255.053   |   145:12:14   |   270:24:23   |
279550      |       -56753.7   |       -56528.2   |       -225.591   |   145:13:48   |   270:22:50   |
279600      |         -56763   |       -56530.1   |        -232.93   |   145:15:24   |   270:21:22   |
279650      |       -56746.4   |       -56530.2   |        -216.15   |   145:16:58   |   270:19:49   |
279700      |       -56726.9   |       -56527.7   |       -199.163   |   145:18:33   |   270:18:18   |
279750      |       -56788.9   |       -56517.7   |       -271.205   |   145:20:11   |   270:16:53   |
279800      |       -56752.8   |       -56504.5   |        -248.31   |   145:21:56   |   270:15:41   |
279850      |       -56758.3   |       -56526.8   |       -231.468   |   145:23:26   |   270:14:01   |
279900      |       -56782.8   |       -56519.6   |       -263.144   |   145:24:58   |   270:12:24   |
279950      |       -56778.9   |       -56528.8   |       -250.076   |   145:26:28   |   270:10:44   |


Iter        |      Posterior   |     Likelihood   |          Prior   |    elapsed   |        ETA   |
----------------------------------------------------------------------------------------------------
280000      |       -56727.5   |       -56531.4   |       -196.083   |   145:27:57   |   270:09:03   |
280050      |       -56769.7   |       -56523.5   |       -246.174   |   145:29:32   |   270:07:32   |
280100      |       -56770.6   |       -56522.7   |       -247.907   |   145:31:04   |   270:05:55   |
280150      |       -56777.3   |       -56533.3   |       -243.982   |   145:32:36   |   270:04:19   |
280200      |       -56768.8   |       -56504.8   |       -264.006   |   145:34:12   |   270:02:50   |
280250      |       -56763.9   |         -56524   |       -239.901   |   145:35:47   |   270:01:19   |
280300      |       -56743.6   |       -56533.3   |       -210.288   |   145:37:24   |   269:59:52   |
280350      |       -56727.1   |       -56510.4   |        -216.75   |   145:38:57   |   269:58:18   |
280400      |       -56747.1   |       -56512.2   |       -234.888   |   145:40:29   |   269:56:42   |
280450      |       -56782.6   |       -56521.2   |       -261.391   |   145:42:04   |   269:55:11   |
280500      |       -56766.3   |       -56512.3   |       -254.007   |   145:43:37   |   269:53:36   |
280550      |       -56692.5   |       -56516.4   |       -176.108   |   145:45:16   |   269:52:13   |
280600      |       -56716.1   |       -56519.9   |       -196.191   |   145:46:50   |   269:50:40   |
280650      |       -56763.3   |       -56506.3   |       -257.039   |   145:48:24   |   269:49:08   |
280700      |       -56784.7   |       -56521.6   |       -263.044   |   145:50:02   |   269:47:43   |
280750      |       -56721.9   |       -56524.7   |       -197.225   |   145:51:36   |   269:46:10   |
280800      |       -56764.8   |         -56526   |       -238.816   |   145:53:11   |   269:44:39   |
280850      |       -56789.7   |       -56528.7   |       -260.936   |   145:54:45   |   269:43:07   |
280900      |       -56703.7   |       -56512.3   |       -191.335   |   145:56:20   |   269:41:36   |
280950      |       -56752.5   |       -56517.9   |       -234.625   |   145:57:58   |   269:40:11   |


Iter        |      Posterior   |     Likelihood   |          Prior   |    elapsed   |        ETA   |
----------------------------------------------------------------------------------------------------
281000      |       -56728.5   |       -56511.6   |       -216.985   |   145:59:33   |   269:38:40   |
281050      |       -56775.8   |       -56501.6   |        -274.23   |   146:01:05   |   269:37:03   |
281100      |       -56760.4   |       -56501.5   |       -258.861   |   146:02:38   |   269:35:29   |
281150      |         -56722   |       -56516.3   |        -205.75   |   146:04:10   |   269:33:53   |
281200      |       -56767.4   |       -56517.3   |       -250.082   |   146:05:40   |   269:32:13   |
281250      |       -56736.8   |       -56501.1   |       -235.733   |   146:07:15   |   269:30:42   |
281300      |       -56760.4   |       -56507.4   |       -253.062   |   146:08:53   |   269:29:17   |
281350      |       -56757.7   |       -56517.8   |       -239.933   |   146:10:31   |   269:27:51   |
281400      |       -56694.8   |       -56519.6   |       -175.263   |   146:12:07   |   269:26:22   |
281450      |       -56741.8   |       -56511.6   |       -230.148   |   146:13:43   |   269:24:53   |
281500      |       -56739.7   |       -56511.1   |       -228.604   |   146:15:15   |   269:23:17   |
281550      |       -56744.1   |       -56513.7   |       -230.342   |   146:16:41   |   269:21:30   |
281600      |       -56735.4   |       -56514.4   |       -221.031   |   146:18:12   |   269:19:52   |
281650      |       -56757.2   |       -56506.4   |       -250.795   |   146:19:41   |   269:18:10   |
281700      |       -56749.7   |       -56514.3   |       -235.364   |   146:21:11   |   269:16:30   |
281750      |       -56721.9   |       -56506.5   |       -215.444   |   146:22:47   |   269:15:01   |
281800      |       -56746.3   |       -56520.9   |       -225.428   |   146:24:22   |   269:13:30   |
281850      |         -56729   |       -56519.7   |       -209.348   |   146:26:00   |   269:12:05   |
281900      |         -56733   |         -56503   |       -229.983   |   146:27:37   |   269:10:38   |
281950      |       -56728.3   |       -56504.7   |       -223.679   |   146:29:10   |   269:09:03   |


Iter        |      Posterior   |     Likelihood   |          Prior   |    elapsed   |        ETA   |
----------------------------------------------------------------------------------------------------
282000      |       -56738.5   |       -56519.4   |       -219.141   |   146:30:50   |   269:07:42   |
282050      |         -56752   |       -56521.8   |       -230.193   |   146:32:30   |   269:06:20   |
282100      |       -56752.4   |       -56512.3   |       -240.014   |   146:34:09   |   269:04:56   |
282150      |       -56698.8   |       -56510.3   |        -188.48   |   146:35:51   |   269:03:39   |
282200      |       -56716.2   |       -56499.2   |       -216.952   |   146:37:26   |   269:02:08   |
282250      |         -56733   |       -56511.3   |       -221.693   |   146:39:03   |   269:00:41   |
282300      |       -56754.8   |       -56524.6   |       -230.167   |   146:40:41   |   268:59:15   |
282350      |       -56750.1   |       -56516.4   |       -233.656   |   146:42:16   |   268:57:44   |
282400      |       -56752.7   |       -56514.7   |       -237.995   |   146:43:56   |   268:56:23   |
282450      |       -56772.3   |       -56519.9   |       -252.358   |   146:45:28   |   268:54:46   |
282500      |       -56800.8   |       -56532.8   |       -268.004   |   146:47:05   |   268:53:19   |
282550      |       -56780.8   |       -56529.6   |       -251.161   |   146:48:43   |   268:51:54   |
282600      |       -56790.3   |       -56516.2   |       -274.039   |   146:50:24   |   268:50:34   |
282650      |       -56780.4   |       -56529.3   |       -251.072   |   146:52:00   |   268:49:05   |
282700      |       -56762.7   |       -56516.9   |       -245.877   |   146:53:37   |   268:47:38   |
282750      |       -56751.9   |       -56519.7   |       -232.285   |   146:55:18   |   268:46:18   |
282800      |       -56772.7   |       -56519.8   |       -252.934   |   146:57:00   |   268:45:00   |
282850      |       -56758.1   |       -56518.5   |       -239.682   |   146:58:40   |   268:43:38   |
282900      |       -56787.4   |         -56514   |       -273.449   |   147:00:17   |   268:42:11   |
282950      |       -56766.7   |       -56513.2   |       -253.433   |   147:01:54   |   268:40:44   |


Iter        |      Posterior   |     Likelihood   |          Prior   |    elapsed   |        ETA   |
----------------------------------------------------------------------------------------------------
283000      |       -56752.9   |       -56513.4   |       -239.428   |   147:03:34   |   268:39:22   |
283050      |       -56772.5   |       -56527.2   |       -245.299   |   147:05:12   |   268:37:57   |
283100      |       -56726.3   |       -56532.2   |       -194.118   |   147:06:46   |   268:36:24   |
283150      |       -56756.2   |       -56520.9   |       -235.286   |   147:08:27   |   268:35:04   |
283200      |       -56822.9   |       -56512.8   |       -310.027   |   147:10:01   |   268:33:31   |
283250      |       -56746.7   |       -56507.6   |       -239.137   |   147:11:37   |   268:32:02   |
283300      |       -56765.6   |       -56525.6   |       -239.978   |   147:13:10   |   268:30:28   |
283350      |       -56739.8   |       -56519.7   |       -220.069   |   147:14:45   |   268:28:57   |
283400      |       -56734.1   |       -56503.6   |       -230.447   |   147:16:22   |   268:27:30   |
283450      |         -56746   |       -56518.3   |       -227.665   |   147:17:56   |   268:25:57   |
283500      |       -56748.6   |       -56522.5   |       -226.066   |   147:19:33   |   268:24:30   |
283550      |       -56736.9   |       -56501.1   |       -235.798   |   147:21:10   |   268:23:03   |
283600      |       -56743.3   |       -56518.5   |       -224.819   |   147:22:44   |   268:21:30   |
283650      |       -56750.2   |       -56514.2   |       -236.033   |   147:24:18   |   268:19:57   |
283700      |       -56773.8   |       -56520.4   |       -253.446   |   147:25:48   |   268:18:17   |
283750      |       -56776.2   |       -56517.1   |       -259.059   |   147:27:21   |   268:16:43   |
283800      |         -56776   |       -56507.4   |       -268.638   |   147:28:54   |   268:15:08   |
283850      |       -56732.2   |       -56513.4   |       -218.775   |   147:30:29   |   268:13:37   |
283900      |       -56751.3   |       -56507.1   |       -244.205   |   147:31:57   |   268:11:54   |
283950      |       -56732.9   |       -56504.4   |       -228.443   |   147:33:26   |   268:10:12   |


Iter        |      Posterior   |     Likelihood   |          Prior   |    elapsed   |        ETA   |
----------------------------------------------------------------------------------------------------
284000      |       -56756.3   |         -56532   |       -224.284   |   147:35:04   |   268:08:46   |
284050      |       -56750.8   |       -56501.8   |        -248.99   |   147:36:41   |   268:07:19   |
284100      |         -56765   |       -56516.5   |       -248.501   |   147:38:18   |   268:05:52   |
284150      |       -56755.8   |       -56498.2   |       -257.576   |   147:39:50   |   268:04:16   |
284200      |       -56757.8   |       -56523.1   |       -234.727   |   147:41:21   |   268:02:37   |
284250      |       -56735.2   |       -56499.4   |       -235.801   |   147:42:52   |   268:00:59   |
284300      |       -56769.6   |       -56518.3   |       -251.217   |   147:44:25   |   267:59:25   |
284350      |       -56747.3   |       -56511.1   |       -236.236   |   147:45:57   |   267:57:48   |
284400      |       -56745.6   |       -56507.3   |       -238.254   |   147:47:33   |   267:56:19   |
284450      |         -56806   |       -56498.3   |       -307.726   |   147:49:11   |   267:54:54   |
284500      |       -56770.3   |       -56517.5   |        -252.86   |   147:50:42   |   267:53:16   |
284550      |       -56747.1   |       -56520.4   |       -226.626   |   147:52:12   |   267:51:36   |
284600      |       -56746.5   |       -56519.8   |       -226.759   |   147:53:44   |   267:50:00   |
284650      |       -56788.3   |       -56515.6   |       -272.655   |   147:55:15   |   267:48:21   |
284700      |       -56744.7   |       -56522.2   |       -222.439   |   147:56:46   |   267:46:43   |
284750      |       -56707.8   |       -56500.8   |       -206.968   |   147:58:18   |   267:45:07   |
284800      |       -56744.6   |       -56508.9   |       -235.684   |   147:59:53   |   267:43:36   |
284850      |       -56775.3   |       -56502.9   |       -272.364   |   148:01:31   |   267:42:11   |
284900      |       -56786.3   |       -56500.1   |        -286.25   |   148:03:07   |   267:40:41   |
284950      |       -56811.3   |       -56502.5   |       -308.841   |   148:04:42   |   267:39:11   |


Iter        |      Posterior   |     Likelihood   |          Prior   |    elapsed   |        ETA   |
----------------------------------------------------------------------------------------------------
285000      |         -56739   |       -56508.5   |       -230.492   |   148:06:13   |   267:37:32   |
285050      |       -56769.9   |         -56526   |       -243.971   |   148:07:47   |   267:36:00   |
285100      |       -56775.1   |       -56514.8   |       -260.253   |   148:09:18   |   267:34:22   |
285150      |       -56733.2   |       -56499.1   |       -234.154   |   148:10:49   |   267:32:44   |
285200      |         -56718   |       -56518.7   |        -199.29   |   148:12:22   |   267:31:09   |
285250      |       -56721.2   |       -56505.3   |        -215.96   |   148:13:57   |   267:29:38   |
285300      |         -56753   |       -56509.5   |       -243.449   |   148:15:31   |   267:28:05   |
285350      |       -56781.5   |       -56513.2   |       -268.309   |   148:17:02   |   267:26:27   |
285400      |         -56798   |       -56505.9   |       -292.054   |   148:18:35   |   267:24:53   |
285450      |       -56781.2   |       -56511.6   |       -269.624   |   148:20:08   |   267:23:18   |
285500      |       -56763.5   |         -56515   |       -248.536   |   148:21:44   |   267:21:49   |
285550      |       -56745.5   |       -56504.5   |       -241.025   |   148:23:26   |   267:20:31   |
285600      |       -56755.2   |       -56506.7   |       -248.425   |   148:25:02   |   267:19:02   |
285650      |       -56726.8   |       -56499.2   |       -227.553   |   148:26:39   |   267:17:34   |
285700      |       -56712.3   |       -56511.7   |       -200.556   |   148:28:19   |   267:16:13   |
285750      |       -56735.7   |       -56497.8   |       -237.892   |   148:29:59   |   267:14:51   |
285800      |       -56768.5   |       -56505.9   |        -262.65   |   148:31:37   |   267:13:25   |
285850      |       -56747.6   |       -56513.9   |       -233.694   |   148:33:16   |   267:12:01   |
285900      |       -56753.9   |       -56499.8   |       -254.148   |   148:34:52   |   267:10:32   |
285950      |       -56762.7   |       -56502.3   |       -260.374   |   148:36:27   |   267:09:01   |


Iter        |      Posterior   |     Likelihood   |          Prior   |    elapsed   |        ETA   |
----------------------------------------------------------------------------------------------------
286000      |       -56773.1   |       -56496.4   |       -276.621   |   148:38:06   |   267:07:38   |
286050      |         -56743   |       -56518.6   |       -224.337   |   148:39:40   |   267:06:05   |
286100      |       -56800.9   |       -56520.1   |       -280.851   |   148:41:18   |   267:04:39   |
286150      |       -56756.9   |       -56504.2   |       -252.712   |   148:42:58   |   267:03:17   |
286200      |       -56761.7   |       -56502.7   |       -259.075   |   148:44:34   |   267:01:48   |
286250      |       -56696.9   |       -56504.6   |       -192.293   |   148:46:11   |   267:00:21   |
286300      |       -56750.1   |       -56502.1   |       -248.004   |   148:47:49   |   266:58:55   |
286350      |       -56757.9   |       -56530.4   |       -227.457   |   148:49:27   |   266:57:30   |
286400      |       -56747.6   |       -56515.7   |       -231.854   |   148:51:07   |   266:56:08   |
286450      |       -56738.8   |       -56495.1   |        -243.74   |   148:52:48   |   266:54:47   |
286500      |       -56736.4   |       -56516.8   |       -219.593   |   148:54:35   |   266:53:38   |
286550      |       -56760.8   |       -56503.7   |       -257.095   |   148:56:13   |   266:52:12   |
286600      |         -56768   |         -56508   |       -259.963   |   148:57:54   |   266:50:52   |
286650      |       -56762.8   |       -56508.6   |       -254.266   |   148:59:27   |   266:49:18   |
286700      |       -56793.2   |       -56501.4   |       -291.865   |   149:01:04   |   266:47:50   |
286750      |       -56782.4   |       -56491.4   |       -291.075   |   149:02:40   |   266:46:21   |
286800      |       -56747.6   |       -56503.1   |        -244.45   |   149:04:18   |   266:44:55   |
286850      |       -56739.3   |       -56516.8   |       -222.525   |   149:05:51   |   266:43:21   |
286900      |         -56817   |       -56528.9   |       -288.144   |   149:07:28   |   266:41:54   |
286950      |       -56729.5   |         -56515   |       -214.458   |   149:09:06   |   266:40:28   |


Iter        |      Posterior   |     Likelihood   |          Prior   |    elapsed   |        ETA   |
----------------------------------------------------------------------------------------------------
287000      |       -56756.9   |       -56514.1   |       -242.749   |   149:10:42   |   266:38:59   |
287050      |       -56747.5   |       -56496.9   |       -250.667   |   149:12:19   |   266:37:31   |
287100      |       -56756.2   |       -56503.1   |       -253.056   |   149:13:58   |   266:36:07   |
287150      |       -56775.8   |       -56499.3   |       -276.433   |   149:15:36   |   266:34:42   |
287200      |       -56728.7   |       -56503.7   |       -225.025   |   149:17:11   |   266:33:11   |
287250      |       -56754.3   |       -56510.5   |       -243.816   |   149:18:45   |   266:31:38   |
287300      |       -56754.4   |         -56501   |       -253.391   |   149:20:20   |   266:30:07   |
287350      |       -56790.8   |       -56498.1   |       -292.757   |   149:21:59   |   266:28:43   |
287400      |         -56742   |       -56496.4   |        -245.61   |   149:23:36   |   266:27:16   |
287450      |       -56690.8   |       -56503.1   |       -187.701   |   149:25:11   |   266:25:45   |
287500      |       -56745.3   |       -56515.8   |       -229.514   |   149:26:47   |   266:24:15   |
287550      |       -56751.6   |       -56514.2   |       -237.467   |   149:28:24   |   266:22:48   |
287600      |       -56797.1   |       -56507.3   |       -289.773   |   149:29:59   |   266:21:17   |
287650      |       -56716.2   |       -56507.9   |       -208.323   |   149:31:33   |   266:19:44   |
287700      |       -56733.1   |       -56502.5   |       -230.603   |   149:33:11   |   266:18:19   |
287750      |       -56739.7   |       -56507.5   |       -232.197   |   149:34:48   |   266:16:51   |
287800      |       -56745.1   |       -56493.4   |       -251.651   |   149:36:25   |   266:15:24   |
287850      |       -56763.2   |       -56497.8   |       -265.406   |   149:38:00   |   266:13:53   |
287900      |       -56746.6   |       -56500.6   |       -246.007   |   149:39:35   |   266:12:22   |
287950      |       -56714.7   |       -56510.9   |       -203.773   |   149:41:12   |   266:10:54   |


Iter        |      Posterior   |     Likelihood   |          Prior   |    elapsed   |        ETA   |
----------------------------------------------------------------------------------------------------
288000      |       -56773.9   |       -56518.3   |       -255.523   |   149:42:52   |   266:09:32   |
288050      |       -56776.2   |       -56516.9   |       -259.314   |   149:44:29   |   266:08:04   |
288100      |       -56845.6   |       -56517.3   |       -328.361   |   149:46:02   |   266:06:30   |
288150      |       -56782.3   |       -56514.3   |       -268.004   |   149:47:35   |   266:04:55   |
288200      |       -56750.6   |       -56520.3   |       -230.274   |   149:49:07   |   266:03:19   |
288250      |       -56784.3   |       -56507.7   |       -276.562   |   149:50:41   |   266:01:46   |
288300      |         -56797   |       -56526.2   |       -270.812   |   149:52:14   |   266:00:12   |
288350      |       -56772.3   |         -56501   |       -271.262   |   149:53:47   |   265:58:37   |
288400      |       -56723.6   |       -56509.5   |       -214.111   |   149:55:21   |   265:57:04   |
288450      |       -56754.4   |       -56508.2   |       -246.154   |   149:56:53   |   265:55:28   |
288500      |       -56746.1   |       -56509.9   |       -236.178   |   149:58:31   |   265:54:02   |
288550      |       -56749.7   |       -56507.9   |       -241.848   |   150:00:09   |   265:52:36   |
288600      |       -56751.8   |       -56500.7   |       -251.138   |   150:01:41   |   265:51:00   |
288650      |         -56761   |       -56498.3   |       -262.683   |   150:03:20   |   265:49:36   |
288700      |       -56779.8   |       -56506.4   |       -273.344   |   150:04:56   |   265:48:07   |
288750      |       -56769.5   |       -56506.3   |        -263.24   |   150:06:31   |   265:46:36   |
288800      |       -56769.4   |       -56506.7   |       -262.663   |   150:08:11   |   265:45:13   |
288850      |       -56802.9   |       -56520.1   |        -282.82   |   150:09:50   |   265:43:50   |
288900      |       -56751.8   |       -56512.7   |       -239.022   |   150:11:35   |   265:42:36   |
288950      |       -56736.5   |       -56519.1   |       -217.399   |   150:13:18   |   265:41:19   |


Iter        |      Posterior   |     Likelihood   |          Prior   |    elapsed   |        ETA   |
----------------------------------------------------------------------------------------------------
289000      |       -56783.7   |         -56501   |       -282.714   |   150:15:01   |   265:40:02   |
289050      |       -56737.6   |       -56522.4   |       -215.161   |   150:16:44   |   265:38:45   |
289100      |       -56794.8   |       -56546.1   |       -248.675   |   150:18:27   |   265:37:28   |
289150      |       -56779.3   |       -56508.4   |       -270.812   |   150:20:03   |   265:35:59   |
289200      |       -56766.5   |       -56508.6   |       -257.827   |   150:21:46   |   265:34:42   |
289250      |       -56742.9   |       -56509.5   |       -233.445   |   150:23:26   |   265:33:20   |
289300      |       -56746.3   |       -56502.3   |       -243.999   |   150:25:03   |   265:31:52   |
289350      |       -56733.8   |       -56509.4   |       -224.483   |   150:26:40   |   265:30:25   |
289400      |       -56769.9   |       -56521.2   |       -248.722   |   150:28:17   |   265:28:57   |
289450      |       -56729.8   |       -56501.6   |       -228.122   |   150:29:51   |   265:27:24   |
289500      |         -56744   |       -56516.9   |       -227.086   |   150:31:30   |   265:26:00   |
289550      |       -56783.1   |       -56514.8   |       -268.371   |   150:33:09   |   265:24:36   |
289600      |       -56712.6   |       -56512.7   |        -199.91   |   150:34:48   |   265:23:12   |
289650      |       -56744.3   |         -56517   |       -227.264   |   150:36:24   |   265:21:43   |
289700      |       -56782.8   |       -56529.3   |       -253.473   |   150:38:02   |   265:20:17   |
289750      |       -56709.5   |       -56506.8   |       -202.684   |   150:39:41   |   265:18:53   |
289800      |       -56732.2   |         -56517   |       -215.218   |   150:41:19   |   265:17:27   |
289850      |       -56739.2   |       -56518.2   |       -220.971   |   150:43:04   |   265:16:14   |
289900      |       -56784.2   |       -56510.5   |       -273.654   |   150:44:45   |   265:14:53   |
289950      |       -56747.2   |       -56512.4   |       -234.852   |   150:46:23   |   265:13:27   |


Iter        |      Posterior   |     Likelihood   |          Prior   |    elapsed   |        ETA   |
----------------------------------------------------------------------------------------------------
290000      |       -56728.5   |       -56511.2   |       -217.315   |   150:48:01   |   265:12:01   |
290050      |       -56751.3   |       -56525.2   |       -226.178   |   150:49:42   |   265:10:41   |
290100      |       -56768.5   |       -56522.5   |       -245.994   |   150:51:19   |   265:09:13   |
290150      |         -56747   |       -56535.3   |       -211.739   |   150:52:58   |   265:07:49   |
290200      |       -56722.5   |       -56508.4   |       -214.077   |   150:54:37   |   265:06:25   |
290250      |       -56708.9   |       -56504.3   |        -204.67   |   150:56:19   |   265:05:06   |
290300      |       -56760.1   |       -56490.9   |       -269.165   |   150:58:04   |   265:03:52   |
290350      |       -56718.9   |       -56502.1   |       -216.807   |   150:59:44   |   265:02:30   |
290400      |       -56748.7   |         -56501   |       -247.727   |   151:01:25   |   265:01:09   |
290450      |       -56718.7   |       -56489.4   |         -229.3   |   151:03:03   |   264:59:43   |
290500      |       -56761.8   |       -56503.2   |        -258.55   |   151:04:38   |   264:58:12   |
290550      |       -56754.1   |         -56512   |       -242.109   |   151:06:15   |   264:56:45   |
290600      |       -56717.8   |       -56504.6   |       -213.147   |   151:07:56   |   264:55:24   |
290650      |       -56716.3   |       -56481.4   |       -234.904   |   151:09:35   |   264:54:00   |
290700      |       -56749.2   |       -56503.7   |       -245.579   |   151:11:15   |   264:52:37   |
290750      |       -56748.5   |       -56503.1   |        -245.43   |   151:12:57   |   264:51:18   |
290800      |       -56708.3   |       -56493.5   |       -214.883   |   151:14:36   |   264:49:54   |
290850      |       -56768.7   |       -56491.4   |       -277.285   |   151:16:16   |   264:48:32   |
290900      |       -56741.2   |       -56495.5   |         -245.7   |   151:17:55   |   264:47:08   |
290950      |       -56767.7   |       -56509.1   |       -258.658   |   151:19:29   |   264:45:35   |


Iter        |      Posterior   |     Likelihood   |          Prior   |    elapsed   |        ETA   |
----------------------------------------------------------------------------------------------------
291000      |       -56748.3   |       -56498.2   |       -250.132   |   151:21:05   |   264:44:05   |
291050      |       -56740.7   |       -56494.6   |        -246.18   |   151:22:42   |   264:42:37   |
291100      |       -56724.7   |       -56502.3   |       -222.397   |   151:24:19   |   264:41:10   |
291150      |       -56739.1   |       -56503.4   |       -235.744   |   151:25:51   |   264:39:33   |
291200      |       -56755.3   |       -56498.1   |       -257.197   |   151:27:23   |   264:37:57   |
291250      |       -56733.4   |       -56500.2   |       -233.239   |   151:28:57   |   264:36:24   |
291300      |       -56741.7   |       -56509.5   |       -232.217   |   151:30:33   |   264:34:54   |
291350      |       -56726.7   |       -56502.2   |       -224.515   |   151:32:08   |   264:33:23   |
291400      |       -56722.7   |         -56512   |       -210.605   |   151:33:38   |   264:31:43   |
291450      |       -56742.5   |       -56526.1   |       -216.479   |   151:35:13   |   264:30:12   |
291500      |       -56680.2   |         -56504   |       -176.206   |   151:36:51   |   264:28:46   |
291550      |       -56739.6   |       -56522.9   |       -216.626   |   151:38:29   |   264:27:20   |
291600      |       -56790.5   |       -56513.5   |        -277.04   |   151:40:03   |   264:25:47   |
291650      |       -56758.5   |       -56511.3   |       -247.265   |   151:41:37   |   264:24:14   |
291700      |       -56738.5   |       -56503.3   |       -235.165   |   151:43:14   |   264:22:46   |
291750      |       -56712.1   |       -56496.1   |       -215.942   |   151:44:45   |   264:21:08   |
291800      |       -56721.7   |       -56515.3   |       -206.397   |   151:46:17   |   264:19:32   |
291850      |         -56755   |       -56507.3   |       -247.682   |   151:47:51   |   264:17:59   |
291900      |       -56739.6   |       -56518.3   |       -221.276   |   151:49:31   |   264:16:36   |
291950      |       -56769.4   |       -56505.6   |       -263.773   |   151:51:12   |   264:15:16   |


Iter        |      Posterior   |     Likelihood   |          Prior   |    elapsed   |        ETA   |
----------------------------------------------------------------------------------------------------
292000      |       -56710.1   |       -56499.4   |       -210.645   |   151:52:51   |   264:13:51   |
292050      |       -56761.8   |       -56507.8   |       -253.967   |   151:54:32   |   264:12:30   |
292100      |       -56740.2   |       -56509.4   |       -230.837   |   151:56:09   |   264:11:03   |
292150      |       -56785.2   |       -56505.5   |       -279.709   |   151:57:47   |   264:09:37   |
292200      |       -56721.1   |       -56508.8   |       -212.356   |   151:59:28   |   264:08:16   |
292250      |         -56721   |       -56498.2   |       -222.811   |   152:01:08   |   264:06:53   |
292300      |         -56741   |       -56503.6   |       -237.395   |   152:02:47   |   264:05:29   |
292350      |       -56718.6   |       -56505.8   |        -212.79   |   152:04:22   |   264:03:58   |
292400      |       -56755.3   |       -56505.1   |       -250.201   |   152:05:56   |   264:02:25   |
292450      |       -56734.9   |       -56515.3   |       -219.577   |   152:07:31   |   264:00:53   |
292500      |       -56774.5   |       -56511.2   |       -263.342   |   152:09:05   |   263:59:20   |
292550      |       -56741.8   |       -56506.9   |       -234.953   |   152:10:38   |   263:57:46   |
292600      |       -56757.5   |       -56500.9   |       -256.576   |   152:12:08   |   263:56:06   |
292650      |       -56743.4   |       -56493.1   |        -250.38   |   152:13:43   |   263:54:35   |
292700      |       -56713.5   |       -56497.3   |       -216.249   |   152:15:17   |   263:53:02   |
292750      |       -56735.7   |       -56498.6   |       -237.101   |   152:16:48   |   263:51:23   |
292800      |       -56729.8   |         -56501   |        -228.88   |   152:18:22   |   263:49:50   |
292850      |       -56738.7   |       -56494.6   |       -244.084   |   152:19:59   |   263:48:23   |
292900      |       -56792.8   |         -56511   |       -281.745   |   152:21:33   |   263:46:50   |
292950      |       -56746.5   |       -56495.2   |       -251.363   |   152:23:13   |   263:45:27   |


Iter        |      Posterior   |     Likelihood   |          Prior   |    elapsed   |        ETA   |
----------------------------------------------------------------------------------------------------
293000      |       -56748.8   |       -56509.1   |       -239.728   |   152:24:46   |   263:43:52   |
293050      |       -56751.2   |       -56505.3   |       -245.892   |   152:26:16   |   263:42:12   |
293100      |       -56751.9   |       -56505.4   |       -246.461   |   152:27:49   |   263:40:38   |
293150      |       -56767.1   |       -56485.7   |       -281.405   |   152:29:26   |   263:39:10   |
293200      |       -56767.2   |       -56486.7   |       -280.441   |   152:31:02   |   263:37:40   |
293250      |       -56708.7   |       -56494.3   |        -214.44   |   152:32:38   |   263:36:11   |
293300      |         -56776   |       -56504.9   |       -271.012   |   152:34:14   |   263:34:41   |
293350      |       -56776.4   |       -56497.8   |       -278.564   |   152:35:45   |   263:33:03   |
293400      |       -56758.8   |       -56499.5   |        -259.24   |   152:37:22   |   263:31:35   |
293450      |       -56755.6   |       -56512.9   |       -242.711   |   152:39:03   |   263:30:14   |
293500      |       -56733.2   |       -56509.3   |       -223.876   |   152:40:40   |   263:28:46   |
293550      |       -56736.2   |       -56511.8   |       -224.426   |   152:42:21   |   263:27:26   |
293600      |       -56773.8   |       -56507.7   |       -266.194   |   152:43:56   |   263:25:54   |
293650      |       -56746.3   |       -56509.8   |       -236.425   |   152:45:34   |   263:24:28   |
293700      |       -56734.3   |         -56510   |       -224.306   |   152:47:16   |   263:23:09   |
293750      |       -56777.8   |       -56523.2   |       -254.634   |   152:48:56   |   263:21:46   |
293800      |       -56729.6   |       -56514.5   |       -215.162   |   152:50:38   |   263:20:27   |
293850      |         -56761   |       -56498.6   |       -262.404   |   152:52:17   |   263:19:03   |
293900      |       -56744.3   |       -56507.1   |       -237.211   |   152:53:49   |   263:17:26   |
293950      |       -56762.6   |       -56496.5   |       -266.142   |   152:55:25   |   263:15:57   |


Iter        |      Posterior   |     Likelihood   |          Prior   |    elapsed   |        ETA   |
----------------------------------------------------------------------------------------------------
294000      |       -56789.8   |         -56500   |       -289.871   |   152:56:59   |   263:14:23   |
294050      |         -56739   |       -56498.2   |       -240.796   |   152:58:31   |   263:12:47   |
294100      |       -56754.8   |       -56491.3   |        -263.46   |   153:00:09   |   263:11:21   |
294150      |       -56736.3   |       -56503.4   |       -232.874   |   153:01:47   |   263:09:55   |
294200      |       -56727.2   |       -56485.4   |       -241.813   |   153:03:27   |   263:08:32   |
294250      |       -56749.4   |       -56484.8   |       -264.624   |   153:04:57   |   263:06:52   |
294300      |       -56733.7   |       -56515.6   |       -218.152   |   153:06:28   |   263:05:14   |
294350      |       -56738.4   |       -56503.1   |       -235.305   |   153:08:04   |   263:03:44   |
294400      |         -56716   |       -56502.3   |       -213.631   |   153:09:38   |   263:02:11   |
294450      |       -56759.8   |       -56502.8   |       -257.035   |   153:11:14   |   263:00:42   |
294500      |       -56734.4   |       -56494.5   |       -239.839   |   153:12:45   |   262:59:03   |
294550      |       -56740.4   |       -56513.2   |       -227.145   |   153:14:18   |   262:57:29   |
294600      |       -56692.7   |       -56498.9   |       -193.753   |   153:15:53   |   262:55:57   |
294650      |       -56736.4   |       -56498.6   |       -237.859   |   153:17:30   |   262:54:30   |
294700      |       -56735.5   |         -56498   |       -237.506   |   153:19:08   |   262:53:03   |
294750      |       -56786.4   |       -56500.8   |       -285.561   |   153:20:45   |   262:51:35   |
294800      |       -56756.4   |       -56491.9   |       -264.578   |   153:22:25   |   262:50:13   |
294850      |       -56713.6   |       -56484.3   |       -229.276   |   153:24:03   |   262:48:47   |
294900      |       -56721.4   |       -56495.4   |           -226   |   153:25:41   |   262:47:20   |
294950      |       -56720.7   |       -56486.9   |       -233.815   |   153:27:20   |   262:45:56   |


Iter        |      Posterior   |     Likelihood   |          Prior   |    elapsed   |        ETA   |
----------------------------------------------------------------------------------------------------
295000      |       -56717.8   |       -56501.4   |       -216.467   |   153:28:58   |   262:44:30   |
295050      |       -56719.3   |       -56493.3   |           -226   |   153:30:36   |   262:43:03   |
295100      |       -56790.4   |       -56493.2   |       -297.248   |   153:32:17   |   262:41:42   |
295150      |       -56777.5   |       -56499.4   |       -278.111   |   153:34:00   |   262:40:25   |
295200      |       -56725.2   |       -56497.9   |       -227.242   |   153:35:40   |   262:39:02   |
295250      |       -56735.2   |       -56511.7   |       -223.435   |   153:37:22   |   262:37:42   |
295300      |       -56722.3   |       -56500.3   |       -221.985   |   153:39:02   |   262:36:20   |
295350      |       -56746.1   |       -56495.5   |        -250.61   |   153:40:36   |   262:34:47   |
295400      |       -56781.3   |       -56502.1   |       -279.159   |   153:42:15   |   262:33:22   |
295450      |       -56745.6   |       -56507.2   |       -238.346   |   153:43:53   |   262:31:56   |
295500      |       -56769.6   |       -56496.7   |       -272.918   |   153:45:26   |   262:30:21   |
295550      |       -56732.4   |       -56516.5   |       -215.921   |   153:47:01   |   262:28:50   |
295600      |       -56759.4   |       -56496.6   |       -262.803   |   153:48:34   |   262:27:15   |
295650      |       -56746.1   |       -56504.4   |       -241.769   |   153:50:08   |   262:25:42   |
295700      |       -56733.8   |       -56504.5   |       -229.278   |   153:51:48   |   262:24:19   |
295750      |       -56710.4   |       -56496.6   |       -213.803   |   153:53:30   |   262:23:00   |
295800      |       -56738.7   |       -56502.8   |       -235.881   |   153:55:07   |   262:21:32   |
295850      |       -56772.3   |       -56512.1   |       -260.217   |   153:56:45   |   262:20:05   |
295900      |       -56761.9   |       -56522.5   |       -239.363   |   153:58:20   |   262:18:34   |
295950      |       -56754.6   |       -56530.2   |        -224.43   |   153:59:57   |   262:17:06   |


Iter        |      Posterior   |     Likelihood   |          Prior   |    elapsed   |        ETA   |
----------------------------------------------------------------------------------------------------
296000      |       -56731.8   |         -56520   |       -211.778   |   154:01:35   |   262:15:40   |
296050      |       -56750.4   |       -56521.8   |       -228.617   |   154:03:11   |   262:14:10   |
296100      |       -56754.8   |       -56510.8   |       -243.971   |   154:04:55   |   262:12:54   |
296150      |       -56758.5   |       -56500.3   |        -258.25   |   154:06:35   |   262:11:31   |
296200      |       -56753.8   |       -56505.4   |       -248.411   |   154:08:16   |   262:10:10   |
296250      |       -56729.2   |       -56500.2   |       -229.009   |   154:09:51   |   262:08:38   |
296300      |         -56738   |       -56496.3   |       -241.708   |   154:11:25   |   262:07:05   |
296350      |       -56738.1   |       -56496.1   |       -242.029   |   154:12:59   |   262:05:32   |
296400      |       -56720.7   |       -56501.8   |       -218.866   |   154:14:35   |   262:04:02   |
296450      |       -56726.6   |       -56497.5   |       -229.119   |   154:16:06   |   262:02:24   |
296500      |       -56738.3   |       -56494.6   |       -243.737   |   154:17:42   |   262:00:55   |
296550      |       -56721.8   |       -56522.8   |       -198.934   |   154:19:16   |   261:59:21   |
296600      |         -56776   |       -56499.4   |       -276.657   |   154:20:53   |   261:57:53   |
296650      |       -56745.3   |       -56507.4   |       -237.935   |   154:22:29   |   261:56:24   |
296700      |       -56732.7   |       -56503.8   |       -228.863   |   154:24:04   |   261:54:52   |
296750      |       -56734.4   |       -56520.5   |       -213.958   |   154:25:37   |   261:53:17   |
296800      |       -56745.5   |       -56521.4   |       -224.069   |   154:27:13   |   261:51:48   |
296850      |       -56753.8   |         -56519   |       -234.851   |   154:28:51   |   261:50:21   |
296900      |       -56757.6   |       -56497.3   |       -260.339   |   154:30:30   |   261:48:57   |
296950      |       -56772.7   |       -56523.7   |        -248.99   |   154:32:09   |   261:47:32   |


Iter        |      Posterior   |     Likelihood   |          Prior   |    elapsed   |        ETA   |
----------------------------------------------------------------------------------------------------
297000      |       -56762.1   |       -56518.2   |       -243.918   |   154:33:47   |   261:46:06   |
297050      |       -56753.5   |       -56502.9   |       -250.669   |   154:35:22   |   261:44:34   |
297100      |       -56768.6   |       -56510.4   |        -258.23   |   154:37:01   |   261:43:10   |
297150      |       -56766.6   |       -56497.9   |       -268.639   |   154:38:44   |   261:41:52   |
297200      |         -56740   |       -56508.2   |       -231.787   |   154:40:20   |   261:40:22   |
297250      |       -56726.4   |       -56500.4   |       -226.035   |   154:41:57   |   261:38:54   |
297300      |         -56755   |       -56512.4   |       -242.563   |   154:43:34   |   261:37:26   |
297350      |       -56743.7   |       -56500.4   |       -243.267   |   154:45:11   |   261:35:58   |
297400      |       -56759.6   |       -56516.7   |       -242.933   |   154:46:48   |   261:34:30   |
297450      |       -56758.5   |       -56505.9   |       -252.564   |   154:48:22   |   261:32:57   |
297500      |       -56736.3   |       -56510.9   |       -225.376   |   154:49:56   |   261:31:24   |
297550      |       -56788.3   |       -56500.1   |       -288.222   |   154:51:30   |   261:29:50   |
297600      |       -56763.5   |       -56516.6   |       -246.972   |   154:53:05   |   261:28:19   |
297650      |       -56716.8   |       -56503.4   |       -213.376   |   154:54:40   |   261:26:47   |
297700      |       -56770.1   |       -56520.3   |       -249.798   |   154:56:20   |   261:25:24   |
297750      |       -56734.2   |       -56507.5   |       -226.697   |   154:57:59   |   261:24:00   |
297800      |       -56781.1   |       -56516.5   |       -264.518   |   154:59:37   |   261:22:33   |
297850      |         -56776   |       -56512.5   |       -263.422   |   155:01:12   |   261:21:02   |
297900      |         -56752   |       -56526.4   |       -225.641   |   155:02:45   |   261:19:27   |
297950      |       -56757.3   |       -56516.4   |       -240.907   |   155:04:26   |   261:18:06   |


Iter        |      Posterior   |     Likelihood   |          Prior   |    elapsed   |        ETA   |
----------------------------------------------------------------------------------------------------
298000      |       -56752.9   |       -56529.2   |        -223.67   |   155:06:05   |   261:16:41   |
298050      |         -56824   |         -56521   |       -302.983   |   155:07:43   |   261:15:15   |
298100      |       -56815.9   |       -56510.8   |       -305.093   |   155:09:20   |   261:13:46   |
298150      |       -56744.2   |       -56517.2   |       -227.032   |   155:10:54   |   261:12:13   |
298200      |       -56789.2   |       -56513.1   |       -276.148   |   155:12:26   |   261:10:37   |
298250      |       -56724.4   |       -56526.5   |       -197.933   |   155:13:59   |   261:09:02   |
298300      |       -56753.3   |       -56513.5   |       -239.727   |   155:15:35   |   261:07:32   |
298350      |       -56776.1   |       -56507.1   |       -269.067   |   155:17:08   |   261:05:57   |
298400      |         -56768   |       -56503.7   |       -264.253   |   155:18:38   |   261:04:17   |
298450      |       -56787.2   |       -56519.1   |       -268.025   |   155:20:06   |   261:02:34   |
298500      |       -56760.8   |       -56506.1   |       -254.642   |   155:21:35   |   261:00:53   |
298550      |       -56793.6   |       -56525.2   |       -268.411   |   155:23:05   |   260:59:13   |
298600      |       -56775.1   |       -56513.6   |       -261.529   |   155:24:35   |   260:57:33   |
298650      |       -56757.1   |       -56515.4   |       -241.732   |   155:26:03   |   260:55:50   |
298700      |       -56728.6   |       -56505.9   |       -222.664   |   155:27:33   |   260:54:10   |
298750      |       -56768.2   |       -56515.7   |       -252.525   |   155:29:01   |   260:52:27   |
298800      |       -56775.4   |       -56514.8   |       -260.573   |   155:30:31   |   260:50:47   |
298850      |       -56781.6   |       -56532.3   |       -249.352   |   155:32:04   |   260:49:12   |
298900      |       -56754.8   |       -56538.9   |       -215.842   |   155:33:43   |   260:47:47   |
298950      |       -56760.5   |       -56512.7   |       -247.812   |   155:35:22   |   260:46:22   |


Iter        |      Posterior   |     Likelihood   |          Prior   |    elapsed   |        ETA   |
----------------------------------------------------------------------------------------------------
299000      |       -56734.7   |       -56508.6   |        -226.13   |   155:36:55   |   260:44:48   |
299050      |       -56742.2   |         -56515   |       -227.151   |   155:38:29   |   260:43:14   |
299100      |       -56744.3   |       -56524.3   |       -220.028   |   155:40:04   |   260:41:43   |
299150      |       -56770.9   |       -56510.2   |       -260.746   |   155:41:36   |   260:40:06   |
299200      |         -56747   |       -56500.6   |       -246.427   |   155:43:05   |   260:38:25   |
299250      |         -56768   |       -56508.9   |       -259.051   |   155:44:35   |   260:36:45   |
299300      |       -56735.1   |       -56509.9   |       -225.192   |   155:46:09   |   260:35:12   |
299350      |       -56749.5   |       -56527.1   |       -222.413   |   155:47:44   |   260:33:40   |
299400      |       -56731.9   |         -56511   |       -220.933   |   155:49:19   |   260:32:09   |
299450      |       -56719.9   |       -56504.5   |       -215.379   |   155:50:51   |   260:30:32   |
299500      |       -56757.6   |       -56534.2   |       -223.347   |   155:52:26   |   260:29:01   |
299550      |       -56780.4   |       -56524.7   |       -255.762   |   155:53:57   |   260:27:23   |
299600      |         -56757   |       -56529.4   |       -227.583   |   155:55:28   |   260:25:45   |
299650      |       -56739.7   |       -56523.2   |       -216.523   |   155:57:06   |   260:24:18   |
299700      |       -56760.3   |       -56511.5   |       -248.796   |   155:58:41   |   260:22:47   |
299750      |       -56739.7   |       -56503.9   |       -235.816   |   156:00:18   |   260:21:19   |
299800      |       -56722.1   |       -56507.1   |       -215.089   |   156:01:54   |   260:19:49   |
299850      |       -56739.4   |       -56516.7   |       -222.706   |   156:03:28   |   260:18:16   |
299900      |       -56779.8   |       -56496.3   |       -283.527   |   156:04:59   |   260:16:37   |
299950      |       -56754.2   |       -56493.1   |       -261.054   |   156:06:34   |   260:15:06   |


Iter        |      Posterior   |     Likelihood   |          Prior   |    elapsed   |        ETA   |
----------------------------------------------------------------------------------------------------
300000      |       -56731.3   |       -56493.7   |       -237.678   |   156:08:10   |   260:13:36   |
300050      |       -56748.2   |       -56510.3   |        -237.84   |   156:09:48   |   260:12:10   |
300100      |       -56713.5   |       -56520.3   |       -193.173   |   156:11:29   |   260:10:48   |
300150      |       -56802.3   |       -56519.7   |       -282.642   |   156:13:09   |   260:09:25   |
300200      |       -56753.9   |       -56524.4   |        -229.51   |   156:14:45   |   260:07:55   |
300250      |       -56687.6   |       -56500.7   |       -186.938   |   156:16:17   |   260:06:19   |
300300      |       -56748.4   |       -56513.9   |       -234.529   |   156:17:50   |   260:04:44   |
300350      |       -56761.6   |       -56504.8   |       -256.745   |   156:19:23   |   260:03:09   |
300400      |       -56773.6   |       -56519.3   |       -254.308   |   156:20:57   |   260:01:36   |
300450      |       -56736.7   |       -56510.4   |       -226.237   |   156:22:28   |   259:59:58   |
300500      |       -56757.7   |       -56534.8   |       -222.844   |   156:24:00   |   259:58:21   |
300550      |       -56767.2   |       -56528.4   |       -238.789   |   156:25:33   |   259:56:46   |
300600      |       -56784.7   |       -56520.4   |       -264.333   |   156:27:05   |   259:55:10   |
300650      |       -56766.4   |       -56520.5   |        -245.81   |   156:28:34   |   259:53:29   |
300700      |       -56746.3   |       -56511.9   |       -234.412   |   156:30:05   |   259:51:50   |
300750      |       -56725.4   |       -56521.1   |       -204.342   |   156:31:36   |   259:50:12   |
300800      |       -56761.5   |       -56517.7   |        -243.78   |   156:33:07   |   259:48:34   |
300850      |       -56799.5   |       -56518.2   |       -281.375   |   156:34:38   |   259:46:56   |
300900      |       -56759.6   |       -56523.5   |         -236.1   |   156:36:07   |   259:45:15   |
300950      |       -56753.8   |       -56512.9   |       -240.869   |   156:37:42   |   259:43:43   |


Iter        |      Posterior   |     Likelihood   |          Prior   |    elapsed   |        ETA   |
----------------------------------------------------------------------------------------------------
301000      |       -56754.9   |       -56509.1   |       -245.864   |   156:39:16   |   259:42:10   |
301050      |       -56746.2   |       -56501.7   |       -244.433   |   156:40:51   |   259:40:38   |
301100      |       -56737.5   |       -56513.8   |        -223.68   |   156:42:26   |   259:39:07   |
301150      |       -56756.8   |       -56518.9   |       -237.878   |   156:44:01   |   259:37:35   |
301200      |       -56751.1   |       -56524.5   |       -226.613   |   156:45:37   |   259:36:06   |
301250      |       -56742.2   |       -56514.1   |       -228.141   |   156:47:15   |   259:34:39   |
301300      |       -56785.6   |       -56513.4   |       -272.198   |   156:48:49   |   259:33:06   |
301350      |         -56760   |       -56519.5   |       -240.466   |   156:50:24   |   259:31:34   |
301400      |       -56753.3   |       -56508.5   |       -244.804   |   156:51:58   |   259:30:01   |
301450      |       -56732.6   |       -56511.9   |       -220.689   |   156:53:34   |   259:28:31   |
301500      |       -56779.8   |       -56526.4   |       -253.448   |   156:55:09   |   259:27:00   |
301550      |       -56768.9   |       -56531.3   |       -237.629   |   156:56:45   |   259:25:30   |
301600      |       -56733.8   |       -56497.1   |        -236.68   |   156:58:22   |   259:24:02   |
301650      |       -56805.4   |       -56529.2   |       -276.153   |   157:00:00   |   259:22:35   |
301700      |       -56751.5   |         -56510   |       -241.504   |   157:01:35   |   259:21:04   |
301750      |       -56731.8   |       -56527.4   |       -204.385   |   157:03:10   |   259:19:32   |
301800      |         -56784   |       -56508.9   |       -275.152   |   157:04:47   |   259:18:04   |
301850      |       -56775.1   |       -56508.9   |       -266.227   |   157:06:25   |   259:16:37   |
301900      |       -56738.9   |       -56511.7   |       -227.219   |   157:08:00   |   259:15:06   |
301950      |       -56772.9   |       -56502.7   |       -270.215   |   157:09:37   |   259:13:38   |


Iter        |      Posterior   |     Likelihood   |          Prior   |    elapsed   |        ETA   |
----------------------------------------------------------------------------------------------------
302000      |       -56767.6   |       -56516.5   |       -251.102   |   157:11:13   |   259:12:08   |
302050      |         -56756   |         -56509   |       -247.011   |   157:12:48   |   259:10:36   |
302100      |       -56781.2   |       -56506.9   |        -274.29   |   157:14:27   |   259:09:11   |
302150      |       -56763.6   |       -56515.3   |       -248.374   |   157:16:02   |   259:07:40   |
302200      |       -56717.9   |       -56495.3   |       -222.642   |   157:17:39   |   259:06:12   |
302250      |       -56738.9   |       -56497.4   |       -241.505   |   157:19:12   |   259:04:37   |
302300      |         -56751   |       -56519.7   |       -231.264   |   157:20:44   |   259:03:00   |
302350      |       -56779.4   |       -56531.5   |       -247.909   |   157:22:19   |   259:01:29   |
302400      |         -56743   |       -56507.3   |       -235.658   |   157:23:52   |   258:59:54   |
302450      |       -56757.1   |       -56519.9   |       -237.181   |   157:25:28   |   258:58:24   |
302500      |         -56777   |       -56533.8   |       -243.218   |   157:27:08   |   258:57:01   |
302550      |       -56767.7   |       -56524.2   |       -243.513   |   157:28:47   |   258:55:36   |
302600      |       -56772.7   |       -56516.3   |       -256.377   |   157:30:25   |   258:54:09   |
302650      |       -56786.4   |       -56530.4   |       -256.065   |   157:32:01   |   258:52:39   |
302700      |         -56753   |       -56511.7   |       -241.242   |   157:33:39   |   258:51:13   |
302750      |       -56791.6   |       -56513.2   |       -278.442   |   157:35:20   |   258:49:51   |
302800      |       -56802.2   |       -56520.8   |       -281.354   |   157:37:00   |   258:48:28   |
302850      |       -56776.7   |       -56506.3   |       -270.481   |   157:38:39   |   258:47:03   |
302900      |         -56786   |       -56506.3   |       -279.764   |   157:40:16   |   258:45:34   |
302950      |       -56767.4   |       -56507.8   |       -259.586   |   157:41:52   |   258:44:04   |


Iter        |      Posterior   |     Likelihood   |          Prior   |    elapsed   |        ETA   |
----------------------------------------------------------------------------------------------------
303000      |       -56727.8   |       -56509.7   |       -218.096   |   157:43:33   |   258:42:43   |
303050      |       -56718.9   |       -56519.8   |       -199.107   |   157:45:12   |   258:41:18   |
303100      |       -56789.7   |       -56521.3   |       -268.416   |   157:46:48   |   258:39:48   |
303150      |         -56720   |       -56516.6   |       -203.349   |   157:48:24   |   258:38:18   |
303200      |       -56733.1   |       -56516.6   |       -216.508   |   157:49:57   |   258:36:43   |
303250      |       -56753.3   |         -56492   |       -261.265   |   157:51:32   |   258:35:11   |
303300      |       -56735.1   |       -56511.5   |       -223.599   |   157:53:08   |   258:33:42   |
303350      |       -56761.3   |       -56517.3   |       -244.034   |   157:54:42   |   258:32:08   |
303400      |       -56753.2   |       -56509.4   |       -243.813   |   157:56:20   |   258:30:42   |
303450      |       -56727.8   |       -56518.1   |       -209.731   |   157:57:59   |   258:29:17   |
303500      |       -56752.2   |       -56529.1   |       -223.114   |   157:59:27   |   258:27:34   |
303550      |       -56770.5   |       -56524.6   |       -245.929   |   158:01:00   |   258:25:59   |
303600      |       -56770.7   |       -56512.6   |       -258.164   |   158:02:39   |   258:24:34   |
303650      |       -56762.4   |       -56510.3   |       -252.066   |   158:04:15   |   258:23:04   |
303700      |       -56774.9   |       -56520.8   |       -254.153   |   158:05:48   |   258:21:29   |
303750      |       -56814.7   |       -56522.8   |        -291.92   |   158:07:22   |   258:19:56   |
303800      |       -56699.2   |         -56514   |       -185.174   |   158:08:57   |   258:18:24   |
303850      |       -56750.8   |       -56510.7   |       -240.156   |   158:10:34   |   258:16:56   |
303900      |       -56746.2   |       -56518.2   |       -228.034   |   158:12:11   |   258:15:27   |
303950      |       -56792.3   |       -56517.2   |       -275.096   |   158:13:51   |   258:14:04   |


Iter        |      Posterior   |     Likelihood   |          Prior   |    elapsed   |        ETA   |
----------------------------------------------------------------------------------------------------
304000      |       -56765.5   |       -56522.1   |       -243.376   |   158:15:27   |   258:12:34   |
304050      |       -56769.1   |       -56521.2   |       -247.922   |   158:17:02   |   258:11:02   |
304100      |       -56779.1   |       -56517.6   |       -261.454   |   158:18:32   |   258:09:23   |
304150      |       -56764.8   |       -56511.9   |       -252.841   |   158:20:05   |   258:07:48   |
304200      |       -56795.9   |       -56520.4   |       -275.518   |   158:21:42   |   258:06:20   |
304250      |       -56743.4   |       -56517.4   |       -225.949   |   158:23:17   |   258:04:48   |
304300      |       -56786.3   |       -56510.8   |       -275.539   |   158:24:52   |   258:03:16   |
304350      |       -56804.9   |       -56507.2   |       -297.658   |   158:26:27   |   258:01:45   |
304400      |       -56789.1   |       -56515.2   |       -273.974   |   158:28:01   |   258:00:12   |
304450      |       -56731.3   |         -56527   |       -204.305   |   158:29:36   |   257:58:40   |
304500      |       -56729.4   |       -56513.6   |       -215.765   |   158:31:15   |   257:57:15   |
304550      |       -56789.2   |       -56525.2   |        -264.03   |   158:32:50   |   257:55:43   |
304600      |       -56728.6   |       -56517.7   |       -210.928   |   158:34:26   |   257:54:13   |
304650      |       -56731.3   |       -56510.2   |       -221.119   |   158:36:01   |   257:52:42   |
304700      |       -56786.2   |       -56514.9   |       -271.225   |   158:37:40   |   257:51:17   |
304750      |       -56742.7   |       -56518.5   |       -224.156   |   158:39:19   |   257:49:51   |
304800      |       -56734.3   |       -56529.4   |       -204.876   |   158:40:56   |   257:48:23   |
304850      |       -56769.6   |       -56511.3   |        -258.24   |   158:42:32   |   257:46:53   |
304900      |       -56746.4   |       -56523.1   |       -223.273   |   158:44:10   |   257:45:26   |
304950      |       -56726.4   |       -56512.8   |       -213.635   |   158:45:47   |   257:43:58   |


Iter        |      Posterior   |     Likelihood   |          Prior   |    elapsed   |        ETA   |
----------------------------------------------------------------------------------------------------
305000      |       -56774.6   |       -56527.8   |       -246.746   |   158:47:25   |   257:42:31   |
305050      |       -56741.3   |         -56534   |       -207.354   |   158:48:57   |   257:40:55   |
305100      |       -56804.5   |       -56521.9   |       -282.578   |   158:50:37   |   257:39:31   |
305150      |       -56774.9   |       -56521.4   |        -253.58   |   158:52:19   |   257:38:11   |
305200      |       -56794.5   |       -56528.3   |       -266.139   |   158:53:56   |   257:36:43   |
305250      |       -56767.9   |       -56518.3   |       -249.602   |   158:55:31   |   257:35:11   |
305300      |       -56759.6   |       -56520.5   |        -239.19   |   158:57:12   |   257:33:49   |
305350      |       -56778.4   |       -56522.4   |       -256.036   |   158:58:55   |   257:32:30   |
305400      |       -56755.1   |       -56517.9   |        -237.23   |   159:00:41   |   257:31:17   |
305450      |       -56756.6   |       -56511.7   |       -244.893   |   159:02:22   |   257:29:55   |
305500      |       -56720.3   |       -56515.6   |        -204.74   |   159:04:06   |   257:28:37   |
305550      |       -56776.7   |       -56519.2   |       -257.574   |   159:05:51   |   257:27:22   |
305600      |       -56789.5   |       -56517.8   |       -271.737   |   159:07:28   |   257:25:54   |
305650      |       -56761.9   |       -56510.7   |       -251.207   |   159:09:08   |   257:24:30   |
305700      |       -56754.5   |       -56509.8   |       -244.684   |   159:10:53   |   257:23:15   |
305750      |       -56747.5   |       -56528.1   |       -219.391   |   159:12:32   |   257:21:49   |
305800      |       -56757.8   |       -56523.4   |       -234.384   |   159:14:11   |   257:20:24   |
305850      |         -56789   |       -56530.6   |       -258.372   |   159:15:51   |   257:19:01   |
305900      |       -56785.3   |       -56520.9   |       -264.424   |   159:17:37   |   257:17:47   |
305950      |       -56800.4   |       -56519.6   |       -280.816   |   159:19:21   |   257:16:29   |


Iter        |      Posterior   |     Likelihood   |          Prior   |    elapsed   |        ETA   |
----------------------------------------------------------------------------------------------------
306000      |       -56775.6   |       -56516.2   |       -259.406   |   159:21:02   |   257:15:07   |
306050      |       -56774.6   |         -56508   |        -266.57   |   159:22:44   |   257:13:47   |
306100      |       -56755.8   |       -56515.5   |       -240.302   |   159:24:24   |   257:12:23   |
306150      |       -56749.2   |       -56524.8   |       -224.403   |   159:26:03   |   257:10:58   |
306200      |       -56826.6   |         -56521   |        -305.59   |   159:27:38   |   257:09:26   |
306250      |       -56780.3   |         -56539   |       -241.261   |   159:29:19   |   257:08:04   |
306300      |       -56788.9   |         -56539   |       -249.851   |   159:31:03   |   257:06:47   |
306350      |       -56736.2   |       -56548.9   |       -187.315   |   159:32:42   |   257:05:22   |
306400      |       -56738.3   |       -56532.1   |       -206.128   |   159:34:25   |   257:04:03   |
306450      |       -56731.6   |       -56528.4   |       -203.238   |   159:36:08   |   257:02:44   |
306500      |         -56745   |       -56519.7   |       -225.264   |   159:37:50   |   257:01:24   |
306550      |       -56781.4   |       -56510.2   |       -271.226   |   159:39:34   |   257:00:07   |
306600      |       -56756.2   |       -56517.8   |       -238.395   |   159:41:16   |   256:58:46   |
306650      |       -56785.1   |       -56525.3   |       -259.856   |   159:42:56   |   256:57:22   |
306700      |       -56759.5   |       -56511.5   |       -248.012   |   159:44:36   |   256:55:59   |
306750      |       -56760.2   |       -56515.3   |       -244.855   |   159:46:20   |   256:54:41   |
306800      |       -56766.4   |       -56520.8   |       -245.669   |   159:47:59   |   256:53:16   |
306850      |       -56754.3   |         -56531   |        -223.27   |   159:49:41   |   256:51:56   |
306900      |       -56770.3   |       -56514.4   |       -255.875   |   159:51:22   |   256:50:33   |
306950      |       -56728.1   |         -56532   |        -196.15   |   159:53:04   |   256:49:13   |


Iter        |      Posterior   |     Likelihood   |          Prior   |    elapsed   |        ETA   |
----------------------------------------------------------------------------------------------------
307000      |         -56780   |       -56511.6   |        -268.43   |   159:54:47   |   256:47:54   |
307050      |       -56773.7   |       -56523.9   |       -249.775   |   159:56:26   |   256:46:29   |
307100      |       -56792.8   |       -56517.2   |       -275.603   |   159:58:07   |   256:45:07   |
307150      |         -56736   |       -56511.8   |       -224.207   |   159:59:42   |   256:43:35   |
307200      |       -56781.8   |       -56514.9   |       -266.891   |   160:01:17   |   256:42:03   |
307250      |       -56734.2   |       -56524.9   |       -209.309   |   160:02:47   |   256:40:23   |
307300      |       -56736.5   |         -56516   |       -220.448   |   160:04:23   |   256:38:53   |
307350      |       -56734.3   |       -56515.3   |       -218.956   |   160:06:01   |   256:37:26   |
307400      |       -56819.1   |       -56517.6   |       -301.542   |   160:07:42   |   256:36:04   |
307450      |       -56760.5   |       -56509.1   |       -251.471   |   160:09:23   |   256:34:42   |
307500      |         -56789   |       -56534.3   |       -254.701   |   160:11:03   |   256:33:18   |
307550      |       -56727.6   |       -56510.7   |       -216.937   |   160:12:41   |   256:31:51   |
307600      |       -56758.4   |       -56523.3   |       -235.065   |   160:14:17   |   256:30:21   |
307650      |       -56771.5   |       -56523.3   |       -248.224   |   160:15:54   |   256:28:52   |
307700      |       -56767.2   |       -56509.9   |       -257.326   |   160:17:29   |   256:27:20   |
307750      |       -56747.2   |       -56513.5   |        -233.73   |   160:19:08   |   256:25:55   |
307800      |         -56730   |       -56508.5   |       -221.447   |   160:20:45   |   256:24:26   |
307850      |       -56792.8   |       -56509.4   |       -283.441   |   160:22:24   |   256:23:01   |
307900      |       -56725.4   |         -56504   |       -221.482   |   160:23:59   |   256:21:29   |
307950      |       -56737.4   |       -56523.1   |        -214.35   |   160:25:37   |   256:20:02   |


Iter        |      Posterior   |     Likelihood   |          Prior   |    elapsed   |        ETA   |
----------------------------------------------------------------------------------------------------
308000      |       -56748.9   |         -56516   |       -232.939   |   160:27:17   |   256:18:38   |
308050      |       -56770.9   |       -56520.1   |        -250.81   |   160:29:01   |   256:17:21   |
308100      |       -56766.1   |       -56516.6   |       -249.445   |   160:30:44   |   256:16:02   |
308150      |       -56734.5   |       -56521.6   |       -212.851   |   160:32:25   |   256:14:40   |
308200      |       -56761.4   |       -56517.3   |       -244.116   |   160:34:03   |   256:13:13   |
308250      |         -56756   |       -56515.1   |       -240.901   |   160:35:44   |   256:11:50   |
308300      |       -56765.9   |       -56515.5   |       -250.436   |   160:37:25   |   256:10:28   |
308350      |       -56749.7   |       -56519.8   |       -229.975   |   160:39:04   |   256:09:03   |
308400      |       -56761.8   |       -56541.6   |       -220.197   |   160:40:41   |   256:07:34   |
308450      |       -56772.1   |       -56516.3   |       -255.848   |   160:42:21   |   256:06:10   |
308500      |       -56749.4   |       -56542.6   |       -206.819   |   160:44:02   |   256:04:48   |
308550      |       -56784.6   |         -56524   |       -260.551   |   160:45:42   |   256:03:24   |
308600      |       -56744.3   |       -56525.1   |        -219.23   |   160:47:26   |   256:02:06   |
308650      |       -56712.4   |       -56520.2   |       -192.147   |   160:49:04   |   256:00:39   |
308700      |         -56746   |       -56530.4   |       -215.522   |   160:50:35   |   255:59:01   |
308750      |       -56750.4   |       -56513.9   |        -236.52   |   160:52:10   |   255:57:29   |
308800      |       -56735.7   |       -56520.6   |       -215.081   |   160:53:48   |   255:56:02   |
308850      |       -56750.6   |       -56512.9   |       -237.735   |   160:55:25   |   255:54:33   |
308900      |       -56743.7   |       -56521.8   |       -221.902   |   160:57:03   |   255:53:06   |
308950      |       -56756.5   |       -56511.3   |       -245.207   |   160:58:47   |   255:51:49   |


Iter        |      Posterior   |     Likelihood   |          Prior   |    elapsed   |        ETA   |
----------------------------------------------------------------------------------------------------
309000      |       -56726.9   |       -56509.7   |       -217.234   |   161:00:25   |   255:50:22   |
309050      |       -56701.4   |       -56514.6   |       -186.772   |   161:02:04   |   255:48:56   |
309100      |       -56719.1   |         -56535   |       -184.119   |   161:03:43   |   255:47:31   |
309150      |       -56765.9   |       -56521.2   |       -244.628   |   161:05:17   |   255:45:57   |
309200      |       -56767.5   |       -56519.9   |       -247.642   |   161:06:48   |   255:44:19   |
309250      |       -56783.2   |       -56533.5   |         -249.7   |   161:08:24   |   255:42:49   |
309300      |       -56744.3   |         -56532   |       -212.263   |   161:10:01   |   255:41:20   |
309350      |       -56763.1   |       -56523.4   |       -239.761   |   161:11:34   |   255:39:45   |
309400      |       -56779.1   |       -56531.4   |       -247.685   |   161:13:06   |   255:38:08   |
309450      |       -56787.5   |       -56527.7   |       -259.817   |   161:14:47   |   255:36:46   |
309500      |       -56752.2   |       -56519.3   |       -232.858   |   161:16:30   |   255:35:27   |
309550      |       -56748.8   |       -56528.9   |       -219.891   |   161:18:07   |   255:33:58   |
309600      |       -56743.3   |       -56537.9   |       -205.325   |   161:19:42   |   255:32:26   |
309650      |       -56726.7   |       -56529.5   |       -197.121   |   161:21:22   |   255:31:02   |
309700      |       -56775.6   |       -56526.6   |       -249.012   |   161:23:00   |   255:29:35   |
309750      |         -56786   |       -56533.5   |       -252.444   |   161:24:37   |   255:28:06   |
309800      |       -56776.4   |       -56518.8   |       -257.652   |   161:26:17   |   255:26:42   |
309850      |       -56756.2   |       -56519.2   |       -237.039   |   161:27:59   |   255:25:22   |
309900      |       -56733.4   |       -56514.3   |       -219.106   |   161:29:32   |   255:23:46   |
309950      |       -56725.4   |       -56523.1   |       -202.336   |   161:31:05   |   255:22:11   |


Iter        |      Posterior   |     Likelihood   |          Prior   |    elapsed   |        ETA   |
----------------------------------------------------------------------------------------------------
310000      |       -56764.3   |       -56529.8   |       -234.501   |   161:32:38   |   255:20:36   |
310050      |       -56746.4   |       -56508.9   |       -237.454   |   161:34:15   |   255:19:08   |
310100      |       -56792.9   |       -56523.3   |       -269.672   |   161:36:04   |   255:17:58   |
310150      |       -56808.9   |       -56517.6   |       -291.308   |   161:37:40   |   255:16:27   |
310200      |       -56783.4   |       -56527.8   |       -255.568   |   161:39:14   |   255:14:54   |
310250      |       -56734.8   |       -56518.9   |       -215.846   |   161:40:48   |   255:13:20   |
310300      |       -56771.4   |       -56516.7   |       -254.712   |   161:42:26   |   255:11:53   |
310350      |       -56764.2   |       -56518.5   |       -245.721   |   161:44:09   |   255:10:34   |
310400      |       -56767.3   |       -56505.7   |       -261.626   |   161:45:49   |   255:09:10   |
310450      |       -56763.3   |       -56524.9   |       -238.382   |   161:47:25   |   255:07:40   |
310500      |       -56760.8   |       -56515.7   |       -245.083   |   161:49:00   |   255:06:08   |
310550      |         -56803   |       -56538.5   |       -264.526   |   161:50:36   |   255:04:37   |
310600      |       -56746.4   |       -56522.3   |       -224.174   |   161:52:16   |   255:03:13   |
310650      |       -56773.4   |       -56524.4   |       -248.945   |   161:53:56   |   255:01:49   |
310700      |       -56761.1   |       -56527.3   |       -233.834   |   161:55:36   |   255:00:25   |
310750      |       -56765.2   |       -56532.4   |       -232.787   |   161:57:11   |   254:58:53   |
310800      |       -56773.5   |       -56530.8   |       -242.676   |   161:58:50   |   254:57:28   |
310850      |       -56761.6   |       -56539.6   |       -221.948   |   162:00:34   |   254:56:10   |
310900      |       -56769.7   |       -56540.2   |       -229.498   |   162:02:14   |   254:54:46   |
310950      |       -56778.1   |       -56522.4   |       -255.738   |   162:03:57   |   254:53:26   |


Iter        |      Posterior   |     Likelihood   |          Prior   |    elapsed   |        ETA   |
----------------------------------------------------------------------------------------------------
311000      |         -56761   |       -56528.1   |        -232.98   |   162:05:41   |   254:52:09   |
311050      |       -56746.1   |         -56523   |       -223.115   |   162:07:22   |   254:50:46   |
311100      |       -56758.6   |       -56526.8   |       -231.795   |   162:09:03   |   254:49:24   |
311150      |       -56752.6   |       -56523.8   |       -228.735   |   162:10:43   |   254:47:59   |
311200      |       -56749.4   |       -56542.2   |       -207.171   |   162:12:24   |   254:46:37   |
311250      |       -56788.6   |       -56554.7   |       -233.877   |   162:14:03   |   254:45:11   |
311300      |       -56817.7   |       -56536.3   |       -281.433   |   162:15:48   |   254:43:55   |
311350      |       -56754.9   |       -56535.2   |       -219.765   |   162:17:30   |   254:42:34   |
311400      |       -56740.2   |       -56528.2   |       -212.061   |   162:19:16   |   254:41:19   |
311450      |       -56761.9   |       -56527.9   |       -233.961   |   162:21:02   |   254:40:04   |
311500      |       -56780.1   |         -56521   |       -259.093   |   162:22:45   |   254:38:45   |
311550      |       -56776.9   |       -56521.8   |       -255.066   |   162:24:27   |   254:37:24   |
311600      |       -56800.5   |         -56520   |       -280.463   |   162:26:04   |   254:35:55   |
311650      |       -56770.8   |       -56521.8   |        -249.01   |   162:27:44   |   254:34:31   |
311700      |       -56787.3   |       -56538.5   |       -248.881   |   162:29:18   |   254:32:57   |
311750      |       -56760.3   |       -56537.2   |       -223.089   |   162:30:54   |   254:31:27   |
311800      |         -56748   |       -56532.3   |       -215.677   |   162:32:30   |   254:29:57   |
311850      |       -56749.7   |       -56523.1   |       -226.634   |   162:34:09   |   254:28:31   |
311900      |       -56772.8   |         -56516   |       -256.787   |   162:35:54   |   254:27:14   |
311950      |       -56822.7   |       -56521.1   |       -301.604   |   162:37:37   |   254:25:55   |


Iter        |      Posterior   |     Likelihood   |          Prior   |    elapsed   |        ETA   |
----------------------------------------------------------------------------------------------------
312000      |       -56764.7   |       -56521.4   |       -243.323   |   162:39:15   |   254:24:28   |
312050      |       -56815.5   |       -56540.8   |       -274.662   |   162:40:51   |   254:22:57   |
312100      |       -56757.7   |       -56518.7   |       -239.009   |   162:42:26   |   254:21:25   |
312150      |       -56781.4   |         -56534   |       -247.459   |   162:44:00   |   254:19:52   |
312200      |         -56776   |       -56534.9   |       -241.105   |   162:45:35   |   254:18:19   |
312250      |       -56733.3   |         -56517   |       -216.292   |   162:47:14   |   254:16:54   |
312300      |       -56753.1   |         -56529   |       -224.091   |   162:48:50   |   254:15:23   |
312350      |       -56831.9   |       -56540.8   |       -291.158   |   162:50:29   |   254:13:57   |
312400      |       -56787.1   |       -56531.4   |        -255.78   |   162:52:09   |   254:12:33   |
312450      |       -56797.2   |       -56526.2   |       -271.086   |   162:53:48   |   254:11:07   |
312500      |       -56782.6   |       -56512.2   |       -270.489   |   162:55:29   |   254:09:45   |
312550      |       -56742.8   |         -56508   |       -234.834   |   162:57:05   |   254:08:14   |
312600      |       -56779.2   |       -56525.3   |       -253.896   |   162:58:41   |   254:06:44   |
312650      |       -56785.7   |       -56511.3   |       -274.438   |   163:00:18   |   254:05:15   |
312700      |       -56796.8   |       -56513.9   |       -282.931   |   163:01:57   |   254:03:49   |
312750      |         -56752   |       -56498.9   |       -253.174   |   163:03:38   |   254:02:26   |
312800      |       -56771.3   |       -56535.7   |       -235.638   |   163:05:19   |   254:01:04   |
312850      |       -56747.1   |       -56514.5   |       -232.636   |   163:06:54   |   253:59:32   |
312900      |       -56769.5   |       -56534.1   |       -235.407   |   163:08:32   |   253:58:04   |
312950      |         -56807   |       -56537.4   |       -269.645   |   163:10:06   |   253:56:31   |


Iter        |      Posterior   |     Likelihood   |          Prior   |    elapsed   |        ETA   |
----------------------------------------------------------------------------------------------------
313000      |         -56780   |       -56538.1   |        -241.92   |   163:11:42   |   253:55:00   |
313050      |         -56762   |       -56538.8   |       -223.197   |   163:13:22   |   253:53:36   |
313100      |       -56782.5   |       -56538.3   |         -244.2   |   163:15:02   |   253:52:11   |
313150      |       -56796.8   |       -56536.7   |       -260.156   |   163:16:39   |   253:50:43   |
313200      |       -56775.8   |       -56532.7   |       -243.124   |   163:18:17   |   253:49:15   |
313250      |       -56778.2   |         -56517   |       -261.204   |   163:19:54   |   253:47:46   |
313300      |       -56765.1   |       -56530.2   |       -234.936   |   163:21:28   |   253:46:13   |
313350      |       -56800.3   |       -56536.7   |       -263.594   |   163:23:05   |   253:44:44   |
313400      |       -56779.2   |       -56526.2   |        -252.97   |   163:24:40   |   253:43:11   |
313450      |       -56758.9   |       -56519.5   |       -239.444   |   163:26:15   |   253:41:39   |
313500      |       -56794.6   |       -56508.4   |       -286.217   |   163:27:51   |   253:40:09   |
313550      |       -56728.3   |         -56508   |        -220.26   |   163:29:29   |   253:38:41   |
313600      |         -56791   |       -56524.5   |       -266.538   |   163:31:08   |   253:37:16   |
313650      |         -56763   |       -56527.1   |       -235.884   |   163:32:54   |   253:36:01   |
313700      |       -56755.1   |       -56529.9   |       -225.159   |   163:34:36   |   253:34:39   |
313750      |       -56767.5   |       -56525.9   |       -241.688   |   163:36:17   |   253:33:17   |
313800      |       -56757.9   |       -56529.3   |       -228.568   |   163:37:57   |   253:31:52   |
313850      |       -56757.8   |       -56533.9   |       -223.842   |   163:39:35   |   253:30:25   |
313900      |       -56817.7   |       -56528.7   |       -288.981   |   163:41:14   |   253:28:59   |
313950      |       -56770.4   |       -56528.3   |       -242.032   |   163:42:56   |   253:27:38   |


Iter        |      Posterior   |     Likelihood   |          Prior   |    elapsed   |        ETA   |
----------------------------------------------------------------------------------------------------
314000      |       -56725.1   |       -56529.5   |       -195.619   |   163:44:40   |   253:26:19   |
314050      |       -56793.5   |       -56542.1   |       -251.321   |   163:46:26   |   253:25:04   |
314100      |       -56776.3   |       -56524.9   |       -251.381   |   163:48:18   |   253:23:58   |
314150      |       -56777.3   |       -56531.4   |        -245.92   |   163:49:57   |   253:22:33   |
314200      |       -56768.1   |       -56527.6   |       -240.527   |   163:51:35   |   253:21:05   |
314250      |       -56742.7   |       -56531.3   |       -211.446   |   163:53:14   |   253:19:39   |
314300      |       -56764.2   |       -56528.8   |       -235.431   |   163:54:52   |   253:18:12   |
314350      |       -56741.9   |       -56533.6   |       -208.273   |   163:56:32   |   253:16:47   |
314400      |       -56757.6   |         -56517   |       -240.589   |   163:58:08   |   253:15:17   |
314450      |       -56748.3   |       -56516.7   |        -231.62   |   163:59:44   |   253:13:46   |
314500      |       -56782.5   |       -56522.2   |       -260.247   |   164:01:21   |   253:12:17   |
314550      |       -56758.7   |         -56515   |       -243.738   |   164:03:00   |   253:10:51   |
314600      |       -56782.9   |       -56527.7   |       -255.138   |   164:04:38   |   253:09:23   |
314650      |       -56746.5   |       -56529.7   |       -216.855   |   164:06:16   |   253:07:56   |
314700      |       -56786.3   |       -56521.8   |        -264.54   |   164:07:55   |   253:06:30   |
314750      |       -56723.7   |       -56523.4   |       -200.234   |   164:09:33   |   253:05:02   |
314800      |       -56760.5   |       -56539.4   |       -221.111   |   164:11:09   |   253:03:32   |
314850      |       -56784.1   |       -56552.7   |       -231.433   |   164:12:50   |   253:02:09   |
314900      |       -56761.5   |       -56546.1   |       -215.384   |   164:14:30   |   253:00:44   |
314950      |       -56779.3   |       -56532.6   |        -246.75   |   164:16:10   |   252:59:20   |


Iter        |      Posterior   |     Likelihood   |          Prior   |    elapsed   |        ETA   |
----------------------------------------------------------------------------------------------------
315000      |       -56773.4   |       -56522.5   |       -250.833   |   164:17:52   |   252:57:59   |
315050      |       -56764.4   |       -56527.1   |       -237.285   |   164:19:30   |   252:56:31   |
315100      |       -56801.2   |       -56527.5   |       -273.638   |   164:21:03   |   252:54:56   |
315150      |       -56748.4   |       -56529.7   |       -218.685   |   164:22:39   |   252:53:25   |
315200      |       -56767.1   |       -56530.3   |       -236.858   |   164:24:20   |   252:52:02   |
315250      |       -56763.1   |       -56511.8   |       -251.245   |   164:25:56   |   252:50:32   |
315300      |       -56719.6   |       -56526.2   |       -193.339   |   164:27:31   |   252:48:59   |
315350      |       -56785.7   |       -56531.1   |       -254.564   |   164:29:12   |   252:47:36   |
315400      |       -56759.6   |       -56529.3   |       -230.321   |   164:30:59   |   252:46:23   |
315450      |       -56749.9   |       -56522.2   |       -227.755   |   164:32:47   |   252:45:11   |
315500      |       -56762.4   |         -56529   |       -233.373   |   164:34:27   |   252:43:46   |
315550      |       -56766.3   |       -56518.5   |       -247.815   |   164:36:02   |   252:42:14   |
315600      |       -56742.5   |       -56526.5   |        -216.02   |   164:37:39   |   252:40:45   |
315650      |       -56786.5   |       -56533.3   |       -253.189   |   164:39:24   |   252:39:28   |
315700      |       -56764.9   |       -56538.9   |       -226.001   |   164:40:58   |   252:37:54   |
315750      |       -56750.1   |       -56536.9   |       -213.167   |   164:42:40   |   252:36:33   |
315800      |         -56758   |       -56524.8   |       -233.159   |   164:44:22   |   252:35:11   |
315850      |       -56751.1   |         -56525   |       -226.092   |   164:45:58   |   252:33:40   |
315900      |       -56746.7   |       -56528.8   |       -217.849   |   164:47:35   |   252:32:11   |
315950      |       -56769.7   |       -56526.8   |       -242.861   |   164:49:15   |   252:30:47   |


Iter        |      Posterior   |     Likelihood   |          Prior   |    elapsed   |        ETA   |
----------------------------------------------------------------------------------------------------
316000      |       -56795.3   |       -56526.3   |       -268.948   |   164:51:01   |   252:29:31   |
316050      |       -56712.9   |       -56513.4   |       -199.512   |   164:52:47   |   252:28:16   |
316100      |       -56747.1   |       -56515.1   |       -231.995   |   164:54:29   |   252:26:55   |
316150      |         -56745   |       -56529.8   |        -215.21   |   164:56:09   |   252:25:30   |
316200      |       -56734.6   |       -56512.8   |       -221.807   |   164:57:47   |   252:24:02   |
316250      |       -56752.3   |       -56519.4   |       -232.947   |   164:59:25   |   252:22:35   |
316300      |       -56738.3   |       -56520.6   |       -217.643   |   165:01:07   |   252:21:13   |
316350      |       -56728.1   |       -56514.6   |        -213.42   |   165:02:48   |   252:19:50   |
316400      |         -56776   |         -56509   |       -266.976   |   165:04:29   |   252:18:27   |
316450      |       -56733.1   |       -56518.7   |       -214.432   |   165:06:12   |   252:17:07   |
316500      |         -56742   |       -56513.3   |       -228.667   |   165:07:53   |   252:15:44   |
316550      |       -56734.2   |       -56526.5   |       -207.732   |   165:09:34   |   252:14:21   |
316600      |       -56761.1   |       -56525.1   |       -235.906   |   165:11:09   |   252:12:49   |
316650      |       -56751.2   |       -56535.2   |       -215.961   |   165:12:46   |   252:11:19   |
316700      |       -56705.5   |       -56515.1   |       -190.435   |   165:14:23   |   252:09:50   |
316750      |       -56750.8   |       -56511.6   |       -239.263   |   165:16:00   |   252:08:21   |
316800      |       -56765.3   |       -56524.3   |       -241.022   |   165:17:39   |   252:06:55   |
316850      |       -56785.6   |         -56529   |       -256.597   |   165:19:15   |   252:05:24   |
316900      |       -56742.9   |       -56528.4   |       -214.485   |   165:20:50   |   252:03:52   |
316950      |       -56759.1   |       -56535.3   |       -223.788   |   165:22:24   |   252:02:18   |


Iter        |      Posterior   |     Likelihood   |          Prior   |    elapsed   |        ETA   |
----------------------------------------------------------------------------------------------------
317000      |       -56764.1   |       -56528.4   |       -235.763   |   165:24:00   |   252:00:47   |
317050      |       -56816.4   |       -56529.1   |       -287.252   |   165:25:35   |   251:59:15   |
317100      |       -56800.3   |       -56522.6   |       -277.736   |   165:27:09   |   251:57:41   |
317150      |       -56780.8   |       -56520.1   |         -260.7   |   165:28:45   |   251:56:10   |
317200      |       -56770.4   |       -56510.6   |       -259.729   |   165:30:21   |   251:54:40   |
317250      |       -56754.6   |       -56512.2   |       -242.431   |   165:31:59   |   251:53:12   |
317300      |       -56792.5   |         -56516   |       -276.525   |   165:33:41   |   251:51:50   |
317350      |       -56766.1   |         -56520   |       -246.095   |   165:35:20   |   251:50:24   |
317400      |       -56758.4   |       -56529.1   |       -229.298   |   165:36:56   |   251:48:53   |
317450      |       -56777.1   |       -56519.2   |       -257.888   |   165:38:29   |   251:47:18   |
317500      |       -56755.9   |       -56525.1   |       -230.858   |   165:40:08   |   251:45:52   |
317550      |       -56789.9   |       -56524.3   |       -265.571   |   165:41:46   |   251:44:24   |
317600      |       -56767.1   |       -56515.9   |       -251.179   |   165:43:21   |   251:42:52   |
317650      |       -56765.3   |       -56514.9   |       -250.428   |   165:44:58   |   251:41:23   |
317700      |       -56766.9   |       -56517.3   |       -249.532   |   165:46:37   |   251:39:56   |
317750      |       -56808.4   |       -56534.6   |       -273.775   |   165:48:11   |   251:38:23   |
317800      |       -56746.6   |       -56517.5   |       -229.098   |   165:49:47   |   251:36:52   |
317850      |         -56782   |       -56520.5   |       -261.469   |   165:51:25   |   251:35:24   |
317900      |       -56770.1   |       -56524.5   |       -245.646   |   165:53:01   |   251:33:53   |
317950      |       -56806.4   |       -56525.1   |       -281.285   |   165:54:37   |   251:32:22   |


Iter        |      Posterior   |     Likelihood   |          Prior   |    elapsed   |        ETA   |
----------------------------------------------------------------------------------------------------
318000      |         -56793   |       -56523.5   |       -269.495   |   165:56:13   |   251:30:52   |
318050      |       -56756.6   |       -56522.4   |       -234.203   |   165:57:49   |   251:29:21   |
318100      |       -56755.2   |       -56509.3   |       -245.938   |   165:59:28   |   251:27:55   |
318150      |       -56767.9   |       -56514.8   |       -253.097   |   166:01:06   |   251:26:27   |
318200      |         -56694   |       -56503.3   |       -190.719   |   166:02:39   |   251:24:52   |
318250      |       -56722.7   |       -56511.1   |       -211.536   |   166:04:12   |   251:23:16   |
318300      |       -56785.8   |       -56516.1   |       -269.653   |   166:05:43   |   251:21:38   |
318350      |       -56749.2   |       -56505.3   |       -243.938   |   166:07:14   |   251:19:59   |
318400      |       -56773.1   |       -56508.9   |       -264.165   |   166:08:44   |   251:18:20   |
318450      |       -56761.8   |       -56525.9   |       -235.954   |   166:10:21   |   251:16:50   |
318500      |       -56780.2   |       -56520.5   |       -259.689   |   166:11:54   |   251:15:15   |
318550      |       -56783.7   |       -56529.1   |       -254.596   |   166:13:31   |   251:13:46   |
318600      |       -56738.6   |       -56514.5   |       -224.054   |   166:15:12   |   251:12:22   |
318650      |       -56806.8   |       -56521.6   |       -285.195   |   166:16:49   |   251:10:53   |
318700      |       -56737.2   |       -56500.2   |       -236.978   |   166:18:26   |   251:09:24   |
318750      |       -56744.6   |       -56515.8   |       -228.725   |   166:20:02   |   251:07:53   |
318800      |         -56735   |       -56514.8   |       -220.216   |   166:21:38   |   251:06:22   |
318850      |       -56727.9   |       -56518.7   |       -209.124   |   166:23:15   |   251:04:53   |
318900      |       -56749.2   |       -56539.4   |       -209.793   |   166:24:52   |   251:03:24   |
318950      |       -56739.2   |       -56528.1   |       -211.018   |   166:26:29   |   251:01:54   |


Iter        |      Posterior   |     Likelihood   |          Prior   |    elapsed   |        ETA   |
----------------------------------------------------------------------------------------------------
319000      |       -56758.6   |       -56540.8   |       -217.756   |   166:28:04   |   251:00:22   |
319050      |       -56754.3   |       -56552.1   |       -202.123   |   166:29:41   |   250:58:53   |
319100      |         -56814   |       -56539.6   |       -274.421   |   166:31:19   |   250:57:25   |
319150      |       -56751.5   |       -56539.9   |       -211.611   |   166:32:53   |   250:55:51   |
319200      |       -56721.4   |       -56509.4   |       -211.969   |   166:34:27   |   250:54:17   |
319250      |       -56776.8   |       -56523.1   |        -253.67   |   166:36:03   |   250:52:46   |
319300      |       -56761.8   |       -56536.2   |       -225.617   |   166:37:39   |   250:51:16   |
319350      |       -56763.4   |       -56526.7   |       -236.709   |   166:39:15   |   250:49:45   |
319400      |       -56754.2   |       -56519.2   |       -234.949   |   166:40:51   |   250:48:14   |
319450      |       -56756.6   |       -56524.5   |       -232.121   |   166:42:28   |   250:46:45   |
319500      |       -56799.5   |       -56538.1   |       -261.352   |   166:44:08   |   250:45:20   |
319550      |       -56771.2   |       -56520.7   |       -250.549   |   166:45:52   |   250:44:01   |
319600      |       -56789.7   |       -56523.2   |       -266.442   |   166:47:26   |   250:42:27   |
319650      |       -56739.4   |       -56518.9   |         -220.5   |   166:49:01   |   250:40:55   |
319700      |       -56763.8   |       -56517.8   |        -246.05   |   166:50:34   |   250:39:20   |
319750      |       -56771.8   |       -56535.7   |       -236.111   |   166:52:07   |   250:37:44   |
319800      |       -56768.6   |       -56534.2   |       -234.406   |   166:53:39   |   250:36:07   |
319850      |         -56776   |       -56527.3   |       -248.736   |   166:55:09   |   250:34:28   |
319900      |       -56772.3   |       -56514.8   |       -257.462   |   166:56:42   |   250:32:52   |
319950      |       -56757.2   |       -56524.5   |       -232.627   |   166:58:19   |   250:31:23   |


Iter        |      Posterior   |     Likelihood   |          Prior   |    elapsed   |        ETA   |
----------------------------------------------------------------------------------------------------
320000      |       -56742.7   |       -56523.2   |         -219.5   |   166:59:55   |   250:29:52   |
320050      |       -56766.8   |       -56534.5   |       -232.252   |   167:01:34   |   250:28:26   |
320100      |       -56753.8   |       -56549.9   |       -203.906   |   167:03:07   |   250:26:50   |
320150      |       -56756.8   |       -56548.6   |       -208.157   |   167:04:37   |   250:25:10   |
320200      |       -56758.5   |       -56536.5   |       -222.024   |   167:06:10   |   250:23:35   |
320250      |       -56787.8   |       -56526.8   |       -260.966   |   167:07:46   |   250:22:04   |
320300      |       -56752.7   |       -56533.2   |       -219.546   |   167:09:23   |   250:20:35   |
320350      |       -56744.2   |         -56537   |       -207.174   |   167:10:59   |   250:19:04   |
320400      |       -56772.6   |       -56521.4   |       -251.215   |   167:12:34   |   250:17:32   |
320450      |       -56772.6   |       -56533.3   |       -239.313   |   167:14:11   |   250:16:02   |
320500      |       -56748.2   |       -56541.9   |       -206.248   |   167:15:45   |   250:14:29   |
320550      |       -56754.7   |         -56521   |       -233.702   |   167:17:19   |   250:12:55   |
320600      |       -56769.5   |       -56522.2   |       -247.327   |   167:18:52   |   250:11:19   |
320650      |       -56751.8   |         -56536   |       -215.794   |   167:20:30   |   250:09:51   |
320700      |       -56753.9   |       -56532.6   |       -221.273   |   167:22:08   |   250:08:24   |
320750      |       -56783.3   |       -56525.3   |       -257.948   |   167:23:43   |   250:06:51   |
320800      |       -56773.9   |       -56531.3   |       -242.563   |   167:25:21   |   250:05:23   |
320850      |       -56775.5   |       -56525.7   |       -249.814   |   167:27:00   |   250:03:57   |
320900      |       -56726.6   |       -56508.4   |       -218.223   |   167:28:38   |   250:02:29   |
320950      |       -56783.4   |       -56529.4   |       -254.044   |   167:30:15   |   250:01:00   |


Iter        |      Posterior   |     Likelihood   |          Prior   |    elapsed   |        ETA   |
----------------------------------------------------------------------------------------------------
321000      |       -56718.4   |       -56526.8   |        -191.59   |   167:31:50   |   249:59:27   |
321050      |       -56721.7   |       -56516.9   |       -204.758   |   167:33:30   |   249:58:02   |
321100      |       -56772.6   |       -56514.7   |       -257.867   |   167:35:12   |   249:56:41   |
321150      |       -56744.8   |       -56533.6   |       -211.261   |   167:36:44   |   249:55:04   |
321200      |       -56755.5   |       -56519.9   |       -235.654   |   167:38:21   |   249:53:34   |
321250      |       -56770.2   |       -56523.5   |       -246.631   |   167:40:02   |   249:52:11   |
321300      |       -56772.7   |         -56529   |       -243.764   |   167:41:46   |   249:50:52   |
321350      |       -56768.6   |       -56527.9   |       -240.705   |   167:43:27   |   249:49:28   |
321400      |         -56784   |       -56510.9   |       -273.019   |   167:45:09   |   249:48:07   |
321450      |       -56757.5   |       -56508.1   |       -249.432   |   167:46:47   |   249:46:39   |
321500      |       -56752.6   |       -56508.8   |       -243.806   |   167:48:24   |   249:45:09   |
321550      |       -56748.8   |         -56519   |       -229.794   |   167:49:59   |   249:43:37   |
321600      |       -56763.4   |       -56526.3   |       -237.046   |   167:51:30   |   249:41:58   |
321650      |       -56789.5   |       -56535.2   |       -254.372   |   167:53:09   |   249:40:32   |
321700      |       -56740.5   |       -56529.2   |       -211.308   |   167:54:48   |   249:39:06   |
321750      |       -56765.3   |       -56536.4   |       -228.878   |   167:56:25   |   249:37:36   |
321800      |         -56780   |       -56525.8   |       -254.203   |   167:58:01   |   249:36:05   |
321850      |       -56741.7   |       -56526.4   |       -215.374   |   167:59:41   |   249:34:40   |


Job 16490015 completed at Wed Dec 31 11:43:27 CET 2025
