Starting job 16490074 on c5-60 on Saga at Wed Dec 24 13:10:51 CET 2025


RevBayes version (1.1.1)
Build from  () on Fri May  5 01:48:14 PM CEST 2023

Visit the website www.RevBayes.com for more information about RevBayes.

RevBayes is free software released under the GPL license, version 3. Type 'license()' for details.

To quit RevBayes type 'quit()' or 'q()'.


> source("scripts/mcmc_CEFBDRP_Ranges_rhinos.Rev")
   Processing file "scripts/mcmc_CEFBDRP_Ranges_rhinos.Rev"
   Successfully read one character matrix from file 'data/rrna.nex'
   Successfully read one character matrix from file 'data/coding_1.nex'
   Successfully read one character matrix from file 'data/coding_2.nex'
   Successfully read one character matrix from file 'data/coding_3.nex'
   Successfully read one character matrix from file 'data/character_matrix_RB_rhinos.nex'
   Processing file "scripts/model_FBDRP_rhinos.Rev"
   Processing of file "scripts/model_FBDRP_rhinos.Rev" completed
   Processing file "scripts/model_UCLN_rhinos.Rev"
   Processing of file "scripts/model_UCLN_rhinos.Rev" completed
   Processing file "scripts/model_GTRG_rhinos.Rev"
   Processing of file "scripts/model_GTRG_rhinos.Rev" completed
   Processing file "scripts/model_Morph_rhinos.Rev"
   NOTE: setNumStatesPartition() partitions by the maximum observed state, not the total number of observed states.
   NOTE: setNumStatesPartition() partitions by the maximum observed state, not the total number of observed states.
   NOTE: setNumStatesPartition() partitions by the maximum observed state, not the total number of observed states.
   Processing of file "scripts/model_Morph_rhinos.Rev" completed

   Running MCMC simulation
   This simulation runs 1 independent replicate.
   The simulator uses 422 different moves in a random move schedule with 527 moves per iteration

Iter        |      Posterior   |     Likelihood   |          Prior   |    elapsed   |        ETA   |
----------------------------------------------------------------------------------------------------
0           |       -90208.8   |       -89595.1   |       -613.772   |   00:00:00   |   --:--:--   |
50          |       -59021.7   |       -58605.2   |       -416.567   |   00:01:22   |   --:--:--   |
100         |       -58633.2   |       -58211.7   |        -421.44   |   00:02:41   |   357:43:59   |
150         |       -57995.7   |       -57560.7   |       -434.963   |   00:04:01   |   356:58:12   |
200         |       -57607.1   |       -57174.2   |       -432.921   |   00:05:21   |   356:34:39   |
250         |       -57360.5   |       -56997.7   |       -362.815   |   00:06:45   |   359:53:15   |
300         |       -57264.6   |       -56867.1   |       -397.595   |   00:08:07   |   360:36:19   |
350         |       -57164.7   |       -56802.4   |       -362.291   |   00:09:28   |   360:28:37   |
400         |       -56940.5   |       -56633.3   |       -307.178   |   00:10:47   |   359:15:53   |
450         |       -56898.6   |       -56591.7   |       -306.834   |   00:12:04   |   357:19:47   |
500         |       -56879.7   |       -56584.9   |       -294.857   |   00:13:30   |   359:46:30   |
550         |       -56819.6   |       -56556.6   |       -263.008   |   00:14:57   |   362:10:30   |
600         |       -56781.8   |       -56485.9   |       -295.991   |   00:16:20   |   362:41:26   |
650         |       -56740.5   |       -56477.6   |       -262.847   |   00:17:46   |   364:08:54   |
700         |         -56769   |       -56464.4   |       -304.679   |   00:19:09   |   364:26:33   |
750         |       -56711.4   |       -56451.7   |       -259.749   |   00:20:31   |   364:23:55   |
800         |       -56723.8   |       -56455.6   |       -268.131   |   00:21:57   |   365:28:03   |
850         |       -56673.5   |       -56433.9   |       -239.623   |   00:23:21   |   365:53:07   |
900         |       -56641.4   |       -56436.3   |       -205.104   |   00:24:44   |   366:00:27   |
950         |       -56710.2   |       -56441.1   |       -269.076   |   00:26:10   |   366:48:55   |


Iter        |      Posterior   |     Likelihood   |          Prior   |    elapsed   |        ETA   |
----------------------------------------------------------------------------------------------------
1000        |       -56704.7   |       -56460.6   |       -244.123   |   00:27:42   |   368:52:18   |
1050        |       -56707.8   |       -56437.5   |       -270.375   |   00:29:09   |   369:40:22   |
1100        |       -56695.7   |       -56436.5   |         -259.2   |   00:30:43   |   371:48:40   |
1150        |         -56710   |       -56436.6   |       -273.368   |   00:32:12   |   372:47:48   |
1200        |       -56689.7   |       -56435.9   |       -253.735   |   00:33:43   |   374:04:03   |
1250        |       -56720.3   |       -56429.9   |       -290.473   |   00:35:08   |   374:10:12   |
1300        |       -56701.7   |       -56448.4   |       -253.262   |   00:36:35   |   374:36:14   |
1350        |       -56697.7   |       -56433.9   |       -263.791   |   00:37:57   |   374:10:56   |
1400        |       -56677.5   |       -56436.7   |       -240.785   |   00:39:21   |   374:06:21   |
1450        |       -56700.1   |       -56438.1   |       -261.938   |   00:40:45   |   374:02:00   |
1500        |       -56698.2   |       -56428.1   |       -270.096   |   00:42:13   |   374:33:20   |
1550        |       -56713.8   |       -56425.8   |       -288.005   |   00:43:40   |   374:53:58   |
1600        |       -56709.1   |       -56440.4   |       -268.682   |   00:45:12   |   375:54:48   |
1650        |       -56698.7   |       -56427.3   |       -271.415   |   00:46:37   |   375:55:24   |
1700        |       -56695.1   |       -56454.9   |       -240.167   |   00:48:03   |   376:03:42   |
1750        |       -56649.8   |       -56428.9   |       -220.945   |   00:49:30   |   376:19:04   |
1800        |       -56677.2   |       -56429.5   |       -247.716   |   00:50:59   |   376:48:16   |
1850        |       -56654.2   |       -56427.7   |       -226.515   |   00:52:25   |   376:54:15   |
1900        |       -56636.5   |       -56428.5   |       -207.933   |   00:53:54   |   377:20:50   |
1950        |       -56650.3   |       -56421.3   |       -229.034   |   00:55:24   |   377:52:48   |


Iter        |      Posterior   |     Likelihood   |          Prior   |    elapsed   |        ETA   |
----------------------------------------------------------------------------------------------------
2000        |       -56697.6   |       -56446.2   |       -251.397   |   00:56:56   |   378:36:24   |
2050        |       -56675.2   |       -56415.2   |       -260.009   |   00:58:26   |   379:04:49   |
2100        |       -56731.8   |       -56433.8   |       -298.055   |   00:59:55   |   379:25:28   |
2150        |       -56710.2   |         -56434   |       -276.171   |   01:01:23   |   379:38:55   |
2200        |       -56680.4   |       -56419.8   |        -260.69   |   01:02:48   |   379:33:33   |
2250        |         -56690   |       -56427.9   |       -262.111   |   01:04:15   |   379:40:11   |
2300        |       -56682.1   |       -56434.3   |       -247.786   |   01:05:42   |   379:46:28   |
2350        |       -56691.9   |       -56430.2   |       -261.705   |   01:07:12   |   380:09:23   |
2400        |         -56686   |       -56427.4   |       -258.563   |   01:08:36   |   379:58:04   |
2450        |       -56653.3   |       -56445.7   |       -207.588   |   01:10:03   |   380:03:25   |
2500        |       -56619.4   |       -56436.4   |       -183.014   |   01:11:30   |   380:08:30   |
2550        |       -56677.3   |       -56440.3   |       -236.928   |   01:12:58   |   380:18:32   |
2600        |       -56665.5   |       -56445.8   |       -219.615   |   01:14:25   |   380:23:01   |
2650        |       -56710.8   |       -56440.2   |        -270.67   |   01:15:51   |   380:22:15   |
2700        |       -56683.5   |       -56433.4   |       -250.083   |   01:17:17   |   380:21:28   |
2750        |       -56658.7   |       -56431.8   |       -226.911   |   01:18:44   |   380:25:30   |
2800        |       -56715.8   |       -56444.1   |       -271.707   |   01:20:10   |   380:24:35   |
2850        |       -56719.8   |       -56440.4   |       -279.398   |   01:21:38   |   380:32:59   |
2900        |       -56691.3   |       -56442.7   |       -248.578   |   01:23:05   |   380:36:27   |
2950        |       -56691.1   |         -56434   |       -257.086   |   01:24:30   |   380:30:45   |


Iter        |      Posterior   |     Likelihood   |          Prior   |    elapsed   |        ETA   |
----------------------------------------------------------------------------------------------------
3000        |       -56697.7   |       -56438.4   |       -259.335   |   01:25:55   |   380:25:11   |
3050        |       -56680.7   |       -56437.8   |       -242.873   |   01:27:18   |   380:11:03   |
3100        |       -56692.8   |       -56435.8   |           -257   |   01:28:42   |   380:01:37   |
3150        |       -56648.7   |       -56423.6   |       -225.073   |   01:30:09   |   380:05:05   |
3200        |       -56660.8   |       -56437.1   |       -223.625   |   01:31:41   |   380:29:09   |
3250        |       -56683.4   |         -56427   |       -256.373   |   01:33:11   |   380:44:15   |
3300        |       -56723.9   |       -56448.6   |       -275.291   |   01:34:38   |   380:46:46   |
3350        |       -56691.4   |       -56441.6   |       -249.803   |   01:36:05   |   380:49:11   |
3400        |       -56673.9   |       -56439.6   |        -234.32   |   01:37:39   |   381:18:49   |
3450        |       -56747.3   |         -56448   |       -299.296   |   01:39:12   |   381:43:41   |
3500        |       -56687.8   |       -56440.2   |       -247.637   |   01:40:36   |   381:33:41   |
3550        |       -56660.4   |       -56418.6   |       -241.827   |   01:42:06   |   381:46:21   |
3600        |         -56674   |       -56427.7   |       -246.278   |   01:43:35   |   381:54:56   |
3650        |       -56682.3   |       -56425.5   |       -256.811   |   01:45:05   |   382:06:52   |
3700        |       -56701.4   |       -56431.1   |       -270.293   |   01:46:33   |   382:11:17   |
3750        |       -56697.9   |       -56448.4   |       -249.514   |   01:48:04   |   382:26:09   |
3800        |       -56721.4   |       -56451.4   |       -269.942   |   01:49:30   |   382:23:07   |
3850        |       -56677.2   |       -56443.6   |       -233.647   |   01:51:02   |   382:40:49   |
3900        |       -56718.1   |       -56445.7   |       -272.454   |   01:52:35   |   383:01:26   |
3950        |       -56675.5   |       -56441.5   |       -234.042   |   01:54:07   |   383:18:07   |


Iter        |      Posterior   |     Likelihood   |          Prior   |    elapsed   |        ETA   |
----------------------------------------------------------------------------------------------------
4000        |       -56703.4   |       -56413.3   |       -290.059   |   01:55:34   |   383:17:46   |
4050        |       -56701.1   |         -56441   |       -260.083   |   01:57:01   |   383:17:23   |
4100        |       -56674.9   |       -56436.8   |       -238.067   |   01:58:36   |   383:42:51   |
4150        |       -56679.9   |       -56430.8   |       -249.088   |   02:00:10   |   384:04:29   |
4200        |       -56686.6   |       -56445.8   |       -240.805   |   02:01:43   |   384:22:24   |
4250        |       -56734.9   |       -56444.9   |       -289.989   |   02:03:15   |   384:36:45   |
4300        |       -56660.6   |       -56435.4   |       -225.225   |   02:04:47   |   384:50:43   |
4350        |       -56725.8   |       -56432.6   |       -293.223   |   02:06:23   |   385:16:31   |
4400        |         -56757   |       -56435.6   |       -321.415   |   02:07:52   |   385:20:37   |
4450        |       -56688.5   |       -56438.2   |       -250.352   |   02:09:21   |   385:24:34   |
4500        |       -56734.2   |       -56436.6   |       -297.624   |   02:10:52   |   385:34:19   |
4550        |       -56707.1   |       -56423.7   |       -283.383   |   02:12:26   |   385:52:32   |
4600        |       -56710.3   |       -56440.6   |       -269.676   |   02:14:00   |   386:10:20   |
4650        |       -56705.7   |       -56433.8   |       -271.917   |   02:15:34   |   386:27:43   |
4700        |       -56703.7   |       -56421.2   |       -282.465   |   02:17:10   |   386:50:21   |
4750        |       -56761.6   |       -56458.2   |       -303.433   |   02:18:48   |   387:18:02   |
4800        |       -56696.6   |       -56446.5   |       -250.086   |   02:20:24   |   387:39:36   |
4850        |       -56685.2   |       -56443.1   |       -242.132   |   02:21:58   |   387:55:12   |
4900        |       -56698.4   |       -56430.9   |       -267.538   |   02:23:33   |   388:13:11   |
4950        |       -56686.9   |       -56428.1   |       -258.871   |   02:25:08   |   388:30:45   |


Iter        |      Posterior   |     Likelihood   |          Prior   |    elapsed   |        ETA   |
----------------------------------------------------------------------------------------------------
5000        |       -56701.4   |       -56424.5   |       -276.882   |   02:26:44   |   388:50:36   |
5050        |         -56697   |         -56436   |       -261.008   |   02:28:14   |   388:54:16   |
5100        |         -56685   |         -56439   |       -246.023   |   02:29:43   |   388:55:15   |
5150        |       -56710.9   |       -56434.5   |       -276.395   |   02:31:15   |   389:03:53   |
5200        |       -56693.1   |       -56446.2   |       -246.879   |   02:32:47   |   389:12:20   |
5250        |       -56670.1   |       -56422.6   |       -247.509   |   02:34:17   |   389:15:33   |
5300        |       -56685.8   |       -56440.2   |       -245.508   |   02:35:50   |   389:26:10   |
5350        |       -56703.8   |         -56436   |       -267.792   |   02:37:19   |   389:26:40   |
5400        |       -56671.8   |       -56448.7   |       -223.112   |   02:38:46   |   389:22:13   |
5450        |       -56722.9   |       -56450.5   |       -272.473   |   02:40:15   |   389:22:41   |
5500        |       -56700.4   |       -56438.6   |       -261.818   |   02:41:44   |   389:23:06   |
5550        |       -56745.9   |       -56452.7   |       -293.215   |   02:43:15   |   389:28:16   |
5600        |         -56736   |       -56440.4   |       -295.556   |   02:44:49   |   389:40:25   |
5650        |         -56708   |       -56447.2   |       -260.838   |   02:46:19   |   389:42:56   |
5700        |       -56711.5   |       -56444.5   |       -266.972   |   02:47:53   |   389:54:41   |
5750        |       -56734.7   |       -56465.4   |       -269.347   |   02:49:26   |   390:03:54   |
5800        |         -56700   |       -56457.6   |       -242.386   |   02:50:57   |   390:08:21   |
5850        |       -56690.7   |       -56462.4   |       -228.354   |   02:52:31   |   390:19:30   |
5900        |       -56712.1   |       -56442.9   |       -269.264   |   02:54:01   |   390:21:27   |
5950        |       -56687.8   |         -56444   |       -243.754   |   02:55:29   |   390:18:54   |


Iter        |      Posterior   |     Likelihood   |          Prior   |    elapsed   |        ETA   |
----------------------------------------------------------------------------------------------------
6000        |       -56674.8   |       -56439.1   |       -235.649   |   02:57:03   |   390:29:37   |
6050        |       -56681.7   |       -56447.1   |       -234.615   |   02:58:37   |   390:40:06   |
6100        |       -56685.8   |       -56440.3   |       -245.524   |   03:00:07   |   390:41:44   |
6150        |       -56729.7   |       -56434.3   |       -295.457   |   03:01:37   |   390:43:18   |
6200        |       -56710.2   |       -56455.8   |       -254.346   |   03:03:10   |   390:51:14   |
6250        |       -56718.1   |       -56442.1   |       -275.912   |   03:04:51   |   391:15:57   |
6300        |         -56678   |       -56455.3   |       -222.733   |   03:06:26   |   391:27:38   |
6350        |       -56698.9   |       -56449.6   |       -249.374   |   03:07:55   |   391:26:37   |
6400        |       -56670.7   |       -56436.8   |       -233.932   |   03:09:22   |   391:21:28   |
6450        |         -56679   |       -56442.4   |       -236.533   |   03:10:49   |   391:16:22   |
6500        |       -56735.4   |       -56464.7   |       -270.608   |   03:12:18   |   391:15:23   |
6550        |       -56685.4   |       -56458.7   |        -226.71   |   03:13:48   |   391:16:25   |
6600        |       -56735.3   |       -56437.9   |       -297.412   |   03:15:20   |   391:21:26   |
6650        |       -56721.9   |       -56451.9   |       -269.985   |   03:16:50   |   391:22:21   |
6700        |       -56766.4   |       -56447.5   |       -318.892   |   03:18:23   |   391:29:10   |
6750        |       -56725.4   |       -56459.1   |        -266.29   |   03:19:54   |   391:31:57   |
6800        |       -56734.1   |       -56446.1   |       -287.919   |   03:21:27   |   391:38:33   |
6850        |       -56712.8   |       -56454.7   |       -258.126   |   03:22:55   |   391:35:22   |
6900        |       -56756.6   |       -56446.3   |       -310.345   |   03:24:26   |   391:37:58   |
6950        |       -56709.2   |       -56447.2   |       -262.057   |   03:25:55   |   391:36:43   |


Iter        |      Posterior   |     Likelihood   |          Prior   |    elapsed   |        ETA   |
----------------------------------------------------------------------------------------------------
7000        |       -56761.9   |       -56449.2   |       -312.709   |   03:27:26   |   391:39:13   |
7050        |       -56706.8   |         -56451   |         -255.8   |   03:28:56   |   391:39:48   |
7100        |       -56724.3   |       -56463.9   |       -260.393   |   03:30:27   |   391:42:13   |
7150        |       -56720.1   |       -56451.8   |       -268.235   |   03:31:59   |   391:46:25   |
7200        |       -56703.7   |       -56440.2   |       -263.582   |   03:33:27   |   391:43:13   |
7250        |       -56729.2   |       -56458.9   |       -270.368   |   03:34:58   |   391:45:29   |
7300        |       -56749.1   |         -56472   |       -277.035   |   03:36:29   |   391:47:43   |
7350        |       -56710.5   |       -56458.1   |       -252.413   |   03:38:02   |   391:53:29   |
7400        |       -56782.5   |       -56472.7   |       -309.796   |   03:39:36   |   392:00:56   |
7450        |         -56735   |       -56446.3   |       -288.688   |   03:41:11   |   392:10:02   |
7500        |       -56715.4   |       -56466.6   |       -248.803   |   03:42:43   |   392:13:43   |
7550        |         -56738   |       -56460.1   |       -277.838   |   03:44:11   |   392:10:20   |
7600        |       -56690.5   |       -56464.8   |       -225.631   |   03:45:44   |   392:15:40   |
7650        |       -56720.6   |       -56461.6   |        -258.95   |   03:47:11   |   392:10:33   |
7700        |         -56682   |       -56454.1   |       -227.919   |   03:48:40   |   392:08:54   |
7750        |       -56751.9   |       -56476.7   |       -275.161   |   03:50:13   |   392:14:05   |
7800        |       -56685.3   |       -56472.8   |       -212.559   |   03:51:43   |   392:14:05   |
7850        |       -56778.3   |       -56472.4   |       -305.858   |   03:53:14   |   392:15:46   |
7900        |       -56755.3   |       -56466.3   |       -289.059   |   03:54:47   |   392:20:44   |
7950        |       -56731.6   |       -56479.6   |       -251.966   |   03:56:18   |   392:22:18   |


Iter        |      Posterior   |     Likelihood   |          Prior   |    elapsed   |        ETA   |
----------------------------------------------------------------------------------------------------
8000        |       -56737.7   |         -56474   |       -263.629   |   03:57:51   |   392:27:09   |
8050        |       -56717.9   |       -56470.3   |       -247.574   |   03:59:21   |   392:26:59   |
8100        |       -56734.2   |       -56500.1   |       -234.075   |   04:00:54   |   392:31:41   |
8150        |       -56740.6   |       -56465.1   |       -275.477   |   04:02:27   |   392:36:19   |
8200        |       -56780.7   |       -56467.8   |       -312.949   |   04:03:56   |   392:34:26   |
8250        |       -56719.7   |       -56476.3   |       -243.401   |   04:05:26   |   392:34:09   |
8300        |         -56701   |       -56466.7   |        -234.28   |   04:06:54   |   392:30:41   |
8350        |       -56701.4   |         -56462   |       -239.402   |   04:08:26   |   392:33:33   |
8400        |       -56735.9   |       -56481.4   |       -254.491   |   04:09:56   |   392:33:14   |
8450        |         -56696   |       -56474.3   |       -221.605   |   04:11:23   |   392:28:13   |
8500        |         -56698   |       -56479.8   |        -218.14   |   04:12:51   |   392:24:47   |
8550        |       -56723.3   |         -56463   |       -260.273   |   04:14:17   |   392:18:18   |
8600        |         -56719   |       -56472.6   |       -246.387   |   04:15:46   |   392:16:28   |
8650        |       -56760.8   |       -56476.7   |       -284.133   |   04:17:17   |   392:17:42   |
8700        |       -56782.3   |       -56477.9   |       -304.349   |   04:18:44   |   392:12:50   |
8750        |         -56706   |       -56472.2   |        -233.75   |   04:20:16   |   392:15:32   |
8800        |       -56747.4   |       -56468.1   |         -279.3   |   04:21:47   |   392:16:42   |
8850        |       -56688.1   |       -56470.9   |       -217.193   |   04:23:12   |   392:08:53   |
8900        |       -56709.4   |       -56468.1   |       -241.319   |   04:24:47   |   392:15:57   |
8950        |       -56697.6   |       -56475.1   |       -222.497   |   04:26:21   |   392:21:28   |


Iter        |      Posterior   |     Likelihood   |          Prior   |    elapsed   |        ETA   |
----------------------------------------------------------------------------------------------------
9000        |       -56695.7   |       -56459.7   |       -236.054   |   04:27:58   |   392:31:17   |
9050        |         -56748   |       -56467.4   |       -280.551   |   04:29:32   |   392:36:37   |
9100        |       -56726.5   |       -56452.9   |       -273.574   |   04:30:59   |   392:31:43   |
9150        |         -56694   |       -56460.9   |       -233.089   |   04:32:31   |   392:34:04   |
9200        |       -56698.3   |         -56462   |       -236.287   |   04:34:02   |   392:34:57   |
9250        |       -56655.4   |       -56466.3   |       -189.095   |   04:35:31   |   392:32:57   |
9300        |       -56722.5   |       -56470.1   |       -252.385   |   04:37:00   |   392:30:57   |
9350        |       -56716.2   |       -56470.1   |       -246.089   |   04:38:27   |   392:26:08   |
9400        |       -56759.3   |       -56484.9   |       -274.456   |   04:39:58   |   392:26:59   |
9450        |       -56707.7   |       -56467.5   |       -240.145   |   04:41:27   |   392:25:00   |
9500        |         -56740   |       -56458.3   |        -281.71   |   04:42:52   |   392:17:29   |
9550        |       -56708.6   |       -56483.7   |       -224.898   |   04:44:23   |   392:18:18   |
9600        |       -56799.3   |       -56473.7   |       -325.535   |   04:45:56   |   392:21:50   |
9650        |       -56742.4   |       -56472.6   |       -269.873   |   04:47:28   |   392:23:58   |
9700        |       -56692.9   |       -56461.2   |       -231.692   |   04:49:01   |   392:27:24   |
9750        |       -56750.5   |       -56465.9   |       -284.684   |   04:50:34   |   392:30:48   |
9800        |       -56726.5   |       -56466.1   |       -260.431   |   04:52:10   |   392:38:10   |
9850        |       -56701.9   |       -56473.7   |       -228.165   |   04:53:35   |   392:30:44   |
9900        |       -56684.4   |       -56460.1   |       -224.293   |   04:55:03   |   392:27:22   |
9950        |       -56710.7   |       -56477.8   |       -232.901   |   04:56:36   |   392:30:38   |


Iter        |      Posterior   |     Likelihood   |          Prior   |    elapsed   |        ETA   |
----------------------------------------------------------------------------------------------------
10000       |         -56695   |       -56472.7   |       -222.292   |   04:58:12   |   392:37:48   |
10050       |       -56673.3   |       -56467.8   |       -205.519   |   04:59:48   |   392:44:52   |
10100       |       -56675.7   |       -56467.8   |        -207.91   |   05:01:19   |   392:45:21   |
10150       |       -56709.4   |       -56478.7   |       -230.774   |   05:02:45   |   392:39:19   |
10200       |       -56685.2   |       -56484.9   |       -200.258   |   05:04:20   |   392:44:56   |
10250       |       -56687.6   |       -56478.7   |       -208.894   |   05:05:56   |   392:51:47   |
10300       |       -56682.7   |       -56467.3   |       -215.388   |   05:07:29   |   392:54:43   |
10350       |       -56700.5   |       -56472.4   |       -228.187   |   05:09:01   |   392:56:19   |
10400       |       -56683.2   |       -56460.9   |       -222.275   |   05:10:36   |   393:01:42   |
10450       |       -56713.6   |       -56477.1   |       -236.422   |   05:12:12   |   393:08:16   |
10500       |       -56708.2   |       -56458.1   |       -250.087   |   05:13:48   |   393:14:46   |
10550       |       -56724.5   |       -56476.9   |       -247.608   |   05:15:19   |   393:14:57   |
10600       |       -56696.6   |       -56472.4   |       -224.164   |   05:16:50   |   393:15:06   |
10650       |       -56738.7   |         -56476   |       -262.637   |   05:18:25   |   393:20:12   |
10700       |       -56724.2   |       -56466.1   |       -258.046   |   05:19:56   |   393:20:18   |
10750       |       -56740.4   |       -56459.8   |       -280.624   |   05:21:33   |   393:27:45   |
10800       |       -56692.3   |       -56475.9   |        -216.41   |   05:23:01   |   393:24:08   |
10850       |       -56729.1   |       -56481.9   |       -247.223   |   05:24:28   |   393:19:20   |
10900       |       -56752.4   |       -56478.6   |       -273.751   |   05:26:00   |   393:20:36   |
10950       |       -56692.3   |       -56466.5   |       -225.861   |   05:27:30   |   393:19:26   |


Iter        |      Posterior   |     Likelihood   |          Prior   |    elapsed   |        ETA   |
----------------------------------------------------------------------------------------------------
11000       |         -56744   |       -56462.6   |       -281.375   |   05:29:04   |   393:23:03   |
11050       |       -56727.4   |       -56465.2   |        -262.17   |   05:30:39   |   393:27:48   |
11100       |       -56691.6   |       -56471.4   |       -220.158   |   05:32:12   |   393:30:08   |
11150       |         -56752   |       -56471.2   |       -280.817   |   05:33:38   |   393:24:11   |
11200       |       -56778.3   |       -56465.2   |       -313.137   |   05:35:10   |   393:25:18   |
11250       |       -56693.3   |       -56470.5   |        -222.79   |   05:36:42   |   393:26:24   |
11300       |       -56722.2   |       -56474.9   |        -247.37   |   05:38:10   |   393:22:50   |
11350       |       -56732.4   |       -56475.2   |       -257.106   |   05:39:46   |   393:28:32   |
11400       |       -56740.3   |         -56483   |       -257.324   |   05:41:26   |   393:38:48   |
11450       |       -56740.9   |         -56473   |       -267.967   |   05:42:58   |   393:39:46   |
11500       |       -56731.9   |       -56473.6   |       -258.231   |   05:44:30   |   393:40:43   |
11550       |       -56738.1   |       -56474.9   |       -263.238   |   05:46:02   |   393:41:38   |
11600       |       -56730.8   |         -56475   |       -255.849   |   05:47:33   |   393:41:24   |
11650       |       -56710.8   |       -56478.3   |       -232.511   |   05:49:07   |   393:44:33   |
11700       |       -56710.2   |       -56472.5   |       -237.645   |   05:50:42   |   393:48:47   |
11750       |       -56699.6   |       -56463.8   |        -235.84   |   05:52:12   |   393:47:22   |
11800       |       -56720.9   |       -56475.6   |       -245.321   |   05:53:38   |   393:41:30   |
11850       |       -56730.4   |       -56477.8   |       -252.693   |   05:55:13   |   393:45:39   |
11900       |       -56765.6   |       -56486.8   |       -278.728   |   05:56:48   |   393:49:45   |
11950       |       -56711.7   |       -56472.5   |       -239.154   |   05:58:19   |   393:49:24   |


Iter        |      Posterior   |     Likelihood   |          Prior   |    elapsed   |        ETA   |
----------------------------------------------------------------------------------------------------
12000       |       -56715.3   |       -56474.7   |       -240.646   |   05:59:53   |   393:52:20   |
12050       |       -56699.1   |       -56461.1   |       -237.994   |   06:01:27   |   393:55:13   |
12100       |       -56725.1   |       -56469.5   |        -255.62   |   06:02:59   |   393:55:54   |
12150       |       -56746.1   |         -56472   |       -274.113   |   06:04:34   |   393:59:49   |
12200       |       -56769.8   |         -56471   |       -298.788   |   06:06:04   |   393:58:18   |
12250       |       -56696.5   |       -56471.3   |       -225.206   |   06:07:36   |   393:58:55   |
12300       |       -56698.1   |       -56472.8   |       -225.297   |   06:09:13   |   394:04:52   |
12350       |       -56745.3   |       -56471.5   |       -273.771   |   06:10:52   |   394:12:53   |
12400       |       -56740.5   |         -56469   |       -271.411   |   06:12:33   |   394:22:56   |
12450       |       -56744.1   |       -56469.5   |       -274.615   |   06:14:12   |   394:30:46   |
12500       |       -56782.6   |         -56468   |       -314.594   |   06:15:51   |   394:38:33   |
12550       |       -56718.5   |       -56456.4   |       -262.095   |   06:17:27   |   394:43:06   |
12600       |       -56694.7   |       -56470.4   |       -224.318   |   06:19:02   |   394:46:34   |
12650       |       -56687.2   |       -56473.8   |       -213.422   |   06:20:38   |   394:51:02   |
12700       |       -56699.6   |       -56473.8   |       -225.801   |   06:22:12   |   394:53:23   |
12750       |       -56727.6   |       -56467.4   |       -260.165   |   06:23:49   |   394:58:47   |
12800       |       -56732.9   |       -56461.2   |       -271.753   |   06:25:27   |   395:05:10   |
12850       |       -56702.1   |       -56469.8   |       -232.271   |   06:27:06   |   395:12:30   |
12900       |       -56707.5   |       -56457.5   |       -249.958   |   06:28:43   |   395:17:44   |
12950       |       -56704.9   |       -56459.4   |       -245.534   |   06:30:22   |   395:24:56   |


Iter        |      Posterior   |     Likelihood   |          Prior   |    elapsed   |        ETA   |
----------------------------------------------------------------------------------------------------
13000       |       -56731.4   |       -56464.1   |       -267.215   |   06:31:52   |   395:23:00   |
13050       |       -56730.8   |       -56457.2   |       -273.628   |   06:33:21   |   395:20:03   |
13100       |       -56727.5   |       -56467.4   |       -260.143   |   06:34:55   |   395:22:07   |
13150       |       -56741.6   |       -56466.9   |       -274.709   |   06:36:29   |   395:24:10   |
13200       |       -56709.6   |       -56465.3   |       -244.364   |   06:38:05   |   395:28:10   |
13250       |         -56686   |       -56455.7   |       -230.225   |   06:39:43   |   395:34:07   |
13300       |       -56776.4   |       -56473.3   |       -303.148   |   06:41:17   |   395:36:03   |
13350       |         -56711   |       -56472.8   |       -238.209   |   06:42:46   |   395:33:03   |
13400       |         -56709   |       -56468.4   |       -240.596   |   06:44:20   |   395:34:58   |
13450       |       -56698.8   |       -56459.6   |       -239.206   |   06:45:54   |   395:36:51   |
13500       |       -56719.6   |       -56466.4   |       -253.236   |   06:47:29   |   395:39:40   |
13550       |       -56723.2   |       -56450.9   |       -272.306   |   06:49:00   |   395:38:36   |
13600       |         -56735   |       -56456.4   |       -278.635   |   06:50:32   |   395:38:29   |
13650       |       -56706.8   |       -56444.7   |       -262.084   |   06:52:06   |   395:40:16   |
13700       |       -56717.8   |       -56452.4   |       -265.454   |   06:53:44   |   395:45:52   |
13750       |       -56742.4   |       -56442.4   |       -299.987   |   06:55:20   |   395:49:30   |
13800       |       -56689.1   |       -56453.5   |       -235.597   |   06:56:57   |   395:54:03   |
13850       |       -56723.9   |       -56468.5   |       -255.389   |   06:58:29   |   395:53:50   |
13900       |       -56688.8   |       -56468.1   |       -220.712   |   07:00:03   |   395:55:29   |
13950       |       -56697.9   |       -56463.9   |       -233.991   |   07:01:36   |   395:56:10   |


Iter        |      Posterior   |     Likelihood   |          Prior   |    elapsed   |        ETA   |
----------------------------------------------------------------------------------------------------
14000       |         -56714   |       -56473.9   |       -240.141   |   07:03:10   |   395:57:47   |
14050       |         -56681   |       -56455.8   |       -225.156   |   07:04:44   |   395:59:22   |
14100       |         -56668   |       -56462.5   |       -205.579   |   07:06:15   |   395:58:08   |
14150       |       -56727.2   |       -56480.6   |       -246.594   |   07:07:46   |   395:56:55   |
14200       |       -56703.3   |       -56474.2   |        -229.16   |   07:09:28   |   396:05:50   |
14250       |       -56733.1   |       -56467.3   |       -265.818   |   07:11:11   |   396:15:36   |
14300       |       -56712.5   |       -56455.7   |       -256.783   |   07:12:48   |   396:19:47   |
14350       |       -56726.9   |       -56466.3   |       -260.596   |   07:14:24   |   396:23:01   |
14400       |       -56710.6   |       -56467.3   |        -243.33   |   07:16:00   |   396:26:13   |
14450       |         -56735   |       -56465.7   |       -269.359   |   07:17:39   |   396:32:06   |
14500       |       -56746.9   |       -56470.5   |       -276.383   |   07:19:20   |   396:39:44   |
14550       |       -56714.3   |       -56474.9   |       -239.346   |   07:20:57   |   396:43:43   |
14600       |       -56729.4   |       -56470.5   |        -258.83   |   07:22:34   |   396:47:39   |
14650       |       -56703.9   |       -56467.3   |       -236.523   |   07:24:10   |   396:50:40   |
14700       |       -56708.7   |       -56467.5   |       -241.209   |   07:25:44   |   396:51:51   |
14750       |       -56673.3   |       -56468.2   |       -205.065   |   07:27:15   |   396:50:22   |
14800       |       -56705.4   |       -56473.1   |       -232.229   |   07:28:50   |   396:52:25   |
14850       |       -56709.3   |       -56463.2   |       -246.077   |   07:30:25   |   396:54:27   |
14900       |       -56755.4   |       -56463.2   |       -292.255   |   07:31:58   |   396:54:42   |
14950       |         -56708   |         -56465   |       -242.918   |   07:33:31   |   396:54:56   |


Iter        |      Posterior   |     Likelihood   |          Prior   |    elapsed   |        ETA   |
----------------------------------------------------------------------------------------------------
15000       |       -56753.2   |       -56458.1   |       -295.131   |   07:35:06   |   396:56:54   |
15050       |       -56747.7   |       -56466.1   |       -281.633   |   07:36:39   |   396:57:06   |
15100       |         -56748   |       -56458.7   |       -289.299   |   07:38:12   |   396:57:17   |
15150       |       -56694.7   |       -56472.5   |       -222.219   |   07:39:42   |   396:54:53   |
15200       |       -56720.4   |       -56455.9   |       -264.598   |   07:41:21   |   397:00:13   |
15250       |         -56726   |         -56448   |       -277.995   |   07:42:57   |   397:02:57   |
15300       |       -56718.1   |         -56462   |       -256.078   |   07:44:36   |   397:08:12   |
15350       |         -56676   |       -56450.5   |       -225.531   |   07:46:13   |   397:11:43   |
15400       |       -56666.7   |       -56464.1   |       -202.598   |   07:47:48   |   397:13:29   |
15450       |         -56698   |       -56458.7   |       -239.258   |   07:49:23   |   397:15:15   |
15500       |       -56734.9   |       -56449.4   |       -285.516   |   07:50:58   |   397:16:59   |
15550       |       -56729.5   |       -56463.3   |       -266.246   |   07:52:34   |   397:19:32   |
15600       |       -56696.9   |       -56462.5   |       -234.317   |   07:54:11   |   397:22:54   |
15650       |       -56710.4   |       -56443.5   |       -266.901   |   07:55:44   |   397:22:54   |
15700       |       -56730.4   |       -56471.7   |       -258.673   |   07:57:20   |   397:25:23   |
15750       |       -56682.8   |       -56461.2   |       -221.676   |   07:58:55   |   397:27:00   |
15800       |       -56727.7   |       -56457.5   |       -270.161   |   08:00:32   |   397:30:16   |
15850       |       -56699.8   |       -56481.2   |       -218.616   |   08:02:09   |   397:33:29   |
15900       |       -56726.4   |       -56471.1   |       -255.344   |   08:03:43   |   397:34:13   |
15950       |       -56699.3   |       -56457.4   |       -241.903   |   08:05:17   |   397:34:56   |


Iter        |      Posterior   |     Likelihood   |          Prior   |    elapsed   |        ETA   |
----------------------------------------------------------------------------------------------------
16000       |         -56715   |       -56454.4   |       -260.625   |   08:06:54   |   397:38:06   |
16050       |         -56734   |       -56465.2   |       -268.792   |   08:08:28   |   397:38:46   |
16100       |       -56719.8   |       -56451.8   |       -267.982   |   08:10:03   |   397:40:15   |
16150       |         -56774   |       -56461.3   |       -312.614   |   08:11:43   |   397:45:45   |
16200       |       -56679.4   |       -56474.3   |       -205.141   |   08:13:24   |   397:52:01   |
16250       |       -56692.6   |       -56475.6   |       -216.961   |   08:15:00   |   397:54:13   |
16300       |         -56723   |       -56480.3   |       -242.684   |   08:16:53   |   398:10:01   |
16350       |       -56718.8   |       -56485.6   |       -233.164   |   08:18:30   |   398:12:56   |
16400       |       -56739.1   |       -56501.4   |       -237.689   |   08:20:11   |   398:19:00   |
16450       |       -56693.7   |       -56477.6   |       -216.094   |   08:21:48   |   398:21:50   |
16500       |       -56709.5   |         -56477   |       -232.478   |   08:23:23   |   398:23:04   |
16550       |       -56728.4   |       -56471.2   |        -257.19   |   08:24:55   |   398:21:55   |
16600       |       -56724.4   |         -56483   |        -241.45   |   08:26:28   |   398:21:33   |
16650       |       -56784.7   |         -56496   |       -288.738   |   08:28:05   |   398:24:19   |
16700       |       -56737.5   |       -56483.5   |       -254.027   |   08:29:43   |   398:27:50   |
16750       |       -56710.7   |       -56480.8   |       -229.882   |   08:31:19   |   398:29:46   |
16800       |       -56684.9   |       -56462.8   |       -222.032   |   08:32:55   |   398:31:41   |
16850       |       -56747.4   |       -56492.5   |       -254.943   |   08:34:31   |   398:33:34   |
16900       |       -56707.3   |       -56468.7   |       -238.597   |   08:36:07   |   398:35:26   |
16950       |       -56773.4   |       -56475.4   |       -298.006   |   08:37:46   |   398:39:35   |


Iter        |      Posterior   |     Likelihood   |          Prior   |    elapsed   |        ETA   |
----------------------------------------------------------------------------------------------------
17000       |       -56715.9   |       -56469.3   |       -246.517   |   08:39:28   |   398:46:01   |
17050       |       -56769.2   |       -56481.6   |       -287.516   |   08:41:05   |   398:48:34   |
17100       |       -56736.6   |       -56474.1   |         -262.5   |   08:42:41   |   398:50:20   |
17150       |         -56720   |       -56488.5   |       -231.532   |   08:44:13   |   398:49:02   |
17200       |       -56723.6   |       -56483.4   |       -240.107   |   08:45:43   |   398:46:13   |
17250       |       -56711.1   |       -56477.6   |       -233.443   |   08:47:15   |   398:44:55   |
17300       |       -56687.6   |       -56474.8   |        -212.79   |   08:48:53   |   398:48:08   |
17350       |       -56654.9   |       -56470.8   |       -184.166   |   08:50:32   |   398:52:05   |
17400       |       -56696.6   |       -56485.7   |       -210.982   |   08:52:07   |   398:53:01   |
17450       |       -56698.3   |       -56483.1   |       -215.244   |   08:53:45   |   398:56:09   |
17500       |       -56712.1   |       -56485.5   |       -226.642   |   08:55:22   |   398:58:32   |
17550       |       -56729.4   |       -56482.8   |       -246.562   |   08:57:00   |   399:01:37   |
17600       |       -56736.7   |       -56491.2   |       -245.509   |   08:58:39   |   399:05:26   |
17650       |       -56753.3   |       -56474.9   |       -278.474   |   09:00:12   |   399:04:47   |
17700       |       -56730.1   |       -56469.5   |       -260.603   |   09:01:48   |   399:06:20   |
17750       |       -56692.7   |       -56467.9   |       -224.877   |   09:03:21   |   399:05:39   |
17800       |       -56758.1   |       -56473.3   |        -284.84   |   09:04:53   |   399:04:15   |
17850       |         -56766   |       -56494.1   |       -271.943   |   09:06:25   |   399:02:50   |
17900       |       -56722.1   |       -56468.2   |       -253.867   |   09:08:00   |   399:03:37   |
17950       |       -56722.7   |       -56477.4   |       -245.344   |   09:09:37   |   399:05:50   |


Iter        |      Posterior   |     Likelihood   |          Prior   |    elapsed   |        ETA   |
----------------------------------------------------------------------------------------------------
18000       |       -56690.7   |       -56475.7   |       -214.969   |   09:11:07   |   399:02:57   |
18050       |       -56717.7   |       -56487.4   |       -230.321   |   09:12:41   |   399:02:58   |
18100       |       -56717.5   |       -56497.3   |       -220.143   |   09:14:18   |   399:05:08   |
18150       |       -56755.2   |       -56500.9   |       -254.321   |   09:15:53   |   399:05:51   |
18200       |       -56744.1   |       -56490.9   |       -253.258   |   09:17:32   |   399:09:25   |
18250       |       -56727.6   |       -56498.4   |       -229.158   |   09:19:06   |   399:09:23   |
18300       |       -56746.2   |         -56470   |       -276.185   |   09:20:39   |   399:08:38   |
18350       |       -56728.7   |       -56475.4   |       -253.339   |   09:22:17   |   399:11:25   |
18400       |       -56722.4   |       -56489.1   |       -233.278   |   09:23:51   |   399:11:22   |
18450       |       -56740.7   |       -56485.7   |        -254.97   |   09:25:28   |   399:13:24   |
18500       |       -56717.7   |       -56469.6   |       -248.108   |   09:27:03   |   399:14:01   |
18550       |       -56751.5   |       -56494.5   |       -257.019   |   09:28:39   |   399:15:20   |
18600       |       -56735.9   |       -56475.4   |       -260.439   |   09:30:17   |   399:18:01   |
18650       |       -56700.3   |       -56474.3   |       -226.011   |   09:31:54   |   399:20:00   |
18700       |       -56748.2   |       -56471.1   |       -277.127   |   09:33:33   |   399:23:20   |
18750       |       -56750.6   |       -56483.9   |       -266.676   |   09:35:09   |   399:24:35   |
18800       |       -56681.1   |       -56481.4   |       -199.779   |   09:36:45   |   399:25:48   |
18850       |       -56714.7   |       -56481.5   |       -233.196   |   09:38:24   |   399:29:04   |
18900       |       -56684.5   |       -56474.2   |       -210.303   |   09:39:59   |   399:29:34   |
18950       |       -56717.7   |       -56484.3   |       -233.391   |   09:41:37   |   399:32:07   |


Iter        |      Posterior   |     Likelihood   |          Prior   |    elapsed   |        ETA   |
----------------------------------------------------------------------------------------------------
19000       |         -56707   |       -56482.4   |       -224.559   |   09:43:12   |   399:32:35   |
19050       |       -56705.9   |       -56486.8   |       -219.151   |   09:44:44   |   399:30:59   |
19100       |       -56711.6   |       -56504.9   |       -206.705   |   09:46:20   |   399:32:07   |
19150       |       -56736.3   |       -56480.8   |       -255.502   |   09:47:59   |   399:35:17   |
19200       |         -56729   |       -56490.1   |       -238.975   |   09:49:33   |   399:35:02   |
19250       |       -56735.7   |       -56479.9   |       -255.841   |   09:51:08   |   399:35:26   |
19300       |       -56691.9   |       -56484.9   |       -206.981   |   09:52:43   |   399:35:50   |
19350       |       -56758.7   |       -56484.7   |       -273.951   |   09:54:21   |   399:38:15   |
19400       |       -56757.2   |       -56497.8   |       -259.392   |   09:55:57   |   399:39:18   |
19450       |       -56719.2   |       -56494.6   |        -224.59   |   09:57:36   |   399:42:20   |
19500       |       -56745.3   |       -56477.7   |       -267.584   |   09:59:14   |   399:44:41   |
19550       |         -56722   |       -56478.8   |       -243.173   |   10:00:50   |   399:45:41   |
19600       |       -56744.9   |       -56483.6   |       -261.269   |   10:02:29   |   399:48:40   |
19650       |       -56720.5   |       -56487.7   |       -232.762   |   10:04:01   |   399:46:59   |
19700       |         -56751   |       -56488.5   |       -262.449   |   10:05:30   |   399:43:19   |
19750       |       -56708.2   |       -56478.3   |       -229.935   |   10:07:05   |   399:43:38   |
19800       |       -56725.1   |       -56484.2   |       -240.918   |   10:08:38   |   399:42:36   |
19850       |       -56740.6   |       -56484.4   |       -256.212   |   10:10:11   |   399:41:35   |
19900       |       -56735.1   |       -56485.2   |       -249.864   |   10:11:50   |   399:44:28   |
19950       |       -56743.1   |       -56485.9   |       -257.209   |   10:13:27   |   399:46:02   |


Iter        |      Posterior   |     Likelihood   |          Prior   |    elapsed   |        ETA   |
----------------------------------------------------------------------------------------------------
20000       |       -56774.2   |       -56490.2   |       -284.013   |   10:15:06   |   399:48:54   |
20050       |         -56765   |       -56476.3   |       -288.601   |   10:16:39   |   399:47:50   |
20100       |       -56745.3   |       -56469.3   |       -276.008   |   10:18:16   |   399:49:21   |
20150       |       -56707.4   |       -56478.1   |       -229.268   |   10:19:49   |   399:48:17   |
20200       |       -56702.9   |       -56480.9   |       -221.989   |   10:21:25   |   399:49:08   |
20250       |         -56698   |       -56471.4   |       -226.529   |   10:23:01   |   399:49:59   |
20300       |       -56724.5   |       -56492.5   |       -232.048   |   10:24:36   |   399:50:10   |
20350       |       -56747.1   |       -56493.2   |       -253.907   |   10:26:10   |   399:49:43   |
20400       |         -56685   |       -56492.4   |       -192.659   |   10:27:46   |   399:50:32   |
20450       |       -56722.4   |         -56494   |       -228.473   |   10:29:25   |   399:53:14   |
20500       |       -56746.4   |       -56484.5   |       -261.953   |   10:31:03   |   399:55:17   |
20550       |       -56750.8   |         -56482   |       -268.768   |   10:32:40   |   399:56:41   |
20600       |         -56732   |       -56485.9   |       -246.111   |   10:34:17   |   399:58:04   |
20650       |       -56762.1   |       -56487.5   |        -274.58   |   10:35:55   |   400:00:04   |
20700       |       -56679.8   |       -56472.9   |       -206.938   |   10:37:31   |   400:00:48   |
20750       |       -56705.2   |       -56473.9   |       -231.243   |   10:39:05   |   400:00:16   |
20800       |       -56745.7   |         -56463   |        -282.69   |   10:40:38   |   399:59:06   |
20850       |       -56718.1   |       -56493.6   |       -224.535   |   10:42:16   |   400:01:03   |
20900       |       -56679.4   |       -56473.1   |       -206.273   |   10:43:54   |   400:02:59   |
20950       |       -56748.6   |       -56481.5   |       -267.048   |   10:45:32   |   400:04:54   |


Iter        |      Posterior   |     Likelihood   |          Prior   |    elapsed   |        ETA   |
----------------------------------------------------------------------------------------------------
21000       |       -56731.5   |       -56498.7   |       -232.796   |   10:47:07   |   400:04:56   |
21050       |       -56784.1   |       -56498.6   |       -285.459   |   10:48:36   |   400:01:16   |
21100       |       -56763.3   |       -56479.8   |       -283.531   |   10:50:07   |   399:58:51   |
21150       |       -56716.4   |       -56474.2   |       -242.204   |   10:51:40   |   399:57:39   |
21200       |       -56774.1   |       -56493.6   |        -280.54   |   10:53:13   |   399:56:28   |
21250       |       -56724.6   |       -56489.7   |        -234.91   |   10:54:46   |   399:55:16   |
21300       |       -56714.9   |       -56490.1   |       -224.808   |   10:56:21   |   399:55:17   |
21350       |       -56739.8   |       -56493.9   |       -245.888   |   10:58:01   |   399:58:20   |
21400       |       -56718.5   |       -56500.2   |       -218.377   |   10:59:49   |   400:06:13   |
21450       |       -56742.9   |       -56505.2   |       -237.712   |   11:01:25   |   400:06:48   |
21500       |         -56698   |       -56485.9   |       -212.079   |   11:02:59   |   400:06:09   |
21550       |       -56724.3   |         -56488   |       -236.314   |   11:04:40   |   400:09:44   |
21600       |       -56731.7   |       -56497.8   |       -233.816   |   11:06:14   |   400:09:04   |
21650       |       -56746.4   |       -56511.9   |       -234.496   |   11:07:54   |   400:12:00   |
21700       |       -56724.7   |       -56504.3   |       -220.448   |   11:09:31   |   400:13:07   |
21750       |         -56715   |         -56488   |       -227.067   |   11:11:10   |   400:15:25   |
21800       |         -56702   |       -56490.1   |       -211.889   |   11:12:48   |   400:17:06   |
21850       |       -56713.8   |       -56471.7   |       -242.066   |   11:14:23   |   400:16:59   |
21900       |       -56733.7   |       -56474.7   |       -258.964   |   11:15:57   |   400:16:17   |
21950       |       -56763.2   |       -56480.8   |       -282.347   |   11:17:28   |   400:13:48   |


Iter        |      Posterior   |     Likelihood   |          Prior   |    elapsed   |        ETA   |
----------------------------------------------------------------------------------------------------
22000       |         -56743   |       -56474.3   |       -268.697   |   11:18:58   |   400:10:43   |
22050       |       -56763.6   |       -56494.8   |       -268.817   |   11:20:35   |   400:11:46   |
22100       |       -56711.2   |       -56479.4   |       -231.824   |   11:22:13   |   400:13:24   |
22150       |       -56747.7   |       -56490.3   |       -257.343   |   11:23:53   |   400:16:11   |
22200       |       -56720.2   |       -56492.5   |       -227.768   |   11:25:27   |   400:15:27   |
22250       |       -56696.4   |       -56481.3   |       -215.113   |   11:27:00   |   400:14:07   |
22300       |       -56754.7   |       -56471.4   |       -283.328   |   11:28:35   |   400:13:57   |
22350       |         -56695   |       -56480.8   |       -214.209   |   11:30:10   |   400:13:47   |
22400       |       -56748.9   |       -56485.7   |        -263.24   |   11:31:44   |   400:13:01   |
22450       |       -56734.1   |       -56489.4   |       -244.656   |   11:33:24   |   400:15:43   |
22500       |       -56728.9   |       -56475.5   |       -253.472   |   11:35:03   |   400:17:50   |
22550       |       -56759.9   |       -56491.2   |       -268.713   |   11:36:34   |   400:15:19   |
22600       |       -56750.4   |       -56462.8   |        -287.53   |   11:38:11   |   400:16:16   |
22650       |       -56731.3   |         -56460   |       -271.291   |   11:39:47   |   400:16:37   |
22700       |       -56751.4   |       -56480.5   |       -270.923   |   11:41:23   |   400:16:58   |
22750       |       -56752.4   |       -56487.1   |       -265.329   |   11:43:01   |   400:18:26   |
22800       |       -56722.4   |       -56467.1   |        -255.34   |   11:44:39   |   400:19:54   |
22850       |       -56722.3   |       -56486.6   |       -235.667   |   11:46:15   |   400:20:13   |
22900       |       -56730.7   |       -56493.2   |       -237.547   |   11:47:49   |   400:19:24   |
22950       |       -56740.1   |       -56495.1   |       -244.986   |   11:49:28   |   400:21:23   |


Iter        |      Posterior   |     Likelihood   |          Prior   |    elapsed   |        ETA   |
----------------------------------------------------------------------------------------------------
23000       |       -56739.1   |       -56479.5   |       -259.658   |   11:51:04   |   400:21:41   |
23050       |       -56752.4   |       -56480.9   |       -271.522   |   11:52:47   |   400:25:54   |
23100       |       -56700.9   |       -56481.5   |       -219.442   |   11:54:28   |   400:28:58   |
23150       |       -56693.8   |       -56475.9   |       -217.911   |   11:56:07   |   400:30:53   |
23200       |       -56712.2   |       -56475.3   |       -236.853   |   11:57:40   |   400:29:27   |
23250       |       -56699.1   |       -56465.5   |       -233.659   |   11:59:16   |   400:29:41   |
23300       |       -56700.5   |       -56464.5   |       -236.014   |   12:00:52   |   400:29:55   |
23350       |         -56695   |       -56463.8   |       -231.221   |   12:02:27   |   400:29:35   |
23400       |       -56695.8   |       -56457.5   |       -238.256   |   12:04:03   |   400:29:47   |
23450       |       -56727.2   |       -56467.3   |       -259.955   |   12:05:39   |   400:30:00   |
23500       |       -56712.6   |         -56474   |       -238.649   |   12:07:13   |   400:29:05   |
23550       |       -56791.2   |       -56483.1   |       -308.131   |   12:08:48   |   400:28:44   |
23600       |       -56722.1   |       -56477.3   |       -244.812   |   12:10:20   |   400:26:43   |
23650       |       -56745.6   |         -56478   |       -267.616   |   12:11:58   |   400:28:00   |
23700       |       -56725.1   |       -56474.9   |       -250.225   |   12:13:33   |   400:27:37   |
23750       |       -56741.7   |         -56493   |       -248.717   |   12:15:04   |   400:25:04   |
23800       |       -56728.9   |       -56488.8   |       -240.088   |   12:16:35   |   400:22:31   |
23850       |       -56750.7   |       -56477.7   |       -273.013   |   12:18:11   |   400:22:40   |
23900       |       -56724.6   |       -56470.5   |       -254.091   |   12:19:46   |   400:22:17   |
23950       |         -56736   |       -56471.2   |       -264.886   |   12:21:20   |   400:21:22   |


Iter        |      Posterior   |     Likelihood   |          Prior   |    elapsed   |        ETA   |
----------------------------------------------------------------------------------------------------
24000       |       -56705.4   |       -56479.8   |       -225.602   |   12:22:55   |   400:20:58   |
24050       |       -56683.1   |         -56471   |       -212.075   |   12:24:32   |   400:21:38   |
24100       |       -56706.3   |       -56457.5   |        -248.77   |   12:26:08   |   400:21:46   |
24150       |       -56721.3   |       -56473.5   |       -247.801   |   12:27:44   |   400:21:54   |
24200       |         -56695   |         -56466   |       -228.998   |   12:29:18   |   400:20:56   |
24250       |       -56721.1   |       -56478.7   |       -242.374   |   12:30:52   |   400:19:59   |
24300       |       -56740.9   |       -56505.2   |       -235.622   |   12:32:26   |   400:19:02   |
24350       |       -56705.2   |       -56472.9   |       -232.285   |   12:34:04   |   400:20:11   |
24400       |       -56722.5   |       -56478.6   |       -243.827   |   12:35:40   |   400:20:17   |
24450       |       -56737.5   |       -56492.4   |       -245.055   |   12:37:17   |   400:20:54   |
24500       |         -56753   |       -56482.2   |       -270.773   |   12:38:54   |   400:21:30   |
24550       |       -56691.9   |       -56477.6   |       -214.244   |   12:40:31   |   400:22:06   |
24600       |       -56726.2   |       -56478.2   |       -248.001   |   12:42:08   |   400:22:41   |
24650       |       -56744.6   |       -56462.1   |       -282.517   |   12:43:40   |   400:20:38   |
24700       |       -56776.7   |       -56482.2   |       -294.449   |   12:45:13   |   400:19:07   |
24750       |         -56693   |       -56480.1   |       -212.889   |   12:46:50   |   400:19:41   |
24800       |       -56747.1   |       -56478.1   |       -268.977   |   12:48:24   |   400:18:41   |
24850       |       -56722.1   |       -56464.2   |       -257.866   |   12:49:57   |   400:17:10   |
24900       |       -56690.6   |       -56455.4   |       -235.179   |   12:51:32   |   400:16:41   |
24950       |       -56751.6   |       -56481.2   |       -270.453   |   12:53:12   |   400:18:47   |


Iter        |      Posterior   |     Likelihood   |          Prior   |    elapsed   |        ETA   |
----------------------------------------------------------------------------------------------------
25000       |         -56724   |       -56470.6   |       -253.377   |   12:54:47   |   400:18:17   |
25050       |       -56711.6   |       -56476.9   |       -234.612   |   12:56:20   |   400:16:44   |
25100       |       -56720.4   |       -56480.5   |       -239.842   |   12:57:53   |   400:15:12   |
25150       |       -56719.1   |       -56473.3   |        -245.75   |   12:59:27   |   400:14:11   |
25200       |       -56734.7   |       -56480.4   |        -254.35   |   13:01:02   |   400:13:40   |
25250       |       -56701.1   |       -56459.9   |       -241.205   |   13:02:34   |   400:11:37   |
25300       |         -56671   |       -56479.2   |        -191.78   |   13:04:02   |   400:07:32   |
25350       |       -56728.5   |       -56461.2   |       -267.359   |   13:05:34   |   400:05:29   |
25400       |       -56706.9   |       -56472.2   |       -234.689   |   13:07:06   |   400:03:27   |
25450       |       -56742.7   |       -56494.5   |       -248.151   |   13:08:39   |   400:01:55   |
25500       |       -56713.8   |       -56476.5   |       -237.319   |   13:10:14   |   400:01:24   |
25550       |       -56747.5   |       -56469.2   |       -278.241   |   13:11:46   |   399:59:21   |
25600       |       -56704.9   |       -56473.5   |       -231.372   |   13:13:16   |   399:56:19   |
25650       |       -56710.7   |       -56472.7   |       -238.012   |   13:14:47   |   399:53:46   |
25700       |       -56756.3   |       -56494.1   |        -262.25   |   13:16:21   |   399:52:45   |
25750       |       -56726.6   |       -56478.8   |       -247.768   |   13:17:52   |   399:50:13   |
25800       |       -56716.6   |       -56467.6   |       -248.961   |   13:19:23   |   399:47:41   |
25850       |       -56694.7   |       -56472.7   |       -222.003   |   13:20:53   |   399:44:40   |
25900       |       -56659.8   |       -56456.6   |       -203.188   |   13:22:25   |   399:42:39   |
25950       |       -56722.6   |         -56456   |       -266.606   |   13:24:02   |   399:43:07   |


Iter        |      Posterior   |     Likelihood   |          Prior   |    elapsed   |        ETA   |
----------------------------------------------------------------------------------------------------
26000       |       -56695.2   |       -56453.8   |       -241.361   |   13:25:42   |   399:45:04   |
26050       |       -56728.2   |       -56469.9   |        -258.28   |   13:27:19   |   399:45:31   |
26100       |       -56682.1   |       -56469.8   |       -212.294   |   13:28:49   |   399:42:29   |
26150       |       -56727.8   |       -56466.3   |       -261.555   |   13:30:21   |   399:40:28   |
26200       |       -56732.1   |       -56459.9   |        -272.16   |   13:31:57   |   399:40:24   |
26250       |       -56705.2   |       -56464.5   |       -240.706   |   13:33:32   |   399:39:51   |
26300       |         -56753   |       -56478.8   |       -274.236   |   13:35:08   |   399:39:47   |
26350       |       -56731.7   |         -56475   |       -256.704   |   13:36:40   |   399:37:46   |
26400       |       -56702.4   |         -56474   |       -228.459   |   13:38:16   |   399:37:41   |
26450       |       -56716.8   |       -56472.4   |       -244.379   |   13:39:46   |   399:34:41   |
26500       |       -56681.7   |       -56468.9   |       -212.856   |   13:41:19   |   399:33:08   |
26550       |       -56721.9   |       -56461.6   |       -260.302   |   13:42:52   |   399:31:36   |
26600       |       -56702.3   |       -56459.6   |       -242.726   |   13:44:27   |   399:31:02   |
26650       |         -56701   |       -56473.6   |       -227.407   |   13:45:57   |   399:28:02   |
26700       |       -56736.7   |       -56457.4   |       -279.302   |   13:47:24   |   399:23:36   |
26750       |       -56733.6   |       -56466.3   |       -267.269   |   13:48:58   |   399:22:33   |
26800       |       -56734.6   |       -56468.5   |       -266.073   |   13:50:34   |   399:22:28   |
26850       |       -56716.1   |       -56467.8   |       -248.382   |   13:52:09   |   399:21:53   |
26900       |       -56709.6   |       -56463.9   |       -245.677   |   13:53:39   |   399:18:54   |
26950       |       -56731.1   |       -56478.4   |       -252.697   |   13:55:09   |   399:15:56   |


Iter        |      Posterior   |     Likelihood   |          Prior   |    elapsed   |        ETA   |
----------------------------------------------------------------------------------------------------
27000       |       -56742.8   |         -56457   |       -285.784   |   13:56:46   |   399:16:19   |
27050       |       -56728.2   |       -56472.1   |       -256.143   |   13:58:20   |   399:15:15   |
27100       |       -56737.3   |       -56484.3   |       -253.088   |   13:59:54   |   399:14:11   |
27150       |       -56706.8   |         -56465   |       -241.854   |   14:01:28   |   399:13:07   |
27200       |       -56740.9   |       -56472.3   |       -268.609   |   14:03:02   |   399:12:03   |
27250       |       -56734.3   |       -56485.7   |       -248.633   |   14:04:35   |   399:10:31   |
27300       |       -56728.2   |       -56492.6   |       -235.531   |   14:06:11   |   399:10:23   |
27350       |         -56765   |       -56481.6   |       -283.409   |   14:07:41   |   399:07:26   |
27400       |       -56713.5   |       -56476.7   |       -236.788   |   14:09:13   |   399:05:25   |
27450       |       -56727.2   |         -56492   |       -235.219   |   14:10:45   |   399:03:25   |
27500       |       -56762.2   |       -56489.1   |       -273.068   |   14:12:14   |   399:00:00   |
27550       |       -56737.8   |       -56506.5   |       -231.362   |   14:13:45   |   398:57:32   |
27600       |       -56741.7   |       -56483.2   |       -258.523   |   14:15:16   |   398:55:04   |
27650       |       -56740.4   |       -56486.2   |       -254.209   |   14:16:46   |   398:52:08   |
27700       |       -56765.9   |       -56477.3   |       -288.615   |   14:18:23   |   398:52:28   |
27750       |       -56711.4   |       -56479.2   |       -232.157   |   14:19:59   |   398:52:19   |
27800       |       -56733.5   |         -56485   |       -248.434   |   14:21:32   |   398:50:47   |
27850       |       -56720.5   |       -56473.2   |       -247.291   |   14:23:00   |   398:46:56   |
27900       |       -56715.5   |       -56490.5   |       -224.932   |   14:24:32   |   398:44:57   |
27950       |       -56738.3   |       -56479.8   |       -258.477   |   14:26:02   |   398:42:02   |


Iter        |      Posterior   |     Likelihood   |          Prior   |    elapsed   |        ETA   |
----------------------------------------------------------------------------------------------------
28000       |         -56725   |       -56470.2   |       -254.749   |   14:27:37   |   398:41:25   |
28050       |       -56775.9   |       -56488.4   |       -287.546   |   14:29:09   |   398:39:26   |
28100       |       -56766.1   |       -56475.4   |       -290.738   |   14:30:37   |   398:35:37   |
28150       |       -56734.4   |       -56488.7   |        -245.62   |   14:32:05   |   398:31:48   |
28200       |       -56709.6   |       -56472.4   |       -237.259   |   14:33:35   |   398:28:55   |
28250       |       -56737.1   |       -56471.2   |       -265.918   |   14:35:12   |   398:29:13   |
28300       |       -56739.6   |       -56472.1   |       -267.549   |   14:36:45   |   398:27:42   |
28350       |       -56760.3   |       -56480.4   |       -279.894   |   14:38:16   |   398:25:16   |
28400       |       -56779.2   |       -56474.3   |       -304.909   |   14:39:43   |   398:21:02   |
28450       |       -56714.6   |       -56489.2   |       -225.339   |   14:41:15   |   398:19:03   |
28500       |       -56773.6   |       -56471.5   |       -302.109   |   14:42:51   |   398:18:54   |
28550       |       -56766.5   |       -56476.2   |       -290.317   |   14:44:23   |   398:16:56   |
28600       |       -56730.9   |       -56477.4   |       -253.548   |   14:45:59   |   398:16:46   |
28650       |       -56732.3   |       -56481.7   |       -250.563   |   14:47:37   |   398:17:29   |
28700       |       -56683.9   |         -56487   |       -196.828   |   14:49:12   |   398:16:51   |
28750       |       -56681.7   |       -56463.2   |       -218.488   |   14:50:48   |   398:16:40   |
28800       |       -56689.2   |         -56484   |       -205.111   |   14:52:20   |   398:14:42   |
28850       |       -56673.2   |       -56466.4   |       -206.745   |   14:53:51   |   398:12:17   |
28900       |       -56711.9   |       -56473.9   |       -237.999   |   14:55:23   |   398:10:18   |
28950       |       -56727.2   |       -56466.9   |       -260.318   |   14:56:51   |   398:06:34   |


Iter        |      Posterior   |     Likelihood   |          Prior   |    elapsed   |        ETA   |
----------------------------------------------------------------------------------------------------
29000       |       -56695.5   |       -56477.4   |       -218.052   |   14:58:24   |   398:05:02   |
29050       |       -56737.4   |       -56468.9   |        -268.57   |   15:00:02   |   398:05:44   |
29100       |         -56736   |       -56471.2   |       -264.714   |   15:01:36   |   398:04:39   |
29150       |       -56756.5   |       -56500.9   |       -255.656   |   15:03:08   |   398:02:41   |
29200       |       -56696.1   |       -56466.1   |       -230.016   |   15:04:44   |   398:02:28   |
29250       |       -56703.9   |       -56474.9   |       -228.992   |   15:06:18   |   398:01:23   |
29300       |       -56730.7   |       -56481.5   |       -249.229   |   15:07:53   |   398:00:44   |
29350       |       -56717.2   |       -56470.3   |       -246.901   |   15:09:28   |   398:00:05   |
29400       |       -56739.7   |       -56475.2   |        -264.46   |   15:11:04   |   397:59:51   |
29450       |       -56764.7   |       -56458.9   |       -305.817   |   15:12:40   |   397:59:38   |
29500       |       -56738.7   |       -56470.8   |       -267.924   |   15:14:13   |   397:58:05   |
29550       |       -56692.7   |       -56468.3   |        -224.38   |   15:15:45   |   397:56:07   |
29600       |       -56684.8   |       -56467.2   |        -217.58   |   15:17:19   |   397:55:01   |
29650       |         -56697   |       -56465.6   |       -231.325   |   15:18:52   |   397:53:29   |
29700       |       -56730.6   |       -56461.4   |       -269.172   |   15:20:30   |   397:54:06   |
29750       |       -56735.5   |       -56461.3   |       -274.225   |   15:22:01   |   397:51:42   |
29800       |       -56701.7   |         -56470   |       -231.737   |   15:23:38   |   397:51:53   |
29850       |       -56706.6   |       -56474.2   |        -232.38   |   15:25:14   |   397:51:38   |
29900       |       -56767.9   |       -56481.1   |       -286.775   |   15:26:48   |   397:50:31   |
29950       |         -56741   |       -56477.2   |       -263.784   |   15:28:21   |   397:48:58   |


Iter        |      Posterior   |     Likelihood   |          Prior   |    elapsed   |        ETA   |
----------------------------------------------------------------------------------------------------
30000       |       -56738.9   |       -56465.2   |       -273.611   |   15:29:57   |   397:48:43   |
30050       |       -56720.6   |       -56465.6   |       -255.062   |   15:31:34   |   397:48:52   |
30100       |       -56699.9   |       -56457.6   |        -242.32   |   15:33:03   |   397:45:37   |
30150       |       -56766.8   |       -56460.5   |       -306.359   |   15:34:35   |   397:43:38   |
30200       |       -56735.1   |       -56475.3   |       -259.747   |   15:36:06   |   397:41:15   |
30250       |       -56716.9   |       -56469.4   |       -247.465   |   15:37:40   |   397:40:07   |
30300       |       -56788.1   |       -56467.8   |       -320.304   |   15:39:17   |   397:40:16   |
30350       |       -56733.6   |       -56474.8   |       -258.804   |   15:40:52   |   397:39:34   |
30400       |       -56749.2   |       -56466.2   |       -282.944   |   15:42:28   |   397:39:17   |
30450       |       -56762.4   |       -56474.7   |       -287.645   |   15:44:01   |   397:37:44   |
30500       |       -56755.8   |       -56484.5   |        -271.34   |   15:45:35   |   397:36:36   |
30550       |       -56769.5   |       -56474.9   |       -294.518   |   15:47:09   |   397:35:28   |
30600       |       -56743.3   |         -56482   |       -261.307   |   15:48:42   |   397:33:54   |
30650       |       -56707.9   |       -56493.9   |       -214.007   |   15:50:16   |   397:32:46   |
30700       |       -56742.1   |       -56492.6   |       -249.491   |   15:51:48   |   397:30:48   |
30750       |       -56725.1   |       -56488.1   |       -236.982   |   15:53:24   |   397:30:30   |
30800       |       -56708.5   |       -56486.4   |         -222.1   |   15:55:02   |   397:31:01   |
30850       |       -56735.6   |       -56486.9   |       -248.698   |   15:56:52   |   397:36:31   |
30900       |       -56758.9   |       -56507.6   |        -251.35   |   15:58:31   |   397:37:26   |
30950       |       -56753.7   |         -56469   |       -284.689   |   16:00:10   |   397:38:21   |


Iter        |      Posterior   |     Likelihood   |          Prior   |    elapsed   |        ETA   |
----------------------------------------------------------------------------------------------------
31000       |       -56686.4   |       -56471.1   |       -215.293   |   16:01:47   |   397:38:25   |
31050       |       -56717.7   |       -56471.4   |       -246.334   |   16:03:28   |   397:40:09   |
31100       |       -56706.5   |       -56462.6   |       -243.867   |   16:05:06   |   397:40:37   |
31150       |       -56685.3   |       -56465.8   |       -219.531   |   16:06:46   |   397:41:54   |
31200       |         -56752   |       -56472.5   |       -279.505   |   16:08:25   |   397:42:46   |
31250       |       -56731.4   |       -56471.5   |       -259.922   |   16:10:02   |   397:42:49   |
31300       |       -56760.4   |       -56473.5   |       -286.962   |   16:11:35   |   397:41:13   |
31350       |       -56756.4   |       -56485.2   |       -271.207   |   16:13:06   |   397:38:47   |
31400       |       -56677.8   |         -56477   |        -200.88   |   16:14:40   |   397:37:36   |
31450       |       -56723.7   |       -56476.2   |       -247.509   |   16:16:15   |   397:36:49   |
31500       |       -56690.8   |       -56480.4   |       -210.393   |   16:17:52   |   397:36:50   |
31550       |         -56706   |         -56484   |       -221.993   |   16:19:28   |   397:36:27   |
31600       |       -56706.4   |       -56468.3   |       -238.169   |   16:20:57   |   397:33:13   |
31650       |       -56719.6   |       -56479.8   |       -239.837   |   16:22:31   |   397:32:01   |
31700       |       -56691.6   |       -56484.3   |       -207.392   |   16:24:05   |   397:30:49   |
31750       |       -56743.3   |       -56505.4   |       -237.955   |   16:25:38   |   397:29:13   |
31800       |       -56736.9   |       -56480.2   |       -256.715   |   16:27:10   |   397:27:12   |
31850       |       -56713.9   |       -56469.5   |       -244.465   |   16:28:47   |   397:27:13   |
31900       |       -56756.2   |       -56461.7   |       -294.448   |   16:30:21   |   397:26:00   |
31950       |         -56710   |       -56462.7   |       -247.308   |   16:31:58   |   397:26:00   |


Iter        |      Posterior   |     Likelihood   |          Prior   |    elapsed   |        ETA   |
----------------------------------------------------------------------------------------------------
32000       |       -56732.7   |         -56491   |       -241.655   |   16:33:33   |   397:25:12   |
32050       |       -56722.8   |       -56463.4   |       -259.376   |   16:35:05   |   397:23:11   |
32100       |       -56694.9   |       -56466.9   |        -228.01   |   16:36:38   |   397:21:34   |
32150       |       -56712.1   |       -56460.9   |       -251.169   |   16:38:04   |   397:17:11   |
32200       |       -56702.4   |       -56465.1   |       -237.265   |   16:39:34   |   397:14:23   |
32250       |       -56706.4   |       -56473.3   |       -233.014   |   16:41:06   |   397:12:23   |
32300       |       -56681.2   |         -56472   |       -209.202   |   16:42:43   |   397:12:22   |
32350       |       -56705.2   |       -56489.8   |       -215.394   |   16:44:17   |   397:11:09   |
32400       |       -56675.1   |       -56469.9   |         -205.2   |   16:45:50   |   397:09:33   |
32450       |       -56699.3   |       -56457.7   |       -241.601   |   16:47:21   |   397:07:09   |
32500       |       -56735.5   |       -56462.6   |       -272.844   |   16:48:52   |   397:04:46   |
32550       |       -56761.4   |       -56459.1   |       -302.262   |   16:50:22   |   397:01:59   |
32600       |       -56736.9   |       -56469.9   |        -267.05   |   16:51:54   |   397:00:00   |
32650       |       -56697.8   |       -56457.8   |       -240.007   |   16:53:27   |   396:58:24   |
32700       |       -56720.5   |       -56468.9   |       -251.549   |   16:54:59   |   396:56:24   |
32750       |       -56727.6   |       -56473.2   |       -254.482   |   16:56:32   |   396:54:48   |
32800       |       -56738.3   |       -56473.7   |        -264.61   |   16:58:04   |   396:52:49   |
32850       |       -56722.6   |       -56484.5   |       -238.032   |   16:59:39   |   396:52:00   |
32900       |       -56714.9   |       -56492.6   |       -222.317   |   17:01:05   |   396:47:41   |
32950       |       -56768.3   |         -56498   |       -270.384   |   17:02:41   |   396:47:15   |


Iter        |      Posterior   |     Likelihood   |          Prior   |    elapsed   |        ETA   |
----------------------------------------------------------------------------------------------------
33000       |       -56720.1   |         -56481   |       -239.182   |   17:04:13   |   396:45:16   |
33050       |       -56727.3   |       -56489.5   |        -237.71   |   17:05:41   |   396:41:44   |
33100       |       -56715.3   |         -56489   |       -226.358   |   17:07:13   |   396:39:46   |
33150       |       -56718.4   |         -56482   |        -236.33   |   17:08:43   |   396:37:01   |
33200       |       -56742.5   |         -56485   |       -257.466   |   17:10:13   |   396:34:16   |
33250       |       -56741.2   |         -56485   |       -256.229   |   17:11:48   |   396:33:27   |
33300       |       -56724.3   |       -56476.2   |       -248.139   |   17:13:24   |   396:33:01   |
33350       |       -56752.8   |       -56486.8   |       -266.016   |   17:14:57   |   396:31:26   |
33400       |       -56722.6   |         -56482   |       -240.563   |   17:16:33   |   396:30:59   |
33450       |       -56754.5   |       -56487.4   |       -267.178   |   17:18:07   |   396:29:47   |
33500       |       -56768.1   |       -56486.9   |        -281.19   |   17:19:41   |   396:28:34   |
33550       |       -56725.9   |       -56488.1   |        -237.83   |   17:21:17   |   396:28:07   |
33600       |       -56779.1   |       -56480.1   |       -298.999   |   17:22:51   |   396:26:54   |
33650       |       -56721.5   |       -56483.1   |       -238.389   |   17:24:27   |   396:26:27   |
33700       |       -56737.1   |       -56479.8   |       -257.274   |   17:26:02   |   396:25:37   |
33750       |       -56711.6   |       -56490.2   |        -221.37   |   17:27:30   |   396:22:07   |
33800       |       -56744.6   |       -56497.3   |        -247.28   |   17:29:01   |   396:19:46   |
33850       |       -56736.5   |       -56485.1   |       -251.464   |   17:30:32   |   396:17:25   |
33900       |       -56761.9   |       -56500.7   |       -261.223   |   17:31:59   |   396:13:34   |
33950       |       -56690.4   |       -56488.1   |       -202.293   |   17:33:35   |   396:13:07   |


Iter        |      Posterior   |     Likelihood   |          Prior   |    elapsed   |        ETA   |
----------------------------------------------------------------------------------------------------
34000       |       -56715.9   |       -56474.9   |       -241.034   |   17:35:07   |   396:11:09   |
34050       |       -56726.8   |       -56461.3   |       -265.561   |   17:36:39   |   396:09:11   |
34100       |       -56689.1   |       -56473.8   |       -215.311   |   17:38:05   |   396:04:59   |
34150       |       -56712.3   |       -56468.1   |       -244.278   |   17:39:33   |   396:01:32   |
34200       |       -56772.8   |       -56486.7   |       -286.018   |   17:41:04   |   395:59:12   |
34250       |         -56765   |       -56467.9   |       -297.189   |   17:42:35   |   395:56:52   |
34300       |       -56740.3   |       -56466.1   |       -274.187   |   17:44:01   |   395:52:41   |
34350       |         -56712   |       -56468.7   |       -243.241   |   17:45:30   |   395:49:38   |
34400       |       -56738.5   |       -56474.5   |       -263.954   |   17:47:00   |   395:46:57   |
34450       |       -56687.4   |       -56463.2   |       -224.227   |   17:48:36   |   395:46:29   |
34500       |       -56739.4   |       -56476.7   |       -262.674   |   17:50:13   |   395:46:24   |
34550       |       -56691.4   |       -56468.8   |        -222.56   |   17:51:47   |   395:45:11   |
34600       |       -56776.3   |       -56488.1   |       -288.158   |   17:53:21   |   395:43:59   |
34650       |       -56701.6   |       -56481.5   |       -220.071   |   17:54:51   |   395:41:18   |
34700       |       -56780.2   |       -56497.2   |       -282.948   |   17:56:22   |   395:39:00   |
34750       |       -56725.7   |       -56487.9   |       -237.763   |   17:57:52   |   395:36:19   |
34800       |       -56695.9   |       -56487.4   |       -208.489   |   17:59:21   |   395:33:17   |
34850       |       -56735.6   |       -56476.6   |       -259.067   |   18:00:49   |   395:29:53   |
34900       |       -56703.3   |       -56483.2   |        -220.07   |   18:02:16   |   395:26:08   |
34950       |       -56707.6   |       -56481.4   |       -226.241   |   18:03:47   |   395:23:50   |


Iter        |      Posterior   |     Likelihood   |          Prior   |    elapsed   |        ETA   |
----------------------------------------------------------------------------------------------------
35000       |       -56693.1   |       -56481.7   |       -211.365   |   18:05:17   |   395:21:11   |
35050       |       -56734.8   |         -56491   |       -243.867   |   18:06:48   |   395:18:54   |
35100       |       -56742.3   |         -56477   |       -265.351   |   18:08:19   |   395:16:37   |
35150       |       -56724.3   |       -56469.9   |       -254.369   |   18:09:53   |   395:15:25   |
35200       |       -56750.1   |       -56467.7   |       -282.431   |   18:11:30   |   395:15:19   |
35250       |       -56704.7   |         -56465   |       -239.707   |   18:13:02   |   395:13:23   |
35300       |         -56721   |       -56452.4   |       -268.655   |   18:14:32   |   395:10:45   |
35350       |       -56718.6   |       -56466.6   |       -252.035   |   18:16:02   |   395:08:06   |
35400       |       -56730.3   |       -56481.5   |       -248.796   |   18:17:32   |   395:05:28   |
35450       |       -56721.1   |       -56488.1   |       -232.978   |   18:19:06   |   395:04:17   |
35500       |       -56727.5   |       -56481.2   |         -246.3   |   18:20:38   |   395:02:22   |
35550       |       -56756.3   |       -56456.7   |       -299.612   |   18:22:12   |   395:01:10   |
35600       |       -56691.6   |         -56467   |         -224.6   |   18:23:41   |   394:58:11   |
35650       |       -56740.6   |       -56475.1   |       -265.477   |   18:25:15   |   394:56:59   |
35700       |       -56701.3   |       -56474.7   |       -226.587   |   18:26:50   |   394:56:09   |
35750       |       -56684.1   |       -56470.2   |       -213.838   |   18:28:19   |   394:53:10   |
35800       |       -56719.5   |       -56475.1   |       -244.424   |   18:29:46   |   394:49:29   |
35850       |       -56701.1   |       -56480.8   |       -220.369   |   18:31:18   |   394:47:35   |
35900       |       -56761.6   |       -56478.2   |        -283.37   |   18:32:49   |   394:45:19   |
35950       |       -56732.8   |       -56472.6   |        -260.23   |   18:34:23   |   394:44:07   |


Iter        |      Posterior   |     Likelihood   |          Prior   |    elapsed   |        ETA   |
----------------------------------------------------------------------------------------------------
36000       |       -56723.5   |       -56477.5   |       -246.025   |   18:35:55   |   394:42:13   |
36050       |       -56719.2   |       -56483.5   |       -235.708   |   18:37:25   |   394:39:37   |
36100       |       -56769.2   |       -56479.8   |        -289.38   |   18:38:55   |   394:37:01   |
36150       |         -56702   |       -56467.3   |       -234.651   |   18:40:27   |   394:35:07   |
36200       |         -56699   |       -56470.5   |       -228.453   |   18:42:00   |   394:33:34   |
36250       |       -56693.9   |       -56461.7   |       -232.233   |   18:43:38   |   394:33:47   |
36300       |       -56685.2   |       -56476.5   |        -208.63   |   18:45:16   |   394:33:59   |
36350       |       -56695.9   |       -56480.9   |       -214.943   |   18:46:55   |   394:34:33   |
36400       |       -56704.5   |       -56495.4   |       -209.102   |   18:48:32   |   394:34:23   |
36450       |       -56709.1   |       -56484.7   |       -224.396   |   18:50:06   |   394:33:11   |
36500       |       -56750.7   |       -56496.9   |       -253.837   |   18:51:40   |   394:31:59   |
36550       |       -56692.4   |       -56472.7   |        -219.71   |   18:53:14   |   394:30:46   |
36600       |       -56699.5   |       -56463.1   |       -236.403   |   18:54:52   |   394:30:57   |
36650       |         -56719   |       -56474.4   |        -244.65   |   18:56:26   |   394:29:45   |
36700       |         -56753   |       -56471.3   |       -281.649   |   18:57:59   |   394:28:11   |
36750       |       -56730.3   |       -56460.5   |       -269.801   |   18:59:30   |   394:25:56   |
36800       |         -56678   |       -56458.6   |       -219.344   |   19:00:57   |   394:22:18   |
36850       |       -56719.4   |         -56471   |       -248.391   |   19:02:28   |   394:20:03   |
36900       |       -56715.1   |         -56473   |       -242.083   |   19:04:03   |   394:19:12   |
36950       |       -56713.7   |       -56479.8   |       -233.912   |   19:05:35   |   394:17:18   |


Iter        |      Posterior   |     Likelihood   |          Prior   |    elapsed   |        ETA   |
----------------------------------------------------------------------------------------------------
37000       |       -56736.1   |       -56469.3   |       -266.741   |   19:07:22   |   394:20:33   |
37050       |       -56771.1   |       -56454.5   |       -316.575   |   19:08:59   |   394:20:22   |
37100       |       -56679.3   |         -56460   |       -219.268   |   19:10:31   |   394:18:28   |
37150       |       -56697.6   |       -56458.5   |       -239.038   |   19:12:03   |   394:16:33   |
37200       |       -56706.8   |       -56463.3   |       -243.455   |   19:13:32   |   394:13:38   |
37250       |       -56748.9   |         -56469   |       -279.852   |   19:15:03   |   394:11:23   |
37300       |       -56701.7   |       -56465.2   |         -236.5   |   19:16:36   |   394:09:50   |
37350       |       -56713.3   |       -56458.3   |        -254.93   |   19:18:05   |   394:06:54   |
37400       |       -56694.5   |       -56461.6   |       -232.987   |   19:19:37   |   394:05:01   |
37450       |       -56721.3   |       -56453.9   |       -267.442   |   19:21:07   |   394:02:26   |
37500       |       -56720.9   |       -56446.2   |       -274.792   |   19:22:40   |   394:00:53   |
37550       |       -56716.8   |       -56469.8   |       -246.938   |   19:24:15   |   394:00:00   |
37600       |       -56734.4   |       -56444.5   |       -289.878   |   19:25:51   |   393:59:28   |
37650       |       -56710.5   |       -56457.9   |       -252.567   |   19:27:24   |   393:57:54   |
37700       |       -56694.4   |       -56463.8   |       -230.643   |   19:28:53   |   393:55:00   |
37750       |       -56706.1   |       -56461.6   |       -244.446   |   19:30:22   |   393:52:06   |
37800       |       -56716.6   |       -56458.9   |       -257.797   |   19:31:47   |   393:47:51   |
37850       |       -56725.3   |       -56469.2   |       -256.138   |   19:33:15   |   393:44:38   |
37900       |         -56715   |       -56448.2   |       -266.769   |   19:34:44   |   393:41:44   |
37950       |         -56733   |       -56462.8   |       -270.209   |   19:36:18   |   393:40:32   |


Iter        |      Posterior   |     Likelihood   |          Prior   |    elapsed   |        ETA   |
----------------------------------------------------------------------------------------------------
38000       |       -56737.3   |         -56458   |       -279.283   |   19:37:48   |   393:37:59   |
38050       |       -56728.6   |       -56484.5   |       -244.144   |   19:39:18   |   393:35:26   |
38100       |       -56691.3   |       -56464.4   |       -226.981   |   19:40:52   |   393:34:14   |
38150       |       -56707.2   |       -56463.9   |       -243.345   |   19:42:24   |   393:32:21   |
38200       |       -56721.4   |       -56469.2   |       -252.251   |   19:43:54   |   393:29:49   |
38250       |         -56701   |       -56459.9   |       -241.068   |   19:45:26   |   393:27:56   |
38300       |       -56727.6   |       -56469.1   |       -258.485   |   19:46:56   |   393:25:24   |
38350       |       -56756.1   |       -56485.3   |       -270.824   |   19:48:27   |   393:23:12   |
38400       |       -56764.9   |       -56468.1   |       -296.835   |   19:49:56   |   393:20:20   |
38450       |       -56701.7   |       -56460.9   |       -240.764   |   19:51:27   |   393:18:08   |
38500       |       -56723.3   |       -56462.9   |       -260.387   |   19:52:58   |   393:15:57   |
38550       |       -56729.5   |       -56454.6   |       -274.915   |   19:54:29   |   393:13:45   |
38600       |       -56712.1   |       -56466.2   |       -245.895   |   19:55:59   |   393:11:14   |
38650       |       -56716.2   |       -56466.8   |       -249.397   |   19:57:33   |   393:10:01   |
38700       |       -56700.6   |       -56454.5   |       -246.097   |   19:59:05   |   393:08:10   |
38750       |       -56757.7   |       -56479.1   |         -278.6   |   20:00:38   |   393:06:38   |
38800       |       -56717.1   |       -56464.8   |        -252.33   |   20:02:09   |   393:04:26   |
38850       |       -56719.5   |       -56469.9   |       -249.628   |   20:03:41   |   393:02:35   |
38900       |       -56647.9   |       -56456.8   |       -191.119   |   20:05:12   |   393:00:24   |
38950       |       -56719.4   |       -56461.4   |       -258.063   |   20:06:44   |   392:58:32   |


Iter        |      Posterior   |     Likelihood   |          Prior   |    elapsed   |        ETA   |
----------------------------------------------------------------------------------------------------
39000       |       -56699.2   |       -56468.5   |       -230.781   |   20:08:14   |   392:56:02   |
39050       |         -56696   |       -56459.4   |       -236.583   |   20:09:43   |   392:53:12   |
39100       |       -56708.4   |       -56459.8   |       -248.548   |   20:11:08   |   392:49:05   |
39150       |       -56703.9   |       -56459.7   |        -244.11   |   20:12:37   |   392:46:16   |
39200       |       -56758.5   |       -56465.1   |       -293.442   |   20:14:08   |   392:44:05   |
39250       |       -56734.4   |         -56464   |       -270.315   |   20:15:35   |   392:40:38   |
39300       |       -56754.8   |       -56471.1   |       -283.701   |   20:17:08   |   392:39:07   |
39350       |         -56802   |       -56504.2   |       -297.806   |   20:18:39   |   392:36:57   |
39400       |       -56760.1   |       -56479.3   |       -280.748   |   20:20:08   |   392:34:08   |
39450       |       -56678.6   |       -56479.7   |       -198.823   |   20:21:40   |   392:32:18   |
39500       |       -56714.7   |       -56482.3   |       -232.425   |   20:23:08   |   392:29:11   |
39550       |       -56711.2   |       -56488.2   |       -222.984   |   20:24:37   |   392:26:23   |
39600       |       -56741.7   |       -56468.8   |       -272.876   |   20:26:11   |   392:25:11   |
39650       |       -56743.2   |       -56476.6   |       -266.623   |   20:27:44   |   392:23:40   |
39700       |       -56783.5   |       -56476.3   |        -307.25   |   20:29:20   |   392:23:07   |
39750       |       -56745.9   |       -56482.3   |       -263.654   |   20:30:57   |   392:22:53   |
39800       |       -56708.4   |       -56471.8   |       -236.573   |   20:32:32   |   392:22:00   |
39850       |       -56665.7   |       -56468.1   |       -197.617   |   20:34:05   |   392:20:29   |
39900       |       -56721.3   |       -56476.2   |        -245.19   |   20:35:35   |   392:18:01   |
39950       |       -56711.2   |       -56472.2   |        -238.98   |   20:37:07   |   392:16:10   |


Iter        |      Posterior   |     Likelihood   |          Prior   |    elapsed   |        ETA   |
----------------------------------------------------------------------------------------------------
40000       |       -56710.5   |       -56470.7   |       -239.834   |   20:38:44   |   392:15:56   |
40050       |         -56670   |       -56471.1   |       -198.958   |   20:40:22   |   392:15:59   |
40100       |       -56709.5   |       -56465.6   |       -243.843   |   20:41:57   |   392:15:06   |
40150       |       -56702.1   |       -56458.7   |       -243.463   |   20:43:29   |   392:13:16   |
40200       |       -56708.1   |       -56450.2   |       -257.897   |   20:44:59   |   392:10:48   |
40250       |       -56728.5   |       -56481.5   |       -247.023   |   20:46:28   |   392:08:01   |
40300       |         -56707   |       -56471.5   |       -235.508   |   20:48:01   |   392:06:30   |
40350       |       -56694.7   |         -56474   |       -220.745   |   20:49:30   |   392:03:44   |
40400       |       -56748.6   |       -56479.4   |       -269.214   |   20:50:59   |   392:00:57   |
40450       |       -56719.5   |       -56450.7   |       -268.832   |   20:52:32   |   391:59:26   |
40500       |       -56689.5   |       -56459.3   |       -230.252   |   20:54:06   |   391:58:14   |
40550       |       -56747.2   |       -56454.4   |       -292.743   |   20:55:38   |   391:56:25   |
40600       |       -56711.3   |       -56450.4   |       -260.897   |   20:57:14   |   391:55:50   |
40650       |       -56721.7   |       -56452.1   |       -269.652   |   20:58:50   |   391:55:15   |
40700       |       -56722.9   |       -56466.3   |       -256.626   |   21:00:24   |   391:54:02   |
40750       |         -56714   |       -56450.8   |       -263.201   |   21:01:58   |   391:52:50   |
40800       |       -56722.5   |       -56442.3   |       -280.188   |   21:03:37   |   391:53:10   |
40850       |       -56765.5   |       -56459.6   |       -305.895   |   21:05:10   |   391:51:39   |
40900       |       -56729.8   |       -56458.6   |        -271.17   |   21:06:44   |   391:50:26   |
40950       |       -56737.6   |       -56466.6   |       -271.017   |   21:08:21   |   391:50:09   |


Iter        |      Posterior   |     Likelihood   |          Prior   |    elapsed   |        ETA   |
----------------------------------------------------------------------------------------------------
41000       |       -56710.9   |       -56465.5   |       -245.308   |   21:09:55   |   391:48:56   |
41050       |       -56722.7   |       -56467.2   |       -255.458   |   21:11:23   |   391:45:52   |
41100       |       -56749.9   |       -56458.6   |       -291.277   |   21:12:54   |   391:43:44   |
41150       |       -56666.5   |       -56453.1   |       -213.397   |   21:14:31   |   391:43:27   |
41200       |       -56691.6   |       -56462.1   |       -229.492   |   21:16:06   |   391:42:32   |
41250       |       -56725.8   |       -56465.5   |       -260.291   |   21:17:40   |   391:41:19   |
41300       |       -56742.3   |         -56487   |       -255.309   |   21:19:13   |   391:39:47   |
41350       |       -56743.5   |       -56481.3   |       -262.144   |   21:20:45   |   391:37:58   |
41400       |       -56731.4   |       -56475.8   |       -255.553   |   21:22:22   |   391:37:39   |
41450       |       -56719.4   |       -56458.7   |       -260.663   |   21:23:59   |   391:37:21   |
41500       |       -56712.3   |         -56464   |       -248.212   |   21:25:33   |   391:36:08   |
41550       |       -56729.5   |       -56463.8   |       -265.768   |   21:27:03   |   391:33:41   |
41600       |       -56691.3   |       -56455.5   |       -235.857   |   21:28:38   |   391:32:46   |
41650       |       -56709.8   |       -56479.5   |       -230.351   |   21:30:13   |   391:31:51   |
41700       |       -56738.7   |       -56461.6   |       -277.063   |   21:31:49   |   391:31:14   |
41750       |       -56662.4   |       -56455.1   |       -207.259   |   21:33:28   |   391:31:31   |
41800       |         -56685   |       -56449.4   |       -235.593   |   21:35:01   |   391:29:59   |
41850       |       -56738.1   |       -56472.8   |       -265.279   |   21:36:36   |   391:29:03   |
41900       |       -56750.1   |         -56480   |       -270.147   |   21:38:13   |   391:28:44   |
41950       |       -56702.8   |         -56464   |       -238.838   |   21:39:48   |   391:27:48   |


Iter        |      Posterior   |     Likelihood   |          Prior   |    elapsed   |        ETA   |
----------------------------------------------------------------------------------------------------
42000       |       -56715.2   |       -56464.1   |       -251.045   |   21:41:24   |   391:27:10   |
42050       |         -56706   |       -56480.8   |       -225.211   |   21:42:59   |   391:26:14   |
42100       |       -56694.6   |       -56456.5   |       -238.101   |   21:44:28   |   391:23:29   |
42150       |       -56701.2   |       -56475.1   |       -226.155   |   21:46:00   |   391:21:39   |
42200       |       -56690.2   |       -56462.5   |       -227.638   |   21:47:31   |   391:19:31   |
42250       |       -56775.7   |       -56458.2   |       -317.452   |   21:49:08   |   391:19:11   |
42300       |       -56688.7   |       -56448.8   |       -239.903   |   21:50:43   |   391:18:15   |
42350       |       -56707.2   |       -56453.3   |       -253.902   |   21:52:11   |   391:15:13   |
42400       |       -56723.6   |       -56459.4   |       -264.266   |   21:53:42   |   391:13:05   |
42450       |       -56712.4   |       -56461.4   |       -251.039   |   21:55:18   |   391:12:27   |
42500       |       -56716.3   |       -56458.5   |       -257.738   |   21:56:52   |   391:11:12   |
42550       |       -56721.4   |       -56458.5   |       -262.901   |   21:58:24   |   391:09:22   |
42600       |       -56727.7   |         -56455   |        -272.73   |   21:59:55   |   391:07:15   |
42650       |         -56679   |       -56460.1   |       -218.908   |   22:01:26   |   391:05:07   |
42700       |       -56717.5   |       -56460.7   |       -256.846   |   22:03:02   |   391:04:28   |
42750       |         -56686   |       -56469.9   |        -216.07   |   22:04:39   |   391:04:07   |
42800       |       -56678.8   |       -56441.9   |       -236.894   |   22:06:11   |   391:02:17   |
42850       |       -56671.3   |       -56462.2   |        -209.08   |   22:07:48   |   391:01:55   |
42900       |       -56732.5   |       -56463.3   |       -269.214   |   22:09:21   |   391:00:23   |
42950       |       -56722.8   |       -56456.2   |       -266.542   |   22:10:49   |   390:57:23   |


Iter        |      Posterior   |     Likelihood   |          Prior   |    elapsed   |        ETA   |
----------------------------------------------------------------------------------------------------
43000       |       -56735.1   |         -56454   |       -281.104   |   22:12:19   |   390:54:58   |
43050       |         -56707   |       -56443.9   |        -263.07   |   22:13:52   |   390:53:26   |
43100       |       -56707.3   |         -56447   |       -260.383   |   22:15:25   |   390:51:53   |
43150       |       -56726.6   |       -56462.4   |       -264.283   |   22:16:59   |   390:50:39   |
43200       |       -56738.6   |       -56448.6   |       -290.006   |   22:18:32   |   390:49:07   |
43250       |       -56680.1   |         -56456   |       -224.092   |   22:20:03   |   390:47:00   |
43300       |       -56717.3   |       -56453.9   |       -263.421   |   22:21:35   |   390:45:10   |
43350       |       -56696.5   |       -56464.1   |       -232.328   |   22:23:05   |   390:42:46   |
43400       |       -56695.3   |       -56474.1   |       -221.258   |   22:24:34   |   390:40:04   |
43450       |       -56660.2   |       -56456.1   |       -204.108   |   22:26:04   |   390:37:40   |
43500       |       -56709.6   |       -56467.8   |       -241.829   |   22:27:39   |   390:36:43   |
43550       |       -56738.7   |       -56464.3   |       -274.387   |   22:29:11   |   390:34:53   |
43600       |         -56701   |         -56487   |       -214.019   |   22:30:43   |   390:33:04   |
43650       |         -56693   |       -56471.5   |       -221.515   |   22:32:15   |   390:31:15   |
43700       |       -56701.1   |       -56479.4   |       -221.683   |   22:33:46   |   390:29:08   |
43750       |       -56682.4   |       -56475.4   |        -206.98   |   22:35:15   |   390:26:27   |
43800       |         -56701   |       -56466.9   |       -234.063   |   22:36:42   |   390:23:12   |
43850       |         -56671   |       -56469.5   |        -201.57   |   22:38:16   |   390:21:58   |
43900       |       -56707.9   |       -56468.1   |       -239.778   |   22:39:48   |   390:20:09   |
43950       |       -56711.8   |       -56480.8   |       -230.958   |   22:41:20   |   390:18:20   |


Iter        |      Posterior   |     Likelihood   |          Prior   |    elapsed   |        ETA   |
----------------------------------------------------------------------------------------------------
44000       |       -56742.9   |       -56480.7   |       -262.129   |   22:42:56   |   390:17:40   |
44050       |       -56672.6   |       -56466.7   |       -205.898   |   22:44:28   |   390:15:51   |
44100       |       -56679.3   |         -56458   |       -221.373   |   22:46:01   |   390:14:19   |
44150       |       -56697.5   |       -56460.8   |       -236.683   |   22:47:28   |   390:11:05   |
44200       |       -56718.5   |       -56464.7   |       -253.839   |   22:48:56   |   390:08:08   |
44250       |       -56686.7   |       -56464.9   |       -221.821   |   22:50:23   |   390:04:54   |
44300       |       -56738.6   |       -56470.8   |       -267.786   |   22:51:59   |   390:04:14   |
44350       |       -56736.6   |       -56465.2   |       -271.365   |   22:53:29   |   390:01:51   |
44400       |       -56709.1   |       -56468.6   |       -240.575   |   22:55:05   |   390:01:11   |
44450       |       -56706.4   |       -56467.6   |       -238.837   |   22:56:41   |   390:00:31   |
44500       |       -56722.7   |       -56471.6   |       -251.083   |   22:58:14   |   389:58:59   |
44550       |       -56690.3   |         -56462   |       -228.294   |   22:59:47   |   389:57:28   |
44600       |       -56739.1   |       -56464.9   |       -274.185   |   23:01:22   |   389:56:30   |
44650       |       -56669.8   |         -56458   |       -211.755   |   23:02:58   |   389:55:49   |
44700       |       -56674.9   |       -56456.2   |       -218.671   |   23:04:30   |   389:54:01   |
44750       |       -56688.2   |       -56463.6   |       -224.609   |   23:06:05   |   389:53:03   |
44800       |       -56710.9   |       -56458.1   |       -252.814   |   23:07:36   |   389:50:58   |
44850       |       -56714.5   |       -56472.4   |       -242.088   |   23:09:06   |   389:48:36   |
44900       |       -56691.6   |       -56466.8   |       -224.896   |   23:10:36   |   389:46:14   |
44950       |         -56681   |       -56458.6   |       -222.407   |   23:12:04   |   389:43:18   |


Iter        |      Posterior   |     Likelihood   |          Prior   |    elapsed   |        ETA   |
----------------------------------------------------------------------------------------------------
45000       |       -56716.3   |       -56456.8   |       -259.479   |   23:13:33   |   389:40:40   |
45050       |       -56696.9   |       -56466.6   |       -230.313   |   23:15:06   |   389:39:09   |
45100       |       -56740.9   |       -56492.4   |       -248.583   |   23:16:38   |   389:37:21   |
45150       |       -56732.5   |       -56462.6   |       -269.885   |   23:18:12   |   389:36:06   |
45200       |       -56705.9   |       -56453.4   |        -252.45   |   23:19:46   |   389:34:51   |
45250       |       -56698.8   |       -56476.3   |       -222.447   |   23:21:19   |   389:33:20   |
45300       |       -56687.5   |       -56463.6   |       -223.868   |   23:22:51   |   389:31:32   |
45350       |       -56700.4   |       -56475.2   |       -225.198   |   23:24:25   |   389:30:17   |
45400       |       -56736.7   |       -56469.6   |       -267.026   |   23:26:00   |   389:29:19   |
45450       |       -56670.8   |       -56455.4   |        -215.38   |   23:27:32   |   389:27:31   |
45500       |       -56710.1   |       -56458.3   |        -251.77   |   23:29:04   |   389:25:43   |
45550       |       -56690.1   |       -56448.7   |         -241.4   |   23:30:37   |   389:24:12   |
45600       |       -56685.4   |       -56448.1   |       -237.265   |   23:32:11   |   389:22:57   |
45650       |       -56694.2   |       -56463.3   |       -230.832   |   23:33:43   |   389:21:09   |
45700       |       -56697.8   |       -56466.9   |       -230.846   |   23:35:17   |   389:19:55   |
45750       |       -56674.9   |       -56452.9   |       -221.958   |   23:36:49   |   389:18:07   |
45800       |       -56711.1   |         -56459   |       -252.079   |   23:38:20   |   389:16:02   |
45850       |       -56671.8   |       -56458.1   |       -213.627   |   23:39:58   |   389:15:53   |
45900       |       -56712.3   |       -56466.8   |       -245.569   |   23:41:30   |   389:14:05   |
45950       |       -56656.2   |       -56448.2   |       -207.946   |   23:43:04   |   389:12:50   |


Iter        |      Posterior   |     Likelihood   |          Prior   |    elapsed   |        ETA   |
----------------------------------------------------------------------------------------------------
46000       |       -56718.8   |       -56455.4   |       -263.388   |   23:44:32   |   389:09:57   |
46050       |       -56672.8   |       -56445.9   |       -226.871   |   23:45:58   |   389:06:31   |
46100       |       -56710.8   |       -56447.8   |       -263.027   |   23:47:24   |   389:03:05   |
46150       |       -56687.3   |       -56471.7   |       -215.534   |   23:48:56   |   389:01:18   |
46200       |       -56679.8   |         -56465   |       -214.763   |   23:50:30   |   389:00:03   |
46250       |       -56713.7   |       -56460.6   |       -253.175   |   23:52:04   |   388:58:48   |
46300       |       -56671.8   |       -56464.4   |       -207.334   |   23:53:33   |   388:56:12   |
46350       |       -56759.7   |       -56454.7   |       -305.055   |   23:55:02   |   388:53:36   |
46400       |       -56702.4   |         -56471   |       -231.412   |   23:56:33   |   388:51:33   |
46450       |         -56729   |       -56449.2   |       -279.842   |   23:58:03   |   388:49:13   |
46500       |       -56741.3   |       -56453.3   |       -287.975   |   23:59:30   |   388:46:05   |
46550       |       -56730.3   |       -56464.1   |       -266.216   |   24:01:02   |   388:44:18   |
46600       |       -56719.7   |       -56466.6   |       -253.071   |   24:02:39   |   388:43:52   |
46650       |       -56714.5   |       -56469.4   |       -245.054   |   24:04:16   |   388:43:26   |
46700       |       -56727.9   |       -56479.6   |       -248.379   |   24:05:50   |   388:42:11   |
46750       |       -56716.6   |       -56478.9   |        -237.74   |   24:07:23   |   388:40:40   |
46800       |       -56735.1   |       -56480.6   |        -254.45   |   24:08:57   |   388:39:25   |
46850       |       -56726.5   |       -56468.8   |       -257.744   |   24:10:31   |   388:38:10   |
46900       |       -56732.5   |       -56467.4   |       -265.023   |   24:12:09   |   388:37:59   |
46950       |       -56753.7   |       -56463.8   |       -289.836   |   24:13:47   |   388:37:49   |


Iter        |      Posterior   |     Likelihood   |          Prior   |    elapsed   |        ETA   |
----------------------------------------------------------------------------------------------------
47000       |         -56691   |       -56466.9   |       -224.102   |   24:15:24   |   388:37:21   |
47050       |         -56720   |       -56466.1   |        -253.89   |   24:17:00   |   388:36:38   |
47100       |       -56727.2   |       -56473.5   |       -253.674   |   24:18:32   |   388:34:51   |
47150       |       -56775.9   |       -56478.1   |       -297.835   |   24:20:09   |   388:34:23   |
47200       |       -56717.9   |         -56465   |       -252.929   |   24:21:41   |   388:32:36   |
47250       |         -56713   |       -56469.6   |       -243.409   |   24:23:14   |   388:31:05   |
47300       |       -56663.1   |       -56456.1   |       -207.055   |   24:24:51   |   388:30:37   |
47350       |       -56696.7   |       -56460.4   |       -236.232   |   24:26:27   |   388:29:53   |
47400       |         -56711   |       -56471.6   |       -239.457   |   24:28:07   |   388:30:13   |
47450       |       -56704.6   |       -56465.5   |       -239.116   |   24:29:47   |   388:30:32   |
47500       |       -56736.5   |       -56468.6   |       -267.825   |   24:31:20   |   388:29:01   |
47550       |       -56725.4   |       -56471.8   |        -253.59   |   24:32:54   |   388:27:45   |
47600       |       -56704.2   |         -56463   |       -241.223   |   24:34:27   |   388:26:13   |
47650       |         -56689   |       -56448.3   |       -240.711   |   24:35:59   |   388:24:25   |
47700       |       -56727.5   |       -56477.3   |       -250.205   |   24:37:29   |   388:22:06   |
47750       |       -56706.1   |       -56469.8   |       -236.358   |   24:39:00   |   388:20:03   |
47800       |         -56725   |       -56469.4   |       -255.535   |   24:40:32   |   388:18:16   |
47850       |       -56673.1   |       -56458.8   |       -214.286   |   24:42:02   |   388:15:57   |
47900       |       -56697.4   |       -56471.8   |        -225.64   |   24:43:33   |   388:13:54   |
47950       |       -56726.8   |       -56471.9   |       -254.809   |   24:45:08   |   388:12:53   |


Iter        |      Posterior   |     Likelihood   |          Prior   |    elapsed   |        ETA   |
----------------------------------------------------------------------------------------------------
48000       |       -56697.7   |       -56469.2   |       -228.506   |   24:46:42   |   388:11:38   |
48050       |       -56731.7   |       -56472.4   |       -259.354   |   24:48:12   |   388:09:19   |
48100       |       -56739.5   |         -56470   |       -269.498   |   24:49:42   |   388:07:00   |
48150       |       -56710.7   |       -56460.4   |       -250.309   |   24:51:09   |   388:03:55   |
48200       |       -56710.8   |       -56477.8   |       -233.014   |   24:52:38   |   388:01:21   |
48250       |       -56744.3   |       -56468.6   |       -275.725   |   24:54:08   |   387:59:03   |
48300       |       -56704.2   |       -56472.1   |       -232.126   |   24:55:41   |   387:57:32   |
48350       |       -56664.7   |       -56467.8   |       -196.865   |   24:57:16   |   387:56:32   |
48400       |       -56665.3   |         -56452   |       -213.318   |   24:58:56   |   387:56:49   |
48450       |       -56720.7   |       -56469.8   |       -250.861   |   25:00:31   |   387:55:48   |
48500       |       -56729.5   |       -56451.5   |       -277.985   |   25:02:06   |   387:54:48   |
48550       |       -56666.9   |       -56456.7   |       -210.208   |   25:03:31   |   387:51:13   |
48600       |       -56675.8   |       -56457.7   |        -218.01   |   25:05:02   |   387:49:10   |
48650       |       -56713.6   |       -56467.2   |       -246.402   |   25:06:36   |   387:47:54   |
48700       |         -56721   |       -56495.7   |       -225.275   |   25:08:07   |   387:45:52   |
48750       |       -56719.5   |       -56467.8   |       -251.735   |   25:09:35   |   387:43:03   |
48800       |       -56698.9   |       -56473.4   |       -225.555   |   25:11:07   |   387:41:17   |
48850       |       -56711.4   |         -56471   |       -240.403   |   25:12:38   |   387:39:15   |
48900       |       -56669.8   |       -56447.8   |       -222.058   |   25:14:11   |   387:37:43   |
48950       |       -56730.8   |       -56472.4   |       -258.493   |   25:15:45   |   387:36:27   |


Iter        |      Posterior   |     Likelihood   |          Prior   |    elapsed   |        ETA   |
----------------------------------------------------------------------------------------------------
49000       |       -56714.6   |       -56452.8   |       -261.794   |   25:17:26   |   387:36:59   |
49050       |       -56714.8   |       -56469.5   |       -245.216   |   25:19:05   |   387:36:59   |
49100       |       -56666.3   |         -56468   |       -198.273   |   25:20:39   |   387:35:43   |
49150       |       -56705.7   |       -56472.7   |       -233.023   |   25:22:17   |   387:35:28   |
49200       |       -56723.6   |       -56478.5   |       -245.036   |   25:23:50   |   387:33:56   |
49250       |       -56724.1   |       -56470.7   |       -253.375   |   25:25:23   |   387:32:25   |
49300       |       -56726.8   |       -56450.8   |       -276.012   |   25:26:51   |   387:29:37   |
49350       |       -56698.9   |       -56460.2   |       -238.657   |   25:28:19   |   387:26:49   |
49400       |       -56703.7   |         -56471   |       -232.738   |   25:29:55   |   387:26:03   |
49450       |       -56728.2   |       -56452.7   |       -275.467   |   25:31:35   |   387:26:18   |
49500       |         -56731   |       -56475.2   |        -255.72   |   25:33:11   |   387:25:32   |
49550       |       -56698.5   |       -56465.3   |       -233.222   |   25:34:45   |   387:24:15   |
49600       |       -56718.1   |       -56467.6   |       -250.479   |   25:36:18   |   387:22:43   |
49650       |         -56704   |       -56485.6   |       -218.387   |   25:37:57   |   387:22:42   |
49700       |       -56721.2   |       -56485.1   |       -236.115   |   25:39:32   |   387:21:41   |
49750       |         -56716   |       -56478.3   |       -237.767   |   25:41:06   |   387:20:24   |
49800       |       -56700.8   |       -56468.2   |       -232.608   |   25:42:35   |   387:17:52   |
49850       |       -56732.1   |       -56464.1   |       -267.932   |   25:44:04   |   387:15:20   |
49900       |       -56696.2   |       -56457.9   |        -238.34   |   25:45:37   |   387:13:48   |
49950       |       -56704.8   |       -56457.6   |       -247.178   |   25:47:12   |   387:12:46   |


Iter        |      Posterior   |     Likelihood   |          Prior   |    elapsed   |        ETA   |
----------------------------------------------------------------------------------------------------
50000       |       -56669.6   |       -56458.7   |       -210.911   |   25:48:48   |   387:12:00   |
50050       |       -56679.8   |       -56470.8   |       -209.077   |   25:50:22   |   387:10:43   |
50100       |       -56695.7   |         -56457   |       -238.702   |   25:52:00   |   387:10:26   |
50150       |       -56689.9   |       -56461.5   |       -228.397   |   25:53:34   |   387:09:09   |
50200       |       -56745.8   |       -56460.6   |        -285.21   |   25:55:05   |   387:07:07   |
50250       |       -56713.3   |       -56462.2   |       -251.105   |   25:56:36   |   387:05:05   |
50300       |       -56697.1   |         -56461   |       -236.076   |   25:58:11   |   387:04:03   |
50350       |       -56732.5   |       -56459.3   |       -273.121   |   25:59:47   |   387:03:16   |
50400       |       -56713.4   |       -56457.5   |       -255.917   |   26:01:20   |   387:01:44   |
50450       |       -56769.4   |       -56467.1   |       -302.322   |   26:02:50   |   386:59:27   |
50500       |       -56731.9   |       -56456.5   |       -275.385   |   26:04:24   |   386:58:10   |
50550       |       -56742.5   |       -56473.4   |       -269.096   |   26:05:54   |   386:55:54   |
50600       |       -56688.6   |       -56456.5   |       -232.098   |   26:07:27   |   386:54:22   |
50650       |       -56698.2   |       -56458.8   |       -239.439   |   26:08:59   |   386:52:35   |
50700       |       -56694.4   |       -56477.4   |       -217.033   |   26:10:30   |   386:50:33   |
50750       |       -56701.5   |       -56465.5   |       -236.063   |   26:12:06   |   386:49:46   |
50800       |       -56700.4   |       -56450.8   |       -249.633   |   26:13:37   |   386:47:44   |
50850       |       -56668.3   |       -56464.3   |       -204.032   |   26:15:07   |   386:45:28   |
50900       |         -56718   |       -56448.8   |       -269.208   |   26:16:38   |   386:43:27   |
50950       |       -56691.8   |       -56459.9   |       -231.902   |   26:18:07   |   386:40:56   |


Iter        |      Posterior   |     Likelihood   |          Prior   |    elapsed   |        ETA   |
----------------------------------------------------------------------------------------------------
51000       |       -56717.9   |       -56467.1   |       -250.795   |   26:19:40   |   386:39:25   |
51050       |       -56674.5   |       -56470.8   |       -203.647   |   26:21:10   |   386:37:09   |
51100       |       -56739.8   |       -56459.4   |       -280.428   |   26:22:39   |   386:34:38   |
51150       |       -56677.2   |       -56466.1   |       -211.174   |   26:24:19   |   386:34:49   |
51200       |       -56694.3   |       -56460.4   |       -233.873   |   26:25:50   |   386:32:48   |
51250       |       -56657.8   |       -56456.7   |       -201.075   |   26:27:23   |   386:31:17   |
51300       |       -56736.2   |       -56464.3   |       -271.836   |   26:28:59   |   386:30:29   |
51350       |       -56716.6   |         -56452   |       -264.532   |   26:30:31   |   386:28:42   |
51400       |         -56694   |       -56448.3   |       -245.717   |   26:32:04   |   386:27:10   |
51450       |       -56711.8   |       -56455.5   |       -256.233   |   26:33:39   |   386:26:08   |
51500       |       -56713.1   |       -56466.7   |       -246.352   |   26:35:13   |   386:24:50   |
51550       |         -56704   |       -56456.5   |       -247.573   |   26:36:46   |   386:23:19   |
51600       |       -56691.6   |       -56449.6   |       -241.935   |   26:38:20   |   386:22:01   |
51650       |       -56692.9   |       -56459.7   |       -233.204   |   26:39:52   |   386:20:15   |
51700       |       -56698.6   |       -56445.7   |         -252.9   |   26:41:27   |   386:19:12   |
51750       |       -56704.2   |       -56448.6   |       -255.582   |   26:43:02   |   386:18:09   |
51800       |         -56702   |       -56470.3   |       -231.793   |   26:44:38   |   386:17:20   |
51850       |         -56733   |       -56477.9   |       -255.031   |   26:46:16   |   386:17:01   |
51900       |       -56666.6   |       -56462.9   |       -203.765   |   26:47:45   |   386:14:31   |
51950       |         -56715   |       -56456.2   |       -258.823   |   26:49:12   |   386:11:33   |


Iter        |      Posterior   |     Likelihood   |          Prior   |    elapsed   |        ETA   |
----------------------------------------------------------------------------------------------------
52000       |       -56694.3   |       -56468.4   |       -225.924   |   26:50:44   |   386:09:46   |
52050       |       -56699.2   |       -56447.6   |       -251.614   |   26:52:15   |   386:07:46   |
52100       |         -56696   |       -56449.4   |       -246.674   |   26:53:49   |   386:06:28   |
52150       |       -56645.8   |       -56443.9   |       -201.881   |   26:55:19   |   386:04:13   |
52200       |       -56680.2   |         -56454   |       -226.237   |   26:56:49   |   386:01:58   |
52250       |       -56682.7   |       -56469.2   |       -213.526   |   26:58:21   |   386:00:12   |
52300       |       -56677.1   |       -56444.9   |       -232.204   |   26:59:56   |   385:59:09   |
52350       |       -56702.4   |         -56454   |       -248.402   |   27:01:31   |   385:58:06   |
52400       |       -56704.4   |       -56449.5   |       -254.888   |   27:03:04   |   385:56:34   |
52450       |       -56697.7   |         -56439   |       -258.777   |   27:04:40   |   385:55:45   |
52500       |       -56685.7   |       -56472.5   |       -213.222   |   27:06:11   |   385:53:45   |
52550       |         -56703   |       -56453.9   |       -249.097   |   27:07:45   |   385:52:27   |
52600       |       -56710.8   |       -56460.3   |       -250.503   |   27:09:20   |   385:51:24   |
52650       |       -56649.1   |       -56445.6   |       -203.486   |   27:10:53   |   385:49:52   |
52700       |       -56668.6   |       -56460.1   |        -208.51   |   27:12:29   |   385:49:02   |
52750       |       -56739.1   |       -56463.7   |       -275.393   |   27:14:05   |   385:48:13   |
52800       |         -56726   |       -56456.3   |       -269.708   |   27:15:40   |   385:47:09   |
52850       |       -56707.8   |       -56471.6   |       -236.194   |   27:17:18   |   385:46:48   |
52900       |       -56752.5   |       -56454.4   |       -298.121   |   27:18:52   |   385:45:30   |
52950       |         -56707   |         -56461   |       -246.065   |   27:20:28   |   385:44:40   |


Iter        |      Posterior   |     Likelihood   |          Prior   |    elapsed   |        ETA   |
----------------------------------------------------------------------------------------------------
53000       |       -56702.4   |       -56465.3   |       -237.063   |   27:22:04   |   385:43:50   |
53050       |       -56695.9   |       -56460.5   |       -235.386   |   27:23:41   |   385:43:14   |
53100       |       -56733.7   |       -56460.6   |        -273.08   |   27:25:17   |   385:42:24   |
53150       |       -56699.1   |       -56459.6   |       -239.517   |   27:26:56   |   385:42:16   |
53200       |       -56737.7   |       -56476.5   |       -261.157   |   27:28:35   |   385:42:08   |
53250       |       -56736.3   |       -56461.8   |         -274.5   |   27:30:12   |   385:41:32   |
53300       |       -56714.5   |       -56461.4   |       -253.121   |   27:31:48   |   385:40:41   |
53350       |       -56708.8   |       -56461.6   |       -247.118   |   27:33:18   |   385:38:27   |
53400       |       -56684.4   |       -56459.9   |       -224.516   |   27:34:52   |   385:37:08   |
53450       |       -56742.2   |       -56449.4   |       -292.822   |   27:36:21   |   385:34:40   |
53500       |       -56687.1   |         -56454   |       -233.142   |   27:37:49   |   385:31:57   |
53550       |       -56724.4   |       -56466.1   |        -258.24   |   27:39:20   |   385:29:57   |
53600       |       -56731.5   |       -56457.6   |       -273.828   |   27:40:47   |   385:27:01   |
53650       |       -56691.8   |       -56461.1   |       -230.646   |   27:42:14   |   385:24:05   |
53700       |       -56648.3   |       -56465.7   |       -182.605   |   27:43:45   |   385:22:05   |
53750       |       -56691.1   |         -56462   |       -229.092   |   27:45:20   |   385:21:01   |
53800       |       -56725.4   |       -56477.3   |       -248.077   |   27:46:55   |   385:19:56   |
53850       |       -56705.8   |       -56463.2   |       -242.591   |   27:48:32   |   385:19:20   |
53900       |       -56723.2   |       -56461.2   |       -262.005   |   27:50:11   |   385:19:10   |
53950       |       -56686.3   |       -56454.7   |       -231.594   |   27:51:46   |   385:18:06   |


Iter        |      Posterior   |     Likelihood   |          Prior   |    elapsed   |        ETA   |
----------------------------------------------------------------------------------------------------
54000       |       -56739.1   |       -56466.2   |       -272.853   |   27:53:19   |   385:16:33   |
54050       |       -56716.3   |         -56451   |       -265.294   |   27:54:54   |   385:15:28   |
54100       |       -56685.1   |       -56450.1   |       -234.972   |   27:56:29   |   385:14:23   |
54150       |       -56704.4   |       -56449.5   |       -254.821   |   27:58:04   |   385:13:18   |
54200       |       -56659.4   |       -56456.7   |        -202.77   |   27:59:41   |   385:12:41   |
54250       |         -56721   |       -56465.7   |       -255.279   |   28:01:12   |   385:10:41   |
54300       |       -56689.7   |       -56445.3   |       -244.411   |   28:02:46   |   385:09:22   |
54350       |       -56708.1   |       -56457.3   |       -250.748   |   28:04:16   |   385:07:08   |
54400       |       -56720.8   |       -56461.4   |       -259.401   |   28:05:42   |   385:04:00   |
54450       |         -56699   |       -56458.8   |       -240.152   |   28:07:12   |   385:01:46   |
54500       |       -56706.8   |       -56443.3   |       -263.484   |   28:08:43   |   384:59:47   |
54550       |       -56678.9   |       -56457.3   |       -221.613   |   28:10:14   |   384:57:47   |
54600       |       -56691.8   |         -56458   |       -233.775   |   28:11:47   |   384:56:15   |
54650       |       -56712.5   |       -56460.8   |       -251.663   |   28:13:20   |   384:54:42   |
54700       |       -56697.5   |       -56472.3   |       -225.151   |   28:14:54   |   384:53:23   |
54750       |       -56693.5   |         -56457   |       -236.494   |   28:16:31   |   384:52:46   |
54800       |       -56659.1   |       -56458.4   |        -200.71   |   28:18:04   |   384:51:13   |
54850       |       -56724.1   |       -56469.5   |       -254.541   |   28:19:33   |   384:48:46   |
54900       |       -56707.4   |       -56461.5   |       -245.957   |   28:21:05   |   384:47:00   |
54950       |       -56701.5   |       -56451.9   |        -249.56   |   28:22:40   |   384:45:55   |


Iter        |      Posterior   |     Likelihood   |          Prior   |    elapsed   |        ETA   |
----------------------------------------------------------------------------------------------------
55000       |       -56724.7   |       -56453.5   |       -271.159   |   28:24:16   |   384:45:03   |
55050       |       -56702.6   |       -56476.5   |        -226.09   |   28:25:51   |   384:43:58   |
55100       |         -56701   |       -56473.7   |       -227.278   |   28:27:22   |   384:41:59   |
55150       |         -56714   |       -56457.4   |       -256.622   |   28:28:54   |   384:40:13   |
55200       |       -56750.2   |       -56466.6   |       -283.523   |   28:30:27   |   384:38:40   |
55250       |       -56706.5   |       -56463.7   |       -242.837   |   28:31:56   |   384:36:14   |
55300       |         -56742   |       -56462.2   |       -279.783   |   28:33:26   |   384:34:01   |
55350       |       -56709.1   |       -56463.5   |       -245.615   |   28:34:55   |   384:31:35   |
55400       |       -56713.4   |       -56455.8   |       -257.554   |   28:36:34   |   384:31:23   |
55450       |       -56706.8   |       -56454.6   |       -252.196   |   28:38:06   |   384:29:38   |
55500       |       -56736.9   |       -56469.2   |       -267.733   |   28:39:32   |   384:26:31   |
55550       |       -56724.9   |       -56478.9   |       -245.958   |   28:41:05   |   384:24:59   |
55600       |       -56722.8   |       -56467.6   |       -255.172   |   28:42:34   |   384:22:33   |
55650       |       -56698.1   |       -56460.7   |       -237.348   |   28:44:04   |   384:20:21   |
55700       |       -56739.7   |       -56467.5   |       -272.192   |   28:45:35   |   384:18:22   |
55750       |       -56773.3   |       -56462.9   |       -310.414   |   28:47:08   |   384:16:50   |
55800       |       -56753.1   |       -56466.6   |       -286.496   |   28:48:45   |   384:16:11   |
55850       |       -56688.4   |       -56460.1   |       -228.286   |   28:50:27   |   384:16:39   |
55900       |       -56750.7   |       -56474.9   |       -275.803   |   28:52:04   |   384:16:00   |
55950       |       -56682.2   |       -56457.8   |       -224.343   |   28:53:38   |   384:14:41   |


Iter        |      Posterior   |     Likelihood   |          Prior   |    elapsed   |        ETA   |
----------------------------------------------------------------------------------------------------
56000       |       -56689.1   |       -56455.4   |       -233.711   |   28:55:14   |   384:13:48   |
56050       |         -56694   |         -56447   |       -247.057   |   28:56:50   |   384:12:56   |
56100       |         -56678   |       -56450.7   |       -227.307   |   28:58:25   |   384:11:50   |
56150       |       -56720.2   |       -56461.2   |       -259.003   |   29:00:00   |   384:10:44   |
56200       |       -56695.2   |       -56472.4   |       -222.815   |   29:01:31   |   384:08:45   |
56250       |         -56744   |       -56461.2   |       -282.841   |   29:03:00   |   384:06:20   |
56300       |       -56722.3   |       -56462.6   |       -259.698   |   29:04:36   |   384:05:27   |
56350       |       -56728.6   |       -56471.4   |       -257.153   |   29:06:10   |   384:04:07   |
56400       |       -56751.7   |       -56453.4   |       -298.377   |   29:07:45   |   384:03:01   |
56450       |       -56730.4   |       -56473.9   |       -256.545   |   29:09:17   |   384:01:16   |
56500       |       -56717.2   |       -56467.5   |       -249.711   |   29:10:49   |   383:59:30   |
56550       |       -56695.3   |       -56458.4   |       -236.836   |   29:12:18   |   383:57:05   |
56600       |       -56688.1   |       -56459.9   |       -228.258   |   29:13:48   |   383:54:53   |
56650       |       -56721.9   |       -56473.6   |       -248.348   |   29:15:23   |   383:53:47   |
56700       |       -56728.8   |       -56465.6   |       -263.272   |   29:16:53   |   383:51:35   |
56750       |       -56701.8   |       -56451.9   |       -249.866   |   29:18:23   |   383:49:23   |
56800       |       -56674.6   |       -56480.9   |       -193.735   |   29:19:51   |   383:46:46   |
56850       |       -56732.8   |       -56465.5   |       -267.268   |   29:21:22   |   383:44:47   |
56900       |       -56698.9   |       -56462.5   |       -236.332   |   29:22:55   |   383:43:15   |
56950       |       -56701.2   |         -56470   |       -231.126   |   29:24:27   |   383:41:30   |


Iter        |      Posterior   |     Likelihood   |          Prior   |    elapsed   |        ETA   |
----------------------------------------------------------------------------------------------------
57000       |       -56702.6   |       -56454.9   |       -247.626   |   29:25:59   |   383:39:44   |
57050       |       -56676.7   |       -56452.7   |       -223.982   |   29:27:32   |   383:38:12   |
57100       |       -56713.7   |       -56464.1   |       -249.627   |   29:29:06   |   383:36:53   |
57150       |         -56693   |       -56465.7   |       -227.369   |   29:30:37   |   383:34:55   |
57200       |       -56716.3   |       -56475.2   |       -241.082   |   29:32:06   |   383:32:30   |
57250       |         -56677   |       -56458.1   |       -218.958   |   29:33:35   |   383:30:06   |
57300       |       -56698.9   |       -56456.3   |       -242.608   |   29:35:11   |   383:29:13   |
57350       |       -56676.4   |       -56460.6   |       -215.866   |   29:36:42   |   383:27:15   |
57400       |       -56703.2   |       -56455.4   |       -247.821   |   29:38:12   |   383:25:04   |
57450       |       -56711.6   |       -56465.1   |       -246.468   |   29:39:44   |   383:23:19   |
57500       |       -56743.6   |       -56485.4   |       -258.172   |   29:41:15   |   383:21:21   |
57550       |       -56704.6   |       -56478.8   |       -225.756   |   29:42:47   |   383:19:36   |
57600       |       -56685.3   |       -56465.9   |       -219.372   |   29:44:17   |   383:17:25   |
57650       |       -56702.4   |       -56472.1   |        -230.28   |   29:45:48   |   383:15:27   |
57700       |       -56716.7   |       -56454.7   |       -261.951   |   29:47:19   |   383:13:30   |
57750       |         -56735   |       -56459.7   |       -275.271   |   29:48:52   |   383:11:58   |
57800       |       -56704.2   |       -56471.3   |       -232.909   |   29:50:23   |   383:10:00   |
57850       |       -56719.8   |       -56452.6   |       -267.156   |   29:51:54   |   383:08:02   |
57900       |       -56735.2   |       -56459.7   |       -275.574   |   29:53:28   |   383:06:43   |
57950       |       -56712.7   |       -56454.9   |       -257.796   |   29:55:01   |   383:05:11   |


Iter        |      Posterior   |     Likelihood   |          Prior   |    elapsed   |        ETA   |
----------------------------------------------------------------------------------------------------
58000       |       -56719.9   |       -56460.8   |       -259.017   |   29:56:32   |   383:03:14   |
58050       |       -56714.9   |       -56464.7   |        -250.13   |   29:58:03   |   383:01:16   |
58100       |       -56678.9   |       -56458.7   |       -220.121   |   29:59:37   |   382:59:57   |
58150       |       -56730.9   |       -56475.5   |       -255.371   |   30:01:14   |   382:59:16   |
58200       |       -56729.1   |       -56454.3   |       -274.766   |   30:02:52   |   382:58:48   |
58250       |         -56737   |       -56466.7   |       -270.289   |   30:04:35   |   382:59:23   |
58300       |       -56721.6   |       -56460.2   |       -261.421   |   30:06:12   |   382:58:42   |
58350       |       -56733.4   |       -56476.6   |        -256.77   |   30:07:51   |   382:58:26   |
58400       |       -56686.7   |       -56472.5   |       -214.248   |   30:09:29   |   382:57:57   |
58450       |       -56746.9   |       -56482.1   |       -264.861   |   30:11:02   |   382:56:25   |
58500       |       -56712.1   |       -56472.9   |        -239.27   |   30:12:31   |   382:54:02   |
58550       |       -56739.7   |       -56470.4   |         -269.3   |   30:14:03   |   382:52:17   |
58600       |       -56687.4   |       -56488.1   |       -199.339   |   30:15:34   |   382:50:19   |
58650       |       -56712.6   |         -56466   |       -246.596   |   30:17:05   |   382:48:22   |
58700       |       -56681.3   |       -56461.8   |       -219.519   |   30:18:38   |   382:46:49   |
58750       |       -56735.7   |       -56470.1   |       -265.655   |   30:20:11   |   382:45:17   |
58800       |       -56687.3   |       -56460.9   |       -226.393   |   30:21:44   |   382:43:45   |
58850       |       -56715.9   |       -56486.4   |       -229.541   |   30:23:18   |   382:42:25   |
58900       |         -56706   |       -56458.6   |       -247.349   |   30:24:53   |   382:41:18   |
58950       |       -56685.4   |       -56462.7   |       -222.695   |   30:26:26   |   382:39:46   |


Iter        |      Posterior   |     Likelihood   |          Prior   |    elapsed   |        ETA   |
----------------------------------------------------------------------------------------------------
59000       |       -56707.6   |       -56461.6   |       -245.918   |   30:27:59   |   382:38:13   |
59050       |       -56733.7   |       -56475.2   |       -258.486   |   30:29:33   |   382:36:54   |
59100       |       -56730.7   |       -56467.2   |       -263.531   |   30:31:08   |   382:35:46   |
59150       |       -56669.5   |       -56448.8   |       -220.697   |   30:32:42   |   382:34:27   |
59200       |       -56661.6   |       -56459.8   |       -201.762   |   30:34:23   |   382:34:34   |
59250       |       -56719.9   |       -56446.4   |       -273.521   |   30:36:00   |   382:33:52   |
59300       |       -56679.9   |         -56455   |       -224.907   |   30:37:35   |   382:32:44   |
59350       |       -56752.1   |       -56456.4   |       -295.753   |   30:39:05   |   382:30:34   |
59400       |       -56705.9   |       -56453.5   |       -252.425   |   30:40:37   |   382:28:50   |
59450       |       -56707.9   |       -56449.1   |       -258.789   |   30:42:10   |   382:27:17   |
59500       |       -56718.6   |       -56469.5   |        -249.17   |   30:43:44   |   382:25:57   |
59550       |       -56714.6   |       -56460.6   |       -254.015   |   30:45:20   |   382:25:02   |
59600       |       -56676.8   |         -56469   |       -207.784   |   30:46:53   |   382:23:29   |
59650       |       -56683.4   |         -56469   |       -214.385   |   30:48:24   |   382:21:32   |
59700       |         -56691   |         -56458   |        -232.99   |   30:50:00   |   382:20:37   |
59750       |       -56721.6   |         -56467   |       -254.596   |   30:51:31   |   382:18:39   |
59800       |       -56720.8   |       -56470.1   |       -250.759   |   30:53:04   |   382:17:07   |
59850       |         -56683   |       -56456.5   |       -226.566   |   30:54:39   |   382:15:59   |
59900       |       -56719.1   |       -56448.6   |       -270.505   |   30:56:16   |   382:15:16   |
59950       |       -56761.6   |       -56473.9   |       -287.756   |   30:57:52   |   382:14:20   |


Iter        |      Posterior   |     Likelihood   |          Prior   |    elapsed   |        ETA   |
----------------------------------------------------------------------------------------------------
60000       |       -56696.1   |         -56454   |       -242.041   |   30:59:29   |   382:13:37   |
60050       |       -56730.7   |       -56455.7   |        -274.97   |   31:01:04   |   382:12:29   |
60100       |       -56744.3   |       -56460.7   |       -283.605   |   31:02:40   |   382:11:33   |
60150       |       -56697.8   |       -56442.9   |       -254.868   |   31:04:17   |   382:10:50   |
60200       |       -56747.1   |       -56472.9   |       -274.242   |   31:05:52   |   382:09:42   |
60250       |       -56694.3   |       -56471.9   |       -222.318   |   31:07:30   |   382:09:10   |
60300       |       -56677.3   |       -56470.2   |       -207.029   |   31:09:04   |   382:07:50   |
60350       |       -56710.4   |       -56464.7   |       -245.738   |   31:10:38   |   382:06:29   |
60400       |       -56686.8   |       -56468.5   |       -218.323   |   31:12:10   |   382:04:44   |
60450       |       -56684.9   |         -56476   |       -208.871   |   31:13:41   |   382:02:47   |
60500       |       -56715.5   |       -56492.3   |       -223.135   |   31:15:09   |   382:00:13   |
60550       |       -56666.8   |       -56470.2   |       -196.604   |   31:16:38   |   381:57:51   |
60600       |       -56696.2   |       -56471.7   |       -224.455   |   31:18:10   |   381:56:06   |
60650       |       -56720.6   |       -56459.6   |       -260.989   |   31:19:43   |   381:54:34   |
60700       |       -56691.1   |       -56448.5   |       -242.612   |   31:21:09   |   381:51:36   |
60750       |       -56680.4   |       -56460.7   |       -219.772   |   31:22:40   |   381:49:39   |
60800       |       -56699.1   |         -56466   |       -233.072   |   31:24:09   |   381:47:17   |
60850       |       -56738.3   |       -56469.5   |       -268.846   |   31:25:35   |   381:44:20   |
60900       |       -56683.3   |       -56465.4   |       -217.814   |   31:27:07   |   381:42:35   |
60950       |       -56719.7   |       -56458.2   |       -261.465   |   31:28:43   |   381:41:39   |


Iter        |      Posterior   |     Likelihood   |          Prior   |    elapsed   |        ETA   |
----------------------------------------------------------------------------------------------------
61000       |       -56705.1   |       -56443.5   |       -261.535   |   31:30:16   |   381:40:06   |
61050       |       -56729.2   |       -56468.7   |       -260.576   |   31:31:50   |   381:38:46   |
61100       |       -56689.6   |       -56452.5   |       -237.062   |   31:33:26   |   381:37:50   |
61150       |       -56701.1   |       -56459.7   |       -241.487   |   31:35:02   |   381:36:53   |
61200       |       -56730.4   |       -56458.5   |       -271.921   |   31:36:34   |   381:35:09   |
61250       |       -56665.6   |       -56460.1   |       -205.567   |   31:38:07   |   381:33:36   |
61300       |       -56675.2   |         -56458   |       -217.184   |   31:39:42   |   381:32:28   |
61350       |       -56657.9   |       -56454.4   |         -203.5   |   31:41:24   |   381:32:43   |
61400       |       -56670.4   |       -56458.7   |       -211.772   |   31:43:00   |   381:31:47   |
61450       |         -56672   |       -56471.1   |       -200.884   |   31:44:36   |   381:30:50   |
61500       |       -56731.2   |       -56462.6   |       -268.547   |   31:46:10   |   381:29:29   |
61550       |       -56738.6   |       -56471.6   |       -266.977   |   31:47:47   |   381:28:45   |
61600       |       -56740.1   |       -56475.4   |       -264.706   |   31:49:23   |   381:27:48   |
61650       |       -56711.1   |       -56447.8   |       -263.337   |   31:51:02   |   381:27:27   |
61700       |       -56713.2   |       -56461.9   |       -251.358   |   31:52:38   |   381:26:30   |
61750       |       -56716.7   |       -56449.6   |       -267.113   |   31:54:11   |   381:24:57   |
61800       |       -56696.5   |       -56457.2   |       -239.294   |   31:55:47   |   381:24:00   |
61850       |       -56736.3   |       -56473.2   |       -263.129   |   31:57:23   |   381:23:02   |
61900       |       -56685.5   |       -56459.5   |       -225.997   |   31:59:01   |   381:22:29   |
61950       |       -56738.7   |       -56468.2   |       -270.544   |   32:00:37   |   381:21:32   |


Iter        |      Posterior   |     Likelihood   |          Prior   |    elapsed   |        ETA   |
----------------------------------------------------------------------------------------------------
62000       |       -56715.6   |       -56465.1   |       -250.534   |   32:02:14   |   381:20:46   |
62050       |       -56718.4   |       -56452.9   |        -265.48   |   32:03:51   |   381:20:01   |
62100       |       -56720.1   |       -56465.1   |       -255.036   |   32:05:27   |   381:19:03   |
62150       |       -56756.2   |       -56483.6   |       -272.566   |   32:07:06   |   381:18:41   |
62200       |         -56708   |       -56475.2   |        -232.77   |   32:08:42   |   381:17:43   |
62250       |         -56683   |       -56471.8   |       -211.238   |   32:10:19   |   381:16:57   |
62300       |       -56723.4   |       -56469.6   |       -253.789   |   32:11:59   |   381:16:47   |
62350       |       -56710.8   |       -56456.9   |       -253.953   |   32:13:36   |   381:16:01   |
62400       |       -56662.9   |       -56460.2   |        -202.64   |   32:15:12   |   381:15:03   |
62450       |       -56698.1   |       -56475.7   |       -222.326   |   32:16:51   |   381:14:40   |
62500       |       -56728.6   |       -56474.7   |       -253.919   |   32:18:32   |   381:14:41   |
62550       |       -56696.1   |       -56486.8   |       -209.248   |   32:20:05   |   381:13:07   |
62600       |       -56732.3   |       -56483.9   |       -248.385   |   32:21:44   |   381:12:45   |
62650       |       -56756.5   |       -56475.4   |        -281.04   |   32:23:21   |   381:11:58   |
62700       |       -56703.7   |       -56467.2   |        -236.49   |   32:25:00   |   381:11:35   |
62750       |       -56712.3   |       -56481.6   |       -230.698   |   32:26:36   |   381:10:36   |
62800       |       -56680.7   |       -56457.1   |       -223.594   |   32:28:12   |   381:09:38   |
62850       |       -56716.6   |       -56465.9   |       -250.715   |   32:29:46   |   381:08:15   |
62900       |       -56732.9   |       -56468.8   |       -264.148   |   32:31:24   |   381:07:40   |
62950       |         -56756   |       -56473.9   |       -282.166   |   32:32:58   |   381:06:18   |


Iter        |      Posterior   |     Likelihood   |          Prior   |    elapsed   |        ETA   |
----------------------------------------------------------------------------------------------------
63000       |       -56730.7   |       -56462.9   |       -267.893   |   32:34:38   |   381:06:06   |
63050       |       -56751.1   |       -56460.5   |       -290.613   |   32:36:17   |   381:05:42   |
63100       |       -56710.3   |       -56466.9   |       -243.418   |   32:37:51   |   381:04:20   |
63150       |       -56752.1   |       -56480.9   |       -271.293   |   32:39:27   |   381:03:21   |
63200       |       -56718.9   |       -56464.3   |       -254.614   |   32:41:05   |   381:02:45   |
63250       |         -56761   |       -56474.2   |        -286.83   |   32:42:40   |   381:01:34   |
63300       |       -56692.4   |       -56476.9   |       -215.534   |   32:44:14   |   381:00:12   |
63350       |       -56688.6   |       -56491.5   |       -197.073   |   32:45:48   |   380:58:49   |
63400       |       -56733.3   |       -56480.9   |       -252.408   |   32:47:24   |   380:57:50   |
63450       |         -56733   |       -56480.1   |       -252.913   |   32:49:02   |   380:57:14   |
63500       |       -56732.3   |       -56491.5   |       -240.832   |   32:50:39   |   380:56:26   |
63550       |       -56697.3   |       -56465.3   |       -232.033   |   32:52:14   |   380:55:15   |
63600       |       -56761.4   |       -56479.2   |       -282.182   |   32:53:45   |   380:53:17   |
63650       |       -56688.1   |         -56469   |       -219.048   |   32:55:18   |   380:51:43   |
63700       |       -56699.7   |       -56467.3   |       -232.384   |   32:56:54   |   380:50:43   |
63750       |       -56709.4   |       -56479.7   |       -229.706   |   32:58:26   |   380:48:57   |
63800       |         -56709   |       -56483.4   |       -225.618   |   32:59:59   |   380:47:23   |
63850       |       -56740.5   |       -56483.3   |       -257.149   |   33:01:30   |   380:45:26   |
63900       |         -56736   |       -56485.1   |       -250.863   |   33:03:07   |   380:44:38   |
63950       |       -56702.9   |       -56492.6   |       -210.305   |   33:04:36   |   380:42:17   |


Iter        |      Posterior   |     Likelihood   |          Prior   |    elapsed   |        ETA   |
----------------------------------------------------------------------------------------------------
64000       |       -56705.3   |       -56476.4   |       -228.871   |   33:06:06   |   380:40:09   |
64050       |       -56728.2   |       -56491.5   |       -236.776   |   33:07:39   |   380:38:34   |
64100       |         -56727   |       -56495.7   |       -231.302   |   33:09:09   |   380:36:26   |
64150       |       -56735.1   |       -56508.8   |       -226.333   |   33:10:42   |   380:34:51   |
64200       |       -56744.2   |       -56493.7   |       -250.446   |   33:12:14   |   380:33:06   |
64250       |       -56758.7   |       -56485.7   |       -272.967   |   33:13:39   |   380:30:00   |
64300       |       -56726.7   |       -56469.1   |       -257.573   |   33:15:04   |   380:26:54   |
64350       |       -56750.6   |       -56463.3   |       -287.336   |   33:16:34   |   380:24:46   |
64400       |       -56697.8   |       -56454.7   |       -243.084   |   33:18:04   |   380:22:38   |
64450       |         -56775   |       -56470.8   |       -304.228   |   33:19:35   |   380:20:41   |
64500       |       -56754.9   |       -56461.3   |       -293.634   |   33:21:06   |   380:18:44   |
64550       |       -56750.1   |       -56442.7   |       -307.376   |   33:22:42   |   380:17:44   |
64600       |       -56718.3   |       -56462.2   |       -256.101   |   33:24:17   |   380:16:33   |
64650       |       -56689.4   |       -56472.1   |       -217.332   |   33:25:50   |   380:14:59   |
64700       |         -56725   |       -56471.6   |       -253.428   |   33:27:22   |   380:13:14   |
64750       |       -56727.4   |       -56461.8   |       -265.595   |   33:28:54   |   380:11:29   |
64800       |       -56733.9   |       -56465.9   |       -268.052   |   33:30:26   |   380:09:43   |
64850       |       -56740.5   |       -56468.1   |       -272.444   |   33:31:59   |   380:08:09   |
64900       |       -56688.1   |       -56455.8   |       -232.302   |   33:33:28   |   380:05:50   |
64950       |       -56667.3   |       -56461.5   |       -205.865   |   33:34:56   |   380:03:20   |


Iter        |      Posterior   |     Likelihood   |          Prior   |    elapsed   |        ETA   |
----------------------------------------------------------------------------------------------------
65000       |       -56745.2   |       -56472.4   |       -272.782   |   33:36:25   |   380:01:01   |
65050       |       -56753.6   |       -56458.5   |       -295.135   |   33:37:56   |   379:59:04   |
65100       |       -56752.8   |       -56467.8   |       -285.076   |   33:39:26   |   379:56:57   |
65150       |       -56678.9   |       -56443.4   |       -235.574   |   33:40:56   |   379:54:49   |
65200       |       -56722.7   |       -56468.3   |       -254.453   |   33:42:26   |   379:52:41   |
65250       |       -56688.4   |       -56471.8   |       -216.566   |   33:43:56   |   379:50:34   |
65300       |       -56664.2   |       -56471.1   |       -193.055   |   33:45:31   |   379:49:23   |
65350       |       -56679.9   |       -56473.5   |       -206.411   |   33:47:03   |   379:47:38   |
65400       |         -56719   |       -56455.3   |       -263.739   |   33:48:32   |   379:45:19   |
65450       |       -56699.9   |         -56461   |       -238.824   |   33:50:02   |   379:43:12   |
65500       |       -56675.5   |       -56458.1   |       -217.341   |   33:51:35   |   379:41:38   |
65550       |       -56700.6   |         -56459   |       -241.569   |   33:53:08   |   379:40:05   |
65600       |       -56755.1   |       -56474.4   |       -280.756   |   33:54:40   |   379:38:20   |
65650       |       -56716.3   |       -56473.3   |       -242.965   |   33:56:16   |   379:37:20   |
65700       |       -56782.3   |       -56480.1   |       -302.235   |   33:57:49   |   379:35:46   |
65750       |       -56653.8   |       -56458.8   |       -195.001   |   33:59:19   |   379:33:39   |
65800       |       -56683.8   |       -56456.2   |       -227.577   |   34:00:49   |   379:31:32   |
65850       |       -56702.6   |       -56457.3   |       -245.243   |   34:02:20   |   379:29:36   |
65900       |       -56721.6   |       -56459.3   |       -262.331   |   34:03:54   |   379:28:14   |
65950       |       -56712.5   |       -56472.4   |       -240.091   |   34:05:27   |   379:26:40   |


Iter        |      Posterior   |     Likelihood   |          Prior   |    elapsed   |        ETA   |
----------------------------------------------------------------------------------------------------
66000       |       -56724.3   |       -56465.4   |       -258.872   |   34:06:56   |   379:24:22   |
66050       |       -56668.6   |       -56458.5   |       -210.144   |   34:08:30   |   379:23:00   |
66100       |       -56723.2   |       -56467.2   |       -255.957   |   34:10:03   |   379:21:26   |
66150       |       -56688.1   |         -56466   |       -222.135   |   34:11:37   |   379:20:04   |
66200       |       -56686.9   |       -56460.7   |        -226.23   |   34:13:13   |   379:19:04   |
66250       |       -56729.8   |       -56458.2   |       -271.625   |   34:14:50   |   379:18:14   |
66300       |       -56662.7   |       -56458.6   |       -204.069   |   34:16:25   |   379:17:03   |
66350       |       -56712.9   |       -56454.8   |       -258.099   |   34:17:58   |   379:15:29   |
66400       |       -56720.6   |       -56472.1   |       -248.518   |   34:19:33   |   379:14:18   |
66450       |       -56715.2   |         -56466   |       -249.173   |   34:21:07   |   379:12:55   |
66500       |       -56714.7   |       -56460.7   |       -253.992   |   34:22:54   |   379:13:56   |
66550       |       -56694.9   |       -56473.5   |       -221.442   |   34:24:25   |   379:12:00   |
66600       |       -56681.9   |       -56460.4   |       -221.549   |   34:26:00   |   379:10:49   |
66650       |       -56705.7   |       -56478.7   |        -227.03   |   34:27:34   |   379:09:26   |
66700       |       -56724.8   |       -56485.6   |       -239.197   |   34:29:08   |   379:08:03   |
66750       |       -56732.3   |       -56472.1   |       -260.146   |   34:30:42   |   379:06:40   |
66800       |       -56718.2   |       -56468.4   |       -249.753   |   34:32:16   |   379:05:17   |
66850       |       -56703.2   |       -56464.1   |       -239.116   |   34:33:47   |   379:03:22   |
66900       |       -56679.9   |       -56472.7   |       -207.262   |   34:35:15   |   379:00:53   |
66950       |         -56731   |       -56467.4   |       -263.599   |   34:36:45   |   378:58:47   |


Iter        |      Posterior   |     Likelihood   |          Prior   |    elapsed   |        ETA   |
----------------------------------------------------------------------------------------------------
67000       |       -56719.3   |       -56473.7   |       -245.588   |   34:38:16   |   378:56:51   |
67050       |       -56730.8   |       -56473.3   |        -257.48   |   34:39:46   |   378:54:44   |
67100       |       -56676.1   |         -56454   |       -222.095   |   34:41:16   |   378:52:38   |
67150       |       -56656.5   |       -56459.7   |       -196.765   |   34:42:47   |   378:50:43   |
67200       |         -56696   |       -56470.3   |       -225.735   |   34:44:25   |   378:50:04   |
67250       |       -56664.2   |       -56458.7   |       -205.441   |   34:45:56   |   378:48:08   |
67300       |       -56704.2   |       -56466.4   |        -237.76   |   34:47:29   |   378:46:34   |
67350       |       -56696.8   |       -56477.9   |       -218.947   |   34:48:59   |   378:44:28   |
67400       |       -56766.5   |         -56480   |       -286.455   |   34:50:29   |   378:42:22   |
67450       |         -56711   |       -56470.1   |       -240.915   |   34:52:02   |   378:40:48   |
67500       |       -56709.8   |       -56472.5   |        -237.38   |   34:53:33   |   378:38:53   |
67550       |       -56691.8   |       -56466.7   |       -225.066   |   34:55:04   |   378:36:58   |
67600       |         -56704   |       -56464.1   |       -239.907   |   34:56:36   |   378:35:14   |
67650       |         -56673   |       -56459.3   |       -213.705   |   34:58:09   |   378:33:40   |
67700       |       -56684.8   |       -56459.8   |       -224.975   |   34:59:41   |   378:31:56   |
67750       |       -56713.3   |       -56462.1   |       -251.206   |   35:01:15   |   378:30:33   |
67800       |       -56690.7   |       -56467.4   |       -223.257   |   35:02:50   |   378:29:21   |
67850       |       -56713.7   |       -56475.7   |       -238.061   |   35:04:21   |   378:27:26   |
67900       |       -56695.9   |       -56474.3   |       -221.512   |   35:05:50   |   378:25:09   |
67950       |       -56699.5   |         -56477   |        -222.52   |   35:07:22   |   378:23:25   |


Iter        |      Posterior   |     Likelihood   |          Prior   |    elapsed   |        ETA   |
----------------------------------------------------------------------------------------------------
68000       |       -56695.9   |       -56460.5   |       -235.354   |   35:08:55   |   378:21:52   |
68050       |       -56688.8   |       -56447.7   |       -241.011   |   35:10:27   |   378:20:07   |
68100       |       -56724.6   |       -56468.6   |       -256.045   |   35:11:58   |   378:18:12   |
68150       |       -56699.5   |       -56468.7   |       -230.791   |   35:13:30   |   378:16:28   |
68200       |       -56717.7   |       -56462.2   |        -255.47   |   35:15:04   |   378:15:05   |
68250       |       -56687.2   |       -56459.4   |       -227.791   |   35:16:39   |   378:13:53   |
68300       |       -56700.7   |       -56459.9   |       -240.863   |   35:18:16   |   378:13:03   |
68350       |       -56726.5   |       -56474.1   |       -252.371   |   35:19:54   |   378:12:23   |
68400       |       -56737.5   |       -56460.8   |       -276.681   |   35:21:37   |   378:12:36   |
68450       |       -56774.6   |       -56473.4   |       -301.166   |   35:23:13   |   378:11:35   |
68500       |       -56727.9   |       -56466.2   |       -261.759   |   35:24:47   |   378:10:12   |
68550       |       -56694.1   |       -56462.3   |       -231.806   |   35:26:25   |   378:09:31   |
68600       |       -56710.2   |       -56455.1   |       -255.136   |   35:28:00   |   378:08:19   |
68650       |       -56709.9   |       -56459.7   |       -250.263   |   35:29:35   |   378:07:07   |
68700       |       -56725.9   |       -56471.4   |       -254.448   |   35:31:11   |   378:06:05   |
68750       |       -56722.7   |         -56473   |       -249.747   |   35:32:49   |   378:05:24   |
68800       |       -56714.6   |       -56471.7   |       -242.845   |   35:34:25   |   378:04:22   |
68850       |       -56677.4   |       -56473.5   |        -203.95   |   35:35:58   |   378:02:49   |
68900       |       -56691.4   |       -56462.9   |       -228.514   |   35:37:32   |   378:01:25   |
68950       |       -56699.5   |       -56461.1   |       -238.442   |   35:39:07   |   378:00:13   |


Iter        |      Posterior   |     Likelihood   |          Prior   |    elapsed   |        ETA   |
----------------------------------------------------------------------------------------------------
69000       |       -56649.6   |       -56460.3   |       -189.349   |   35:40:41   |   377:58:50   |
69050       |       -56690.1   |       -56457.6   |        -232.42   |   35:42:16   |   377:57:37   |
69100       |       -56714.1   |       -56466.3   |       -247.855   |   35:43:50   |   377:56:14   |
69150       |         -56647   |       -56465.7   |       -181.261   |   35:45:23   |   377:54:40   |
69200       |       -56692.4   |       -56479.5   |       -212.877   |   35:46:56   |   377:53:06   |
69250       |       -56711.1   |       -56485.8   |        -225.31   |   35:48:29   |   377:51:32   |
69300       |       -56681.5   |       -56466.4   |       -215.084   |   35:50:09   |   377:51:12   |
69350       |       -56719.5   |       -56468.6   |       -250.862   |   35:51:44   |   377:49:59   |
69400       |       -56737.2   |         -56489   |       -248.192   |   35:53:27   |   377:50:10   |
69450       |       -56687.2   |         -56473   |        -214.15   |   35:55:05   |   377:49:29   |
69500       |       -56700.8   |       -56450.4   |       -250.358   |   35:56:37   |   377:47:44   |
69550       |       -56707.6   |       -56461.7   |       -245.869   |   35:58:14   |   377:46:52   |
69600       |       -56705.9   |       -56457.8   |       -248.148   |   35:59:53   |   377:46:21   |
69650       |       -56648.1   |       -56466.1   |       -181.969   |   36:01:26   |   377:44:47   |
69700       |         -56715   |       -56461.3   |        -253.65   |   36:02:59   |   377:43:13   |
69750       |         -56690   |       -56451.7   |        -238.25   |   36:04:33   |   377:41:49   |
69800       |       -56746.3   |       -56473.8   |       -272.551   |   36:06:08   |   377:40:36   |
69850       |       -56719.6   |         -56487   |       -232.615   |   36:07:44   |   377:39:33   |
69900       |       -56670.6   |       -56445.4   |       -225.213   |   36:09:17   |   377:37:59   |
69950       |       -56694.9   |       -56462.9   |       -232.002   |   36:10:45   |   377:35:33   |


Iter        |      Posterior   |     Likelihood   |          Prior   |    elapsed   |        ETA   |
----------------------------------------------------------------------------------------------------
70000       |       -56695.6   |       -56472.2   |       -223.397   |   36:12:13   |   377:33:07   |
70050       |       -56714.7   |       -56468.9   |       -245.813   |   36:13:42   |   377:30:51   |
70100       |       -56669.9   |       -56475.2   |       -194.707   |   36:15:18   |   377:29:48   |
70150       |       -56740.9   |       -56471.8   |        -269.09   |   36:16:50   |   377:28:03   |
70200       |       -56710.4   |       -56472.8   |       -237.527   |   36:18:22   |   377:26:19   |
70250       |       -56674.6   |       -56446.8   |       -227.833   |   36:19:54   |   377:24:35   |
70300       |       -56716.7   |       -56458.2   |       -258.523   |   36:21:30   |   377:23:32   |
70350       |       -56657.3   |       -56455.2   |       -202.116   |   36:23:01   |   377:21:37   |
70400       |       -56707.5   |       -56470.7   |       -236.771   |   36:24:34   |   377:20:03   |
70450       |       -56722.2   |       -56459.6   |       -262.593   |   36:26:10   |   377:19:00   |
70500       |       -56702.5   |       -56460.6   |       -241.899   |   36:27:46   |   377:17:57   |
70550       |       -56707.4   |       -56473.1   |       -234.365   |   36:29:23   |   377:17:04   |
70600       |       -56717.9   |         -56463   |       -254.889   |   36:31:01   |   377:16:22   |
70650       |       -56684.1   |       -56475.2   |       -208.945   |   36:32:35   |   377:14:58   |
70700       |         -56693   |       -56466.9   |       -226.133   |   36:34:10   |   377:13:44   |
70750       |         -56728   |       -56474.6   |       -253.381   |   36:35:48   |   377:13:02   |
70800       |       -56705.1   |       -56453.9   |       -251.234   |   36:37:25   |   377:12:09   |
70850       |       -56735.3   |       -56459.5   |       -275.796   |   36:38:59   |   377:10:45   |
70900       |       -56713.6   |       -56461.8   |       -251.828   |   36:40:30   |   377:08:50   |
70950       |       -56689.6   |       -56460.4   |       -229.204   |   36:42:01   |   377:06:55   |


Iter        |      Posterior   |     Likelihood   |          Prior   |    elapsed   |        ETA   |
----------------------------------------------------------------------------------------------------
71000       |       -56685.1   |       -56452.1   |       -232.967   |   36:43:36   |   377:05:41   |
71050       |         -56728   |         -56471   |       -257.041   |   36:45:13   |   377:04:48   |
71100       |       -56755.5   |       -56472.2   |        -283.35   |   36:46:44   |   377:02:53   |
71150       |       -56716.2   |       -56467.4   |       -248.755   |   36:48:16   |   377:01:09   |
71200       |       -56711.6   |       -56473.8   |       -237.849   |   36:49:51   |   376:59:55   |
71250       |       -56678.3   |       -56451.4   |        -226.86   |   36:51:27   |   376:58:51   |
71300       |       -56704.9   |       -56461.5   |       -243.432   |   36:53:04   |   376:57:58   |
71350       |       -56738.9   |       -56459.4   |       -279.464   |   36:54:37   |   376:56:24   |
71400       |       -56739.3   |       -56470.3   |       -268.981   |   36:56:11   |   376:55:00   |
71450       |       -56686.6   |       -56476.3   |       -210.286   |   36:57:47   |   376:53:56   |
71500       |         -56699   |       -56483.2   |       -215.868   |   36:59:23   |   376:52:52   |
71550       |       -56712.8   |       -56469.3   |       -243.462   |   37:00:58   |   376:51:38   |
71600       |       -56754.7   |       -56470.5   |       -284.183   |   37:02:28   |   376:49:33   |
71650       |       -56722.8   |       -56470.8   |       -252.004   |   37:03:57   |   376:47:18   |
71700       |         -56690   |       -56458.7   |       -231.287   |   37:05:27   |   376:45:14   |
71750       |       -56741.3   |       -56473.3   |       -267.979   |   37:07:03   |   376:44:10   |
71800       |       -56712.9   |       -56470.8   |       -242.178   |   37:08:34   |   376:42:15   |
71850       |       -56741.8   |       -56461.1   |       -280.707   |   37:10:07   |   376:40:41   |
71900       |         -56734   |         -56462   |       -271.982   |   37:11:40   |   376:39:07   |
71950       |       -56692.3   |         -56461   |       -231.343   |   37:13:13   |   376:37:32   |


Iter        |      Posterior   |     Likelihood   |          Prior   |    elapsed   |        ETA   |
----------------------------------------------------------------------------------------------------
72000       |       -56741.5   |       -56473.1   |       -268.334   |   37:14:50   |   376:36:38   |
72050       |       -56706.4   |       -56462.1   |       -244.281   |   37:16:26   |   376:35:34   |
72100       |         -56754   |       -56464.7   |       -289.334   |   37:17:59   |   376:34:00   |
72150       |       -56724.9   |       -56463.4   |       -261.464   |   37:19:33   |   376:32:36   |
72200       |       -56725.4   |       -56458.2   |       -267.167   |   37:21:06   |   376:31:01   |
72250       |       -56731.2   |       -56480.5   |       -250.761   |   37:22:35   |   376:28:47   |
72300       |       -56700.8   |       -56480.3   |       -220.533   |   37:24:04   |   376:26:32   |
72350       |       -56712.1   |       -56471.8   |       -240.257   |   37:25:34   |   376:24:28   |
72400       |       -56734.4   |       -56482.6   |       -251.743   |   37:27:03   |   376:22:13   |
72450       |       -56757.7   |       -56473.2   |       -284.458   |   37:28:35   |   376:20:29   |
72500       |       -56735.7   |       -56472.4   |       -263.364   |   37:30:04   |   376:18:15   |
72550       |       -56741.9   |       -56474.4   |       -267.461   |   37:31:31   |   376:15:40   |
72600       |       -56718.9   |       -56472.3   |       -246.614   |   37:32:59   |   376:13:16   |
72650       |       -56682.5   |       -56460.5   |       -221.939   |   37:34:31   |   376:11:32   |
72700       |       -56662.9   |       -56461.4   |       -201.515   |   37:36:02   |   376:09:38   |
72750       |       -56727.5   |       -56464.7   |       -262.825   |   37:37:33   |   376:07:44   |
72800       |       -56718.4   |       -56477.7   |       -240.755   |   37:39:04   |   376:05:50   |
72850       |       -56693.2   |       -56467.3   |       -225.893   |   37:40:41   |   376:04:56   |
72900       |       -56687.7   |       -56451.1   |       -236.639   |   37:42:14   |   376:03:22   |
72950       |       -56706.3   |       -56458.9   |       -247.452   |   37:43:48   |   376:01:58   |


Iter        |      Posterior   |     Likelihood   |          Prior   |    elapsed   |        ETA   |
----------------------------------------------------------------------------------------------------
73000       |       -56712.8   |       -56445.8   |       -267.037   |   37:45:20   |   376:00:14   |
73050       |       -56664.3   |       -56463.5   |       -200.852   |   37:46:51   |   375:58:20   |
73100       |       -56722.3   |       -56469.1   |       -253.201   |   37:48:22   |   375:56:26   |
73150       |       -56733.5   |       -56470.2   |       -263.278   |   37:49:49   |   375:53:52   |
73200       |       -56727.7   |       -56471.1   |       -256.569   |   37:51:16   |   375:51:19   |
73250       |       -56710.1   |       -56464.6   |       -245.425   |   37:52:47   |   375:49:25   |
73300       |         -56716   |       -56468.4   |       -247.548   |   37:54:20   |   375:47:51   |
73350       |       -56702.5   |       -56457.7   |       -244.831   |   37:55:55   |   375:46:37   |
73400       |       -56703.1   |       -56458.5   |       -244.567   |   37:57:28   |   375:45:03   |
73450       |       -56703.7   |       -56461.5   |       -242.239   |   37:59:01   |   375:43:29   |
73500       |         -56730   |       -56469.7   |       -260.326   |   38:00:32   |   375:41:35   |
73550       |       -56679.7   |       -56437.8   |       -241.845   |   38:02:03   |   375:39:42   |
73600       |         -56697   |       -56450.5   |       -246.544   |   38:03:31   |   375:37:19   |
73650       |       -56710.1   |       -56458.4   |       -251.683   |   38:05:01   |   375:35:15   |
73700       |       -56677.4   |       -56451.6   |       -225.792   |   38:06:34   |   375:33:41   |
73750       |       -56726.8   |         -56468   |       -258.788   |   38:08:08   |   375:32:17   |
73800       |       -56700.1   |       -56461.9   |       -238.248   |   38:09:40   |   375:30:34   |
73850       |       -56685.6   |       -56469.3   |       -216.346   |   38:11:15   |   375:29:19   |
73900       |       -56714.9   |       -56463.6   |       -251.324   |   38:12:51   |   375:28:15   |
73950       |         -56736   |       -56463.4   |       -272.639   |   38:14:26   |   375:27:01   |


Iter        |      Posterior   |     Likelihood   |          Prior   |    elapsed   |        ETA   |
----------------------------------------------------------------------------------------------------
74000       |       -56696.9   |         -56461   |       -235.975   |   38:16:04   |   375:26:16   |
74050       |       -56765.6   |         -56484   |       -281.585   |   38:17:41   |   375:25:21   |
74100       |       -56726.4   |       -56463.2   |       -263.239   |   38:19:15   |   375:23:57   |
74150       |       -56685.9   |       -56458.3   |       -227.619   |   38:20:47   |   375:22:13   |
74200       |       -56745.5   |         -56455   |       -290.522   |   38:22:19   |   375:20:30   |
74250       |       -56716.6   |         -56458   |       -258.635   |   38:23:53   |   375:19:06   |
74300       |       -56672.5   |       -56441.5   |        -230.94   |   38:25:23   |   375:17:02   |
74350       |       -56685.2   |       -56445.1   |       -240.108   |   38:26:52   |   375:14:49   |
74400       |       -56665.9   |       -56446.8   |        -219.14   |   38:28:23   |   375:12:56   |
74450       |       -56692.4   |       -56465.6   |       -226.803   |   38:29:58   |   375:11:42   |
74500       |       -56684.2   |       -56461.6   |       -222.608   |   38:31:32   |   375:10:18   |
74550       |       -56674.5   |         -56459   |       -215.485   |   38:33:06   |   375:08:53   |
74600       |       -56666.5   |       -56447.4   |       -219.085   |   38:34:37   |   375:07:00   |
74650       |       -56709.3   |       -56434.2   |       -275.083   |   38:36:13   |   375:05:55   |
74700       |       -56685.3   |       -56457.4   |       -227.853   |   38:37:49   |   375:04:51   |
74750       |       -56725.8   |       -56466.4   |       -259.366   |   38:39:24   |   375:03:36   |
74800       |       -56697.2   |       -56460.7   |       -236.497   |   38:40:58   |   375:02:12   |
74850       |       -56721.7   |       -56453.8   |       -267.896   |   38:42:30   |   375:00:28   |
74900       |       -56689.7   |       -56447.6   |       -242.193   |   38:44:00   |   374:58:25   |
74950       |       -56664.1   |       -56460.9   |       -203.184   |   38:45:29   |   374:56:13   |


Iter        |      Posterior   |     Likelihood   |          Prior   |    elapsed   |        ETA   |
----------------------------------------------------------------------------------------------------
75000       |       -56681.9   |       -56447.1   |        -234.82   |   38:47:03   |   374:54:49   |
75050       |       -56713.8   |         -56476   |       -237.819   |   38:48:37   |   374:53:24   |
75100       |       -56715.2   |       -56454.5   |       -260.731   |   38:50:11   |   374:52:00   |
75150       |       -56663.9   |       -56449.4   |       -214.475   |   38:51:47   |   374:50:55   |
75200       |       -56726.9   |         -56444   |        -282.86   |   38:53:21   |   374:49:31   |
75250       |       -56705.4   |       -56449.7   |         -255.7   |   38:54:54   |   374:47:57   |
75300       |       -56726.9   |       -56453.1   |       -273.831   |   38:56:33   |   374:47:21   |
75350       |       -56690.8   |       -56460.5   |        -230.23   |   38:58:12   |   374:46:45   |
75400       |       -56710.8   |       -56467.5   |       -243.318   |   38:59:48   |   374:45:39   |
75450       |       -56686.9   |       -56473.3   |       -213.638   |   39:01:26   |   374:44:53   |
75500       |       -56691.3   |       -56473.4   |       -217.945   |   39:02:59   |   374:43:19   |
75550       |       -56719.9   |       -56468.7   |        -251.14   |   39:04:29   |   374:41:16   |
75600       |       -56691.8   |       -56461.7   |       -230.149   |   39:05:59   |   374:39:14   |
75650       |       -56714.5   |       -56471.5   |       -242.955   |   39:07:27   |   374:36:52   |
75700       |       -56749.7   |       -56484.7   |       -265.059   |   39:08:59   |   374:35:08   |
75750       |       -56722.8   |       -56460.8   |       -262.013   |   39:10:26   |   374:32:37   |
75800       |       -56714.2   |       -56458.4   |       -255.754   |   39:11:56   |   374:30:34   |
75850       |       -56684.7   |       -56463.3   |       -221.359   |   39:13:28   |   374:28:51   |
75900       |         -56705   |       -56438.5   |       -266.568   |   39:15:01   |   374:27:17   |
75950       |       -56726.4   |       -56476.9   |       -249.543   |   39:16:41   |   374:26:50   |


Iter        |      Posterior   |     Likelihood   |          Prior   |    elapsed   |        ETA   |
----------------------------------------------------------------------------------------------------
76000       |       -56701.2   |       -56465.2   |       -236.014   |   39:18:16   |   374:25:35   |
76050       |       -56693.8   |       -56451.9   |       -241.887   |   39:19:51   |   374:24:20   |
76100       |       -56691.3   |         -56450   |       -241.307   |   39:21:26   |   374:23:05   |
76150       |       -56720.1   |       -56460.4   |       -259.668   |   39:22:59   |   374:21:31   |
76200       |       -56671.3   |       -56470.6   |         -200.7   |   39:24:33   |   374:20:07   |
76250       |       -56705.4   |       -56459.1   |       -246.257   |   39:26:05   |   374:18:23   |
76300       |       -56714.8   |       -56455.7   |       -259.089   |   39:27:34   |   374:16:11   |
76350       |       -56700.2   |       -56460.3   |       -239.896   |   39:29:08   |   374:14:47   |
76400       |       -56704.6   |       -56468.9   |        -235.76   |   39:30:43   |   374:13:32   |
76450       |       -56714.2   |       -56456.9   |        -257.32   |   39:32:16   |   374:11:58   |
76500       |       -56724.2   |       -56468.4   |       -255.781   |   39:33:50   |   374:10:34   |
76550       |       -56700.7   |       -56460.3   |       -240.425   |   39:35:22   |   374:08:50   |
76600       |       -56697.6   |         -56445   |       -252.642   |   39:36:54   |   374:07:07   |
76650       |       -56724.5   |       -56443.9   |       -280.606   |   39:38:22   |   374:04:46   |
76700       |       -56695.2   |       -56453.9   |       -241.322   |   39:39:52   |   374:02:43   |
76750       |       -56706.9   |       -56469.7   |        -237.21   |   39:41:29   |   374:01:47   |
76800       |       -56704.5   |       -56460.8   |       -243.759   |   39:43:03   |   374:00:23   |
76850       |       -56732.9   |         -56457   |       -275.885   |   39:44:31   |   373:58:02   |
76900       |       -56687.8   |       -56454.3   |       -233.532   |   39:46:02   |   373:56:09   |
76950       |       -56724.7   |       -56454.8   |       -269.971   |   39:47:31   |   373:53:58   |


Iter        |      Posterior   |     Likelihood   |          Prior   |    elapsed   |        ETA   |
----------------------------------------------------------------------------------------------------
77000       |       -56684.1   |       -56453.6   |       -230.421   |   39:49:03   |   373:52:14   |
77050       |       -56689.6   |       -56444.4   |       -245.242   |   39:50:39   |   373:51:09   |
77100       |       -56712.2   |       -56464.1   |       -248.044   |   39:52:12   |   373:49:35   |
77150       |       -56699.3   |       -56448.2   |       -251.062   |   39:53:45   |   373:48:01   |
77200       |       -56694.1   |       -56454.3   |       -239.757   |   39:55:16   |   373:46:08   |
77250       |       -56739.1   |       -56453.5   |        -285.58   |   39:56:50   |   373:44:44   |
77300       |       -56695.4   |       -56455.5   |       -239.966   |   39:58:24   |   373:43:20   |
77350       |       -56691.6   |       -56454.5   |       -237.065   |   39:59:55   |   373:41:27   |
77400       |         -56712   |       -56463.9   |       -248.114   |   40:01:25   |   373:39:25   |
77450       |       -56667.6   |       -56453.8   |       -213.848   |   40:02:53   |   373:37:05   |
77500       |       -56699.6   |       -56448.7   |       -250.859   |   40:04:22   |   373:34:54   |
77550       |       -56666.6   |       -56450.3   |       -216.338   |   40:05:49   |   373:32:24   |
77600       |       -56667.3   |       -56452.3   |       -215.013   |   40:07:19   |   373:30:22   |
77650       |       -56688.8   |       -56468.1   |       -220.775   |   40:08:52   |   373:28:49   |
77700       |       -56706.3   |       -56459.8   |       -246.469   |   40:10:22   |   373:26:47   |
77750       |       -56698.8   |       -56459.8   |       -238.993   |   40:11:51   |   373:24:36   |
77800       |       -56714.7   |       -56461.8   |       -252.888   |   40:13:24   |   373:23:03   |
77850       |       -56700.8   |       -56450.5   |       -250.265   |   40:15:01   |   373:22:06   |
77900       |       -56725.8   |       -56463.5   |       -262.263   |   40:16:33   |   373:20:23   |
77950       |       -56725.8   |       -56460.1   |       -265.686   |   40:18:06   |   373:18:50   |


Iter        |      Posterior   |     Likelihood   |          Prior   |    elapsed   |        ETA   |
----------------------------------------------------------------------------------------------------
78000       |       -56701.4   |       -56457.1   |        -244.31   |   40:19:33   |   373:16:20   |
78050       |       -56731.5   |       -56473.3   |       -258.136   |   40:21:06   |   373:14:47   |
78100       |         -56731   |       -56459.5   |        -271.48   |   40:22:41   |   373:13:32   |
78150       |       -56701.5   |       -56448.8   |       -252.685   |   40:24:12   |   373:11:40   |
78200       |       -56705.3   |       -56459.8   |       -245.511   |   40:25:47   |   373:10:24   |
78250       |       -56710.6   |       -56444.4   |       -266.135   |   40:27:24   |   373:09:28   |
78300       |       -56715.9   |       -56460.6   |       -255.289   |   40:29:00   |   373:08:22   |
78350       |       -56744.3   |       -56472.7   |        -271.65   |   40:30:34   |   373:06:57   |
78400       |       -56792.4   |       -56468.2   |       -324.215   |   40:32:05   |   373:05:05   |
78450       |       -56746.6   |       -56459.7   |       -286.854   |   40:33:42   |   373:04:08   |
78500       |       -56672.1   |       -56468.1   |       -203.971   |   40:35:15   |   373:02:35   |
78550       |       -56745.4   |         -56472   |       -273.452   |   40:36:47   |   373:00:52   |
78600       |       -56720.4   |       -56457.7   |       -262.674   |   40:38:19   |   372:59:09   |
78650       |       -56694.7   |       -56457.7   |       -236.944   |   40:39:52   |   372:57:35   |
78700       |       -56710.6   |         -56451   |       -259.576   |   40:41:25   |   372:56:02   |
78750       |       -56712.8   |       -56459.9   |       -252.822   |   40:42:59   |   372:54:37   |
78800       |       -56683.3   |       -56487.8   |       -195.516   |   40:44:33   |   372:53:12   |
78850       |       -56673.7   |       -56458.9   |       -214.816   |   40:46:11   |   372:52:25   |
78900       |       -56677.2   |       -56472.5   |       -204.717   |   40:47:48   |   372:51:27   |
78950       |       -56682.5   |       -56476.6   |       -205.919   |   40:49:21   |   372:49:54   |


Iter        |      Posterior   |     Likelihood   |          Prior   |    elapsed   |        ETA   |
----------------------------------------------------------------------------------------------------
79000       |       -56679.2   |       -56456.4   |       -222.735   |   40:50:57   |   372:48:47   |
79050       |       -56694.9   |         -56451   |       -243.886   |   40:52:35   |   372:47:59   |
79100       |       -56734.3   |       -56460.1   |       -274.179   |   40:54:09   |   372:46:34   |
79150       |       -56745.4   |       -56463.3   |       -282.181   |   40:55:40   |   372:44:42   |
79200       |         -56734   |         -56470   |       -263.964   |   40:57:09   |   372:42:32   |
79250       |       -56746.8   |       -56455.8   |       -290.949   |   40:58:39   |   372:40:31   |
79300       |       -56727.2   |       -56456.6   |       -270.543   |   41:00:11   |   372:38:48   |
79350       |       -56713.1   |       -56472.1   |       -240.964   |   41:01:37   |   372:36:11   |
79400       |       -56703.8   |       -56473.9   |       -229.928   |   41:03:05   |   372:33:52   |
79450       |       -56699.7   |       -56461.9   |       -237.739   |   41:04:33   |   372:31:33   |
79500       |       -56713.1   |       -56451.4   |       -261.743   |   41:06:02   |   372:29:23   |
79550       |       -56705.4   |       -56460.2   |       -245.183   |   41:07:32   |   372:27:23   |
79600       |       -56698.3   |       -56465.3   |       -232.931   |   41:09:00   |   372:25:04   |
79650       |       -56721.7   |       -56454.6   |       -267.153   |   41:10:29   |   372:22:54   |
79700       |       -56699.2   |       -56461.2   |           -238   |   41:12:01   |   372:21:11   |
79750       |       -56690.1   |       -56474.4   |       -215.681   |   41:13:30   |   372:19:02   |
79800       |       -56727.8   |       -56450.1   |       -277.651   |   41:14:59   |   372:16:52   |
79850       |         -56700   |       -56468.1   |       -231.892   |   41:16:31   |   372:15:10   |
79900       |       -56709.3   |         -56472   |       -237.347   |   41:18:06   |   372:13:54   |
79950       |       -56688.4   |       -56462.4   |       -226.018   |   41:19:42   |   372:12:48   |


Iter        |      Posterior   |     Likelihood   |          Prior   |    elapsed   |        ETA   |
----------------------------------------------------------------------------------------------------
80000       |       -56700.8   |       -56465.8   |       -235.041   |   41:21:17   |   372:11:33   |
80050       |       -56714.4   |       -56462.9   |        -251.49   |   41:22:50   |   372:09:59   |
80100       |       -56688.2   |       -56457.8   |       -230.333   |   41:24:21   |   372:08:08   |
80150       |       -56688.7   |       -56439.1   |       -249.584   |   41:25:48   |   372:05:40   |
80200       |       -56701.3   |       -56465.2   |       -236.053   |   41:27:17   |   372:03:31   |
80250       |       -56717.1   |       -56465.7   |       -251.395   |   41:28:47   |   372:01:31   |
80300       |       -56750.7   |       -56454.1   |       -296.631   |   41:30:19   |   371:59:48   |
80350       |       -56683.3   |       -56449.3   |       -233.947   |   41:31:51   |   371:58:06   |
80400       |       -56725.8   |       -56468.9   |       -256.958   |   41:33:24   |   371:56:33   |
80450       |       -56715.3   |       -56452.4   |       -262.923   |   41:34:55   |   371:54:41   |
80500       |       -56758.1   |       -56463.8   |        -294.27   |   41:36:26   |   371:52:50   |
80550       |       -56718.7   |       -56450.3   |       -268.314   |   41:37:58   |   371:51:08   |
80600       |         -56719   |       -56465.9   |       -253.125   |   41:39:31   |   371:49:34   |
80650       |       -56705.3   |       -56461.7   |       -243.666   |   41:40:57   |   371:46:59   |
80700       |       -56671.3   |       -56455.3   |       -215.962   |   41:42:29   |   371:45:16   |
80750       |       -56694.8   |       -56456.2   |       -238.586   |   41:43:59   |   371:43:16   |
80800       |       -56741.8   |       -56461.6   |       -280.182   |   41:45:32   |   371:41:43   |
80850       |       -56719.1   |       -56458.4   |       -260.666   |   41:47:04   |   371:40:01   |
80900       |       -56759.4   |       -56464.5   |       -294.875   |   41:48:37   |   371:38:28   |
80950       |       -56756.3   |         -56470   |       -286.379   |   41:50:10   |   371:36:54   |


Iter        |      Posterior   |     Likelihood   |          Prior   |    elapsed   |        ETA   |
----------------------------------------------------------------------------------------------------
81000       |       -56734.4   |       -56459.1   |       -275.236   |   41:51:40   |   371:34:55   |
81050       |       -56739.3   |       -56484.8   |       -254.496   |   41:53:14   |   371:33:30   |
81100       |       -56674.3   |       -56441.9   |       -232.325   |   41:54:45   |   371:31:39   |
81150       |       -56731.9   |         -56465   |       -266.886   |   41:56:17   |   371:29:57   |
81200       |       -56697.8   |       -56455.9   |       -241.901   |   41:57:43   |   371:27:22   |
81250       |       -56711.4   |       -56469.3   |        -242.06   |   41:59:11   |   371:25:05   |
81300       |       -56723.6   |       -56471.5   |       -252.022   |   42:00:39   |   371:22:47   |
81350       |       -56722.5   |       -56451.2   |       -271.372   |   42:02:11   |   371:21:05   |
81400       |       -56698.8   |       -56465.6   |       -233.197   |   42:03:43   |   371:19:23   |
81450       |       -56683.4   |         -56447   |       -236.479   |   42:05:12   |   371:17:15   |
81500       |       -56739.1   |       -56481.1   |       -257.935   |   42:06:45   |   371:15:42   |
81550       |       -56657.6   |       -56456.6   |       -200.919   |   42:08:20   |   371:14:26   |
81600       |       -56709.8   |       -56467.8   |       -241.915   |   42:09:53   |   371:12:53   |
81650       |       -56685.4   |       -56453.3   |        -232.06   |   42:11:24   |   371:11:02   |
81700       |       -56688.3   |         -56445   |       -243.276   |   42:12:55   |   371:09:12   |
81750       |       -56689.9   |       -56454.4   |       -235.537   |   42:14:24   |   371:07:04   |
81800       |       -56699.4   |       -56474.5   |       -224.895   |   42:15:52   |   371:04:47   |
81850       |       -56708.4   |       -56468.5   |         -239.9   |   42:17:20   |   371:02:30   |
81900       |       -56741.3   |       -56477.9   |       -263.412   |   42:18:47   |   371:00:04   |
81950       |       -56738.1   |       -56483.8   |       -254.297   |   42:20:14   |   370:57:39   |


Iter        |      Posterior   |     Likelihood   |          Prior   |    elapsed   |        ETA   |
----------------------------------------------------------------------------------------------------
82000       |       -56707.1   |       -56475.5   |       -231.581   |   42:21:47   |   370:56:06   |
82050       |       -56673.7   |       -56480.3   |       -193.401   |   42:23:21   |   370:54:41   |
82100       |       -56724.7   |       -56479.7   |       -245.043   |   42:24:55   |   370:53:17   |
82150       |       -56740.3   |       -56500.1   |       -240.221   |   42:26:28   |   370:51:44   |
82200       |       -56693.9   |       -56470.2   |       -223.643   |   42:28:02   |   370:50:20   |
82250       |       -56728.1   |       -56475.5   |       -252.531   |   42:29:35   |   370:48:47   |
82300       |       -56712.1   |       -56460.3   |       -251.788   |   42:31:09   |   370:47:23   |
82350       |         -56709   |       -56457.9   |       -251.168   |   42:32:38   |   370:45:15   |
82400       |       -56743.4   |       -56464.3   |       -279.103   |   42:34:07   |   370:43:07   |
82450       |         -56724   |       -56453.7   |       -270.271   |   42:35:36   |   370:41:00   |
82500       |         -56706   |       -56456.1   |       -249.967   |   42:37:01   |   370:38:17   |
82550       |       -56668.2   |       -56453.3   |        -214.94   |   42:38:29   |   370:36:01   |
82600       |       -56699.9   |       -56449.7   |       -250.207   |   42:39:59   |   370:34:02   |
82650       |       -56735.5   |         -56456   |       -279.542   |   42:41:35   |   370:32:55   |
82700       |       -56711.4   |       -56443.1   |       -268.302   |   42:43:12   |   370:31:57   |
82750       |       -56675.3   |       -56457.3   |       -217.957   |   42:44:47   |   370:30:42   |
82800       |       -56693.4   |       -56465.7   |       -227.678   |   42:46:21   |   370:29:18   |
82850       |       -56738.2   |       -56468.2   |       -269.945   |   42:47:53   |   370:27:36   |
82900       |       -56736.5   |       -56456.2   |       -280.311   |   42:49:25   |   370:25:55   |
82950       |       -56714.7   |       -56452.3   |       -262.374   |   42:51:04   |   370:25:14   |


Iter        |      Posterior   |     Likelihood   |          Prior   |    elapsed   |        ETA   |
----------------------------------------------------------------------------------------------------
83000       |       -56726.7   |       -56459.7   |       -266.911   |   42:52:35   |   370:23:24   |
83050       |       -56692.6   |       -56454.6   |        -237.95   |   42:54:15   |   370:22:51   |
83100       |       -56729.3   |       -56449.7   |       -279.605   |   42:55:46   |   370:21:01   |
83150       |         -56668   |       -56440.4   |        -227.65   |   42:57:19   |   370:19:28   |
83200       |       -56682.7   |       -56447.9   |       -234.863   |   42:58:50   |   370:17:38   |
83250       |       -56701.8   |       -56443.1   |        -258.71   |   43:00:18   |   370:15:22   |
83300       |         -56716   |       -56446.9   |       -269.065   |   43:01:46   |   370:13:06   |
83350       |       -56706.8   |       -56441.5   |       -265.376   |   43:03:17   |   370:11:16   |
83400       |       -56711.6   |       -56453.8   |       -257.836   |   43:04:46   |   370:09:09   |
83450       |       -56712.2   |       -56459.3   |       -252.873   |   43:06:12   |   370:06:36   |
83500       |       -56698.6   |       -56437.3   |       -261.342   |   43:07:40   |   370:04:20   |
83550       |       -56754.9   |       -56462.3   |        -292.56   |   43:09:11   |   370:02:31   |
83600       |         -56724   |       -56468.1   |        -255.86   |   43:10:39   |   370:00:15   |
83650       |         -56703   |       -56467.3   |       -235.704   |   43:12:13   |   369:58:51   |
83700       |       -56702.6   |       -56455.1   |       -247.536   |   43:13:45   |   369:57:10   |
83750       |       -56747.8   |       -56452.1   |        -295.73   |   43:15:18   |   369:55:37   |
83800       |       -56710.8   |       -56447.9   |       -262.898   |   43:16:51   |   369:54:04   |
83850       |         -56750   |       -56461.1   |       -288.837   |   43:18:26   |   369:52:49   |
83900       |       -56672.7   |       -56462.8   |       -209.985   |   43:19:59   |   369:51:16   |
83950       |       -56689.3   |       -56475.7   |       -213.666   |   43:21:32   |   369:49:43   |


Iter        |      Posterior   |     Likelihood   |          Prior   |    elapsed   |        ETA   |
----------------------------------------------------------------------------------------------------
84000       |       -56743.5   |       -56471.7   |       -271.796   |   43:23:03   |   369:47:54   |
84050       |       -56752.2   |         -56477   |        -275.16   |   43:24:30   |   369:45:30   |
84100       |       -56718.8   |       -56463.7   |       -255.127   |   43:26:05   |   369:44:14   |
84150       |       -56733.6   |       -56465.8   |       -267.841   |   43:27:41   |   369:43:07   |
84200       |       -56726.2   |       -56475.3   |       -250.831   |   43:29:17   |   369:42:00   |
84250       |         -56687   |       -56473.4   |       -213.622   |   43:30:54   |   369:41:01   |
84300       |       -56713.3   |       -56477.2   |       -236.099   |   43:32:21   |   369:38:38   |
84350       |       -56701.8   |         -56460   |       -241.814   |   43:33:49   |   369:36:22   |
84400       |       -56697.3   |       -56463.7   |       -233.538   |   43:35:18   |   369:34:16   |
84450       |       -56666.1   |         -56446   |       -220.118   |   43:36:45   |   369:31:52   |
84500       |       -56725.6   |       -56450.2   |       -275.335   |   43:38:15   |   369:29:54   |
84550       |       -56723.8   |       -56458.1   |       -265.777   |   43:39:49   |   369:28:30   |
84600       |       -56681.6   |       -56448.4   |       -233.186   |   43:41:20   |   369:26:41   |
84650       |       -56717.2   |       -56466.1   |       -251.102   |   43:42:54   |   369:25:17   |
84700       |       -56714.9   |       -56463.2   |       -251.749   |   43:44:33   |   369:24:35   |
84750       |       -56714.1   |         -56458   |       -256.131   |   43:46:10   |   369:23:36   |
84800       |       -56712.2   |       -56458.8   |       -253.445   |   43:47:44   |   369:22:12   |
84850       |       -56732.4   |       -56457.7   |       -274.685   |   43:49:22   |   369:21:21   |
84900       |       -56727.2   |       -56459.5   |       -267.623   |   43:50:58   |   369:20:14   |
84950       |       -56717.9   |       -56455.8   |       -262.101   |   43:52:34   |   369:19:06   |


Iter        |      Posterior   |     Likelihood   |          Prior   |    elapsed   |        ETA   |
----------------------------------------------------------------------------------------------------
85000       |       -56724.8   |       -56457.1   |       -267.713   |   43:54:09   |   369:17:51   |
85050       |       -56736.9   |       -56475.7   |       -261.236   |   43:55:41   |   369:16:09   |
85100       |       -56703.6   |       -56464.5   |       -239.117   |   43:57:15   |   369:14:45   |
85150       |       -56716.3   |       -56464.3   |       -251.998   |   43:58:47   |   369:13:04   |
85200       |         -56739   |       -56474.4   |        -264.55   |   44:00:25   |   369:12:13   |
85250       |       -56771.2   |       -56463.6   |       -307.522   |   44:01:59   |   369:10:49   |
85300       |       -56668.9   |       -56466.3   |       -202.621   |   44:03:33   |   369:09:24   |
85350       |       -56742.3   |       -56485.4   |       -256.842   |   44:05:09   |   369:08:17   |
85400       |       -56740.1   |       -56483.2   |       -256.948   |   44:06:41   |   369:06:36   |
85450       |         -56697   |       -56476.2   |       -220.763   |   44:08:09   |   369:04:21   |
85500       |       -56756.1   |       -56463.3   |       -292.835   |   44:09:44   |   369:03:05   |
85550       |       -56681.3   |       -56460.7   |       -220.559   |   44:11:22   |   369:02:14   |
85600       |         -56730   |       -56460.1   |       -269.868   |   44:13:00   |   369:01:23   |
85650       |       -56684.9   |       -56446.5   |       -238.325   |   44:14:34   |   368:59:59   |
85700       |       -56680.8   |       -56466.9   |        -213.96   |   44:16:09   |   368:58:42   |
85750       |         -56693   |       -56456.1   |       -236.901   |   44:17:43   |   368:57:18   |
85800       |       -56715.1   |         -56462   |       -253.038   |   44:19:16   |   368:55:45   |
85850       |       -56703.9   |         -56457   |       -246.852   |   44:20:49   |   368:54:12   |
85900       |       -56724.3   |       -56461.5   |       -262.844   |   44:22:27   |   368:53:21   |
85950       |       -56686.7   |       -56456.9   |       -229.765   |   44:24:00   |   368:51:48   |


Iter        |      Posterior   |     Likelihood   |          Prior   |    elapsed   |        ETA   |
----------------------------------------------------------------------------------------------------
86000       |       -56698.9   |       -56447.6   |       -251.335   |   44:25:27   |   368:49:26   |
86050       |       -56704.9   |       -56456.1   |       -248.792   |   44:26:55   |   368:47:11   |
86100       |       -56709.9   |       -56454.1   |       -255.787   |   44:28:22   |   368:44:49   |
86150       |       -56715.6   |       -56450.2   |       -265.373   |   44:29:49   |   368:42:26   |
86200       |       -56705.7   |       -56451.6   |       -254.143   |   44:31:15   |   368:39:55   |
86250       |       -56669.4   |       -56447.7   |       -221.701   |   44:32:45   |   368:37:58   |
86300       |       -56671.6   |       -56446.8   |       -224.755   |   44:34:17   |   368:36:17   |
86350       |       -56709.1   |       -56464.5   |        -244.58   |   44:35:54   |   368:35:17   |
86400       |       -56686.2   |       -56466.5   |       -219.658   |   44:37:23   |   368:33:12   |
86450       |       -56713.4   |       -56444.1   |        -269.27   |   44:38:53   |   368:31:14   |
86500       |       -56725.9   |       -56447.4   |       -278.477   |   44:40:21   |   368:29:00   |
86550       |       -56684.1   |       -56443.1   |       -241.024   |   44:41:52   |   368:27:11   |
86600       |       -56682.8   |       -56437.6   |        -245.23   |   44:43:22   |   368:25:14   |
86650       |       -56746.6   |         -56449   |       -297.609   |   44:44:55   |   368:23:41   |
86700       |       -56702.7   |       -56462.1   |       -240.583   |   44:46:25   |   368:21:44   |
86750       |       -56668.7   |       -56435.3   |       -233.401   |   44:47:52   |   368:19:22   |
86800       |       -56670.3   |       -56451.4   |       -218.972   |   44:49:20   |   368:17:08   |
86850       |         -56722   |       -56453.4   |       -268.533   |   44:50:52   |   368:15:28   |
86900       |       -56691.6   |       -56462.2   |        -229.47   |   44:52:25   |   368:13:55   |
86950       |       -56663.1   |       -56442.7   |       -220.454   |   44:54:00   |   368:12:39   |


Iter        |      Posterior   |     Likelihood   |          Prior   |    elapsed   |        ETA   |
----------------------------------------------------------------------------------------------------
87000       |       -56667.6   |       -56449.8   |       -217.777   |   44:55:34   |   368:11:15   |
87050       |       -56729.3   |       -56456.2   |       -273.106   |   44:57:03   |   368:09:09   |
87100       |       -56694.9   |       -56449.9   |       -244.935   |   44:58:32   |   368:07:04   |
87150       |         -56679   |         -56448   |       -231.022   |   45:00:04   |   368:05:23   |
87200       |       -56693.3   |       -56468.4   |       -224.972   |   45:01:32   |   368:03:10   |
87250       |       -56718.9   |       -56453.3   |       -265.624   |   45:03:01   |   368:01:05   |
87300       |       -56721.5   |       -56485.2   |       -236.316   |   45:04:32   |   367:59:16   |
87350       |       -56708.6   |       -56479.1   |       -229.506   |   45:06:01   |   367:57:11   |
87400       |       -56738.3   |       -56456.4   |       -281.838   |   45:07:34   |   367:55:39   |
87450       |       -56706.6   |       -56461.4   |       -245.248   |   45:09:07   |   367:54:06   |
87500       |       -56667.8   |       -56467.4   |        -200.41   |   45:10:41   |   367:52:42   |
87550       |       -56709.7   |         -56468   |        -241.74   |   45:12:16   |   367:51:26   |
87600       |       -56683.4   |         -56453   |       -230.487   |   45:13:52   |   367:50:18   |
87650       |       -56667.5   |       -56444.3   |        -223.24   |   45:15:27   |   367:49:02   |
87700       |       -56700.3   |         -56452   |       -248.271   |   45:16:57   |   367:47:05   |
87750       |       -56728.7   |       -56463.7   |       -265.073   |   45:18:28   |   367:45:16   |
87800       |       -56730.6   |       -56462.2   |       -268.435   |   45:20:01   |   367:43:44   |
87850       |       -56676.7   |       -56454.3   |       -222.418   |   45:21:32   |   367:41:55   |
87900       |         -56712   |       -56462.4   |       -249.613   |   45:23:07   |   367:40:39   |
87950       |         -56715   |         -56449   |        -265.98   |   45:24:43   |   367:39:31   |


Iter        |      Posterior   |     Likelihood   |          Prior   |    elapsed   |        ETA   |
----------------------------------------------------------------------------------------------------
88000       |       -56688.9   |       -56463.2   |       -225.663   |   45:26:19   |   367:38:22   |
88050       |       -56735.6   |       -56463.4   |        -272.21   |   45:27:52   |   367:36:50   |
88100       |       -56669.9   |       -56453.7   |       -216.181   |   45:29:25   |   367:35:17   |
88150       |       -56719.7   |       -56462.2   |       -257.504   |   45:31:00   |   367:34:01   |
88200       |         -56734   |       -56452.8   |       -281.142   |   45:32:34   |   367:32:37   |
88250       |       -56694.2   |       -56460.7   |       -233.482   |   45:34:07   |   367:31:04   |
88300       |       -56691.1   |       -56448.4   |       -242.718   |   45:35:44   |   367:30:04   |
88350       |       -56709.8   |         -56451   |       -258.782   |   45:37:16   |   367:28:23   |
88400       |       -56711.6   |       -56444.1   |        -267.52   |   45:38:50   |   367:26:59   |
88450       |       -56736.9   |       -56477.4   |       -259.505   |   45:40:19   |   367:24:54   |
88500       |         -56718   |       -56458.5   |       -259.488   |   45:41:48   |   367:22:49   |
88550       |       -56683.3   |       -56460.6   |       -222.696   |   45:43:22   |   367:21:25   |
88600       |       -56738.6   |       -56446.5   |       -292.046   |   45:44:56   |   367:20:01   |
88650       |       -56695.6   |       -56441.4   |       -254.199   |   45:46:30   |   367:18:36   |
88700       |       -56715.4   |       -56439.7   |       -275.763   |   45:48:07   |   367:17:36   |
88750       |       -56665.2   |       -56443.1   |        -222.09   |   45:49:45   |   367:16:43   |
88800       |       -56696.8   |       -56445.3   |       -251.478   |   45:51:17   |   367:15:03   |
88850       |       -56703.3   |       -56463.5   |        -239.77   |   45:52:51   |   367:13:38   |
88900       |         -56714   |       -56455.6   |       -258.356   |   45:54:25   |   367:12:14   |
88950       |         -56725   |       -56449.1   |       -275.902   |   45:55:59   |   367:10:49   |


Iter        |      Posterior   |     Likelihood   |          Prior   |    elapsed   |        ETA   |
----------------------------------------------------------------------------------------------------
89000       |       -56655.4   |       -56449.8   |       -205.565   |   45:57:35   |   367:09:40   |
89050       |       -56772.7   |       -56471.4   |       -301.266   |   45:59:13   |   367:08:48   |
89100       |       -56690.5   |       -56440.6   |       -249.914   |   46:00:55   |   367:08:27   |
89150       |       -56734.5   |       -56450.6   |       -283.979   |   46:02:27   |   367:06:46   |
89200       |       -56677.2   |       -56443.3   |       -233.846   |   46:03:58   |   367:04:58   |
89250       |       -56669.7   |       -56463.4   |        -206.25   |   46:05:28   |   367:03:01   |
89300       |       -56678.1   |       -56440.3   |       -237.794   |   46:07:03   |   367:01:45   |
89350       |       -56690.4   |       -56458.2   |       -232.183   |   46:08:37   |   367:00:20   |
89400       |       -56712.3   |         -56447   |       -265.358   |   46:10:04   |   366:58:00   |
89450       |       -56685.9   |       -56451.4   |       -234.485   |   46:11:33   |   366:55:55   |
89500       |       -56707.6   |       -56454.9   |       -252.717   |   46:13:07   |   366:54:31   |
89550       |       -56693.3   |         -56455   |       -238.258   |   46:14:44   |   366:53:30   |
89600       |       -56665.9   |         -56445   |       -220.904   |   46:16:18   |   366:52:05   |
89650       |       -56724.5   |       -56466.2   |       -258.321   |   46:17:53   |   366:50:48   |
89700       |       -56740.5   |       -56452.7   |       -287.761   |   46:19:32   |   366:50:03   |
89750       |       -56677.9   |         -56447   |        -230.84   |   46:21:07   |   366:48:46   |
89800       |       -56677.3   |       -56453.1   |       -224.167   |   46:22:42   |   366:47:30   |
89850       |       -56679.4   |         -56447   |       -232.349   |   46:24:11   |   366:45:25   |
89900       |       -56705.1   |         -56460   |       -245.058   |   46:25:44   |   366:43:53   |
89950       |         -56699   |       -56455.5   |       -243.524   |   46:27:22   |   366:42:59   |


Iter        |      Posterior   |     Likelihood   |          Prior   |    elapsed   |        ETA   |
----------------------------------------------------------------------------------------------------
90000       |       -56735.9   |       -56449.1   |       -286.747   |   46:28:57   |   366:41:43   |
90050       |       -56726.8   |       -56449.4   |       -277.363   |   46:30:31   |   366:40:18   |
90100       |       -56713.6   |       -56464.2   |       -249.473   |   46:32:12   |   366:39:48   |
90150       |       -56715.8   |       -56457.5   |       -258.385   |   46:33:49   |   366:38:47   |
90200       |       -56704.2   |       -56447.9   |       -256.379   |   46:35:24   |   366:37:30   |
90250       |       -56707.8   |       -56446.1   |       -261.661   |   46:37:01   |   366:36:28   |
90300       |       -56685.2   |         -56450   |       -235.215   |   46:38:37   |   366:35:19   |
90350       |       -56666.1   |       -56449.6   |       -216.549   |   46:40:11   |   366:33:54   |
90400       |       -56710.8   |       -56446.3   |       -264.516   |   46:41:45   |   366:32:29   |
90450       |       -56702.8   |       -56444.2   |       -258.558   |   46:43:17   |   366:30:49   |
90500       |       -56767.5   |       -56479.8   |       -287.765   |   46:44:49   |   366:29:08   |
90550       |       -56723.1   |       -56457.3   |       -265.742   |   46:46:20   |   366:27:20   |
90600       |       -56710.8   |       -56463.3   |       -247.536   |   46:47:56   |   366:26:10   |
90650       |       -56721.6   |       -56476.4   |       -245.194   |   46:49:27   |   366:24:22   |
90700       |       -56689.6   |       -56462.3   |       -227.286   |   46:51:03   |   366:23:13   |
90750       |       -56736.1   |       -56464.3   |       -271.768   |   46:52:38   |   366:21:55   |
90800       |       -56710.4   |       -56451.7   |       -258.668   |   46:54:16   |   366:21:02   |
90850       |       -56708.4   |       -56475.4   |       -232.977   |   46:55:52   |   366:19:52   |
90900       |       -56691.4   |       -56455.3   |       -236.098   |   46:57:32   |   366:19:14   |
90950       |       -56722.3   |       -56454.3   |       -267.965   |   46:59:09   |   366:18:12   |


Iter        |      Posterior   |     Likelihood   |          Prior   |    elapsed   |        ETA   |
----------------------------------------------------------------------------------------------------
91000       |         -56733   |       -56456.2   |       -276.772   |   47:00:45   |   366:17:03   |
91050       |       -56684.8   |       -56445.1   |       -239.721   |   47:02:14   |   366:14:59   |
91100       |       -56698.5   |         -56448   |        -250.48   |   47:03:42   |   366:12:47   |
91150       |       -56732.4   |         -56458   |       -274.334   |   47:05:17   |   366:11:29   |
91200       |       -56726.6   |       -56463.7   |       -262.867   |   47:06:53   |   366:10:20   |
91250       |       -56738.9   |       -56456.5   |       -282.461   |   47:08:30   |   366:09:18   |
91300       |       -56679.2   |       -56449.2   |       -230.058   |   47:10:07   |   366:08:16   |
91350       |       -56675.2   |       -56442.5   |       -232.736   |   47:11:36   |   366:06:12   |
91400       |       -56683.1   |       -56464.4   |       -218.721   |   47:13:08   |   366:04:31   |
91450       |       -56688.2   |       -56458.5   |       -229.706   |   47:14:37   |   366:02:28   |
91500       |       -56709.8   |       -56458.8   |       -250.999   |   47:16:10   |   366:00:55   |
91550       |       -56707.8   |         -56447   |       -260.808   |   47:17:39   |   365:58:51   |
91600       |       -56701.5   |       -56447.4   |       -254.095   |   47:19:10   |   365:57:02   |
91650       |       -56703.4   |       -56465.5   |         -237.9   |   47:20:41   |   365:55:14   |
91700       |       -56674.2   |         -56433   |       -241.201   |   47:22:11   |   365:53:18   |
91750       |       -56715.8   |       -56449.5   |       -266.311   |   47:23:45   |   365:51:53   |
91800       |       -56693.9   |       -56453.1   |        -240.76   |   47:25:19   |   365:50:28   |
91850       |       -56705.6   |       -56455.5   |       -250.181   |   47:26:50   |   365:48:39   |
91900       |       -56732.7   |       -56459.6   |       -273.119   |   47:28:25   |   365:47:22   |
91950       |       -56721.8   |       -56446.4   |       -275.383   |   47:29:59   |   365:45:57   |


Iter        |      Posterior   |     Likelihood   |          Prior   |    elapsed   |        ETA   |
----------------------------------------------------------------------------------------------------
92000       |       -56741.7   |       -56461.6   |       -280.121   |   47:31:32   |   365:44:24   |
92050       |       -56700.5   |       -56450.4   |       -250.146   |   47:33:05   |   365:42:51   |
92100       |       -56713.4   |       -56464.8   |        -248.59   |   47:34:37   |   365:41:11   |
92150       |       -56734.1   |       -56454.2   |       -279.878   |   47:36:09   |   365:39:30   |
92200       |       -56736.4   |       -56460.5   |       -275.935   |   47:37:42   |   365:37:57   |
92250       |       -56762.8   |       -56466.7   |       -296.125   |   47:39:16   |   365:36:32   |
92300       |       -56709.3   |       -56452.6   |       -256.716   |   47:40:51   |   365:35:14   |
92350       |       -56712.9   |       -56447.4   |       -265.463   |   47:42:28   |   365:34:12   |
92400       |       -56733.6   |       -56463.8   |        -269.77   |   47:43:59   |   365:32:24   |
92450       |       -56774.1   |       -56464.6   |       -309.572   |   47:45:32   |   365:30:51   |
92500       |       -56706.2   |       -56464.9   |        -241.33   |   47:47:05   |   365:29:18   |
92550       |       -56716.8   |       -56475.3   |       -241.478   |   47:48:36   |   365:27:30   |
92600       |       -56707.9   |       -56450.5   |       -257.379   |   47:50:09   |   365:25:57   |
92650       |       -56713.3   |       -56470.5   |       -242.852   |   47:51:43   |   365:24:32   |
92700       |       -56720.3   |       -56462.1   |       -258.207   |   47:53:20   |   365:23:30   |
92750       |       -56710.8   |       -56461.1   |       -249.718   |   47:54:59   |   365:22:42   |
92800       |       -56745.8   |       -56471.7   |       -274.097   |   47:56:38   |   365:21:55   |
92850       |       -56765.3   |         -56474   |        -291.34   |   47:58:10   |   365:20:15   |
92900       |       -56677.5   |       -56453.2   |       -224.248   |   47:59:41   |   365:18:27   |
92950       |         -56752   |       -56466.4   |       -285.515   |   48:01:16   |   365:17:09   |


Iter        |      Posterior   |     Likelihood   |          Prior   |    elapsed   |        ETA   |
----------------------------------------------------------------------------------------------------
93000       |       -56720.5   |       -56473.1   |       -247.408   |   48:02:51   |   365:15:51   |
93050       |       -56745.9   |       -56458.4   |       -287.489   |   48:04:25   |   365:14:26   |
93100       |       -56678.3   |       -56461.5   |        -216.75   |   48:06:00   |   365:13:08   |
93150       |         -56692   |       -56458.7   |       -233.307   |   48:07:35   |   365:11:50   |
93200       |       -56690.7   |       -56439.2   |       -251.542   |   48:09:15   |   365:11:10   |
93250       |       -56704.9   |       -56454.7   |       -250.221   |   48:10:50   |   365:09:52   |
93300       |       -56678.9   |       -56452.3   |        -226.56   |   48:12:22   |   365:08:12   |
93350       |         -56694   |       -56446.2   |       -247.803   |   48:13:55   |   365:06:39   |
93400       |       -56710.1   |       -56457.9   |       -252.191   |   48:15:29   |   365:05:13   |
93450       |       -56696.6   |       -56438.8   |       -257.845   |   48:16:59   |   365:03:18   |
93500       |       -56667.9   |       -56445.8   |       -222.093   |   48:18:29   |   365:01:22   |
93550       |       -56720.7   |       -56466.8   |       -253.875   |   48:19:58   |   364:59:19   |
93600       |       -56732.5   |       -56456.6   |       -275.895   |   48:21:30   |   364:57:38   |
93650       |       -56679.2   |       -56453.5   |       -225.688   |   48:23:06   |   364:56:28   |
93700       |       -56708.3   |       -56448.3   |       -260.019   |   48:24:42   |   364:55:18   |
93750       |       -56712.1   |       -56474.1   |       -237.994   |   48:26:14   |   364:53:37   |
93800       |       -56706.8   |       -56454.7   |       -252.071   |   48:27:42   |   364:51:26   |
93850       |       -56686.8   |       -56455.4   |       -231.347   |   48:29:11   |   364:49:23   |
93900       |       -56726.8   |       -56457.1   |       -269.671   |   48:30:42   |   364:47:35   |
93950       |         -56714   |       -56453.6   |       -260.336   |   48:32:14   |   364:45:55   |


Iter        |      Posterior   |     Likelihood   |          Prior   |    elapsed   |        ETA   |
----------------------------------------------------------------------------------------------------
94000       |       -56708.5   |       -56444.2   |       -264.219   |   48:33:45   |   364:44:07   |
94050       |       -56686.3   |       -56450.4   |        -235.95   |   48:35:17   |   364:42:26   |
94100       |       -56786.7   |       -56462.1   |       -324.569   |   48:36:44   |   364:40:08   |
94150       |         -56745   |       -56453.4   |       -291.637   |   48:38:16   |   364:38:28   |
94200       |       -56681.5   |       -56459.6   |       -221.896   |   48:39:50   |   364:37:03   |
94250       |       -56708.8   |       -56463.7   |       -245.065   |   48:41:25   |   364:35:45   |
94300       |       -56672.8   |       -56455.2   |       -217.619   |   48:43:03   |   364:34:49   |
94350       |       -56738.8   |       -56459.7   |       -279.103   |   48:44:36   |   364:33:16   |
94400       |       -56712.1   |       -56453.6   |       -258.471   |   48:46:15   |   364:32:28   |
94450       |         -56687   |         -56461   |        -226.04   |   48:47:54   |   364:31:40   |
94500       |       -56669.1   |       -56448.4   |       -220.641   |   48:49:31   |   364:30:37   |
94550       |       -56725.2   |       -56469.4   |       -255.763   |   48:51:02   |   364:28:49   |
94600       |       -56711.2   |       -56459.3   |       -251.879   |   48:52:37   |   364:27:31   |
94650       |       -56683.3   |       -56454.2   |       -229.105   |   48:54:12   |   364:26:13   |
94700       |       -56681.4   |       -56446.9   |       -234.454   |   48:55:45   |   364:24:40   |
94750       |       -56701.7   |       -56451.3   |       -250.448   |   48:57:19   |   364:23:14   |
94800       |       -56715.6   |       -56452.8   |       -262.798   |   48:58:50   |   364:21:26   |
94850       |       -56737.7   |       -56453.6   |        -284.18   |   49:00:25   |   364:20:08   |
94900       |         -56720   |         -56474   |       -246.076   |   49:01:59   |   364:18:43   |
94950       |       -56678.3   |       -56449.3   |       -228.909   |   49:03:32   |   364:17:10   |


Iter        |      Posterior   |     Likelihood   |          Prior   |    elapsed   |        ETA   |
----------------------------------------------------------------------------------------------------
95000       |       -56680.2   |       -56455.5   |       -224.689   |   49:05:03   |   364:15:22   |
95050       |         -56705   |       -56462.4   |       -242.605   |   49:06:39   |   364:14:11   |
95100       |       -56714.2   |       -56441.8   |       -272.376   |   49:08:14   |   364:12:53   |
95150       |       -56708.8   |       -56447.6   |       -261.232   |   49:09:46   |   364:11:12   |
95200       |       -56724.6   |       -56456.1   |       -268.531   |   49:11:23   |   364:10:09   |
95250       |       -56733.4   |       -56452.1   |       -281.358   |   49:12:59   |   364:08:58   |
95300       |       -56697.5   |       -56443.8   |       -253.782   |   49:14:36   |   364:07:55   |
95350       |       -56715.1   |         -56463   |       -252.067   |   49:16:06   |   364:05:59   |
95400       |       -56743.9   |       -56448.5   |       -295.428   |   49:17:37   |   364:04:12   |
95450       |       -56725.6   |       -56456.9   |       -268.614   |   49:19:11   |   364:02:46   |
95500       |       -56709.6   |         -56458   |       -251.608   |   49:20:46   |   364:01:28   |
95550       |       -56727.7   |       -56463.1   |       -264.595   |   49:22:20   |   364:00:02   |
95600       |       -56685.8   |         -56449   |       -236.813   |   49:23:50   |   363:58:07   |
95650       |       -56752.1   |       -56464.5   |       -287.566   |   49:25:26   |   363:56:56   |
95700       |       -56688.3   |         -56446   |       -242.352   |   49:26:57   |   363:55:08   |
95750       |       -56687.7   |       -56447.3   |       -240.441   |   49:28:26   |   363:53:05   |
95800       |       -56680.4   |       -56441.3   |       -239.073   |   49:29:57   |   363:51:18   |
95850       |       -56720.6   |       -56462.5   |       -258.058   |   49:31:32   |   363:49:59   |
95900       |       -56730.7   |       -56456.6   |        -274.04   |   49:32:59   |   363:47:42   |
95950       |       -56669.6   |         -56464   |       -205.605   |   49:34:31   |   363:46:02   |


Iter        |      Posterior   |     Likelihood   |          Prior   |    elapsed   |        ETA   |
----------------------------------------------------------------------------------------------------
96000       |         -56712   |       -56453.4   |       -258.551   |   49:36:04   |   363:44:29   |
96050       |       -56690.4   |       -56444.1   |       -246.331   |   49:37:35   |   363:42:41   |
96100       |       -56742.4   |       -56459.6   |       -282.759   |   49:39:06   |   363:40:54   |
96150       |       -56730.9   |       -56452.3   |       -278.561   |   49:40:38   |   363:39:13   |
96200       |       -56722.1   |       -56461.5   |       -260.523   |   49:42:10   |   363:37:33   |
96250       |       -56737.3   |       -56465.6   |       -271.739   |   49:43:38   |   363:35:23   |
96300       |       -56670.2   |       -56446.2   |       -223.963   |   49:45:05   |   363:33:07   |
96350       |       -56699.4   |       -56440.7   |       -258.711   |   49:46:36   |   363:31:19   |
96400       |         -56716   |       -56453.7   |       -262.336   |   49:48:07   |   363:29:31   |
96450       |       -56675.3   |       -56446.4   |       -228.874   |   49:49:43   |   363:28:20   |
96500       |       -56678.8   |       -56440.6   |       -238.239   |   49:51:12   |   363:26:18   |
96550       |         -56739   |       -56448.8   |       -290.171   |   49:52:39   |   363:24:02   |
96600       |       -56712.9   |       -56441.1   |       -271.819   |   49:54:06   |   363:21:45   |
96650       |       -56699.4   |       -56433.5   |       -265.921   |   49:55:33   |   363:19:29   |
96700       |       -56754.3   |         -56457   |       -297.224   |   49:57:11   |   363:18:32   |
96750       |       -56694.1   |       -56444.2   |       -249.939   |   49:58:48   |   363:17:28   |
96800       |         -56673   |       -56442.8   |       -230.217   |   50:00:22   |   363:16:03   |
96850       |       -56675.1   |       -56454.6   |       -220.481   |   50:01:56   |   363:14:37   |
96900       |       -56684.7   |       -56446.6   |       -238.018   |   50:03:26   |   363:12:42   |
96950       |       -56696.9   |         -56447   |        -249.91   |   50:04:57   |   363:10:55   |


Iter        |      Posterior   |     Likelihood   |          Prior   |    elapsed   |        ETA   |
----------------------------------------------------------------------------------------------------
97000       |       -56705.7   |       -56453.7   |       -251.957   |   50:06:26   |   363:08:53   |
97050       |       -56687.2   |       -56452.7   |       -234.478   |   50:08:00   |   363:07:27   |
97100       |       -56672.4   |       -56449.9   |       -222.568   |   50:09:29   |   363:05:26   |
97150       |       -56743.8   |       -56467.3   |       -276.485   |   50:11:02   |   363:03:53   |
97200       |       -56738.8   |       -56459.7   |       -279.083   |   50:12:34   |   363:02:13   |
97250       |       -56667.4   |         -56437   |        -230.41   |   50:14:01   |   362:59:57   |
97300       |       -56683.8   |       -56455.6   |       -228.222   |   50:15:30   |   362:57:55   |
97350       |       -56681.2   |       -56448.8   |       -232.333   |   50:16:59   |   362:55:53   |
97400       |       -56693.6   |       -56458.8   |       -234.828   |   50:18:28   |   362:53:52   |
97450       |       -56700.7   |         -56449   |       -251.725   |   50:19:58   |   362:51:57   |
97500       |       -56679.3   |       -56443.2   |       -236.086   |   50:21:28   |   362:50:03   |
97550       |       -56663.9   |       -56446.1   |       -217.732   |   50:23:01   |   362:48:30   |
97600       |       -56691.9   |       -56443.1   |       -248.817   |   50:24:31   |   362:46:36   |
97650       |       -56726.7   |         -56453   |       -273.739   |   50:26:02   |   362:44:49   |
97700       |       -56699.4   |       -56462.2   |       -237.161   |   50:27:37   |   362:43:30   |
97750       |         -56713   |       -56472.8   |       -240.224   |   50:29:07   |   362:41:36   |
97800       |       -56709.9   |       -56450.3   |       -259.556   |   50:30:40   |   362:40:03   |
97850       |       -56703.4   |       -56450.8   |       -252.562   |   50:32:09   |   362:38:02   |
97900       |       -56677.3   |       -56445.2   |       -232.056   |   50:33:38   |   362:36:00   |
97950       |       -56684.8   |         -56451   |       -233.815   |   50:35:09   |   362:34:13   |


Iter        |      Posterior   |     Likelihood   |          Prior   |    elapsed   |        ETA   |
----------------------------------------------------------------------------------------------------
98000       |       -56690.4   |       -56434.4   |       -255.961   |   50:36:41   |   362:32:34   |
98050       |       -56679.2   |         -56441   |       -238.254   |   50:38:09   |   362:30:25   |
98100       |       -56706.9   |       -56449.9   |       -256.977   |   50:39:45   |   362:29:14   |
98150       |       -56705.4   |       -56468.4   |       -237.063   |   50:41:16   |   362:27:27   |
98200       |       -56688.5   |       -56454.2   |       -234.266   |   50:42:50   |   362:26:01   |
98250       |       -56740.1   |         -56455   |       -285.081   |   50:44:23   |   362:24:29   |
98300       |       -56695.1   |       -56454.3   |       -240.847   |   50:46:00   |   362:23:25   |
98350       |       -56689.3   |       -56453.1   |       -236.226   |   50:47:34   |   362:21:59   |
98400       |       -56682.3   |       -56453.8   |       -228.569   |   50:49:07   |   362:20:26   |
98450       |       -56713.6   |         -56462   |       -251.549   |   50:50:38   |   362:18:40   |
98500       |       -56664.2   |       -56460.8   |       -203.443   |   50:52:07   |   362:16:38   |
98550       |       -56701.4   |         -56442   |       -259.371   |   50:53:38   |   362:14:51   |
98600       |       -56729.4   |       -56452.4   |       -276.981   |   50:55:08   |   362:12:58   |
98650       |       -56728.3   |       -56453.7   |       -274.544   |   50:56:38   |   362:11:04   |
98700       |       -56687.9   |       -56452.5   |       -235.394   |   50:58:10   |   362:09:24   |
98750       |         -56719   |       -56443.6   |       -275.433   |   50:59:39   |   362:07:23   |
98800       |       -56708.7   |       -56453.6   |       -255.095   |   51:01:12   |   362:05:50   |
98850       |       -56703.9   |       -56454.4   |       -249.492   |   51:02:45   |   362:04:18   |
98900       |       -56672.7   |       -56446.4   |       -226.328   |   51:04:17   |   362:02:38   |
98950       |       -56677.8   |       -56459.3   |       -218.512   |   51:05:48   |   362:00:51   |


Iter        |      Posterior   |     Likelihood   |          Prior   |    elapsed   |        ETA   |
----------------------------------------------------------------------------------------------------
99000       |       -56716.8   |       -56460.6   |       -256.118   |   51:07:21   |   361:59:19   |
99050       |       -56697.6   |       -56462.2   |       -235.318   |   51:08:52   |   361:57:32   |
99100       |       -56697.6   |       -56475.1   |        -222.54   |   51:10:29   |   361:56:27   |
99150       |       -56745.1   |       -56474.1   |       -271.041   |   51:12:05   |   361:55:16   |
99200       |       -56689.9   |       -56457.7   |       -232.212   |   51:13:40   |   361:53:58   |
99250       |       -56693.7   |       -56462.3   |       -231.376   |   51:15:12   |   361:52:18   |
99300       |         -56738   |       -56464.1   |       -273.837   |   51:16:43   |   361:50:31   |
99350       |       -56692.6   |       -56466.1   |       -226.535   |   51:18:14   |   361:48:44   |
99400       |       -56672.2   |         -56441   |       -231.188   |   51:19:52   |   361:47:47   |
99450       |       -56693.9   |         -56455   |       -238.876   |   51:21:26   |   361:46:21   |
99500       |       -56675.2   |       -56466.1   |       -209.086   |   51:22:56   |   361:44:28   |
99550       |       -56696.5   |       -56458.4   |       -238.068   |   51:24:25   |   361:42:27   |
99600       |       -56703.9   |       -56470.3   |       -233.685   |   51:25:56   |   361:40:40   |
99650       |       -56692.2   |       -56464.1   |       -228.031   |   51:27:29   |   361:39:08   |
99700       |       -56741.4   |         -56467   |       -274.373   |   51:29:04   |   361:37:49   |
99750       |       -56700.8   |       -56468.1   |       -232.733   |   51:30:44   |   361:37:06   |
99800       |       -56706.2   |       -56459.3   |       -246.908   |   51:32:25   |   361:36:29   |
99850       |       -56734.4   |       -56469.8   |       -264.537   |   51:34:07   |   361:36:00   |
99900       |       -56702.8   |       -56459.6   |       -243.274   |   51:35:46   |   361:35:09   |
99950       |       -56732.9   |       -56461.5   |       -271.455   |   51:37:18   |   361:33:29   |


Iter        |      Posterior   |     Likelihood   |          Prior   |    elapsed   |        ETA   |
----------------------------------------------------------------------------------------------------
100000      |       -56692.9   |       -56460.5   |       -232.314   |   51:38:53   |   361:32:11   |
100050      |       -56711.7   |       -56465.7   |       -246.021   |   51:40:25   |   361:30:31   |
100100      |       -56709.4   |       -56458.1   |       -251.257   |   51:41:55   |   361:28:37   |
100150      |       -56740.1   |       -56472.4   |       -267.753   |   51:43:27   |   361:26:57   |
100200      |       -56755.7   |       -56467.9   |       -287.847   |   51:44:59   |   361:25:18   |
100250      |       -56698.1   |       -56461.3   |       -236.821   |   51:46:32   |   361:23:45   |
100300      |       -56703.9   |       -56467.6   |       -236.305   |   51:48:01   |   361:21:44   |
100350      |       -56739.8   |       -56454.1   |       -285.729   |   51:49:33   |   361:20:05   |
100400      |       -56725.7   |       -56486.4   |       -239.238   |   51:51:01   |   361:17:57   |
100450      |       -56713.3   |       -56462.6   |       -250.662   |   51:52:33   |   361:16:18   |
100500      |       -56710.1   |       -56469.1   |       -241.006   |   51:54:04   |   361:14:31   |
100550      |       -56734.9   |       -56472.3   |       -262.584   |   51:55:38   |   361:13:05   |
100600      |       -56725.1   |       -56477.4   |       -247.751   |   51:57:09   |   361:11:19   |
100650      |       -56700.5   |         -56474   |       -226.508   |   51:58:41   |   361:09:39   |
100700      |       -56725.4   |       -56488.4   |       -236.933   |   52:00:15   |   361:08:13   |
100750      |       -56728.6   |       -56473.8   |       -254.761   |   52:01:45   |   361:06:20   |
100800      |       -56705.8   |       -56460.1   |       -245.672   |   52:03:15   |   361:04:26   |
100850      |       -56688.3   |       -56472.3   |       -215.973   |   52:04:46   |   361:02:40   |
100900      |       -56753.5   |       -56485.9   |       -267.623   |   52:06:18   |   361:01:00   |
100950      |       -56713.4   |         -56465   |       -248.387   |   52:07:49   |   360:59:14   |


Iter        |      Posterior   |     Likelihood   |          Prior   |    elapsed   |        ETA   |
----------------------------------------------------------------------------------------------------
101000      |       -56686.1   |       -56451.6   |       -234.411   |   52:09:23   |   360:57:48   |
101050      |       -56691.6   |       -56448.1   |       -243.575   |   52:10:55   |   360:56:09   |
101100      |       -56674.9   |       -56441.7   |       -233.142   |   52:12:26   |   360:54:22   |
101150      |       -56710.8   |       -56469.8   |       -240.971   |   52:13:58   |   360:52:43   |
101200      |       -56732.4   |         -56461   |       -271.431   |   52:15:28   |   360:50:49   |
101250      |       -56679.8   |         -56465   |        -214.81   |   52:16:58   |   360:48:56   |
101300      |       -56747.6   |       -56455.8   |       -291.836   |   52:18:29   |   360:47:10   |
101350      |       -56733.3   |       -56467.5   |       -265.751   |   52:20:01   |   360:45:30   |
101400      |       -56700.6   |       -56455.3   |       -245.346   |   52:21:34   |   360:43:58   |
101450      |       -56728.6   |       -56473.8   |       -254.751   |   52:23:12   |   360:43:00   |
101500      |       -56719.4   |       -56467.4   |       -252.027   |   52:24:44   |   360:41:20   |
101550      |         -56693   |       -56465.1   |       -227.848   |   52:26:11   |   360:39:06   |
101600      |       -56697.5   |       -56461.5   |       -236.023   |   52:27:38   |   360:36:52   |
101650      |       -56695.7   |       -56463.4   |       -232.369   |   52:29:08   |   360:34:59   |
101700      |       -56716.9   |       -56457.2   |       -259.633   |   52:30:38   |   360:33:06   |
101750      |         -56725   |       -56450.3   |       -274.627   |   52:32:08   |   360:31:13   |
101800      |       -56724.1   |       -56457.7   |       -266.345   |   52:33:40   |   360:29:34   |
101850      |       -56681.4   |       -56476.6   |       -204.794   |   52:35:10   |   360:27:41   |
101900      |       -56708.5   |       -56464.9   |       -243.633   |   52:36:43   |   360:26:08   |
101950      |       -56726.1   |       -56469.7   |       -256.403   |   52:38:17   |   360:24:42   |


Iter        |      Posterior   |     Likelihood   |          Prior   |    elapsed   |        ETA   |
----------------------------------------------------------------------------------------------------
102000      |       -56739.2   |         -56452   |       -287.202   |   52:39:54   |   360:23:37   |
102050      |       -56697.7   |       -56461.8   |       -235.866   |   52:41:28   |   360:22:12   |
102100      |         -56721   |       -56467.5   |        -253.49   |   52:43:00   |   360:20:32   |
102150      |       -56702.9   |       -56454.2   |       -248.708   |   52:44:34   |   360:19:07   |
102200      |         -56740   |         -56463   |       -276.951   |   52:46:13   |   360:18:15   |
102250      |       -56682.5   |         -56461   |       -221.491   |   52:47:47   |   360:16:49   |
102300      |       -56705.5   |       -56449.8   |       -255.705   |   52:49:20   |   360:15:17   |
102350      |       -56728.8   |         -56457   |       -271.779   |   52:50:49   |   360:13:17   |
102400      |       -56707.5   |       -56452.3   |       -255.209   |   52:52:20   |   360:11:31   |
102450      |       -56725.9   |       -56472.8   |       -253.155   |   52:53:51   |   360:09:45   |
102500      |       -56718.5   |       -56447.2   |        -271.34   |   52:55:24   |   360:08:12   |
102550      |       -56681.1   |       -56451.8   |        -229.25   |   52:57:01   |   360:07:07   |
102600      |       -56690.3   |       -56464.6   |       -225.669   |   52:58:31   |   360:05:14   |
102650      |       -56669.6   |       -56444.2   |       -225.344   |   53:00:04   |   360:03:41   |
102700      |       -56725.1   |       -56453.6   |       -271.507   |   53:01:32   |   360:01:35   |
102750      |       -56737.6   |       -56459.8   |       -277.806   |   53:03:00   |   359:59:28   |
102800      |       -56711.1   |       -56444.4   |       -266.693   |   53:04:31   |   359:57:42   |
102850      |       -56691.9   |       -56451.2   |       -240.709   |   53:05:58   |   359:55:29   |
102900      |       -56740.7   |       -56461.6   |        -279.03   |   53:07:31   |   359:53:57   |
102950      |       -56731.2   |       -56465.9   |       -265.335   |   53:09:02   |   359:52:11   |


Iter        |      Posterior   |     Likelihood   |          Prior   |    elapsed   |        ETA   |
----------------------------------------------------------------------------------------------------
103000      |         -56722   |       -56468.8   |       -253.239   |   53:10:32   |   359:50:18   |
103050      |       -56678.5   |       -56445.6   |        -232.86   |   53:12:08   |   359:49:06   |
103100      |       -56774.4   |       -56473.6   |       -300.771   |   53:13:40   |   359:47:27   |
103150      |       -56706.2   |       -56462.8   |       -243.402   |   53:15:14   |   359:46:01   |
103200      |       -56719.7   |       -56464.4   |       -255.294   |   53:16:49   |   359:44:42   |
103250      |       -56704.6   |       -56456.2   |       -248.461   |   53:18:22   |   359:43:10   |
103300      |       -56705.2   |       -56452.3   |       -252.967   |   53:19:52   |   359:41:17   |
103350      |       -56763.5   |       -56473.8   |       -289.696   |   53:21:25   |   359:39:44   |
103400      |       -56721.6   |       -56453.6   |       -268.005   |   53:22:56   |   359:37:58   |
103450      |         -56702   |       -56440.9   |       -261.086   |   53:24:31   |   359:36:39   |
103500      |       -56759.3   |       -56462.6   |       -296.702   |   53:26:04   |   359:35:07   |
103550      |       -56719.3   |       -56451.5   |       -267.778   |   53:27:33   |   359:33:08   |
103600      |       -56734.7   |         -56463   |       -271.749   |   53:29:04   |   359:31:22   |
103650      |       -56703.8   |       -56467.5   |       -236.343   |   53:30:35   |   359:29:36   |
103700      |       -56729.1   |       -56467.4   |       -261.752   |   53:32:08   |   359:28:03   |
103750      |       -56664.5   |       -56461.4   |       -203.116   |   53:33:39   |   359:26:18   |
103800      |       -56689.6   |       -56454.9   |       -234.644   |   53:35:13   |   359:24:52   |
103850      |       -56723.5   |       -56462.5   |       -261.001   |   53:36:48   |   359:23:33   |
103900      |       -56707.5   |       -56446.3   |       -261.176   |   53:38:20   |   359:21:54   |
103950      |       -56672.6   |       -56434.5   |       -238.108   |   53:39:49   |   359:19:55   |


Iter        |      Posterior   |     Likelihood   |          Prior   |    elapsed   |        ETA   |
----------------------------------------------------------------------------------------------------
104000      |       -56695.3   |       -56454.7   |       -240.568   |   53:41:16   |   359:17:42   |
104050      |       -56695.4   |       -56452.3   |        -243.12   |   53:42:48   |   359:16:03   |
104100      |       -56695.8   |       -56455.9   |       -239.933   |   53:44:18   |   359:14:10   |
104150      |       -56706.3   |       -56450.3   |       -255.996   |   53:45:49   |   359:12:25   |
104200      |       -56723.2   |       -56466.9   |       -256.369   |   53:47:22   |   359:10:52   |
104250      |       -56724.6   |       -56474.5   |       -250.056   |   53:48:56   |   359:09:27   |
104300      |       -56717.8   |       -56460.3   |       -257.485   |   53:50:33   |   359:08:21   |
104350      |       -56742.1   |       -56469.2   |       -272.876   |   53:52:12   |   359:07:29   |
104400      |       -56676.4   |         -56455   |       -221.376   |   53:53:52   |   359:06:43   |
104450      |         -56750   |       -56460.7   |       -289.229   |   53:55:28   |   359:05:30   |
104500      |       -56744.4   |       -56449.3   |       -295.099   |   53:57:02   |   359:04:04   |
104550      |       -56717.7   |       -56462.9   |       -254.807   |   53:58:37   |   359:02:45   |
104600      |       -56721.3   |       -56460.6   |       -260.782   |   54:00:08   |   359:01:00   |
104650      |       -56708.3   |       -56454.3   |       -254.026   |   54:01:42   |   358:59:34   |
104700      |         -56689   |       -56446.6   |       -242.396   |   54:03:16   |   358:58:08   |
104750      |       -56726.7   |         -56448   |       -278.747   |   54:04:48   |   358:56:29   |
104800      |       -56723.2   |       -56446.3   |        -276.95   |   54:06:15   |   358:54:17   |
104850      |       -56699.3   |       -56443.7   |       -255.588   |   54:07:44   |   358:52:18   |
104900      |         -56718   |       -56470.9   |       -247.159   |   54:09:21   |   358:51:12   |
104950      |       -56709.1   |       -56464.7   |       -244.375   |   54:10:51   |   358:49:19   |


Iter        |      Posterior   |     Likelihood   |          Prior   |    elapsed   |        ETA   |
----------------------------------------------------------------------------------------------------
105000      |       -56732.5   |       -56467.4   |       -265.032   |   54:12:24   |   358:47:47   |
105050      |       -56716.9   |       -56472.7   |       -244.163   |   54:13:53   |   358:45:48   |
105100      |       -56670.4   |       -56446.4   |       -223.909   |   54:15:27   |   358:44:22   |
105150      |       -56745.9   |       -56456.8   |       -289.027   |   54:16:53   |   358:42:04   |
105200      |       -56718.6   |       -56456.7   |       -261.847   |   54:18:26   |   358:40:31   |
105250      |       -56747.4   |         -56464   |       -283.363   |   54:19:58   |   358:38:52   |
105300      |       -56676.8   |       -56451.9   |       -224.928   |   54:21:28   |   358:37:00   |
105350      |       -56747.3   |       -56469.9   |       -277.367   |   54:23:02   |   358:35:34   |
105400      |       -56722.1   |         -56462   |       -260.098   |   54:24:36   |   358:34:08   |
105450      |       -56706.8   |       -56465.5   |       -241.325   |   54:26:07   |   358:32:23   |
105500      |       -56709.9   |       -56470.3   |        -239.51   |   54:27:33   |   358:30:04   |
105550      |       -56674.4   |       -56439.3   |       -235.186   |   54:29:01   |   358:27:59   |
105600      |       -56736.8   |       -56446.9   |       -289.983   |   54:30:28   |   358:25:47   |
105650      |       -56685.3   |       -56446.9   |       -238.332   |   54:31:59   |   358:24:02   |
105700      |       -56706.5   |       -56447.7   |       -258.781   |   54:33:27   |   358:21:57   |
105750      |       -56703.9   |       -56442.3   |        -261.56   |   54:34:53   |   358:19:38   |
105800      |       -56713.6   |       -56449.3   |       -264.333   |   54:36:21   |   358:17:33   |
105850      |       -56708.6   |         -56467   |        -241.57   |   54:37:49   |   358:15:28   |
105900      |       -56727.1   |       -56450.5   |       -276.549   |   54:39:22   |   358:13:56   |
105950      |       -56676.3   |       -56438.4   |       -237.846   |   54:40:54   |   358:12:17   |


Iter        |      Posterior   |     Likelihood   |          Prior   |    elapsed   |        ETA   |
----------------------------------------------------------------------------------------------------
106000      |       -56679.9   |       -56453.6   |       -226.255   |   54:42:23   |   358:10:19   |
106050      |       -56643.4   |       -56453.4   |       -190.004   |   54:43:55   |   358:08:40   |
106100      |       -56671.2   |         -56447   |       -224.147   |   54:45:29   |   358:07:14   |
106150      |       -56698.9   |       -56457.7   |       -241.268   |   54:47:04   |   358:05:55   |
106200      |         -56715   |       -56448.6   |       -266.367   |   54:48:37   |   358:04:23   |
106250      |       -56691.2   |       -56457.2   |       -233.958   |   54:50:06   |   358:02:25   |
106300      |       -56715.1   |       -56449.9   |       -265.193   |   54:51:37   |   358:00:39   |
106350      |       -56710.9   |       -56452.5   |       -258.394   |   54:53:15   |   357:59:40   |
106400      |       -56704.7   |       -56457.3   |       -247.428   |   54:54:49   |   357:58:14   |
106450      |       -56711.3   |       -56444.1   |       -267.279   |   54:56:21   |   357:56:35   |
106500      |       -56697.7   |       -56459.4   |       -238.272   |   54:57:53   |   357:54:56   |
106550      |       -56692.3   |         -56451   |       -241.242   |   54:59:29   |   357:53:44   |
106600      |       -56718.3   |         -56454   |       -264.235   |   55:01:02   |   357:52:11   |
106650      |       -56683.8   |       -56485.3   |       -198.526   |   55:02:34   |   357:50:33   |
106700      |       -56695.4   |       -56462.6   |       -232.778   |   55:04:12   |   357:49:33   |
106750      |       -56694.8   |       -56469.9   |       -224.888   |   55:05:47   |   357:48:14   |
106800      |       -56675.9   |       -56458.5   |       -217.419   |   55:07:16   |   357:46:15   |
106850      |       -56694.2   |       -56459.2   |       -235.013   |   55:08:47   |   357:44:30   |
106900      |       -56728.4   |       -56478.3   |       -250.104   |   55:10:15   |   357:42:26   |
106950      |       -56715.7   |       -56460.5   |       -255.193   |   55:11:43   |   357:40:21   |


Iter        |      Posterior   |     Likelihood   |          Prior   |    elapsed   |        ETA   |
----------------------------------------------------------------------------------------------------
107000      |       -56709.2   |       -56448.2   |       -260.974   |   55:13:10   |   357:38:10   |
107050      |       -56737.3   |       -56460.3   |       -277.053   |   55:14:37   |   357:35:59   |
107100      |       -56728.6   |       -56447.2   |       -281.417   |   55:16:06   |   357:34:01   |
107150      |       -56663.6   |       -56459.9   |       -203.728   |   55:17:36   |   357:32:09   |
107200      |       -56723.4   |         -56448   |       -275.438   |   55:19:13   |   357:31:03   |
107250      |       -56701.7   |       -56462.8   |       -238.865   |   55:20:51   |   357:30:03   |
107300      |       -56702.6   |         -56456   |       -246.632   |   55:22:28   |   357:28:57   |
107350      |       -56764.4   |       -56462.6   |       -301.785   |   55:24:03   |   357:27:37   |
107400      |       -56738.1   |       -56475.3   |        -262.82   |   55:25:34   |   357:25:52   |
107450      |       -56714.8   |       -56461.8   |       -252.969   |   55:27:06   |   357:24:14   |
107500      |       -56723.4   |       -56455.5   |       -267.984   |   55:28:40   |   357:22:48   |
107550      |       -56710.3   |       -56466.1   |       -244.216   |   55:30:11   |   357:21:03   |
107600      |       -56728.8   |       -56479.7   |        -249.13   |   55:31:45   |   357:19:37   |
107650      |       -56690.6   |       -56480.8   |       -209.822   |   55:33:19   |   357:18:11   |
107700      |         -56701   |       -56475.2   |       -225.809   |   55:34:53   |   357:16:45   |
107750      |       -56704.6   |       -56478.3   |         -226.3   |   55:36:27   |   357:15:20   |
107800      |       -56714.4   |       -56463.8   |       -250.597   |   55:38:01   |   357:13:54   |
107850      |       -56756.5   |       -56477.5   |       -279.051   |   55:39:37   |   357:12:41   |
107900      |       -56686.7   |       -56458.6   |        -228.16   |   55:41:13   |   357:11:28   |
107950      |         -56714   |         -56467   |       -246.962   |   55:42:46   |   357:09:56   |


Iter        |      Posterior   |     Likelihood   |          Prior   |    elapsed   |        ETA   |
----------------------------------------------------------------------------------------------------
108000      |       -56725.1   |       -56473.3   |       -251.777   |   55:44:18   |   357:08:17   |
108050      |       -56723.2   |       -56471.6   |       -251.548   |   55:45:51   |   357:06:45   |
108100      |       -56740.6   |       -56470.4   |       -270.145   |   55:47:25   |   357:05:19   |
108150      |       -56726.5   |       -56460.8   |       -265.688   |   55:48:57   |   357:03:40   |
108200      |         -56747   |       -56482.7   |       -264.241   |   55:50:33   |   357:02:27   |
108250      |       -56766.2   |       -56482.7   |       -283.583   |   55:52:10   |   357:01:21   |
108300      |       -56722.5   |       -56482.7   |       -239.795   |   55:53:47   |   357:00:14   |
108350      |       -56762.5   |       -56493.6   |       -268.964   |   55:55:25   |   356:59:14   |
108400      |       -56708.9   |       -56468.2   |       -240.719   |   55:56:58   |   356:57:41   |
108450      |       -56685.1   |         -56464   |        -221.15   |   55:58:32   |   356:56:15   |
108500      |       -56726.8   |       -56470.7   |       -256.183   |   56:00:03   |   356:54:30   |
108550      |       -56703.7   |       -56463.8   |       -239.887   |   56:01:41   |   356:53:30   |
108600      |       -56677.3   |       -56467.5   |       -209.816   |   56:03:17   |   356:52:17   |
108650      |       -56709.8   |       -56472.6   |       -237.147   |   56:04:56   |   356:51:22   |
108700      |       -56729.1   |       -56470.2   |       -258.933   |   56:06:32   |   356:50:09   |
108750      |       -56724.1   |       -56469.8   |       -254.302   |   56:08:06   |   356:48:43   |
108800      |       -56736.7   |       -56486.5   |        -250.18   |   56:09:41   |   356:47:24   |
108850      |       -56731.1   |       -56499.5   |       -231.579   |   56:11:18   |   356:46:17   |
108900      |       -56704.1   |       -56475.5   |       -228.557   |   56:12:53   |   356:44:57   |
108950      |       -56717.2   |       -56485.7   |       -231.439   |   56:14:29   |   356:43:43   |


Iter        |      Posterior   |     Likelihood   |          Prior   |    elapsed   |        ETA   |
----------------------------------------------------------------------------------------------------
109000      |       -56724.7   |       -56481.3   |       -243.405   |   56:16:06   |   356:42:36   |
109050      |       -56699.3   |       -56489.5   |       -209.724   |   56:17:42   |   356:41:23   |
109100      |         -56727   |       -56494.7   |       -232.363   |   56:19:18   |   356:40:10   |
109150      |       -56739.3   |       -56484.5   |       -254.724   |   56:20:50   |   356:38:31   |
109200      |       -56748.5   |       -56468.7   |       -279.838   |   56:22:27   |   356:37:24   |
109250      |       -56722.1   |       -56484.3   |        -237.84   |   56:24:04   |   356:36:17   |
109300      |       -56727.6   |       -56496.9   |       -230.651   |   56:25:42   |   356:35:16   |
109350      |       -56765.1   |       -56496.3   |       -268.771   |   56:27:16   |   356:33:50   |
109400      |       -56742.3   |         -56483   |       -259.306   |   56:28:46   |   356:31:58   |
109450      |       -56716.8   |       -56485.3   |       -231.524   |   56:30:19   |   356:30:26   |
109500      |       -56713.7   |       -56478.6   |       -235.045   |   56:31:51   |   356:28:47   |
109550      |       -56746.9   |       -56491.1   |       -255.826   |   56:33:30   |   356:27:52   |
109600      |       -56774.5   |       -56492.9   |       -281.591   |   56:35:00   |   356:26:01   |
109650      |       -56739.1   |       -56482.3   |       -256.818   |   56:36:35   |   356:24:41   |
109700      |       -56810.1   |       -56478.2   |       -331.907   |   56:38:14   |   356:23:46   |
109750      |       -56722.3   |       -56482.5   |       -239.712   |   56:39:48   |   356:22:20   |
109800      |         -56733   |       -56473.1   |       -259.886   |   56:41:19   |   356:20:35   |
109850      |       -56742.9   |       -56486.3   |       -256.677   |   56:42:49   |   356:18:44   |
109900      |       -56720.3   |       -56505.4   |       -214.855   |   56:44:20   |   356:16:58   |
109950      |       -56715.8   |       -56501.3   |       -214.472   |   56:45:52   |   356:15:20   |


Iter        |      Posterior   |     Likelihood   |          Prior   |    elapsed   |        ETA   |
----------------------------------------------------------------------------------------------------
110000      |       -56682.6   |       -56476.2   |        -206.43   |   56:47:20   |   356:13:16   |
110050      |         -56709   |       -56503.3   |       -205.635   |   56:48:52   |   356:11:37   |
110100      |       -56761.5   |       -56494.4   |       -267.089   |   56:50:23   |   356:09:52   |
110150      |         -56711   |       -56465.6   |       -245.434   |   56:51:57   |   356:08:26   |
110200      |       -56698.5   |       -56475.4   |       -223.109   |   56:53:28   |   356:06:41   |
110250      |       -56720.3   |       -56479.1   |       -241.238   |   56:54:58   |   356:04:50   |
110300      |       -56722.5   |       -56470.8   |       -251.707   |   56:56:30   |   356:03:11   |
110350      |       -56687.1   |       -56467.5   |       -219.621   |   56:58:08   |   356:02:10   |
110400      |       -56740.7   |       -56471.6   |       -269.094   |   56:59:46   |   356:01:09   |
110450      |       -56674.3   |       -56452.3   |       -222.003   |   57:01:21   |   355:59:49   |
110500      |       -56730.8   |       -56455.3   |       -275.482   |   57:02:58   |   355:58:41   |
110550      |       -56663.8   |       -56456.9   |       -206.941   |   57:04:35   |   355:57:33   |
110600      |       -56679.1   |       -56456.2   |       -222.865   |   57:06:07   |   355:55:55   |
110650      |       -56726.4   |       -56459.3   |       -267.083   |   57:07:38   |   355:54:10   |
110700      |       -56729.3   |       -56457.4   |       -271.907   |   57:09:16   |   355:53:08   |
110750      |         -56682   |       -56460.9   |       -221.129   |   57:10:46   |   355:51:17   |
110800      |         -56757   |       -56449.7   |       -307.257   |   57:12:14   |   355:49:14   |
110850      |       -56704.6   |       -56454.5   |       -250.087   |   57:13:44   |   355:47:22   |
110900      |       -56759.5   |       -56463.5   |       -296.006   |   57:15:14   |   355:45:31   |
110950      |       -56738.7   |       -56460.3   |       -278.426   |   57:16:47   |   355:43:59   |


Iter        |      Posterior   |     Likelihood   |          Prior   |    elapsed   |        ETA   |
----------------------------------------------------------------------------------------------------
111000      |         -56733   |         -56469   |           -264   |   57:18:20   |   355:42:26   |
111050      |       -56732.6   |       -56469.9   |       -262.726   |   57:19:49   |   355:40:29   |
111100      |       -56687.5   |       -56449.9   |        -237.55   |   57:21:19   |   355:38:38   |
111150      |       -56715.7   |         -56455   |       -260.721   |   57:22:49   |   355:36:47   |
111200      |       -56707.4   |       -56448.3   |       -259.128   |   57:24:19   |   355:34:56   |
111250      |       -56743.2   |       -56459.3   |       -283.897   |   57:25:50   |   355:33:11   |
111300      |       -56695.7   |       -56452.4   |       -243.299   |   57:27:16   |   355:30:55   |
111350      |       -56668.6   |       -56462.9   |        -205.74   |   57:28:49   |   355:29:23   |
111400      |       -56663.7   |       -56451.1   |       -212.596   |   57:30:24   |   355:28:03   |
111450      |       -56707.9   |       -56473.5   |       -234.378   |   57:31:55   |   355:26:18   |
111500      |       -56713.7   |       -56480.4   |       -233.247   |   57:33:27   |   355:24:39   |
111550      |       -56656.3   |       -56459.7   |       -196.571   |   57:35:04   |   355:23:32   |
111600      |       -56683.8   |       -56453.4   |       -230.356   |   57:36:40   |   355:22:18   |
111650      |       -56691.9   |       -56453.6   |       -238.267   |   57:38:13   |   355:20:45   |
111700      |       -56713.8   |       -56464.1   |       -249.711   |   57:39:49   |   355:19:31   |
111750      |       -56673.3   |       -56466.6   |       -206.723   |   57:41:25   |   355:18:17   |
111800      |         -56708   |       -56458.9   |       -249.087   |   57:42:56   |   355:16:33   |
111850      |         -56719   |       -56460.9   |       -258.075   |   57:44:28   |   355:14:54   |
111900      |       -56683.1   |       -56446.4   |        -236.66   |   57:46:01   |   355:13:22   |
111950      |       -56689.1   |         -56472   |       -217.051   |   57:47:33   |   355:11:43   |


Iter        |      Posterior   |     Likelihood   |          Prior   |    elapsed   |        ETA   |
----------------------------------------------------------------------------------------------------
112000      |       -56712.8   |       -56473.4   |       -239.388   |   57:49:05   |   355:10:04   |
112050      |       -56679.6   |       -56457.1   |       -222.418   |   57:50:36   |   355:08:20   |
112100      |       -56724.2   |       -56474.9   |       -249.368   |   57:52:10   |   355:06:53   |
112150      |         -56710   |       -56464.9   |       -245.173   |   57:53:43   |   355:05:21   |
112200      |       -56686.4   |       -56471.3   |        -215.07   |   57:55:15   |   355:03:42   |
112250      |       -56687.2   |       -56464.5   |       -222.711   |   57:56:48   |   355:02:10   |
112300      |       -56703.2   |       -56458.1   |       -245.133   |   57:58:21   |   355:00:38   |
112350      |       -56711.7   |       -56466.2   |       -245.547   |   57:59:51   |   354:58:47   |
112400      |         -56696   |       -56453.7   |       -242.223   |   58:01:26   |   354:57:27   |
112450      |       -56699.8   |       -56469.9   |       -229.862   |   58:03:06   |   354:56:37   |
112500      |       -56678.2   |       -56473.1   |        -205.08   |   58:04:35   |   354:54:40   |
112550      |       -56734.8   |       -56474.9   |       -259.973   |   58:06:02   |   354:52:31   |
112600      |       -56683.6   |       -56477.7   |       -205.846   |   58:07:34   |   354:50:52   |
112650      |       -56683.2   |       -56469.2   |       -214.045   |   58:09:06   |   354:49:14   |
112700      |       -56734.8   |       -56471.5   |       -263.263   |   58:10:38   |   354:47:35   |
112750      |       -56684.1   |       -56469.4   |       -214.712   |   58:12:11   |   354:46:03   |
112800      |       -56692.7   |       -56481.3   |       -211.412   |   58:13:47   |   354:44:49   |
112850      |       -56712.2   |       -56460.9   |       -251.347   |   58:15:17   |   354:42:58   |
112900      |         -56698   |       -56467.1   |       -230.907   |   58:16:46   |   354:41:01   |
112950      |       -56712.7   |       -56461.6   |       -251.098   |   58:18:16   |   354:39:11   |


Iter        |      Posterior   |     Likelihood   |          Prior   |    elapsed   |        ETA   |
----------------------------------------------------------------------------------------------------
113000      |       -56719.2   |       -56464.5   |       -254.746   |   58:19:48   |   354:37:32   |
113050      |       -56656.8   |       -56452.6   |       -204.171   |   58:21:23   |   354:36:12   |
113100      |       -56744.5   |       -56468.5   |       -275.977   |   58:22:56   |   354:34:40   |
113150      |       -56740.6   |       -56468.3   |       -272.386   |   58:24:27   |   354:32:55   |
113200      |       -56703.2   |       -56468.3   |       -234.858   |   58:25:59   |   354:31:17   |
113250      |       -56662.7   |       -56464.5   |       -198.217   |   58:27:33   |   354:29:50   |
113300      |       -56700.9   |       -56457.2   |       -243.696   |   58:29:04   |   354:28:06   |
113350      |       -56703.7   |       -56457.7   |       -246.039   |   58:30:33   |   354:26:09   |
113400      |       -56691.2   |       -56446.3   |        -244.81   |   58:32:03   |   354:24:19   |
113450      |       -56732.3   |       -56473.4   |       -258.962   |   58:33:35   |   354:22:40   |
113500      |       -56724.5   |       -56478.5   |       -245.945   |   58:35:08   |   354:21:08   |
113550      |       -56685.5   |       -56468.5   |       -216.921   |   58:36:40   |   354:19:29   |
113600      |       -56689.9   |       -56468.8   |       -221.067   |   58:38:12   |   354:17:51   |
113650      |         -56697   |       -56469.6   |       -227.465   |   58:39:45   |   354:16:19   |
113700      |       -56670.8   |       -56450.9   |       -219.845   |   58:41:20   |   354:14:58   |
113750      |       -56682.1   |       -56459.1   |       -222.998   |   58:42:58   |   354:13:56   |
113800      |       -56707.4   |       -56461.6   |       -245.739   |   58:44:36   |   354:12:54   |
113850      |       -56709.6   |       -56463.8   |       -245.773   |   58:46:14   |   354:11:51   |
113900      |       -56695.2   |       -56461.4   |       -233.766   |   58:47:48   |   354:10:25   |
113950      |       -56693.1   |       -56462.5   |       -230.623   |   58:49:22   |   354:08:59   |


Iter        |      Posterior   |     Likelihood   |          Prior   |    elapsed   |        ETA   |
----------------------------------------------------------------------------------------------------
114000      |         -56707   |       -56473.3   |       -233.725   |   58:50:56   |   354:07:32   |
114050      |       -56693.9   |       -56476.7   |       -217.142   |   58:52:31   |   354:06:12   |
114100      |       -56749.1   |         -56467   |        -282.16   |   58:54:04   |   354:04:39   |
114150      |       -56693.2   |       -56461.5   |        -231.75   |   58:55:36   |   354:03:01   |
114200      |       -56711.4   |       -56472.6   |       -238.784   |   58:57:09   |   354:01:29   |
114250      |       -56720.2   |         -56467   |       -253.271   |   58:58:41   |   353:59:50   |
114300      |       -56763.3   |         -56472   |       -291.245   |   59:00:14   |   353:58:18   |
114350      |       -56764.8   |       -56470.2   |       -294.587   |   59:01:46   |   353:56:39   |
114400      |       -56765.5   |       -56476.5   |       -289.008   |   59:03:19   |   353:55:07   |
114450      |       -56677.2   |       -56466.8   |       -210.404   |   59:04:50   |   353:53:22   |
114500      |       -56738.2   |       -56476.2   |       -261.952   |   59:06:19   |   353:51:26   |
114550      |       -56696.6   |       -56477.3   |       -219.287   |   59:07:49   |   353:49:36   |
114600      |       -56722.7   |       -56474.6   |       -248.105   |   59:09:31   |   353:48:57   |
114650      |       -56667.5   |       -56463.9   |       -203.612   |   59:11:07   |   353:47:43   |
114700      |       -56675.1   |       -56473.9   |       -201.197   |   59:12:43   |   353:46:28   |
114750      |         -56700   |       -56466.2   |       -233.805   |   59:14:15   |   353:44:50   |
114800      |         -56733   |       -56463.9   |       -269.075   |   59:15:49   |   353:43:23   |
114850      |       -56707.8   |       -56460.7   |       -247.127   |   59:17:20   |   353:41:39   |
114900      |       -56751.7   |         -56461   |        -290.61   |   59:18:49   |   353:39:42   |
114950      |       -56661.5   |       -56458.2   |       -203.252   |   59:20:16   |   353:37:34   |


Iter        |      Posterior   |     Likelihood   |          Prior   |    elapsed   |        ETA   |
----------------------------------------------------------------------------------------------------
115000      |       -56718.9   |       -56455.2   |       -263.711   |   59:21:50   |   353:36:08   |
115050      |       -56653.9   |       -56459.6   |       -194.302   |   59:23:24   |   353:34:41   |
115100      |       -56706.3   |       -56454.8   |       -251.449   |   59:24:57   |   353:33:09   |
115150      |       -56689.2   |       -56463.3   |       -225.898   |   59:26:30   |   353:31:36   |
115200      |       -56744.7   |       -56453.1   |       -291.635   |   59:28:03   |   353:30:04   |
115250      |       -56725.1   |       -56463.3   |       -261.786   |   59:29:38   |   353:28:43   |
115300      |       -56693.9   |       -56458.5   |       -235.409   |   59:31:11   |   353:27:11   |
115350      |       -56704.5   |       -56450.1   |        -254.46   |   59:32:46   |   353:25:50   |
115400      |       -56689.3   |       -56455.9   |       -233.458   |   59:34:13   |   353:23:42   |
115450      |       -56704.4   |       -56460.7   |       -243.729   |   59:35:43   |   353:21:52   |
115500      |       -56700.5   |       -56464.3   |        -236.16   |   59:37:19   |   353:20:38   |
115550      |       -56716.9   |       -56443.9   |       -272.934   |   59:38:53   |   353:19:11   |
115600      |       -56777.9   |       -56461.6   |       -316.311   |   59:40:24   |   353:17:27   |
115650      |       -56717.5   |       -56464.8   |       -252.727   |   59:41:59   |   353:16:06   |
115700      |       -56719.4   |       -56451.2   |       -268.262   |   59:43:33   |   353:14:40   |
115750      |       -56745.8   |       -56458.2   |       -287.608   |   59:45:05   |   353:13:01   |
115800      |       -56713.8   |         -56454   |       -259.838   |   59:46:37   |   353:11:23   |
115850      |       -56698.3   |       -56460.7   |       -237.606   |   59:48:08   |   353:09:39   |
115900      |       -56701.4   |       -56456.8   |       -244.629   |   59:49:38   |   353:07:49   |
115950      |       -56702.8   |       -56461.9   |       -240.969   |   59:51:09   |   353:06:04   |


Iter        |      Posterior   |     Likelihood   |          Prior   |    elapsed   |        ETA   |
----------------------------------------------------------------------------------------------------
116000      |       -56724.9   |         -56480   |       -244.929   |   59:52:38   |   353:04:08   |
116050      |       -56753.5   |       -56470.8   |       -282.635   |   59:54:13   |   353:02:48   |
116100      |       -56692.8   |       -56469.7   |       -223.169   |   59:55:45   |   353:01:09   |
116150      |       -56715.5   |       -56464.1   |       -251.419   |   59:57:19   |   352:59:43   |
116200      |       -56687.4   |       -56455.5   |       -231.882   |   59:58:53   |   352:58:16   |
116250      |       -56720.5   |       -56448.9   |       -271.585   |   60:00:29   |   352:57:02   |
116300      |       -56678.1   |       -56457.1   |       -220.994   |   60:02:01   |   352:55:23   |
116350      |       -56702.3   |       -56471.9   |       -230.399   |   60:03:32   |   352:53:39   |
116400      |         -56682   |       -56449.7   |       -232.252   |   60:05:04   |   352:52:01   |
116450      |       -56723.3   |       -56457.1   |       -266.168   |   60:06:36   |   352:50:23   |
116500      |       -56722.7   |         -56457   |         -265.7   |   60:08:10   |   352:48:56   |
116550      |       -56676.7   |       -56461.1   |        -215.51   |   60:09:40   |   352:47:06   |
116600      |       -56692.8   |       -56464.7   |       -228.174   |   60:11:14   |   352:45:40   |
116650      |       -56703.7   |       -56468.7   |       -234.958   |   60:12:50   |   352:44:25   |
116700      |       -56675.6   |       -56473.3   |       -202.317   |   60:14:28   |   352:43:22   |
116750      |       -56735.4   |       -56477.6   |       -257.783   |   60:16:04   |   352:42:07   |
116800      |       -56729.8   |       -56487.3   |       -242.514   |   60:17:40   |   352:40:52   |
116850      |       -56701.7   |       -56459.2   |       -242.406   |   60:19:13   |   352:39:19   |
116900      |       -56739.4   |       -56471.2   |       -268.215   |   60:20:49   |   352:38:04   |
116950      |       -56736.4   |       -56466.6   |       -269.747   |   60:22:24   |   352:36:44   |


Iter        |      Posterior   |     Likelihood   |          Prior   |    elapsed   |        ETA   |
----------------------------------------------------------------------------------------------------
117000      |       -56744.7   |       -56452.6   |        -292.08   |   60:24:00   |   352:35:29   |
117050      |       -56696.1   |       -56457.6   |       -238.492   |   60:25:29   |   352:33:33   |
117100      |       -56760.5   |       -56459.1   |       -301.472   |   60:27:03   |   352:32:06   |
117150      |       -56671.3   |       -56454.5   |       -216.755   |   60:28:37   |   352:30:40   |
117200      |       -56702.1   |       -56472.7   |       -229.403   |   60:30:12   |   352:29:19   |
117250      |       -56757.2   |         -56467   |       -290.135   |   60:31:44   |   352:27:41   |
117300      |       -56694.2   |       -56468.3   |        -225.91   |   60:33:18   |   352:26:14   |
117350      |         -56728   |       -56463.8   |       -264.152   |   60:34:53   |   352:24:53   |
117400      |       -56695.9   |       -56453.1   |       -242.841   |   60:36:27   |   352:23:26   |
117450      |         -56682   |       -56456.7   |       -225.261   |   60:38:00   |   352:21:54   |
117500      |       -56677.6   |       -56457.5   |       -220.135   |   60:39:28   |   352:19:52   |
117550      |       -56720.3   |       -56461.6   |       -258.704   |   60:41:00   |   352:18:14   |
117600      |       -56712.5   |       -56451.6   |        -260.91   |   60:42:34   |   352:16:47   |
117650      |       -56745.1   |       -56450.2   |       -294.841   |   60:44:12   |   352:15:44   |
117700      |       -56730.2   |       -56463.7   |       -266.408   |   60:45:50   |   352:14:40   |
117750      |       -56737.8   |       -56462.4   |       -275.384   |   60:47:21   |   352:12:56   |
117800      |       -56702.6   |       -56450.3   |       -252.347   |   60:48:53   |   352:11:18   |
117850      |       -56715.5   |         -56462   |       -253.497   |   60:50:26   |   352:09:46   |
117900      |       -56738.2   |       -56461.1   |       -277.068   |   60:52:00   |   352:08:19   |
117950      |       -56690.9   |       -56463.6   |       -227.239   |   60:53:33   |   352:06:46   |


Iter        |      Posterior   |     Likelihood   |          Prior   |    elapsed   |        ETA   |
----------------------------------------------------------------------------------------------------
118000      |       -56731.8   |       -56467.4   |       -264.431   |   60:55:06   |   352:05:14   |
118050      |       -56714.8   |       -56454.4   |       -260.389   |   60:56:41   |   352:03:53   |
118100      |       -56745.9   |       -56476.1   |       -269.804   |   60:58:12   |   352:02:09   |
118150      |       -56700.6   |       -56479.9   |       -220.683   |   60:59:46   |   352:00:42   |
118200      |       -56708.5   |       -56469.6   |       -238.907   |   61:01:16   |   351:58:52   |
118250      |       -56724.4   |       -56473.4   |       -251.054   |   61:02:43   |   351:56:45   |
118300      |       -56722.4   |       -56466.5   |       -255.977   |   61:04:15   |   351:55:07   |
118350      |       -56727.6   |       -56465.9   |       -261.648   |   61:05:44   |   351:53:11   |
118400      |       -56655.1   |       -56464.3   |       -190.812   |   61:07:14   |   351:51:22   |
118450      |         -56694   |         -56480   |       -213.993   |   61:08:49   |   351:50:01   |
118500      |       -56681.2   |       -56471.6   |       -209.576   |   61:10:20   |   351:48:17   |
118550      |       -56658.4   |       -56458.2   |       -200.257   |   61:11:51   |   351:46:33   |
118600      |       -56725.1   |       -56468.9   |       -256.156   |   61:13:20   |   351:44:37   |
118650      |       -56672.4   |       -56456.8   |       -215.674   |   61:14:54   |   351:43:11   |
118700      |       -56715.8   |       -56472.5   |       -243.294   |   61:16:32   |   351:42:07   |
118750      |       -56716.1   |       -56478.1   |        -238.01   |   61:18:10   |   351:41:03   |
118800      |       -56743.4   |       -56456.9   |       -286.494   |   61:19:46   |   351:39:48   |
118850      |       -56709.1   |       -56461.5   |       -247.595   |   61:21:20   |   351:38:21   |
118900      |       -56723.7   |       -56460.5   |        -263.23   |   61:22:57   |   351:37:12   |
118950      |       -56743.5   |       -56471.3   |       -272.246   |   61:24:34   |   351:36:02   |


Iter        |      Posterior   |     Likelihood   |          Prior   |    elapsed   |        ETA   |
----------------------------------------------------------------------------------------------------
119000      |       -56705.2   |       -56447.9   |        -257.32   |   61:26:11   |   351:34:52   |
119050      |       -56733.4   |         -56467   |       -266.391   |   61:27:48   |   351:33:43   |
119100      |       -56712.8   |       -56460.3   |       -252.481   |   61:29:22   |   351:32:16   |
119150      |         -56699   |       -56460.7   |       -238.295   |   61:30:52   |   351:30:26   |
119200      |       -56723.9   |         -56466   |       -257.887   |   61:32:20   |   351:28:25   |
119250      |         -56724   |       -56456.5   |       -267.519   |   61:33:51   |   351:26:41   |
119300      |       -56722.9   |       -56466.1   |       -256.861   |   61:35:24   |   351:25:09   |
119350      |       -56685.2   |       -56454.8   |       -230.343   |   61:37:00   |   351:23:53   |
119400      |       -56709.6   |       -56462.4   |       -247.243   |   61:38:33   |   351:22:21   |
119450      |       -56746.2   |       -56463.7   |       -282.536   |   61:40:03   |   351:20:31   |
119500      |       -56727.5   |       -56466.1   |       -261.363   |   61:41:40   |   351:19:21   |
119550      |       -56733.8   |       -56478.6   |       -255.186   |   61:43:10   |   351:17:32   |
119600      |       -56713.9   |         -56474   |       -239.862   |   61:44:42   |   351:15:54   |
119650      |       -56769.3   |       -56489.3   |       -279.978   |   61:46:13   |   351:14:10   |
119700      |       -56687.8   |         -56464   |        -223.88   |   61:47:42   |   351:12:14   |
119750      |       -56731.6   |       -56478.9   |       -252.675   |   61:49:13   |   351:10:31   |
119800      |       -56778.9   |       -56492.6   |        -286.27   |   61:50:44   |   351:08:47   |
119850      |       -56730.4   |       -56476.9   |        -253.55   |   61:52:15   |   351:07:03   |
119900      |       -56757.4   |       -56479.1   |       -278.271   |   61:53:47   |   351:05:25   |
119950      |       -56693.1   |       -56474.7   |        -218.42   |   61:55:20   |   351:03:52   |


Iter        |      Posterior   |     Likelihood   |          Prior   |    elapsed   |        ETA   |
----------------------------------------------------------------------------------------------------
120000      |       -56686.5   |         -56484   |       -202.569   |   61:56:51   |   351:02:09   |
120050      |         -56688   |       -56489.5   |       -198.527   |   61:58:21   |   351:00:19   |
120100      |       -56699.5   |       -56460.4   |       -239.032   |   61:59:54   |   350:58:47   |
120150      |       -56744.2   |       -56472.4   |       -271.877   |   62:01:25   |   350:57:03   |
120200      |       -56728.2   |       -56465.4   |       -262.769   |   62:02:57   |   350:55:25   |
120250      |       -56732.1   |       -56472.2   |       -259.939   |   62:04:29   |   350:53:47   |
120300      |       -56748.7   |       -56464.1   |        -284.61   |   62:06:04   |   350:52:25   |
120350      |       -56729.4   |       -56453.4   |       -276.022   |   62:07:40   |   350:51:10   |
120400      |       -56699.4   |       -56465.8   |       -233.546   |   62:09:12   |   350:49:32   |
120450      |       -56738.4   |       -56472.4   |       -265.918   |   62:10:43   |   350:47:48   |
120500      |       -56790.6   |       -56476.8   |       -313.729   |   62:12:18   |   350:46:27   |
120550      |       -56758.8   |       -56485.1   |       -273.662   |   62:13:50   |   350:44:49   |
120600      |       -56701.9   |       -56466.8   |       -235.105   |   62:15:22   |   350:43:11   |
120650      |       -56747.3   |       -56468.4   |       -278.982   |   62:16:53   |   350:41:27   |
120700      |       -56731.1   |       -56477.4   |       -253.707   |   62:18:26   |   350:39:54   |
120750      |       -56724.3   |       -56473.9   |       -250.411   |   62:19:57   |   350:38:11   |
120800      |       -56709.3   |       -56460.8   |       -248.534   |   62:21:29   |   350:36:33   |
120850      |       -56711.5   |       -56477.6   |       -233.833   |   62:23:03   |   350:35:06   |
120900      |       -56689.5   |       -56482.6   |       -206.968   |   62:24:39   |   350:33:50   |
120950      |       -56711.2   |       -56475.8   |       -235.426   |   62:26:14   |   350:32:29   |


Iter        |      Posterior   |     Likelihood   |          Prior   |    elapsed   |        ETA   |
----------------------------------------------------------------------------------------------------
121000      |       -56732.9   |       -56471.4   |       -261.441   |   62:27:43   |   350:30:34   |
121050      |       -56744.6   |       -56477.3   |       -267.302   |   62:29:16   |   350:29:02   |
121100      |       -56722.8   |         -56471   |       -251.864   |   62:30:49   |   350:27:29   |
121150      |       -56764.4   |       -56466.6   |       -297.806   |   62:32:21   |   350:25:51   |
121200      |       -56747.7   |       -56469.3   |       -278.327   |   62:33:52   |   350:24:07   |
121250      |         -56732   |       -56463.9   |       -268.168   |   62:35:20   |   350:22:07   |
121300      |       -56758.6   |       -56474.5   |       -284.137   |   62:36:45   |   350:19:50   |
121350      |       -56759.3   |       -56476.8   |       -282.555   |   62:38:19   |   350:18:23   |
121400      |       -56715.9   |       -56463.5   |       -252.419   |   62:39:54   |   350:17:02   |
121450      |         -56746   |       -56476.1   |        -269.91   |   62:41:31   |   350:15:52   |
121500      |       -56760.3   |       -56472.9   |       -287.385   |   62:43:03   |   350:14:14   |
121550      |       -56729.9   |       -56464.6   |       -265.313   |   62:44:39   |   350:12:58   |
121600      |         -56693   |         -56458   |       -235.018   |   62:46:12   |   350:11:25   |
121650      |       -56719.8   |       -56473.6   |       -246.149   |   62:47:47   |   350:10:04   |
121700      |       -56757.9   |       -56481.7   |       -276.164   |   62:49:25   |   350:09:00   |
121750      |       -56739.8   |         -56474   |       -265.844   |   62:51:03   |   350:07:55   |
121800      |       -56719.1   |       -56472.6   |       -246.509   |   62:52:38   |   350:06:34   |
121850      |       -56737.9   |         -56467   |       -270.904   |   62:54:13   |   350:05:12   |
121900      |       -56720.7   |       -56481.9   |       -238.775   |   62:55:47   |   350:03:45   |
121950      |       -56720.1   |       -56478.2   |       -241.888   |   62:57:23   |   350:02:29   |


Iter        |      Posterior   |     Likelihood   |          Prior   |    elapsed   |        ETA   |
----------------------------------------------------------------------------------------------------
122000      |       -56732.2   |       -56476.7   |       -255.436   |   62:58:53   |   350:00:40   |
122050      |       -56691.4   |       -56468.5   |       -222.888   |   63:00:24   |   349:58:57   |
122100      |       -56736.4   |       -56481.3   |       -255.127   |   63:01:56   |   349:57:19   |
122150      |       -56741.4   |       -56478.4   |       -262.995   |   63:03:25   |   349:55:24   |
122200      |       -56681.1   |         -56485   |        -196.11   |   63:04:59   |   349:53:57   |
122250      |       -56689.7   |       -56484.5   |       -205.245   |   63:06:34   |   349:52:36   |
122300      |       -56720.6   |       -56498.6   |       -222.067   |   63:08:08   |   349:51:09   |
122350      |       -56737.5   |       -56472.2   |       -265.246   |   63:09:43   |   349:49:47   |
122400      |       -56709.1   |       -56474.8   |        -234.25   |   63:11:15   |   349:48:09   |
122450      |       -56762.7   |       -56485.9   |       -276.799   |   63:12:48   |   349:46:37   |
122500      |       -56752.9   |       -56472.1   |       -280.815   |   63:14:16   |   349:44:37   |
122550      |         -56716   |       -56470.8   |       -245.243   |   63:15:45   |   349:42:42   |
122600      |       -56716.4   |       -56478.6   |       -237.791   |   63:17:16   |   349:40:58   |
122650      |       -56725.7   |       -56491.6   |       -234.109   |   63:18:46   |   349:39:09   |
122700      |       -56728.1   |         -56469   |        -259.08   |   63:20:17   |   349:37:26   |
122750      |       -56701.3   |       -56469.7   |       -231.574   |   63:21:50   |   349:35:53   |
122800      |       -56695.9   |       -56470.7   |       -225.141   |   63:23:24   |   349:34:27   |
122850      |       -56727.9   |         -56467   |       -260.901   |   63:24:55   |   349:32:43   |
122900      |       -56716.5   |       -56472.8   |       -243.715   |   63:26:28   |   349:31:11   |
122950      |       -56714.6   |       -56469.4   |       -245.278   |   63:27:59   |   349:29:27   |


Iter        |      Posterior   |     Likelihood   |          Prior   |    elapsed   |        ETA   |
----------------------------------------------------------------------------------------------------
123000      |         -56713   |       -56463.4   |       -249.574   |   63:29:29   |   349:27:38   |
123050      |         -56696   |       -56472.2   |        -223.77   |   63:31:01   |   349:26:00   |
123100      |       -56687.9   |       -56469.2   |       -218.674   |   63:32:35   |   349:24:33   |
123150      |       -56681.7   |       -56460.8   |       -220.882   |   63:34:07   |   349:22:55   |
123200      |       -56687.2   |       -56460.7   |       -226.478   |   63:35:37   |   349:21:06   |
123250      |       -56685.2   |       -56463.8   |       -221.386   |   63:37:12   |   349:19:45   |
123300      |       -56709.6   |       -56465.9   |       -243.776   |   63:38:46   |   349:18:18   |
123350      |       -56747.2   |       -56467.5   |       -279.747   |   63:40:18   |   349:16:40   |
123400      |       -56731.5   |       -56482.8   |       -248.738   |   63:41:50   |   349:15:02   |
123450      |       -56702.1   |       -56450.6   |       -251.493   |   63:43:20   |   349:13:13   |
123500      |       -56707.2   |         -56454   |       -253.208   |   63:44:50   |   349:11:24   |
123550      |         -56703   |       -56452.3   |       -250.678   |   63:46:19   |   349:09:30   |
123600      |       -56701.6   |       -56452.1   |       -249.494   |   63:47:48   |   349:07:36   |
123650      |       -56696.4   |       -56455.3   |       -241.113   |   63:49:21   |   349:06:03   |
123700      |       -56703.3   |       -56458.2   |       -245.074   |   63:50:55   |   349:04:36   |
123750      |         -56732   |       -56450.1   |       -281.994   |   63:52:29   |   349:03:09   |
123800      |       -56695.7   |       -56454.4   |       -241.329   |   63:54:03   |   349:01:43   |
123850      |       -56742.7   |       -56459.4   |       -283.306   |   63:55:36   |   349:00:10   |
123900      |       -56749.1   |       -56478.6   |        -270.53   |   63:57:08   |   348:58:32   |
123950      |       -56728.7   |       -56485.6   |       -243.131   |   63:58:42   |   348:57:05   |


Iter        |      Posterior   |     Likelihood   |          Prior   |    elapsed   |        ETA   |
----------------------------------------------------------------------------------------------------
124000      |         -56683   |       -56467.7   |       -215.325   |   64:00:14   |   348:55:27   |
124050      |       -56719.7   |       -56459.1   |       -260.625   |   64:01:46   |   348:53:50   |
124100      |       -56721.6   |         -56472   |       -249.504   |   64:03:22   |   348:52:34   |
124150      |       -56720.2   |       -56485.4   |       -234.818   |   64:05:04   |   348:51:50   |
124200      |       -56765.3   |         -56460   |       -305.362   |   64:06:43   |   348:50:50   |
124250      |       -56701.6   |       -56457.6   |       -244.094   |   64:08:24   |   348:50:01   |
124300      |       -56702.4   |       -56473.4   |       -228.978   |   64:10:04   |   348:49:07   |
124350      |       -56755.4   |       -56462.3   |       -293.092   |   64:11:45   |   348:48:18   |
124400      |       -56752.3   |       -56464.3   |       -287.979   |   64:13:22   |   348:47:07   |
124450      |       -56708.4   |       -56459.1   |       -249.339   |   64:14:58   |   348:45:51   |
124500      |       -56772.9   |       -56462.9   |       -309.944   |   64:16:39   |   348:45:02   |
124550      |       -56775.5   |       -56474.3   |       -301.165   |   64:18:16   |   348:43:51   |
124600      |       -56779.4   |         -56470   |       -309.447   |   64:19:55   |   348:42:51   |
124650      |       -56686.1   |       -56473.5   |       -212.683   |   64:21:30   |   348:41:29   |
124700      |       -56716.9   |       -56474.3   |       -242.563   |   64:23:04   |   348:40:02   |
124750      |       -56708.6   |       -56470.3   |       -238.275   |   64:24:37   |   348:38:29   |
124800      |       -56749.1   |       -56471.1   |       -277.984   |   64:26:14   |   348:37:18   |
124850      |       -56736.6   |       -56461.8   |       -274.835   |   64:27:46   |   348:35:40   |
124900      |       -56692.1   |       -56477.2   |       -214.861   |   64:29:18   |   348:34:02   |
124950      |         -56781   |       -56476.2   |       -304.869   |   64:30:49   |   348:32:19   |


Iter        |      Posterior   |     Likelihood   |          Prior   |    elapsed   |        ETA   |
----------------------------------------------------------------------------------------------------
125000      |       -56703.5   |       -56461.8   |       -241.715   |   64:32:21   |   348:30:41   |
125050      |       -56756.7   |       -56461.3   |        -295.38   |   64:33:56   |   348:29:19   |
125100      |       -56702.9   |       -56472.3   |       -230.596   |   64:35:31   |   348:27:57   |
125150      |       -56715.7   |       -56486.5   |       -229.107   |   64:37:01   |   348:26:09   |
125200      |       -56721.8   |         -56462   |       -259.791   |   64:38:34   |   348:24:36   |
125250      |         -56788   |       -56484.1   |       -303.885   |   64:40:09   |   348:23:14   |
125300      |       -56757.4   |       -56474.1   |       -283.299   |   64:41:47   |   348:22:08   |
125350      |         -56715   |       -56471.7   |       -243.374   |   64:43:29   |   348:21:24   |
125400      |       -56724.2   |       -56488.1   |       -236.049   |   64:45:08   |   348:20:24   |
125450      |       -56760.1   |       -56485.3   |        -274.76   |   64:46:43   |   348:19:02   |
125500      |       -56722.8   |       -56480.9   |       -241.862   |   64:48:18   |   348:17:40   |
125550      |       -56750.4   |       -56472.2   |       -278.264   |   64:49:56   |   348:16:34   |
125600      |       -56749.4   |       -56477.3   |       -272.097   |   64:51:45   |   348:16:27   |
125650      |       -56793.9   |       -56485.9   |       -307.984   |   64:53:19   |   348:15:00   |
125700      |       -56710.2   |         -56467   |       -243.172   |   64:54:55   |   348:13:44   |
125750      |       -56731.7   |       -56467.2   |        -264.41   |   64:56:30   |   348:12:22   |
125800      |       -56728.2   |       -56464.4   |       -263.867   |   64:58:03   |   348:10:49   |
125850      |       -56723.2   |       -56475.5   |       -247.629   |   64:59:40   |   348:09:37   |
125900      |         -56719   |       -56492.3   |       -226.702   |   65:01:21   |   348:08:48   |
125950      |       -56737.4   |       -56489.6   |       -247.863   |   65:02:59   |   348:07:42   |


Iter        |      Posterior   |     Likelihood   |          Prior   |    elapsed   |        ETA   |
----------------------------------------------------------------------------------------------------
126000      |       -56757.6   |       -56473.2   |       -284.414   |   65:04:35   |   348:06:25   |
126050      |       -56710.9   |       -56480.2   |       -230.687   |   65:06:14   |   348:05:24   |
126100      |       -56689.7   |       -56477.2   |       -212.446   |   65:07:51   |   348:04:13   |
126150      |       -56699.6   |       -56478.4   |        -221.21   |   65:09:22   |   348:02:29   |
126200      |       -56703.2   |       -56480.3   |       -222.825   |   65:10:56   |   348:01:02   |
126250      |       -56706.6   |       -56479.2   |       -227.403   |   65:12:29   |   347:59:29   |
126300      |         -56660   |       -56448.9   |       -211.061   |   65:14:03   |   347:58:01   |
126350      |       -56697.2   |       -56460.5   |       -236.672   |   65:15:37   |   347:56:34   |
126400      |       -56706.2   |         -56465   |       -241.207   |   65:17:13   |   347:55:17   |
126450      |       -56668.7   |       -56461.8   |       -206.827   |   65:18:47   |   347:53:50   |
126500      |       -56730.6   |       -56459.7   |       -270.911   |   65:20:24   |   347:52:38   |
126550      |       -56713.5   |       -56476.4   |       -237.135   |   65:21:56   |   347:51:00   |
126600      |       -56715.7   |         -56468   |       -247.624   |   65:23:29   |   347:49:27   |
126650      |       -56698.8   |       -56477.6   |       -221.218   |   65:25:00   |   347:47:44   |
126700      |       -56692.9   |         -56464   |       -228.891   |   65:26:34   |   347:46:16   |
126750      |       -56707.9   |       -56469.8   |       -238.052   |   65:28:06   |   347:44:38   |
126800      |       -56740.6   |       -56492.6   |       -248.024   |   65:29:38   |   347:43:00   |
126850      |       -56757.6   |       -56478.8   |       -278.786   |   65:31:09   |   347:41:16   |
126900      |       -56748.6   |         -56488   |       -260.596   |   65:32:39   |   347:39:28   |
126950      |       -56713.7   |         -56481   |       -232.742   |   65:34:08   |   347:37:34   |


Iter        |      Posterior   |     Likelihood   |          Prior   |    elapsed   |        ETA   |
----------------------------------------------------------------------------------------------------
127000      |       -56746.2   |       -56477.7   |       -268.498   |   65:35:36   |   347:35:34   |
127050      |       -56698.7   |       -56452.2   |       -246.488   |   65:37:01   |   347:33:19   |
127100      |       -56759.8   |       -56450.9   |       -308.909   |   65:38:30   |   347:31:25   |
127150      |       -56729.9   |       -56470.3   |       -259.631   |   65:40:01   |   347:29:42   |
127200      |         -56718   |         -56478   |       -240.008   |   65:41:31   |   347:27:53   |
127250      |       -56738.1   |       -56489.5   |       -248.665   |   65:43:14   |   347:27:13   |
127300      |       -56759.8   |       -56471.6   |       -288.154   |   65:44:51   |   347:26:02   |
127350      |       -56722.3   |         -56476   |       -246.246   |   65:46:22   |   347:24:18   |
127400      |       -56705.9   |       -56478.6   |       -227.366   |   65:47:58   |   347:23:01   |
127450      |       -56702.7   |       -56468.9   |       -233.834   |   65:49:34   |   347:21:45   |
127500      |       -56740.4   |       -56489.3   |       -251.137   |   65:51:07   |   347:20:12   |
127550      |       -56701.3   |       -56473.1   |       -228.287   |   65:52:38   |   347:18:28   |
127600      |       -56769.6   |       -56488.4   |       -281.207   |   65:54:11   |   347:16:56   |
127650      |       -56722.5   |       -56481.7   |       -240.756   |   65:55:43   |   347:15:18   |
127700      |       -56717.8   |       -56485.5   |       -232.299   |   65:57:14   |   347:13:34   |
127750      |       -56707.2   |       -56485.2   |       -222.037   |   65:58:48   |   347:12:07   |
127800      |       -56706.5   |       -56473.3   |       -233.201   |   66:00:20   |   347:10:29   |
127850      |       -56722.1   |       -56480.1   |       -241.972   |   66:01:56   |   347:09:12   |
127900      |       -56727.3   |       -56474.9   |       -252.382   |   66:03:37   |   347:08:21   |
127950      |       -56728.1   |       -56472.5   |       -255.616   |   66:05:08   |   347:06:38   |


Iter        |      Posterior   |     Likelihood   |          Prior   |    elapsed   |        ETA   |
----------------------------------------------------------------------------------------------------
128000      |       -56683.4   |       -56464.3   |       -219.176   |   66:06:43   |   347:05:15   |
128050      |       -56685.7   |       -56484.1   |       -201.605   |   66:08:18   |   347:03:53   |
128100      |       -56691.2   |       -56474.3   |       -216.904   |   66:09:53   |   347:02:31   |
128150      |       -56709.5   |       -56484.3   |       -225.267   |   66:11:29   |   347:01:14   |
128200      |       -56702.9   |       -56478.7   |       -224.285   |   66:13:03   |   346:59:46   |
128250      |       -56741.5   |       -56471.1   |       -270.377   |   66:14:37   |   346:58:18   |
128300      |       -56756.6   |       -56465.8   |       -290.827   |   66:16:11   |   346:56:51   |
128350      |       -56714.8   |       -56472.2   |       -242.532   |   66:17:45   |   346:55:23   |
128400      |       -56704.3   |       -56467.8   |        -236.49   |   66:19:24   |   346:54:22   |
128450      |       -56679.9   |       -56457.6   |       -222.275   |   66:21:03   |   346:53:20   |
128500      |         -56707   |       -56477.9   |       -229.104   |   66:22:39   |   346:52:03   |
128550      |       -56693.2   |       -56473.9   |       -219.338   |   66:24:14   |   346:50:41   |
128600      |       -56682.2   |       -56473.7   |       -208.575   |   66:25:46   |   346:49:02   |
128650      |       -56667.1   |       -56459.6   |       -207.493   |   66:27:22   |   346:47:45   |
128700      |       -56683.4   |       -56479.9   |       -203.529   |   66:28:58   |   346:46:28   |
128750      |       -56713.7   |       -56475.7   |       -238.029   |   66:30:35   |   346:45:16   |
128800      |       -56718.8   |       -56485.6   |       -233.237   |   66:32:11   |   346:43:59   |
128850      |         -56696   |         -56458   |       -238.042   |   66:33:41   |   346:42:10   |
128900      |       -56690.6   |       -56476.5   |       -214.175   |   66:35:11   |   346:40:22   |
128950      |       -56761.2   |       -56480.2   |       -280.961   |   66:36:40   |   346:38:28   |


Iter        |      Posterior   |     Likelihood   |          Prior   |    elapsed   |        ETA   |
----------------------------------------------------------------------------------------------------
129000      |       -56724.2   |       -56462.1   |       -262.076   |   66:38:09   |   346:36:34   |
129050      |       -56696.1   |       -56473.8   |       -222.327   |   66:39:38   |   346:34:41   |
129100      |       -56696.8   |       -56477.2   |       -219.529   |   66:41:07   |   346:32:47   |
129150      |       -56683.2   |       -56462.1   |       -221.146   |   66:42:36   |   346:30:53   |
129200      |         -56692   |         -56462   |       -230.011   |   66:44:05   |   346:29:00   |
129250      |       -56713.3   |       -56461.1   |       -252.251   |   66:45:32   |   346:26:56   |
129300      |       -56697.8   |       -56488.3   |       -209.435   |   66:47:02   |   346:25:07   |
129350      |         -56681   |       -56472.8   |       -208.165   |   66:48:35   |   346:23:34   |
129400      |       -56664.5   |       -56472.9   |       -191.663   |   66:50:09   |   346:22:07   |
129450      |       -56718.3   |         -56466   |       -252.259   |   66:51:41   |   346:20:29   |
129500      |       -56720.6   |       -56465.2   |       -255.382   |   66:53:15   |   346:19:01   |
129550      |       -56683.4   |       -56477.7   |       -205.795   |   66:54:49   |   346:17:34   |
129600      |       -56669.4   |       -56464.6   |       -204.781   |   66:56:24   |   346:16:11   |
129650      |       -56718.2   |       -56475.8   |       -242.394   |   66:57:58   |   346:14:43   |
129700      |       -56686.8   |       -56473.9   |       -212.987   |   66:59:28   |   346:12:55   |
129750      |       -56734.9   |       -56486.1   |       -248.787   |   67:00:59   |   346:11:12   |
129800      |       -56715.8   |       -56471.2   |       -244.635   |   67:02:32   |   346:09:39   |
129850      |       -56708.9   |       -56477.3   |        -231.65   |   67:04:04   |   346:08:01   |
129900      |       -56678.8   |       -56475.1   |       -203.659   |   67:05:32   |   346:06:02   |
129950      |       -56695.6   |       -56478.1   |        -217.51   |   67:07:00   |   346:04:04   |


Iter        |      Posterior   |     Likelihood   |          Prior   |    elapsed   |        ETA   |
----------------------------------------------------------------------------------------------------
130000      |       -56701.7   |       -56494.2   |       -207.532   |   67:08:29   |   346:02:11   |
130050      |       -56719.8   |       -56474.4   |       -245.381   |   67:10:02   |   346:00:38   |
130100      |       -56709.5   |       -56469.9   |       -239.558   |   67:11:34   |   345:59:00   |
130150      |       -56697.5   |       -56470.6   |       -226.885   |   67:13:10   |   345:57:42   |
130200      |       -56683.6   |         -56478   |       -205.555   |   67:14:43   |   345:56:10   |
130250      |         -56700   |       -56480.8   |       -219.167   |   67:16:13   |   345:54:21   |
130300      |       -56743.7   |       -56498.1   |       -245.552   |   67:17:47   |   345:52:54   |
130350      |       -56740.8   |       -56480.9   |       -259.828   |   67:19:20   |   345:51:21   |
130400      |       -56735.8   |       -56494.7   |       -241.159   |   67:20:55   |   345:49:58   |
130450      |       -56706.7   |       -56486.2   |       -220.491   |   67:22:26   |   345:48:15   |
130500      |       -56675.5   |       -56483.3   |       -192.183   |   67:24:05   |   345:47:13   |
130550      |       -56666.3   |       -56488.3   |       -177.981   |   67:25:44   |   345:46:11   |
130600      |         -56708   |       -56473.2   |       -234.725   |   67:27:17   |   345:44:39   |
130650      |         -56712   |       -56488.4   |       -223.601   |   67:28:53   |   345:43:21   |
130700      |       -56696.4   |       -56478.1   |       -218.289   |   67:30:32   |   345:42:19   |
130750      |       -56699.7   |       -56472.5   |       -227.186   |   67:32:09   |   345:41:07   |
130800      |       -56726.4   |       -56469.2   |       -257.161   |   67:33:45   |   345:39:49   |
130850      |       -56732.7   |       -56477.6   |       -255.133   |   67:35:18   |   345:38:16   |
130900      |       -56738.7   |       -56474.9   |       -263.787   |   67:36:50   |   345:36:38   |
130950      |         -56708   |       -56478.3   |       -229.667   |   67:38:24   |   345:35:11   |


Iter        |      Posterior   |     Likelihood   |          Prior   |    elapsed   |        ETA   |
----------------------------------------------------------------------------------------------------
131000      |       -56755.2   |         -56477   |       -278.205   |   67:40:01   |   345:33:58   |
131050      |       -56746.3   |       -56466.5   |       -279.748   |   67:41:39   |   345:32:51   |
131100      |       -56749.5   |       -56469.6   |       -279.941   |   67:43:17   |   345:31:43   |
131150      |       -56710.5   |       -56464.4   |       -246.067   |   67:44:48   |   345:30:00   |
131200      |       -56672.6   |       -56461.9   |       -210.739   |   67:46:22   |   345:28:33   |
131250      |       -56678.7   |       -56460.3   |       -218.387   |   67:47:52   |   345:26:44   |
131300      |       -56734.8   |       -56467.7   |        -267.12   |   67:49:23   |   345:25:01   |
131350      |       -56756.3   |         -56469   |       -287.311   |   67:50:57   |   345:23:34   |
131400      |         -56720   |       -56471.4   |       -248.627   |   67:52:29   |   345:21:56   |
131450      |       -56737.7   |       -56470.9   |        -266.86   |   67:54:05   |   345:20:38   |
131500      |       -56696.7   |       -56462.2   |       -234.525   |   67:55:42   |   345:19:25   |
131550      |       -56750.2   |       -56470.3   |       -279.848   |   67:57:15   |   345:17:53   |
131600      |       -56776.1   |       -56473.2   |       -302.953   |   67:58:49   |   345:16:25   |
131650      |       -56740.8   |       -56478.2   |       -262.578   |   68:00:30   |   345:15:33   |
131700      |       -56704.4   |       -56463.6   |       -240.753   |   68:02:05   |   345:14:10   |
131750      |       -56739.3   |       -56459.1   |       -280.205   |   68:03:43   |   345:13:02   |
131800      |       -56704.5   |       -56461.6   |       -242.969   |   68:05:21   |   345:11:55   |
131850      |       -56705.4   |       -56464.8   |       -240.689   |   68:06:59   |   345:10:47   |
131900      |       -56717.2   |       -56479.6   |       -237.614   |   68:08:33   |   345:09:19   |
131950      |       -56681.9   |       -56466.7   |       -215.201   |   68:10:05   |   345:07:41   |


Iter        |      Posterior   |     Likelihood   |          Prior   |    elapsed   |        ETA   |
----------------------------------------------------------------------------------------------------
132000      |       -56727.4   |       -56475.2   |       -252.225   |   68:11:36   |   345:05:58   |
132050      |       -56715.2   |       -56480.3   |       -234.956   |   68:13:08   |   345:04:20   |
132100      |         -56696   |       -56473.6   |       -222.377   |   68:14:41   |   345:02:47   |
132150      |         -56677   |         -56470   |       -207.036   |   68:16:15   |   345:01:19   |
132200      |       -56685.2   |       -56453.7   |       -231.483   |   68:17:50   |   344:59:56   |
132250      |       -56706.7   |         -56455   |       -251.718   |   68:19:25   |   344:58:34   |
132300      |       -56719.5   |       -56478.6   |       -240.909   |   68:21:00   |   344:57:11   |
132350      |       -56689.9   |       -56467.5   |       -222.413   |   68:22:35   |   344:55:48   |
132400      |       -56695.4   |       -56462.1   |       -233.273   |   68:24:08   |   344:54:15   |
132450      |       -56712.5   |       -56478.8   |       -233.732   |   68:25:36   |   344:52:17   |
132500      |       -56654.8   |       -56466.4   |       -188.428   |   68:27:03   |   344:50:13   |
132550      |       -56650.5   |       -56453.9   |       -196.641   |   68:28:38   |   344:48:51   |
132600      |       -56730.2   |       -56469.4   |       -260.843   |   68:30:19   |   344:47:58   |
132650      |       -56709.5   |       -56485.6   |       -223.939   |   68:31:54   |   344:46:35   |
132700      |       -56696.1   |       -56466.5   |       -229.578   |   68:33:29   |   344:45:12   |
132750      |       -56699.8   |       -56463.7   |       -236.071   |   68:35:02   |   344:43:39   |
132800      |       -56658.9   |       -56449.3   |       -209.603   |   68:36:34   |   344:42:01   |
132850      |       -56662.9   |       -56459.1   |       -203.742   |   68:38:08   |   344:40:33   |
132900      |       -56715.6   |       -56463.6   |       -252.002   |   68:39:45   |   344:39:20   |
132950      |       -56725.3   |       -56471.1   |       -254.203   |   68:41:19   |   344:37:52   |


Iter        |      Posterior   |     Likelihood   |          Prior   |    elapsed   |        ETA   |
----------------------------------------------------------------------------------------------------
133000      |       -56670.5   |       -56460.5   |       -209.951   |   68:42:54   |   344:36:29   |
133050      |       -56740.8   |       -56468.8   |       -271.905   |   68:44:27   |   344:34:56   |
133100      |       -56689.1   |       -56471.2   |       -217.842   |   68:46:01   |   344:33:28   |
133150      |       -56755.5   |       -56483.1   |       -272.394   |   68:47:39   |   344:32:21   |
133200      |       -56713.3   |       -56481.9   |       -231.488   |   68:49:15   |   344:31:03   |
133250      |       -56703.3   |       -56467.7   |       -235.572   |   68:50:54   |   344:30:00   |
133300      |       -56704.2   |       -56453.3   |       -250.856   |   68:52:30   |   344:28:42   |
133350      |       -56704.1   |       -56461.7   |       -242.369   |   68:54:04   |   344:27:13   |
133400      |       -56692.5   |         -56466   |       -226.582   |   68:55:36   |   344:25:35   |
133450      |       -56704.1   |       -56474.4   |       -229.747   |   68:57:08   |   344:23:57   |
133500      |       -56694.7   |       -56468.8   |        -225.96   |   68:58:39   |   344:22:14   |
133550      |       -56683.9   |       -56463.9   |       -220.064   |   69:00:08   |   344:20:21   |
133600      |       -56731.8   |       -56468.2   |       -263.599   |   69:01:38   |   344:18:33   |
133650      |       -56687.4   |       -56454.3   |       -233.033   |   69:03:07   |   344:16:41   |
133700      |         -56747   |       -56477.5   |       -269.545   |   69:04:37   |   344:14:53   |
133750      |       -56761.4   |       -56480.8   |       -280.575   |   69:06:10   |   344:13:20   |
133800      |       -56714.8   |       -56473.3   |       -241.456   |   69:07:43   |   344:11:47   |
133850      |       -56726.6   |       -56461.9   |       -264.665   |   69:09:16   |   344:10:14   |
133900      |       -56747.5   |       -56464.8   |       -282.653   |   69:10:49   |   344:08:41   |
133950      |       -56721.6   |       -56479.2   |       -242.475   |   69:12:19   |   344:06:53   |


Iter        |      Posterior   |     Likelihood   |          Prior   |    elapsed   |        ETA   |
----------------------------------------------------------------------------------------------------
134000      |         -56721   |       -56456.7   |       -264.313   |   69:13:52   |   344:05:20   |
134050      |       -56751.4   |       -56459.6   |        -291.84   |   69:15:20   |   344:03:22   |
134100      |         -56756   |         -56453   |       -303.044   |   69:16:50   |   344:01:34   |
134150      |       -56716.2   |       -56460.5   |       -255.782   |   69:18:19   |   343:59:41   |
134200      |       -56693.2   |       -56467.4   |        -225.78   |   69:19:51   |   343:58:03   |
134250      |         -56714   |       -56471.8   |       -242.241   |   69:21:20   |   343:56:11   |
134300      |       -56691.4   |       -56449.9   |       -241.468   |   69:22:46   |   343:54:03   |
134350      |       -56716.5   |       -56444.5   |       -272.057   |   69:24:15   |   343:52:10   |
134400      |         -56720   |       -56470.7   |       -249.299   |   69:25:44   |   343:50:17   |
134450      |       -56702.9   |       -56464.7   |       -238.132   |   69:27:17   |   343:48:44   |
134500      |       -56719.6   |       -56474.9   |        -244.73   |   69:28:43   |   343:46:37   |
134550      |       -56687.5   |       -56478.1   |       -209.415   |   69:30:12   |   343:44:44   |
134600      |       -56687.7   |       -56474.7   |       -213.039   |   69:31:43   |   343:43:01   |
134650      |       -56715.4   |       -56484.2   |       -231.232   |   69:33:17   |   343:41:34   |
134700      |       -56740.6   |         -56466   |       -274.637   |   69:34:51   |   343:40:06   |
134750      |       -56701.8   |       -56479.5   |       -222.286   |   69:36:23   |   343:38:28   |
134800      |       -56695.7   |         -56458   |       -237.698   |   69:37:59   |   343:37:10   |
134850      |       -56709.1   |       -56475.3   |       -233.824   |   69:39:29   |   343:35:22   |
134900      |       -56667.8   |       -56471.2   |       -196.572   |   69:41:00   |   343:33:39   |
134950      |       -56675.1   |       -56467.5   |       -207.601   |   69:42:39   |   343:32:36   |


Iter        |      Posterior   |     Likelihood   |          Prior   |    elapsed   |        ETA   |
----------------------------------------------------------------------------------------------------
135000      |       -56685.1   |       -56457.5   |       -227.628   |   69:44:17   |   343:31:28   |
135050      |       -56657.8   |       -56459.9   |       -197.928   |   69:45:47   |   343:29:40   |
135100      |       -56680.9   |       -56457.6   |       -223.269   |   69:47:19   |   343:28:02   |
135150      |       -56728.1   |       -56461.4   |        -266.65   |   69:48:54   |   343:26:39   |
135200      |       -56678.9   |       -56462.9   |       -215.994   |   69:50:26   |   343:25:01   |
135250      |       -56722.1   |       -56465.9   |       -256.171   |   69:51:59   |   343:23:28   |
135300      |       -56693.8   |       -56460.6   |       -233.241   |   69:53:29   |   343:21:41   |
135350      |         -56701   |       -56461.2   |       -239.823   |   69:55:01   |   343:20:03   |
135400      |       -56688.9   |       -56458.4   |       -230.505   |   69:56:37   |   343:18:45   |
135450      |       -56714.3   |       -56472.1   |        -242.21   |   69:58:12   |   343:17:22   |
135500      |       -56717.3   |       -56470.3   |       -247.063   |   69:59:43   |   343:15:39   |
135550      |       -56718.4   |       -56478.5   |       -239.897   |   70:01:10   |   343:13:37   |
135600      |       -56718.2   |         -56475   |       -243.189   |   70:02:35   |   343:11:25   |
135650      |       -56704.9   |       -56481.1   |       -223.781   |   70:04:04   |   343:09:32   |
135700      |       -56667.3   |         -56447   |       -220.298   |   70:05:33   |   343:07:40   |
135750      |       -56700.5   |       -56455.8   |       -244.659   |   70:07:06   |   343:06:07   |
135800      |       -56729.1   |       -56460.5   |       -268.572   |   70:08:40   |   343:04:39   |
135850      |       -56703.3   |       -56459.6   |       -243.658   |   70:10:15   |   343:03:16   |
135900      |       -56696.4   |       -56458.6   |       -237.711   |   70:11:44   |   343:01:23   |
135950      |       -56730.1   |       -56465.3   |        -264.83   |   70:13:14   |   342:59:36   |


Iter        |      Posterior   |     Likelihood   |          Prior   |    elapsed   |        ETA   |
----------------------------------------------------------------------------------------------------
136000      |       -56757.3   |       -56457.8   |       -299.486   |   70:14:49   |   342:58:13   |
136050      |       -56694.6   |       -56466.2   |       -228.433   |   70:16:23   |   342:56:45   |
136100      |       -56730.1   |       -56474.6   |       -255.454   |   70:17:56   |   342:55:12   |
136150      |       -56714.4   |       -56451.1   |       -263.358   |   70:19:25   |   342:53:20   |
136200      |       -56693.1   |       -56446.9   |       -246.192   |   70:20:55   |   342:51:32   |
136250      |       -56697.4   |       -56441.7   |       -255.698   |   70:22:27   |   342:49:55   |
136300      |       -56704.9   |       -56467.9   |        -236.95   |   70:23:57   |   342:48:07   |
136350      |       -56731.6   |       -56471.8   |       -259.729   |   70:25:30   |   342:46:34   |
136400      |       -56701.3   |       -56468.6   |       -232.659   |   70:27:04   |   342:45:06   |
136450      |       -56732.7   |         -56473   |        -259.72   |   70:28:37   |   342:43:33   |
136500      |       -56713.8   |       -56460.7   |       -253.035   |   70:30:12   |   342:42:10   |
136550      |       -56672.7   |       -56452.9   |       -219.772   |   70:31:45   |   342:40:38   |
136600      |       -56705.1   |       -56455.7   |       -249.409   |   70:33:14   |   342:38:45   |
136650      |         -56708   |       -56452.7   |       -255.272   |   70:34:44   |   342:36:58   |
136700      |       -56735.8   |       -56470.3   |       -265.533   |   70:36:24   |   342:35:59   |
136750      |       -56760.5   |       -56466.6   |       -293.968   |   70:37:58   |   342:34:31   |
136800      |       -56691.6   |       -56472.5   |       -219.159   |   70:39:37   |   342:33:27   |
136850      |       -56731.7   |       -56462.5   |       -269.181   |   70:41:16   |   342:32:24   |
136900      |       -56695.4   |       -56471.2   |       -224.188   |   70:42:51   |   342:31:00   |
136950      |       -56686.1   |       -56474.1   |       -212.009   |   70:44:25   |   342:29:32   |


Iter        |      Posterior   |     Likelihood   |          Prior   |    elapsed   |        ETA   |
----------------------------------------------------------------------------------------------------
137000      |       -56699.7   |       -56462.2   |       -237.532   |   70:45:58   |   342:27:59   |
137050      |       -56746.9   |       -56483.1   |       -263.825   |   70:47:32   |   342:26:31   |
137100      |       -56685.4   |       -56481.7   |       -203.703   |   70:49:14   |   342:25:42   |
137150      |       -56689.4   |       -56460.2   |        -229.22   |   70:51:02   |   342:25:22   |
137200      |       -56680.5   |       -56462.3   |        -218.21   |   70:52:36   |   342:23:54   |
137250      |         -56732   |       -56464.3   |       -267.655   |   70:54:04   |   342:21:57   |
137300      |         -56700   |       -56470.8   |       -229.154   |   70:55:31   |   342:19:55   |
137350      |       -56704.7   |       -56461.9   |       -242.861   |   70:57:02   |   342:18:12   |
137400      |       -56729.8   |       -56478.1   |       -251.685   |   70:58:32   |   342:16:25   |
137450      |       -56718.8   |       -56469.5   |       -249.256   |   71:00:04   |   342:14:47   |
137500      |       -56723.5   |       -56464.3   |       -259.208   |   71:01:36   |   342:13:09   |
137550      |       -56704.1   |       -56468.5   |       -235.648   |   71:03:09   |   342:11:36   |
137600      |       -56726.9   |       -56475.5   |       -251.483   |   71:04:39   |   342:09:49   |
137650      |       -56748.8   |       -56474.2   |       -274.658   |   71:06:08   |   342:07:57   |
137700      |       -56739.3   |       -56479.6   |       -259.706   |   71:07:40   |   342:06:19   |
137750      |       -56707.5   |       -56471.8   |       -235.686   |   71:09:15   |   342:04:56   |
137800      |       -56720.3   |       -56456.4   |       -263.955   |   71:10:50   |   342:03:33   |
137850      |       -56726.4   |       -56482.5   |       -243.898   |   71:12:24   |   342:02:05   |
137900      |       -56734.7   |       -56487.1   |       -247.565   |   71:13:56   |   342:00:27   |
137950      |       -56682.3   |       -56465.3   |       -217.017   |   71:15:31   |   341:59:04   |


Iter        |      Posterior   |     Likelihood   |          Prior   |    elapsed   |        ETA   |
----------------------------------------------------------------------------------------------------
138000      |       -56703.4   |       -56473.2   |       -230.246   |   71:17:07   |   341:57:45   |
138050      |       -56717.2   |       -56472.3   |       -244.885   |   71:18:42   |   341:56:22   |
138100      |       -56712.1   |       -56465.1   |       -247.046   |   71:20:13   |   341:54:39   |
138150      |       -56747.9   |       -56475.8   |       -272.081   |   71:21:45   |   341:53:02   |
138200      |       -56669.5   |       -56462.5   |       -206.975   |   71:23:15   |   341:51:15   |
138250      |       -56762.4   |       -56472.1   |       -290.274   |   71:24:45   |   341:49:27   |
138300      |       -56700.2   |         -56460   |       -240.196   |   71:26:17   |   341:47:50   |
138350      |       -56704.7   |       -56474.5   |       -230.157   |   71:27:52   |   341:46:26   |
138400      |       -56700.8   |       -56469.6   |        -231.16   |   71:29:22   |   341:44:39   |
138450      |       -56720.8   |       -56473.4   |       -247.379   |   71:30:58   |   341:43:21   |
138500      |       -56717.8   |       -56473.5   |       -244.249   |   71:32:33   |   341:41:57   |
138550      |       -56723.6   |       -56470.1   |       -253.495   |   71:34:06   |   341:40:24   |
138600      |       -56701.6   |       -56487.9   |       -213.683   |   71:35:36   |   341:38:37   |
138650      |       -56738.1   |       -56475.6   |       -262.544   |   71:37:06   |   341:36:50   |
138700      |       -56716.1   |       -56484.7   |       -231.398   |   71:38:39   |   341:35:17   |
138750      |       -56752.7   |       -56475.6   |       -277.139   |   71:40:12   |   341:33:44   |
138800      |       -56772.6   |       -56482.6   |       -290.035   |   71:41:42   |   341:31:57   |
138850      |       -56723.2   |         -56466   |       -257.239   |   71:43:11   |   341:30:05   |
138900      |       -56687.1   |         -56477   |       -210.012   |   71:44:43   |   341:28:28   |
138950      |         -56703   |       -56481.5   |       -221.507   |   71:46:17   |   341:26:59   |


Iter        |      Posterior   |     Likelihood   |          Prior   |    elapsed   |        ETA   |
----------------------------------------------------------------------------------------------------
139000      |       -56692.3   |       -56482.8   |       -209.515   |   71:47:50   |   341:25:27   |
139050      |       -56732.8   |       -56485.7   |       -247.122   |   71:49:23   |   341:23:54   |
139100      |       -56718.5   |       -56469.8   |       -248.734   |   71:50:52   |   341:22:02   |
139150      |       -56755.4   |       -56471.9   |       -283.527   |   71:52:23   |   341:20:20   |
139200      |       -56743.4   |       -56473.9   |       -269.542   |   71:53:56   |   341:18:47   |
139250      |       -56720.4   |       -56499.3   |       -221.127   |   71:55:30   |   341:17:19   |
139300      |       -56713.5   |       -56481.2   |       -232.305   |   71:57:03   |   341:15:46   |
139350      |       -56741.5   |       -56460.2   |       -281.273   |   71:58:32   |   341:13:54   |
139400      |       -56681.6   |       -56456.6   |        -224.99   |   72:00:03   |   341:12:12   |
139450      |       -56741.6   |       -56471.3   |       -270.316   |   72:01:36   |   341:10:39   |
139500      |       -56695.9   |         -56484   |       -211.912   |   72:03:08   |   341:09:01   |
139550      |       -56700.6   |       -56467.9   |       -232.781   |   72:04:42   |   341:07:33   |
139600      |       -56742.3   |         -56481   |        -261.22   |   72:06:12   |   341:05:46   |
139650      |       -56741.5   |       -56474.3   |       -267.267   |   72:07:47   |   341:04:23   |
139700      |       -56702.4   |       -56477.9   |       -224.528   |   72:09:21   |   341:02:55   |
139750      |       -56723.9   |       -56471.6   |       -252.347   |   72:10:57   |   341:01:36   |
139800      |       -56712.6   |       -56473.9   |       -238.703   |   72:12:26   |   340:59:44   |
139850      |       -56722.8   |       -56480.4   |       -242.416   |   72:13:52   |   340:57:38   |
139900      |       -56738.9   |         -56483   |       -255.923   |   72:15:19   |   340:55:37   |
139950      |       -56706.6   |       -56482.9   |       -223.712   |   72:16:50   |   340:53:55   |


Iter        |      Posterior   |     Likelihood   |          Prior   |    elapsed   |        ETA   |
----------------------------------------------------------------------------------------------------
140000      |       -56758.1   |         -56492   |       -266.123   |   72:18:21   |   340:52:13   |
140050      |       -56709.3   |       -56481.4   |       -227.857   |   72:19:50   |   340:50:21   |
140100      |       -56716.7   |       -56482.1   |       -234.577   |   72:21:22   |   340:48:44   |
140150      |       -56710.8   |       -56478.1   |       -232.696   |   72:22:55   |   340:47:11   |
140200      |       -56713.9   |       -56476.1   |       -237.794   |   72:24:27   |   340:45:33   |
140250      |       -56712.1   |       -56472.8   |        -239.36   |   72:26:02   |   340:44:10   |
140300      |       -56678.4   |       -56466.8   |       -211.596   |   72:27:33   |   340:42:28   |
140350      |       -56758.9   |       -56485.4   |       -273.506   |   72:29:06   |   340:40:55   |
140400      |       -56784.4   |       -56492.4   |       -291.948   |   72:30:39   |   340:39:22   |
140450      |       -56695.7   |       -56472.2   |       -223.444   |   72:32:09   |   340:37:35   |
140500      |       -56706.4   |       -56483.8   |       -222.617   |   72:33:42   |   340:36:03   |
140550      |       -56710.1   |       -56466.3   |       -243.809   |   72:35:07   |   340:33:52   |
140600      |       -56695.6   |       -56475.7   |       -219.941   |   72:36:39   |   340:32:15   |
140650      |       -56701.8   |       -56457.1   |        -244.64   |   72:38:12   |   340:30:42   |
140700      |       -56690.6   |       -56466.7   |       -223.942   |   72:39:43   |   340:29:00   |
140750      |       -56689.3   |       -56467.7   |       -221.605   |   72:41:15   |   340:27:22   |
140800      |         -56711   |       -56456.6   |       -254.412   |   72:42:47   |   340:25:45   |
140850      |         -56682   |       -56470.2   |       -211.754   |   72:44:19   |   340:24:08   |
140900      |       -56716.8   |       -56465.3   |       -251.504   |   72:45:53   |   340:22:39   |
140950      |       -56721.8   |       -56457.7   |       -264.041   |   72:47:28   |   340:21:16   |


Iter        |      Posterior   |     Likelihood   |          Prior   |    elapsed   |        ETA   |
----------------------------------------------------------------------------------------------------
141000      |         -56715   |       -56454.2   |       -260.885   |   72:49:00   |   340:19:39   |
141050      |       -56717.4   |       -56470.5   |       -246.856   |   72:50:32   |   340:18:01   |
141100      |       -56675.7   |       -56453.4   |       -222.356   |   72:52:02   |   340:16:14   |
141150      |       -56703.9   |         -56464   |        -239.89   |   72:53:32   |   340:14:28   |
141200      |         -56713   |       -56479.6   |       -233.402   |   72:55:03   |   340:12:46   |
141250      |       -56686.6   |       -56456.3   |       -230.331   |   72:56:37   |   340:11:18   |
141300      |       -56717.8   |       -56472.9   |       -244.914   |   72:58:10   |   340:09:45   |
141350      |       -56713.2   |       -56480.3   |       -232.912   |   72:59:41   |   340:08:03   |
141400      |       -56717.3   |         -56479   |         -238.3   |   73:01:13   |   340:06:25   |
141450      |       -56714.9   |         -56476   |       -238.923   |   73:02:47   |   340:04:57   |
141500      |       -56700.3   |       -56466.5   |       -233.807   |   73:04:19   |   340:03:20   |
141550      |       -56670.2   |       -56465.1   |       -205.125   |   73:05:53   |   340:01:52   |
141600      |         -56676   |       -56443.8   |       -232.185   |   73:07:25   |   340:00:14   |
141650      |       -56721.2   |       -56462.2   |       -259.038   |   73:08:59   |   339:58:46   |
141700      |       -56783.6   |       -56456.2   |       -327.403   |   73:10:33   |   339:57:18   |
141750      |       -56725.4   |       -56453.3   |       -272.116   |   73:12:07   |   339:55:50   |
141800      |       -56697.8   |       -56477.7   |       -220.157   |   73:13:40   |   339:54:17   |
141850      |       -56754.9   |         -56473   |       -281.901   |   73:15:13   |   339:52:45   |
141900      |       -56691.5   |         -56471   |       -220.558   |   73:16:45   |   339:51:07   |
141950      |       -56775.4   |         -56475   |       -300.349   |   73:18:16   |   339:49:25   |


Iter        |      Posterior   |     Likelihood   |          Prior   |    elapsed   |        ETA   |
----------------------------------------------------------------------------------------------------
142000      |       -56735.5   |         -56472   |       -263.425   |   73:19:46   |   339:47:39   |
142050      |       -56743.1   |       -56471.9   |       -271.214   |   73:21:18   |   339:46:01   |
142100      |         -56696   |       -56468.3   |       -227.773   |   73:22:49   |   339:44:19   |
142150      |       -56722.1   |       -56476.2   |       -245.837   |   73:24:20   |   339:42:37   |
142200      |       -56688.8   |       -56465.5   |        -223.34   |   73:25:58   |   339:41:28   |
142250      |       -56711.9   |         -56479   |        -232.84   |   73:27:34   |   339:40:09   |
142300      |       -56718.6   |       -56480.3   |       -238.288   |   73:29:13   |   339:39:04   |
142350      |       -56743.8   |       -56482.8   |       -260.962   |   73:30:52   |   339:37:59   |
142400      |       -56739.2   |       -56462.9   |       -276.284   |   73:32:29   |   339:36:44   |
142450      |       -56700.8   |       -56457.9   |       -242.817   |   73:34:08   |   339:35:39   |
142500      |       -56713.1   |       -56455.2   |       -257.918   |   73:35:43   |   339:34:16   |
142550      |       -56713.2   |         -56476   |       -237.203   |   73:37:16   |   339:32:43   |
142600      |       -56745.3   |         -56472   |       -273.329   |   73:38:50   |   339:31:15   |
142650      |       -56745.1   |       -56479.6   |       -265.521   |   73:40:23   |   339:29:42   |
142700      |       -56709.1   |       -56473.2   |       -235.864   |   73:41:57   |   339:28:14   |
142750      |       -56717.9   |       -56462.9   |       -255.023   |   73:43:32   |   339:26:50   |
142800      |       -56734.4   |       -56469.6   |       -264.734   |   73:45:06   |   339:25:22   |
142850      |       -56729.7   |       -56454.1   |       -275.662   |   73:46:41   |   339:23:58   |
142900      |       -56710.4   |         -56458   |        -252.37   |   73:48:15   |   339:22:30   |
142950      |       -56669.1   |       -56449.1   |       -219.987   |   73:49:52   |   339:21:16   |


Iter        |      Posterior   |     Likelihood   |          Prior   |    elapsed   |        ETA   |
----------------------------------------------------------------------------------------------------
143000      |       -56728.5   |       -56453.2   |        -275.32   |   73:51:25   |   339:19:43   |
143050      |       -56725.1   |       -56446.9   |       -278.174   |   73:52:59   |   339:18:15   |
143100      |       -56722.1   |       -56449.2   |       -272.833   |   73:54:33   |   339:16:47   |
143150      |       -56693.8   |       -56465.3   |       -228.507   |   73:56:04   |   339:15:05   |
143200      |       -56744.3   |       -56470.7   |       -273.639   |   73:57:38   |   339:13:36   |
143250      |       -56738.1   |       -56474.4   |       -263.696   |   73:59:14   |   339:12:17   |
143300      |       -56722.2   |       -56470.7   |       -251.511   |   74:00:47   |   339:10:44   |
143350      |       -56733.4   |       -56477.2   |       -256.232   |   74:02:21   |   339:09:16   |
143400      |       -56732.9   |       -56479.2   |        -253.64   |   74:03:54   |   339:07:43   |
143450      |       -56698.5   |       -56457.5   |       -241.036   |   74:05:28   |   339:06:15   |
143500      |       -56725.9   |       -56459.8   |       -266.068   |   74:07:06   |   339:05:05   |
143550      |       -56719.5   |       -56468.3   |       -251.201   |   74:08:38   |   339:03:28   |
143600      |       -56717.9   |       -56461.1   |       -256.802   |   74:10:09   |   339:01:46   |
143650      |       -56704.3   |       -56465.1   |       -239.145   |   74:11:43   |   339:00:18   |
143700      |       -56695.9   |       -56468.4   |       -227.514   |   74:13:14   |   338:58:36   |
143750      |       -56685.6   |       -56456.6   |       -228.989   |   74:14:44   |   338:56:49   |
143800      |       -56723.5   |       -56468.8   |        -254.65   |   74:16:12   |   338:54:53   |
143850      |       -56692.3   |       -56457.5   |       -234.806   |   74:17:46   |   338:53:25   |
143900      |       -56706.5   |       -56458.9   |       -247.644   |   74:19:25   |   338:52:20   |
143950      |       -56695.8   |       -56476.8   |       -218.992   |   74:20:53   |   338:50:24   |


Iter        |      Posterior   |     Likelihood   |          Prior   |    elapsed   |        ETA   |
----------------------------------------------------------------------------------------------------
144000      |       -56720.5   |       -56469.8   |       -250.688   |   74:22:23   |   338:48:38   |
144050      |       -56712.2   |       -56458.2   |       -254.044   |   74:23:52   |   338:46:47   |
144100      |       -56686.5   |       -56457.5   |       -228.926   |   74:25:19   |   338:44:46   |
144150      |         -56721   |       -56451.7   |       -269.346   |   74:26:47   |   338:42:51   |
144200      |       -56673.9   |       -56464.7   |       -209.249   |   74:28:19   |   338:41:14   |
144250      |         -56696   |       -56471.1   |        -224.91   |   74:29:52   |   338:39:41   |
144300      |       -56723.6   |       -56462.4   |       -261.114   |   74:31:20   |   338:37:45   |
144350      |         -56737   |       -56469.7   |       -267.305   |   74:32:51   |   338:36:03   |
144400      |       -56717.4   |       -56473.4   |       -244.078   |   74:34:21   |   338:34:17   |
144450      |       -56719.6   |       -56466.7   |       -252.913   |   74:35:49   |   338:32:22   |
144500      |       -56707.8   |       -56463.2   |       -244.542   |   74:37:25   |   338:31:02   |
144550      |       -56694.5   |       -56467.4   |       -227.113   |   74:39:00   |   338:29:39   |
144600      |       -56734.3   |       -56456.6   |       -277.659   |   74:40:36   |   338:28:20   |
144650      |       -56700.4   |       -56471.3   |       -229.139   |   74:42:14   |   338:27:09   |
144700      |       -56672.7   |       -56457.7   |       -215.087   |   74:43:50   |   338:25:50   |
144750      |       -56709.1   |       -56475.5   |       -233.582   |   74:45:23   |   338:24:18   |
144800      |       -56646.9   |       -56447.5   |       -199.338   |   74:46:55   |   338:22:40   |
144850      |       -56675.2   |       -56456.1   |       -219.184   |   74:48:27   |   338:21:03   |
144900      |       -56687.9   |       -56469.7   |       -218.272   |   74:50:01   |   338:19:35   |
144950      |       -56676.4   |       -56473.2   |        -203.21   |   74:51:32   |   338:17:53   |


Iter        |      Posterior   |     Likelihood   |          Prior   |    elapsed   |        ETA   |
----------------------------------------------------------------------------------------------------
145000      |       -56686.4   |       -56481.9   |       -204.508   |   74:53:04   |   338:16:16   |
145050      |       -56726.5   |       -56471.7   |       -254.826   |   74:54:40   |   338:14:56   |
145100      |       -56680.5   |       -56459.7   |       -220.779   |   74:56:11   |   338:13:14   |
145150      |       -56683.8   |         -56458   |       -225.806   |   74:57:46   |   338:11:51   |
145200      |       -56697.4   |       -56474.3   |       -223.155   |   74:59:24   |   338:10:40   |
145250      |       -56680.1   |       -56456.1   |       -223.986   |   75:00:59   |   338:09:17   |
145300      |       -56703.2   |       -56467.9   |       -235.309   |   75:02:36   |   338:08:02   |
145350      |       -56692.6   |         -56446   |         -246.6   |   75:04:07   |   338:06:20   |
145400      |       -56730.1   |       -56454.6   |        -275.49   |   75:05:39   |   338:04:43   |
145450      |       -56708.9   |       -56464.8   |        -244.09   |   75:07:18   |   338:03:37   |
145500      |       -56725.4   |       -56471.8   |       -253.584   |   75:08:57   |   338:02:31   |
145550      |         -56677   |       -56456.7   |       -220.279   |   75:10:30   |   338:00:58   |
145600      |       -56723.3   |       -56470.5   |       -252.742   |   75:12:02   |   337:59:21   |
145650      |       -56745.1   |       -56472.3   |         -272.8   |   75:13:34   |   337:57:44   |
145700      |       -56702.8   |       -56459.7   |       -243.082   |   75:15:04   |   337:55:57   |
145750      |       -56684.5   |       -56456.3   |       -228.221   |   75:16:35   |   337:54:16   |
145800      |       -56769.4   |       -56489.2   |       -280.156   |   75:18:09   |   337:52:47   |
145850      |       -56706.4   |         -56476   |       -230.392   |   75:19:42   |   337:51:14   |
145900      |       -56694.1   |       -56461.9   |        -232.25   |   75:21:15   |   337:49:42   |
145950      |       -56696.1   |       -56479.8   |       -216.302   |   75:22:44   |   337:47:51   |


Iter        |      Posterior   |     Likelihood   |          Prior   |    elapsed   |        ETA   |
----------------------------------------------------------------------------------------------------
146000      |       -56694.3   |       -56460.9   |        -233.36   |   75:24:14   |   337:46:05   |
146050      |       -56740.5   |       -56467.6   |       -272.921   |   75:25:49   |   337:44:41   |
146100      |       -56715.5   |       -56472.9   |       -242.601   |   75:27:22   |   337:43:08   |
146150      |         -56727   |         -56472   |       -255.049   |   75:28:59   |   337:41:53   |
146200      |       -56761.3   |       -56472.6   |       -288.713   |   75:30:32   |   337:40:20   |
146250      |       -56691.3   |       -56469.8   |       -221.521   |   75:32:04   |   337:38:43   |
146300      |       -56722.4   |       -56462.5   |       -259.881   |   75:33:35   |   337:37:01   |
146350      |         -56724   |       -56474.5   |       -249.501   |   75:35:11   |   337:35:42   |
146400      |       -56700.2   |         -56469   |       -231.185   |   75:36:42   |   337:34:00   |
146450      |       -56738.9   |       -56464.8   |       -274.084   |   75:38:15   |   337:32:27   |
146500      |       -56732.9   |         -56466   |       -266.964   |   75:39:44   |   337:30:37   |
146550      |         -56731   |       -56483.4   |       -247.521   |   75:41:19   |   337:29:13   |
146600      |       -56726.9   |       -56475.1   |       -251.776   |   75:42:57   |   337:28:02   |
146650      |       -56713.3   |       -56479.6   |       -233.772   |   75:44:34   |   337:26:47   |
146700      |       -56739.6   |       -56462.3   |        -277.38   |   75:46:10   |   337:25:28   |
146750      |         -56692   |       -56474.3   |       -217.711   |   75:47:47   |   337:24:13   |
146800      |       -56694.4   |       -56477.5   |       -216.854   |   75:49:14   |   337:22:13   |
146850      |       -56743.6   |       -56481.6   |       -261.942   |   75:50:48   |   337:20:45   |
146900      |       -56687.6   |       -56468.6   |       -219.035   |   75:52:20   |   337:19:08   |
146950      |       -56684.4   |       -56470.6   |       -213.744   |   75:53:50   |   337:17:21   |


Iter        |      Posterior   |     Likelihood   |          Prior   |    elapsed   |        ETA   |
----------------------------------------------------------------------------------------------------
147000      |       -56722.3   |       -56487.6   |       -234.733   |   75:55:19   |   337:15:31   |
147050      |         -56743   |       -56499.7   |       -243.216   |   75:56:48   |   337:13:40   |
147100      |       -56730.1   |       -56474.3   |       -255.793   |   75:58:21   |   337:12:07   |
147150      |       -56736.7   |       -56469.5   |       -267.163   |   75:59:56   |   337:10:44   |
147200      |         -56734   |       -56466.6   |       -267.494   |   76:01:29   |   337:09:11   |
147250      |       -56697.2   |         -56466   |       -231.244   |   76:03:01   |   337:07:33   |
147300      |       -56739.6   |       -56483.5   |       -256.116   |   76:04:33   |   337:05:56   |
147350      |       -56741.7   |       -56478.9   |       -262.721   |   76:06:08   |   337:04:32   |
147400      |       -56753.6   |       -56478.3   |       -275.275   |   76:07:41   |   337:02:59   |
147450      |       -56736.7   |       -56475.9   |       -260.772   |   76:09:12   |   337:01:18   |
147500      |       -56766.1   |       -56474.1   |       -291.924   |   76:10:45   |   336:59:45   |
147550      |       -56743.1   |         -56490   |       -253.151   |   76:12:17   |   336:58:08   |
147600      |       -56712.6   |         -56476   |       -236.636   |   76:13:47   |   336:56:22   |
147650      |       -56729.7   |       -56475.9   |       -253.765   |   76:15:17   |   336:54:36   |
147700      |       -56673.7   |       -56451.5   |       -222.236   |   76:16:46   |   336:52:45   |
147750      |       -56733.8   |       -56470.5   |       -263.335   |   76:18:16   |   336:50:59   |
147800      |       -56693.5   |       -56455.8   |       -237.626   |   76:19:44   |   336:49:04   |
147850      |       -56710.3   |         -56457   |       -253.332   |   76:21:12   |   336:47:09   |
147900      |       -56704.7   |       -56467.3   |       -237.407   |   76:22:44   |   336:45:32   |
147950      |       -56721.6   |         -56473   |       -248.692   |   76:24:22   |   336:44:22   |


Iter        |      Posterior   |     Likelihood   |          Prior   |    elapsed   |        ETA   |
----------------------------------------------------------------------------------------------------
148000      |       -56756.4   |       -56468.2   |       -288.257   |   76:25:53   |   336:42:40   |
148050      |       -56697.3   |       -56465.2   |         -232.1   |   76:27:24   |   336:40:58   |
148100      |       -56732.2   |       -56471.3   |       -260.946   |   76:28:55   |   336:39:17   |
148150      |       -56689.7   |         -56460   |       -229.766   |   76:30:24   |   336:37:27   |
148200      |       -56730.7   |       -56469.5   |       -261.213   |   76:31:59   |   336:36:03   |
148250      |       -56699.2   |       -56469.5   |       -229.696   |   76:33:36   |   336:34:47   |
148300      |       -56714.7   |       -56476.7   |       -238.001   |   76:35:06   |   336:33:01   |
148350      |       -56731.8   |       -56471.9   |       -259.927   |   76:36:40   |   336:31:33   |
148400      |       -56721.5   |       -56472.1   |       -249.407   |   76:38:14   |   336:30:05   |
148450      |       -56705.8   |       -56472.5   |       -233.274   |   76:39:47   |   336:28:32   |
148500      |       -56702.1   |         -56458   |       -244.103   |   76:41:19   |   336:26:55   |
148550      |       -56759.7   |       -56473.7   |       -285.999   |   76:42:49   |   336:25:09   |
148600      |       -56722.4   |       -56459.7   |       -262.703   |   76:44:23   |   336:23:40   |
148650      |       -56759.6   |       -56479.8   |       -279.747   |   76:45:55   |   336:22:03   |
148700      |       -56696.4   |       -56464.2   |       -232.181   |   76:47:29   |   336:20:35   |
148750      |       -56707.8   |       -56475.8   |       -232.002   |   76:49:03   |   336:19:07   |
148800      |       -56758.2   |       -56468.7   |        -289.44   |   76:50:36   |   336:17:34   |
148850      |       -56750.2   |       -56458.8   |       -291.348   |   76:52:07   |   336:15:52   |
148900      |       -56761.7   |         -56473   |       -288.662   |   76:53:36   |   336:14:02   |
148950      |       -56716.2   |         -56465   |       -251.145   |   76:55:09   |   336:12:29   |


Iter        |      Posterior   |     Likelihood   |          Prior   |    elapsed   |        ETA   |
----------------------------------------------------------------------------------------------------
149000      |       -56729.5   |       -56484.4   |       -245.141   |   76:56:37   |   336:10:35   |
149050      |       -56706.7   |       -56463.2   |       -243.465   |   76:58:08   |   336:08:53   |
149100      |       -56729.5   |       -56478.5   |       -251.005   |   76:59:42   |   336:07:25   |
149150      |       -56725.4   |       -56466.2   |       -259.224   |   77:01:16   |   336:05:56   |
149200      |       -56690.4   |       -56457.2   |        -233.22   |   77:02:46   |   336:04:11   |
149250      |       -56683.4   |       -56475.9   |       -207.471   |   77:04:20   |   336:02:42   |
149300      |       -56736.3   |       -56471.7   |        -264.63   |   77:05:53   |   336:01:10   |
149350      |       -56732.3   |       -56496.4   |       -235.907   |   77:07:26   |   335:59:37   |
149400      |       -56683.3   |       -56456.6   |       -226.696   |   77:08:56   |   335:57:51   |
149450      |       -56732.4   |       -56479.5   |       -252.895   |   77:10:26   |   335:56:05   |
149500      |       -56730.1   |       -56455.5   |       -274.541   |   77:11:59   |   335:54:32   |
149550      |       -56734.7   |       -56469.7   |       -265.001   |   77:13:33   |   335:53:04   |
149600      |         -56687   |       -56466.2   |       -220.775   |   77:15:15   |   335:52:10   |
149650      |       -56739.6   |       -56470.8   |       -268.819   |   77:16:54   |   335:51:04   |
149700      |       -56710.7   |       -56476.5   |       -234.129   |   77:18:27   |   335:49:31   |
149750      |       -56732.8   |         -56483   |       -249.739   |   77:20:03   |   335:48:11   |
149800      |       -56702.9   |       -56454.3   |       -248.626   |   77:21:33   |   335:46:26   |
149850      |       -56671.9   |         -56471   |       -200.845   |   77:23:08   |   335:45:01   |
149900      |       -56699.7   |       -56484.2   |       -215.575   |   77:24:46   |   335:43:50   |
149950      |       -56738.3   |       -56471.6   |       -266.679   |   77:26:26   |   335:42:48   |


Iter        |      Posterior   |     Likelihood   |          Prior   |    elapsed   |        ETA   |
----------------------------------------------------------------------------------------------------
150000      |       -56727.2   |       -56477.7   |       -249.457   |   77:28:07   |   335:41:50   |
150050      |         -56726   |       -56469.1   |       -256.855   |   77:29:42   |   335:40:26   |
150100      |       -56718.9   |       -56480.5   |       -238.466   |   77:31:13   |   335:38:44   |
150150      |       -56716.6   |       -56477.5   |       -239.077   |   77:32:50   |   335:37:29   |
150200      |       -56722.5   |         -56473   |       -249.521   |   77:34:26   |   335:36:09   |
150250      |       -56723.3   |         -56475   |       -248.295   |   77:36:02   |   335:34:49   |
150300      |       -56754.8   |         -56507   |       -247.817   |   77:37:39   |   335:33:34   |
150350      |         -56735   |       -56497.7   |         -237.3   |   77:39:13   |   335:32:05   |
150400      |       -56674.3   |       -56485.7   |       -188.624   |   77:40:49   |   335:30:45   |
150450      |         -56725   |       -56482.7   |       -242.253   |   77:42:25   |   335:29:25   |
150500      |       -56732.7   |         -56483   |       -249.745   |   77:44:02   |   335:28:10   |
150550      |       -56696.9   |       -56481.7   |       -215.196   |   77:45:38   |   335:26:50   |
150600      |       -56735.4   |       -56469.4   |       -266.072   |   77:47:13   |   335:25:26   |
150650      |       -56720.8   |       -56485.1   |       -235.628   |   77:48:45   |   335:23:48   |
150700      |       -56757.4   |       -56487.9   |       -269.534   |   77:50:16   |   335:22:07   |
150750      |       -56712.7   |       -56480.1   |       -232.619   |   77:51:48   |   335:20:30   |
150800      |       -56722.4   |       -56486.5   |       -235.832   |   77:53:18   |   335:18:44   |
150850      |       -56728.8   |       -56489.2   |       -239.664   |   77:54:51   |   335:17:11   |
150900      |       -56737.6   |       -56479.3   |       -258.347   |   77:56:23   |   335:15:34   |
150950      |       -56748.2   |       -56485.6   |       -262.613   |   77:57:59   |   335:14:14   |


Iter        |      Posterior   |     Likelihood   |          Prior   |    elapsed   |        ETA   |
----------------------------------------------------------------------------------------------------
151000      |       -56713.7   |       -56483.6   |       -230.135   |   77:59:32   |   335:12:41   |
151050      |       -56746.1   |       -56484.5   |       -261.609   |   78:01:04   |   335:11:04   |
151100      |       -56735.1   |       -56484.1   |       -251.005   |   78:02:37   |   335:09:31   |
151150      |       -56714.8   |       -56475.4   |       -239.374   |   78:04:09   |   335:07:54   |
151200      |         -56739   |       -56482.4   |       -256.644   |   78:05:42   |   335:06:21   |
151250      |       -56719.1   |       -56477.5   |       -241.594   |   78:07:14   |   335:04:44   |
151300      |       -56749.2   |       -56469.9   |       -279.213   |   78:08:46   |   335:03:07   |
151350      |       -56738.2   |       -56480.3   |       -257.877   |   78:10:21   |   335:01:43   |
151400      |       -56707.9   |       -56471.7   |       -236.177   |   78:11:58   |   335:00:27   |
151450      |       -56759.5   |       -56480.7   |       -278.834   |   78:13:35   |   334:59:11   |
151500      |       -56716.6   |       -56462.7   |       -253.867   |   78:15:11   |   334:57:51   |
151550      |       -56698.2   |       -56463.5   |       -234.656   |   78:16:43   |   334:56:14   |
151600      |       -56717.8   |       -56470.7   |       -247.055   |   78:18:22   |   334:55:07   |
151650      |         -56756   |       -56474.6   |       -281.336   |   78:19:55   |   334:53:34   |
151700      |       -56710.2   |       -56460.7   |       -249.504   |   78:21:30   |   334:52:10   |
151750      |       -56708.2   |       -56458.8   |       -249.457   |   78:23:06   |   334:50:50   |
151800      |       -56722.3   |       -56453.7   |       -268.657   |   78:24:37   |   334:49:08   |
151850      |       -56727.1   |       -56468.4   |       -258.647   |   78:26:09   |   334:47:31   |
151900      |       -56712.9   |       -56476.9   |       -235.964   |   78:27:41   |   334:45:54   |
151950      |       -56762.1   |       -56477.1   |        -285.02   |   78:29:13   |   334:44:17   |


Iter        |      Posterior   |     Likelihood   |          Prior   |    elapsed   |        ETA   |
----------------------------------------------------------------------------------------------------
152000      |       -56706.7   |       -56455.8   |       -250.841   |   78:30:45   |   334:42:40   |
152050      |       -56707.4   |       -56470.2   |       -237.205   |   78:32:16   |   334:40:58   |
152100      |       -56717.6   |       -56465.9   |       -251.707   |   78:33:53   |   334:39:43   |
152150      |       -56704.5   |         -56464   |       -240.538   |   78:35:29   |   334:38:22   |
152200      |       -56734.3   |         -56473   |       -261.349   |   78:37:02   |   334:36:50   |
152250      |       -56723.5   |         -56482   |       -241.451   |   78:38:38   |   334:35:29   |
152300      |       -56725.7   |       -56497.3   |        -228.32   |   78:40:14   |   334:34:09   |
152350      |       -56719.7   |       -56487.8   |       -231.917   |   78:41:48   |   334:32:41   |
152400      |       -56732.9   |       -56482.7   |       -250.217   |   78:43:24   |   334:31:21   |
152450      |       -56696.6   |       -56480.4   |       -216.188   |   78:44:59   |   334:29:56   |
152500      |       -56747.5   |       -56490.5   |       -256.975   |   78:46:35   |   334:28:36   |
152550      |       -56728.5   |       -56497.2   |       -231.384   |   78:48:08   |   334:27:03   |
152600      |       -56723.9   |         -56476   |       -247.892   |   78:49:41   |   334:25:30   |
152650      |       -56678.4   |         -56467   |       -211.423   |   78:51:13   |   334:23:53   |
152700      |       -56762.1   |         -56489   |       -273.123   |   78:52:41   |   334:21:59   |
152750      |         -56707   |       -56486.8   |       -220.226   |   78:54:10   |   334:20:09   |
152800      |       -56761.5   |       -56484.7   |       -276.739   |   78:55:42   |   334:18:32   |
152850      |       -56710.7   |       -56474.2   |       -236.516   |   78:57:14   |   334:16:55   |
152900      |       -56708.5   |       -56480.2   |       -228.335   |   78:58:45   |   334:15:13   |
152950      |       -56700.7   |       -56478.8   |       -221.971   |   79:00:18   |   334:13:41   |


Iter        |      Posterior   |     Likelihood   |          Prior   |    elapsed   |        ETA   |
----------------------------------------------------------------------------------------------------
153000      |       -56717.9   |       -56472.8   |        -245.13   |   79:01:56   |   334:12:29   |
153050      |       -56696.7   |       -56471.6   |       -225.057   |   79:03:32   |   334:11:09   |
153100      |       -56688.7   |         -56471   |       -217.749   |   79:05:09   |   334:09:53   |
153150      |       -56728.7   |       -56479.4   |       -249.263   |   79:06:48   |   334:08:45   |
153200      |       -56781.7   |       -56497.9   |       -283.761   |   79:08:27   |   334:07:38   |
153250      |       -56677.8   |       -56464.2   |       -213.544   |   79:10:06   |   334:06:30   |
153300      |       -56665.4   |       -56456.1   |       -209.334   |   79:11:39   |   334:04:57   |
153350      |       -56761.9   |       -56461.8   |       -300.054   |   79:13:14   |   334:03:32   |
153400      |       -56766.3   |       -56475.3   |       -290.995   |   79:14:44   |   334:01:47   |
153450      |       -56733.9   |       -56462.3   |       -271.574   |   79:16:15   |   334:00:06   |
153500      |       -56713.4   |       -56459.3   |       -254.098   |   79:17:49   |   333:58:37   |
153550      |       -56713.3   |       -56460.3   |       -252.975   |   79:19:23   |   333:57:08   |
153600      |       -56727.6   |       -56463.4   |       -264.231   |   79:20:55   |   333:55:31   |
153650      |       -56709.5   |         -56449   |       -260.526   |   79:22:27   |   333:53:54   |
153700      |       -56732.7   |       -56471.1   |       -261.615   |   79:23:55   |   333:52:00   |
153750      |       -56709.2   |       -56479.8   |       -229.484   |   79:25:24   |   333:50:10   |
153800      |       -56688.2   |       -56483.1   |       -205.092   |   79:26:54   |   333:48:25   |
153850      |       -56681.6   |         -56467   |       -214.592   |   79:28:22   |   333:46:31   |
153900      |       -56724.8   |       -56469.7   |       -255.077   |   79:29:50   |   333:44:37   |
153950      |       -56741.1   |       -56469.5   |       -271.619   |   79:31:19   |   333:42:47   |


Iter        |      Posterior   |     Likelihood   |          Prior   |    elapsed   |        ETA   |
----------------------------------------------------------------------------------------------------
154000      |       -56704.5   |       -56473.2   |       -231.268   |   79:32:48   |   333:40:57   |
154050      |       -56713.8   |         -56468   |       -245.765   |   79:34:20   |   333:39:20   |
154100      |       -56724.7   |       -56469.1   |       -255.657   |   79:35:50   |   333:37:35   |
154150      |       -56749.4   |       -56468.7   |       -280.715   |   79:37:17   |   333:35:37   |
154200      |       -56755.9   |       -56460.6   |       -295.249   |   79:38:50   |   333:34:04   |
154250      |       -56678.8   |       -56483.2   |       -195.561   |   79:40:20   |   333:32:19   |
154300      |       -56716.1   |       -56478.7   |       -237.342   |   79:41:49   |   333:30:29   |
154350      |       -56740.3   |       -56467.5   |       -272.786   |   79:43:18   |   333:28:39   |
154400      |       -56722.6   |       -56477.5   |       -245.131   |   79:44:51   |   333:27:07   |
154450      |       -56662.3   |       -56464.1   |       -198.204   |   79:46:26   |   333:25:42   |
154500      |       -56731.2   |       -56471.2   |       -260.034   |   79:47:58   |   333:24:05   |
154550      |       -56753.3   |       -56478.4   |       -274.984   |   79:49:31   |   333:22:32   |
154600      |       -56726.5   |       -56482.8   |       -243.712   |   79:51:02   |   333:20:51   |
154650      |       -56734.3   |       -56471.1   |        -263.16   |   79:52:33   |   333:19:10   |
154700      |       -56707.3   |       -56467.9   |       -239.354   |   79:54:07   |   333:17:41   |
154750      |       -56697.4   |       -56483.8   |       -213.555   |   79:55:34   |   333:15:43   |
154800      |         -56710   |       -56481.2   |       -228.799   |   79:56:59   |   333:13:37   |
154850      |       -56672.7   |       -56470.3   |       -202.379   |   79:58:29   |   333:11:52   |
154900      |         -56716   |       -56471.5   |       -244.453   |   80:00:01   |   333:10:15   |
154950      |       -56754.5   |       -56482.1   |       -272.382   |   80:01:31   |   333:08:30   |


Iter        |      Posterior   |     Likelihood   |          Prior   |    elapsed   |        ETA   |
----------------------------------------------------------------------------------------------------
155000      |       -56724.4   |       -56460.1   |       -264.341   |   80:03:05   |   333:07:01   |
155050      |       -56708.5   |         -56478   |       -230.441   |   80:04:39   |   333:05:32   |
155100      |       -56704.7   |       -56456.2   |       -248.478   |   80:06:09   |   333:03:47   |
155150      |       -56742.2   |       -56475.9   |       -266.299   |   80:07:40   |   333:02:06   |
155200      |       -56682.7   |       -56480.9   |       -201.771   |   80:09:15   |   333:00:41   |
155250      |       -56693.6   |       -56478.2   |       -215.472   |   80:10:49   |   332:59:13   |
155300      |       -56765.2   |       -56483.5   |        -281.68   |   80:12:22   |   332:57:40   |
155350      |       -56727.8   |       -56487.4   |       -240.391   |   80:13:57   |   332:56:15   |
155400      |       -56694.1   |       -56482.2   |       -211.876   |   80:15:30   |   332:54:43   |
155450      |       -56725.8   |       -56495.8   |       -229.986   |   80:17:04   |   332:53:14   |
155500      |       -56710.9   |       -56477.2   |       -233.618   |   80:18:39   |   332:51:49   |
155550      |       -56730.1   |       -56477.4   |        -252.71   |   80:20:14   |   332:50:25   |
155600      |       -56724.4   |       -56484.8   |       -239.624   |   80:21:49   |   332:49:00   |
155650      |       -56739.4   |       -56475.7   |       -263.654   |   80:23:23   |   332:47:32   |
155700      |       -56761.9   |       -56474.9   |       -286.962   |   80:24:58   |   332:46:07   |
155750      |       -56710.8   |       -56479.8   |       -230.927   |   80:26:34   |   332:44:47   |
155800      |       -56686.3   |         -56472   |       -214.217   |   80:28:07   |   332:43:14   |
155850      |       -56699.7   |       -56474.9   |       -224.847   |   80:29:39   |   332:41:37   |
155900      |       -56722.2   |       -56465.8   |       -256.437   |   80:31:15   |   332:40:16   |
155950      |       -56720.3   |       -56461.5   |       -258.855   |   80:32:47   |   332:38:40   |


Iter        |      Posterior   |     Likelihood   |          Prior   |    elapsed   |        ETA   |
----------------------------------------------------------------------------------------------------
156000      |       -56742.9   |         -56473   |       -269.928   |   80:34:33   |   332:38:00   |
156050      |       -56703.2   |       -56469.6   |       -233.642   |   80:36:17   |   332:37:13   |
156100      |       -56736.2   |       -56477.8   |        -258.33   |   80:37:51   |   332:35:44   |
156150      |       -56702.8   |       -56476.4   |       -226.439   |   80:39:26   |   332:34:20   |
156200      |       -56697.2   |       -56471.2   |       -225.956   |   80:40:59   |   332:32:47   |
156250      |       -56725.3   |       -56475.4   |       -249.924   |   80:42:32   |   332:31:14   |
156300      |       -56755.5   |       -56481.8   |       -273.733   |   80:44:06   |   332:29:45   |
156350      |       -56719.6   |       -56464.9   |       -254.741   |   80:45:39   |   332:28:12   |
156400      |       -56706.3   |       -56467.3   |       -238.964   |   80:47:12   |   332:26:39   |
156450      |       -56728.8   |       -56481.1   |       -247.633   |   80:48:47   |   332:25:15   |
156500      |       -56756.1   |       -56470.6   |       -285.542   |   80:50:24   |   332:23:58   |
156550      |         -56698   |       -56464.5   |       -233.513   |   80:52:06   |   332:23:02   |
156600      |       -56737.1   |       -56470.9   |       -266.168   |   80:53:40   |   332:21:33   |
156650      |       -56718.6   |         -56466   |       -252.577   |   80:55:17   |   332:20:17   |
156700      |       -56704.1   |       -56479.4   |       -224.675   |   80:56:53   |   332:18:56   |
156750      |       -56712.1   |       -56466.9   |       -245.258   |   80:58:27   |   332:17:28   |
156800      |       -56667.7   |       -56471.3   |       -196.399   |   81:00:02   |   332:16:03   |
156850      |       -56700.7   |       -56463.4   |       -237.346   |   81:01:37   |   332:14:38   |
156900      |       -56688.4   |       -56462.8   |       -225.621   |   81:03:13   |   332:13:17   |
156950      |         -56723   |       -56485.7   |       -237.326   |   81:04:49   |   332:11:57   |


Iter        |      Posterior   |     Likelihood   |          Prior   |    elapsed   |        ETA   |
----------------------------------------------------------------------------------------------------
157000      |         -56690   |       -56477.8   |       -212.204   |   81:06:24   |   332:10:32   |
157050      |       -56674.3   |       -56464.6   |       -209.703   |   81:07:59   |   332:09:07   |
157100      |       -56794.2   |       -56473.5   |       -320.747   |   81:09:31   |   332:07:30   |
157150      |       -56714.4   |       -56475.7   |       -238.702   |   81:11:01   |   332:05:45   |
157200      |       -56696.3   |       -56472.8   |       -223.519   |   81:12:32   |   332:04:04   |
157250      |       -56746.4   |       -56485.2   |       -261.187   |   81:14:06   |   332:02:35   |
157300      |       -56674.8   |       -56463.6   |       -211.176   |   81:15:36   |   332:00:50   |
157350      |       -56731.2   |       -56473.2   |       -258.016   |   81:17:09   |   331:59:17   |
157400      |       -56744.5   |       -56471.2   |       -273.244   |   81:18:40   |   331:57:36   |
157450      |       -56699.4   |         -56465   |       -234.414   |   81:20:11   |   331:55:55   |
157500      |       -56710.9   |       -56462.9   |       -248.008   |   81:21:46   |   331:54:30   |
157550      |         -56719   |         -56461   |       -258.028   |   81:23:20   |   331:53:01   |
157600      |       -56715.7   |       -56472.3   |       -243.447   |   81:24:56   |   331:51:40   |
157650      |       -56722.7   |       -56464.6   |       -258.046   |   81:26:29   |   331:50:08   |
157700      |       -56733.6   |       -56473.1   |       -260.551   |   81:28:03   |   331:48:39   |
157750      |       -56720.4   |       -56473.6   |       -246.756   |   81:29:36   |   331:47:06   |
157800      |       -56750.5   |       -56475.8   |       -274.624   |   81:31:11   |   331:45:41   |
157850      |       -56764.4   |       -56483.4   |       -280.997   |   81:32:46   |   331:44:16   |
157900      |       -56737.5   |       -56472.5   |       -264.932   |   81:34:25   |   331:43:08   |
157950      |       -56697.3   |       -56472.9   |       -224.486   |   81:36:05   |   331:42:03   |


Iter        |      Posterior   |     Likelihood   |          Prior   |    elapsed   |        ETA   |
----------------------------------------------------------------------------------------------------
158000      |       -56738.5   |       -56481.9   |       -256.638   |   81:37:41   |   331:40:42   |
158050      |       -56705.3   |       -56478.2   |       -227.085   |   81:39:24   |   331:39:50   |
158100      |       -56703.4   |         -56474   |       -229.453   |   81:40:59   |   331:38:25   |
158150      |       -56716.9   |       -56474.8   |       -242.098   |   81:42:31   |   331:36:48   |
158200      |       -56709.7   |       -56477.5   |        -232.16   |   81:44:04   |   331:35:15   |
158250      |       -56671.4   |         -56483   |        -188.36   |   81:45:40   |   331:33:54   |
158300      |       -56695.9   |         -56480   |       -215.821   |   81:47:16   |   331:32:33   |
158350      |       -56700.2   |       -56480.1   |       -220.048   |   81:48:52   |   331:31:13   |
158400      |       -56724.8   |         -56466   |       -258.812   |   81:50:28   |   331:29:52   |
158450      |       -56707.7   |       -56477.1   |       -230.589   |   81:52:03   |   331:28:27   |
158500      |       -56745.7   |         -56483   |       -262.648   |   81:53:40   |   331:27:10   |
158550      |       -56712.3   |       -56469.3   |       -243.023   |   81:55:11   |   331:25:29   |
158600      |       -56729.4   |       -56463.6   |       -265.824   |   81:56:44   |   331:23:56   |
158650      |       -56689.4   |         -56459   |       -230.467   |   81:58:20   |   331:22:35   |
158700      |         -56685   |         -56469   |       -215.988   |   81:59:56   |   331:21:14   |
158750      |       -56704.3   |       -56481.7   |       -222.692   |   82:01:32   |   331:19:53   |
158800      |       -56710.4   |       -56466.6   |       -243.756   |   82:03:07   |   331:18:28   |
158850      |       -56781.2   |         -56481   |       -300.189   |   82:04:43   |   331:17:07   |
158900      |       -56715.3   |       -56463.4   |       -251.864   |   82:06:13   |   331:15:22   |
158950      |       -56726.3   |       -56486.5   |       -239.851   |   82:07:51   |   331:14:09   |


Iter        |      Posterior   |     Likelihood   |          Prior   |    elapsed   |        ETA   |
----------------------------------------------------------------------------------------------------
159000      |       -56711.7   |       -56478.9   |        -232.79   |   82:09:23   |   331:12:32   |
159050      |       -56695.4   |       -56479.8   |        -215.54   |   82:10:55   |   331:10:55   |
159100      |         -56674   |       -56476.2   |       -197.728   |   82:12:29   |   331:09:26   |
159150      |       -56726.5   |       -56491.2   |       -235.292   |   82:14:02   |   331:07:53   |
159200      |       -56721.5   |       -56511.6   |       -209.948   |   82:15:36   |   331:06:24   |
159250      |       -56674.7   |         -56483   |       -191.731   |   82:17:10   |   331:04:55   |
159300      |       -56684.2   |       -56478.4   |       -205.793   |   82:18:49   |   331:03:46   |
159350      |       -56750.2   |       -56483.7   |        -266.49   |   82:20:29   |   331:02:41   |
159400      |       -56712.3   |       -56473.5   |       -238.818   |   82:22:05   |   331:01:20   |
159450      |       -56727.7   |       -56458.8   |       -268.893   |   82:23:41   |   330:59:59   |
159500      |       -56680.3   |       -56487.8   |       -192.447   |   82:25:15   |   330:58:30   |
159550      |       -56707.1   |       -56477.1   |       -230.024   |   82:26:56   |   330:57:29   |
159600      |       -56683.3   |       -56480.9   |       -202.411   |   82:28:40   |   330:56:40   |
159650      |         -56720   |       -56464.1   |       -255.843   |   82:30:17   |   330:55:23   |
159700      |       -56719.6   |       -56472.8   |       -246.798   |   82:31:56   |   330:54:14   |
159750      |       -56717.1   |       -56490.9   |       -226.197   |   82:33:34   |   330:53:01   |
159800      |       -56691.1   |       -56470.8   |       -220.294   |   82:35:10   |   330:51:40   |
159850      |       -56672.3   |       -56484.8   |       -187.543   |   82:36:46   |   330:50:19   |
159900      |       -56758.3   |         -56483   |        -275.33   |   82:38:23   |   330:49:02   |
159950      |       -56683.2   |       -56477.4   |       -205.805   |   82:39:59   |   330:47:41   |


Iter        |      Posterior   |     Likelihood   |          Prior   |    elapsed   |        ETA   |
----------------------------------------------------------------------------------------------------
160000      |       -56750.6   |       -56476.1   |       -274.456   |   82:41:35   |   330:46:20   |
160050      |       -56743.9   |       -56487.1   |       -256.854   |   82:43:11   |   330:44:58   |
160100      |       -56748.7   |       -56473.3   |       -275.379   |   82:44:51   |   330:43:53   |
160150      |       -56683.7   |       -56465.8   |         -217.9   |   82:46:24   |   330:42:20   |
160200      |       -56701.9   |         -56472   |       -229.913   |   82:47:59   |   330:40:55   |
160250      |       -56683.2   |       -56463.9   |       -219.289   |   82:49:32   |   330:39:22   |
160300      |       -56695.4   |       -56476.2   |       -219.206   |   82:51:03   |   330:37:41   |
160350      |         -56702   |       -56482.2   |       -219.744   |   82:52:37   |   330:36:11   |
160400      |       -56690.2   |       -56482.2   |       -207.984   |   82:54:11   |   330:34:42   |
160450      |       -56690.2   |         -56487   |       -203.172   |   82:55:49   |   330:33:29   |
160500      |         -56731   |       -56489.2   |       -241.812   |   82:57:19   |   330:31:44   |
160550      |       -56721.5   |       -56487.9   |       -233.614   |   82:58:51   |   330:30:07   |
160600      |       -56733.4   |       -56485.1   |       -248.267   |   83:00:27   |   330:28:45   |
160650      |       -56680.3   |         -56478   |       -202.265   |   83:01:58   |   330:27:04   |
160700      |       -56722.8   |       -56489.3   |       -233.567   |   83:03:28   |   330:25:19   |
160750      |       -56701.4   |       -56474.1   |       -227.241   |   83:05:00   |   330:23:42   |
160800      |       -56713.7   |       -56481.6   |       -232.135   |   83:06:30   |   330:21:57   |
160850      |         -56759   |       -56476.8   |       -282.225   |   83:07:58   |   330:20:04   |
160900      |       -56740.2   |       -56483.1   |       -257.077   |   83:09:27   |   330:18:15   |
160950      |       -56732.8   |       -56498.3   |       -234.498   |   83:10:58   |   330:16:34   |


Iter        |      Posterior   |     Likelihood   |          Prior   |    elapsed   |        ETA   |
----------------------------------------------------------------------------------------------------
161000      |         -56697   |       -56468.8   |       -228.211   |   83:12:33   |   330:15:09   |
161050      |       -56727.9   |       -56475.1   |       -252.768   |   83:14:08   |   330:13:43   |
161100      |       -56677.1   |       -56487.8   |       -189.343   |   83:15:43   |   330:12:18   |
161150      |       -56676.5   |       -56483.1   |       -193.459   |   83:17:21   |   330:11:05   |
161200      |       -56718.7   |       -56480.8   |       -237.893   |   83:18:55   |   330:09:36   |
161250      |       -56741.6   |       -56489.5   |        -252.16   |   83:20:25   |   330:07:51   |
161300      |       -56752.2   |       -56492.9   |       -259.324   |   83:21:59   |   330:06:21   |
161350      |       -56735.7   |         -56486   |       -249.695   |   83:23:33   |   330:04:52   |
161400      |       -56722.3   |       -56468.7   |        -253.64   |   83:25:07   |   330:03:23   |
161450      |       -56739.7   |       -56480.6   |       -259.079   |   83:26:43   |   330:02:02   |
161500      |       -56738.6   |       -56475.8   |       -262.801   |   83:28:19   |   330:00:40   |
161550      |       -56732.3   |       -56477.4   |       -254.865   |   83:29:53   |   329:59:11   |
161600      |       -56718.7   |       -56464.4   |        -254.26   |   83:31:25   |   329:57:34   |
161650      |       -56727.6   |         -56473   |       -254.609   |   83:32:55   |   329:55:49   |
161700      |         -56708   |       -56472.7   |       -235.258   |   83:34:25   |   329:54:04   |
161750      |       -56742.6   |       -56488.3   |       -254.368   |   83:36:02   |   329:52:47   |
161800      |       -56724.5   |       -56484.5   |       -239.961   |   83:37:37   |   329:51:21   |
161850      |       -56701.3   |       -56470.4   |       -230.872   |   83:39:18   |   329:50:20   |
161900      |       -56708.3   |       -56493.3   |       -215.028   |   83:40:51   |   329:48:47   |
161950      |         -56720   |       -56472.7   |       -247.359   |   83:42:23   |   329:47:10   |


Iter        |      Posterior   |     Likelihood   |          Prior   |    elapsed   |        ETA   |
----------------------------------------------------------------------------------------------------
162000      |       -56712.4   |       -56467.5   |       -244.954   |   83:43:52   |   329:45:21   |
162050      |       -56721.2   |       -56479.7   |       -241.503   |   83:45:27   |   329:43:55   |
162100      |         -56759   |       -56474.2   |       -284.766   |   83:47:00   |   329:42:22   |
162150      |       -56705.5   |       -56494.7   |       -210.788   |   83:48:35   |   329:40:57   |
162200      |       -56721.2   |       -56466.4   |       -254.851   |   83:50:10   |   329:39:31   |
162250      |       -56699.9   |       -56474.4   |       -225.479   |   83:51:47   |   329:38:14   |
162300      |       -56731.6   |       -56500.3   |       -231.242   |   83:53:16   |   329:36:25   |
162350      |       -56715.2   |       -56480.8   |       -234.377   |   83:54:50   |   329:34:56   |
162400      |       -56707.4   |       -56489.8   |       -217.604   |   83:56:31   |   329:33:54   |
162450      |       -56712.4   |         -56477   |       -235.471   |   83:58:11   |   329:32:48   |
162500      |       -56730.1   |       -56482.3   |       -247.822   |   83:59:43   |   329:31:11   |
162550      |       -56740.3   |       -56501.4   |       -238.846   |   84:01:16   |   329:29:38   |
162600      |       -56735.4   |       -56498.2   |        -237.17   |   84:02:53   |   329:28:21   |
162650      |         -56718   |         -56489   |       -229.056   |   84:04:29   |   329:26:59   |
162700      |       -56659.2   |         -56477   |       -182.247   |   84:06:03   |   329:25:30   |
162750      |       -56680.1   |         -56481   |       -199.072   |   84:07:35   |   329:23:53   |
162800      |       -56678.7   |       -56473.3   |       -205.319   |   84:09:05   |   329:22:08   |
162850      |         -56740   |       -56485.5   |       -254.502   |   84:10:34   |   329:20:19   |
162900      |       -56728.1   |       -56485.2   |       -242.905   |   84:12:07   |   329:18:46   |
162950      |       -56747.4   |       -56478.4   |       -268.976   |   84:13:34   |   329:16:49   |


Iter        |      Posterior   |     Likelihood   |          Prior   |    elapsed   |        ETA   |
----------------------------------------------------------------------------------------------------
163000      |       -56711.4   |       -56478.1   |       -233.266   |   84:15:11   |   329:15:31   |
163050      |       -56715.2   |       -56489.8   |       -225.434   |   84:16:45   |   329:14:02   |
163100      |       -56723.2   |       -56484.3   |       -238.841   |   84:18:15   |   329:12:17   |
163150      |       -56683.7   |         -56478   |        -205.67   |   84:19:49   |   329:10:48   |
163200      |       -56748.5   |       -56490.6   |        -257.97   |   84:21:19   |   329:09:03   |
163250      |       -56692.6   |       -56494.2   |       -198.434   |   84:22:53   |   329:07:34   |
163300      |       -56704.3   |       -56475.5   |       -228.772   |   84:24:30   |   329:06:16   |
163350      |       -56740.5   |       -56479.2   |       -261.359   |   84:26:08   |   329:05:02   |
163400      |       -56722.9   |       -56472.8   |       -250.095   |   84:27:42   |   329:03:33   |
163450      |       -56746.1   |       -56478.9   |       -267.153   |   84:29:15   |   329:02:00   |
163500      |       -56728.1   |       -56475.4   |         -252.7   |   84:30:50   |   329:00:35   |
163550      |       -56705.7   |       -56494.3   |       -211.401   |   84:32:27   |   328:59:17   |
163600      |       -56721.8   |       -56490.1   |       -231.721   |   84:34:01   |   328:57:48   |
163650      |       -56697.4   |       -56492.5   |       -204.952   |   84:35:37   |   328:56:26   |
163700      |         -56724   |       -56494.8   |       -229.248   |   84:37:12   |   328:55:01   |
163750      |       -56712.5   |       -56490.1   |       -222.393   |   84:38:56   |   328:54:10   |
163800      |       -56716.6   |       -56494.4   |       -222.164   |   84:40:34   |   328:52:56   |
163850      |       -56747.6   |         -56490   |       -257.553   |   84:42:08   |   328:51:27   |
163900      |       -56729.2   |       -56486.6   |       -242.556   |   84:43:40   |   328:49:50   |
163950      |       -56736.9   |       -56487.2   |       -249.677   |   84:45:11   |   328:48:09   |


Iter        |      Posterior   |     Likelihood   |          Prior   |    elapsed   |        ETA   |
----------------------------------------------------------------------------------------------------
164000      |         -56717   |       -56487.2   |       -229.846   |   84:46:43   |   328:46:32   |
164050      |       -56738.7   |       -56485.4   |       -253.297   |   84:48:18   |   328:45:06   |
164100      |       -56709.9   |       -56472.2   |       -237.655   |   84:49:53   |   328:43:41   |
164150      |       -56679.3   |       -56468.6   |       -210.702   |   84:51:24   |   328:42:00   |
164200      |       -56691.5   |       -56482.4   |       -209.074   |   84:52:56   |   328:40:23   |
164250      |       -56754.9   |       -56470.5   |       -284.334   |   84:54:29   |   328:38:49   |
164300      |       -56719.8   |       -56477.4   |       -242.374   |   84:56:03   |   328:37:20   |
164350      |       -56726.1   |       -56474.5   |       -251.629   |   84:57:38   |   328:35:54   |
164400      |       -56759.2   |       -56491.3   |       -267.925   |   84:59:13   |   328:34:29   |
164450      |       -56711.4   |       -56470.3   |       -241.181   |   85:00:49   |   328:33:07   |
164500      |       -56736.8   |       -56481.7   |       -255.103   |   85:02:26   |   328:31:49   |
164550      |       -56723.4   |       -56474.8   |       -248.548   |   85:03:59   |   328:30:16   |
164600      |         -56739   |       -56486.2   |       -252.758   |   85:05:33   |   328:28:47   |
164650      |       -56728.6   |       -56467.6   |        -260.98   |   85:07:10   |   328:27:29   |
164700      |       -56736.2   |         -56471   |       -265.207   |   85:08:48   |   328:26:15   |
164750      |       -56767.5   |       -56475.9   |       -291.558   |   85:10:24   |   328:24:53   |
164800      |       -56687.3   |       -56472.3   |       -214.941   |   85:12:02   |   328:23:39   |
164850      |         -56758   |       -56485.6   |       -272.426   |   85:13:36   |   328:22:10   |
164900      |       -56735.7   |       -56483.8   |       -251.926   |   85:15:10   |   328:20:40   |
164950      |       -56702.9   |       -56484.6   |       -218.313   |   85:16:40   |   328:18:56   |


Iter        |      Posterior   |     Likelihood   |          Prior   |    elapsed   |        ETA   |
----------------------------------------------------------------------------------------------------
165000      |       -56712.7   |       -56483.5   |       -229.218   |   85:18:13   |   328:17:22   |
165050      |       -56712.9   |       -56482.4   |       -230.475   |   85:19:48   |   328:15:57   |
165100      |       -56681.9   |       -56491.6   |       -190.331   |   85:21:24   |   328:14:35   |
165150      |       -56702.5   |       -56476.7   |       -225.833   |   85:22:56   |   328:12:58   |
165200      |       -56720.1   |       -56477.8   |       -242.333   |   85:24:27   |   328:11:17   |
165250      |       -56680.4   |       -56482.7   |        -197.68   |   85:25:57   |   328:09:32   |
165300      |       -56747.6   |       -56495.5   |       -252.097   |   85:27:28   |   328:07:51   |
165350      |       -56717.8   |       -56475.8   |       -241.988   |   85:29:02   |   328:06:22   |
165400      |         -56670   |       -56474.6   |       -195.344   |   85:30:33   |   328:04:41   |
165450      |       -56740.4   |       -56487.5   |       -252.982   |   85:32:09   |   328:03:19   |
165500      |         -56703   |       -56479.8   |       -223.189   |   85:33:46   |   328:02:01   |
165550      |       -56686.8   |       -56474.4   |       -212.402   |   85:35:22   |   328:00:39   |
165600      |       -56685.9   |       -56461.8   |       -224.105   |   85:36:55   |   327:59:06   |
165650      |         -56710   |       -56479.4   |       -230.644   |   85:38:32   |   327:57:48   |
165700      |       -56684.7   |       -56468.7   |       -215.967   |   85:40:05   |   327:56:15   |
165750      |       -56685.1   |       -56466.7   |       -218.434   |   85:41:42   |   327:54:57   |
165800      |       -56682.9   |       -56475.7   |       -207.185   |   85:43:15   |   327:53:23   |
165850      |       -56721.5   |       -56477.8   |       -243.691   |   85:44:50   |   327:51:58   |
165900      |       -56681.2   |       -56476.2   |       -204.987   |   85:46:26   |   327:50:36   |
165950      |       -56730.7   |       -56479.1   |       -251.661   |   85:47:57   |   327:48:55   |


Iter        |      Posterior   |     Likelihood   |          Prior   |    elapsed   |        ETA   |
----------------------------------------------------------------------------------------------------
166000      |       -56731.1   |         -56487   |       -244.132   |   85:49:27   |   327:47:10   |
166050      |         -56723   |       -56473.8   |        -249.26   |   85:50:59   |   327:45:33   |
166100      |       -56729.4   |       -56481.9   |       -247.539   |   85:52:35   |   327:44:11   |
166150      |       -56698.4   |         -56480   |       -218.349   |   85:54:11   |   327:42:49   |
166200      |         -56695   |         -56476   |       -218.989   |   85:55:46   |   327:41:24   |
166250      |       -56734.5   |       -56472.6   |       -261.978   |   85:57:23   |   327:40:06   |
166300      |         -56749   |       -56479.7   |       -269.294   |   85:59:01   |   327:38:51   |
166350      |       -56690.1   |       -56458.7   |       -231.406   |   86:00:36   |   327:37:26   |
166400      |         -56678   |       -56478.8   |       -199.134   |   86:02:11   |   327:36:00   |
166450      |       -56690.2   |       -56470.1   |       -220.036   |   86:03:47   |   327:34:38   |
166500      |       -56709.5   |       -56485.4   |        -224.14   |   86:05:22   |   327:33:12   |
166550      |       -56724.2   |       -56470.7   |       -253.492   |   86:06:57   |   327:31:46   |
166600      |       -56744.3   |       -56476.1   |       -268.201   |   86:08:34   |   327:30:28   |
166650      |       -56769.6   |       -56480.3   |       -289.276   |   86:10:09   |   327:29:03   |
166700      |       -56706.4   |       -56478.1   |       -228.313   |   86:11:42   |   327:27:29   |
166750      |       -56700.7   |       -56472.8   |       -227.906   |   86:13:13   |   327:25:48   |
166800      |         -56711   |       -56485.8   |       -225.234   |   86:14:50   |   327:24:30   |
166850      |         -56675   |       -56471.8   |       -203.206   |   86:16:28   |   327:23:16   |
166900      |       -56733.1   |       -56473.2   |       -259.866   |   86:18:06   |   327:22:01   |
166950      |       -56705.8   |       -56467.2   |       -238.603   |   86:19:38   |   327:20:24   |


Iter        |      Posterior   |     Likelihood   |          Prior   |    elapsed   |        ETA   |
----------------------------------------------------------------------------------------------------
167000      |       -56744.2   |       -56484.4   |       -259.794   |   86:21:17   |   327:19:14   |
167050      |       -56705.3   |       -56467.4   |         -237.9   |   86:22:48   |   327:17:33   |
167100      |       -56684.4   |       -56462.7   |       -221.683   |   86:24:20   |   327:15:56   |
167150      |       -56701.5   |       -56465.8   |       -235.733   |   86:25:53   |   327:14:22   |
167200      |       -56692.7   |       -56457.7   |       -235.034   |   86:27:27   |   327:12:53   |
167250      |       -56696.9   |       -56461.6   |        -235.34   |   86:29:05   |   327:11:38   |
167300      |       -56720.6   |       -56463.9   |       -256.712   |   86:30:38   |   327:10:05   |
167350      |       -56710.8   |       -56470.6   |       -240.217   |   86:32:09   |   327:08:24   |
167400      |       -56742.9   |       -56481.7   |       -261.193   |   86:33:40   |   327:06:43   |
167450      |       -56729.4   |       -56476.3   |       -253.136   |   86:35:14   |   327:05:13   |
167500      |       -56748.7   |       -56476.9   |       -271.772   |   86:36:48   |   327:03:44   |
167550      |         -56695   |       -56477.6   |        -217.44   |   86:38:22   |   327:02:14   |
167600      |       -56731.9   |       -56463.3   |       -268.529   |   86:39:49   |   327:00:18   |
167650      |       -56701.7   |         -56476   |       -225.638   |   86:41:19   |   326:58:33   |
167700      |       -56682.5   |       -56477.2   |       -205.339   |   86:42:50   |   326:56:53   |
167750      |       -56692.3   |       -56479.1   |       -213.226   |   86:44:19   |   326:55:04   |
167800      |       -56678.9   |       -56470.9   |       -208.018   |   86:45:54   |   326:53:38   |
167850      |       -56704.7   |       -56464.7   |       -240.054   |   86:47:27   |   326:52:05   |
167900      |         -56772   |       -56474.4   |       -297.574   |   86:48:59   |   326:50:28   |
167950      |       -56717.9   |       -56481.5   |       -236.399   |   86:50:31   |   326:48:51   |


Iter        |      Posterior   |     Likelihood   |          Prior   |    elapsed   |        ETA   |
----------------------------------------------------------------------------------------------------
168000      |       -56655.2   |       -56475.4   |        -179.86   |   86:52:04   |   326:47:17   |
168050      |       -56702.1   |       -56458.3   |       -243.765   |   86:53:36   |   326:45:40   |
168100      |       -56706.8   |       -56458.2   |         -248.6   |   86:55:09   |   326:44:07   |
168150      |       -56712.8   |       -56473.3   |       -239.495   |   86:56:43   |   326:42:37   |
168200      |       -56728.8   |       -56452.6   |         -276.2   |   86:58:17   |   326:41:08   |
168250      |       -56734.3   |       -56469.1   |       -265.146   |   86:59:43   |   326:39:08   |
168300      |       -56737.5   |       -56465.7   |       -271.868   |   87:01:12   |   326:37:20   |
168350      |       -56683.7   |       -56467.6   |       -216.052   |   87:02:43   |   326:35:39   |
168400      |       -56671.9   |       -56460.7   |       -211.111   |   87:04:13   |   326:33:54   |
168450      |       -56716.4   |         -56482   |       -234.433   |   87:05:39   |   326:31:55   |
168500      |       -56702.1   |       -56466.6   |       -235.508   |   87:07:05   |   326:29:55   |
168550      |       -56715.5   |       -56496.1   |       -219.381   |   87:08:31   |   326:27:56   |
168600      |       -56721.1   |       -56473.8   |       -247.238   |   87:10:03   |   326:26:19   |
168650      |       -56688.4   |       -56465.4   |       -223.001   |   87:11:36   |   326:24:45   |
168700      |       -56697.1   |         -56475   |       -222.101   |   87:13:08   |   326:23:08   |
168750      |       -56744.4   |       -56488.7   |       -255.658   |   87:14:41   |   326:21:35   |
168800      |       -56713.1   |       -56479.7   |       -233.463   |   87:16:14   |   326:20:02   |
168850      |       -56697.8   |       -56477.5   |       -220.319   |   87:17:50   |   326:18:40   |
168900      |       -56703.6   |       -56470.9   |       -232.627   |   87:19:20   |   326:16:55   |
168950      |       -56742.3   |       -56462.2   |       -280.081   |   87:20:52   |   326:15:18   |


Iter        |      Posterior   |     Likelihood   |          Prior   |    elapsed   |        ETA   |
----------------------------------------------------------------------------------------------------
169000      |         -56723   |       -56479.5   |       -243.528   |   87:22:21   |   326:13:30   |
169050      |       -56698.4   |       -56483.2   |       -215.142   |   87:23:54   |   326:11:57   |
169100      |       -56693.9   |       -56481.4   |       -212.518   |   87:25:26   |   326:10:20   |
169150      |       -56682.3   |       -56470.2   |       -212.153   |   87:27:00   |   326:08:50   |
169200      |       -56675.3   |       -56460.8   |       -214.456   |   87:28:32   |   326:07:13   |
169250      |       -56691.6   |       -56476.5   |       -215.109   |   87:30:04   |   326:05:36   |
169300      |       -56716.2   |       -56471.2   |       -245.066   |   87:31:38   |   326:04:07   |
169350      |       -56689.3   |       -56492.7   |       -196.607   |   87:33:12   |   326:02:37   |
169400      |         -56663   |       -56459.9   |       -203.126   |   87:34:39   |   326:00:41   |
169450      |       -56730.3   |       -56468.3   |       -261.942   |   87:36:12   |   325:59:08   |
169500      |       -56729.4   |       -56465.7   |        -263.67   |   87:37:48   |   325:57:46   |
169550      |       -56696.1   |       -56452.2   |       -243.889   |   87:39:25   |   325:56:28   |
169600      |         -56701   |       -56459.9   |       -241.072   |   87:40:59   |   325:54:58   |
169650      |       -56695.4   |       -56463.9   |       -231.463   |   87:42:29   |   325:53:14   |
169700      |       -56713.6   |       -56467.7   |       -245.883   |   87:44:04   |   325:51:48   |
169750      |         -56730   |       -56456.6   |       -273.395   |   87:45:36   |   325:50:11   |
169800      |       -56690.1   |       -56466.5   |       -223.638   |   87:47:13   |   325:48:52   |
169850      |       -56758.9   |       -56475.7   |       -283.167   |   87:48:46   |   325:47:19   |
169900      |       -56713.4   |       -56465.2   |       -248.166   |   87:50:18   |   325:45:42   |
169950      |       -56700.6   |       -56461.6   |       -239.035   |   87:51:48   |   325:43:58   |


Iter        |      Posterior   |     Likelihood   |          Prior   |    elapsed   |        ETA   |
----------------------------------------------------------------------------------------------------
170000      |       -56735.2   |       -56469.2   |       -266.036   |   87:53:19   |   325:42:17   |
170050      |       -56694.4   |         -56465   |       -229.382   |   87:54:48   |   325:40:29   |
170100      |       -56714.7   |       -56463.1   |       -251.543   |   87:56:22   |   325:38:59   |
170150      |       -56747.3   |         -56472   |       -275.259   |   87:57:53   |   325:37:19   |
170200      |       -56717.6   |         -56466   |       -251.601   |   87:59:25   |   325:35:42   |
170250      |         -56699   |       -56469.7   |       -229.279   |   88:00:58   |   325:34:08   |
170300      |       -56756.8   |         -56496   |       -260.777   |   88:02:27   |   325:32:20   |
170350      |         -56728   |       -56481.4   |       -246.608   |   88:03:56   |   325:30:32   |
170400      |       -56755.5   |       -56482.7   |         -272.8   |   88:05:29   |   325:28:59   |
170450      |       -56663.1   |       -56471.7   |       -191.342   |   88:07:03   |   325:27:29   |
170500      |         -56699   |         -56474   |       -224.954   |   88:08:38   |   325:26:04   |
170550      |       -56728.8   |         -56481   |       -247.743   |   88:10:12   |   325:24:34   |
170600      |       -56710.4   |       -56471.9   |       -238.545   |   88:11:46   |   325:23:04   |
170650      |       -56751.9   |       -56472.7   |       -279.169   |   88:13:20   |   325:21:35   |
170700      |       -56722.3   |       -56481.1   |       -241.227   |   88:14:51   |   325:19:54   |
170750      |       -56730.6   |       -56468.7   |       -261.915   |   88:16:23   |   325:18:17   |
170800      |       -56724.5   |       -56482.8   |       -241.657   |   88:17:58   |   325:16:51   |
170850      |       -56670.1   |       -56478.1   |       -191.992   |   88:19:31   |   325:15:18   |
170900      |         -56694   |       -56475.5   |       -218.515   |   88:21:01   |   325:13:34   |
170950      |       -56637.6   |       -56447.3   |       -190.311   |   88:22:32   |   325:11:53   |


Iter        |      Posterior   |     Likelihood   |          Prior   |    elapsed   |        ETA   |
----------------------------------------------------------------------------------------------------
171000      |       -56690.2   |       -56461.7   |       -228.532   |   88:24:04   |   325:10:16   |
171050      |       -56709.6   |       -56471.8   |       -237.727   |   88:25:35   |   325:08:36   |
171100      |         -56715   |       -56481.8   |       -233.143   |   88:27:08   |   325:07:02   |
171150      |       -56756.8   |       -56469.4   |        -287.46   |   88:28:49   |   325:05:59   |
171200      |       -56690.6   |         -56475   |        -215.65   |   88:30:20   |   325:04:18   |
171250      |       -56693.5   |       -56468.8   |       -224.676   |   88:31:47   |   325:02:23   |
171300      |       -56687.7   |       -56479.2   |       -208.534   |   88:33:18   |   325:00:42   |
171350      |       -56744.9   |       -56486.3   |       -258.513   |   88:34:48   |   324:58:58   |
171400      |       -56715.8   |       -56483.3   |        -232.53   |   88:36:16   |   324:57:06   |
171450      |       -56724.2   |       -56485.4   |       -238.837   |   88:37:43   |   324:55:11   |
171500      |       -56757.4   |       -56484.4   |       -272.926   |   88:39:18   |   324:53:45   |
171550      |       -56674.3   |       -56487.3   |       -186.982   |   88:40:58   |   324:52:38   |
171600      |       -56701.9   |         -56468   |       -233.884   |   88:42:36   |   324:51:23   |
171650      |       -56741.6   |       -56506.1   |       -235.493   |   88:44:11   |   324:49:57   |
171700      |       -56682.9   |       -56492.6   |       -190.355   |   88:45:48   |   324:48:38   |
171750      |       -56726.8   |       -56479.5   |       -247.249   |   88:47:28   |   324:47:30   |
171800      |       -56721.7   |         -56492   |       -229.677   |   88:49:00   |   324:45:54   |
171850      |       -56731.5   |       -56487.3   |       -244.188   |   88:50:32   |   324:44:17   |
171900      |       -56723.4   |       -56503.4   |       -220.067   |   88:52:04   |   324:42:40   |
171950      |       -56701.4   |       -56485.9   |       -215.498   |   88:53:40   |   324:41:17   |


Iter        |      Posterior   |     Likelihood   |          Prior   |    elapsed   |        ETA   |
----------------------------------------------------------------------------------------------------
172000      |       -56716.2   |       -56472.2   |       -244.051   |   88:55:16   |   324:39:55   |
172050      |       -56729.6   |       -56473.4   |       -256.147   |   88:56:50   |   324:38:26   |
172100      |       -56734.3   |       -56485.2   |       -249.061   |   88:58:29   |   324:37:14   |
172150      |       -56748.4   |       -56494.1   |       -254.335   |   89:00:01   |   324:35:37   |
172200      |       -56687.7   |       -56485.6   |        -202.09   |   89:01:34   |   324:34:04   |
172250      |       -56720.7   |       -56494.5   |       -226.177   |   89:03:06   |   324:32:27   |
172300      |       -56707.7   |       -56488.2   |       -219.434   |   89:04:40   |   324:30:57   |
172350      |       -56757.4   |       -56486.2   |       -271.233   |   89:06:10   |   324:29:13   |
172400      |         -56711   |       -56496.2   |       -214.738   |   89:07:38   |   324:27:22   |
172450      |       -56727.1   |       -56480.3   |       -246.823   |   89:09:07   |   324:25:34   |
172500      |       -56744.1   |       -56480.7   |       -263.404   |   89:10:33   |   324:23:35   |
172550      |       -56730.5   |       -56476.2   |        -254.33   |   89:12:04   |   324:21:55   |
172600      |       -56743.3   |       -56465.2   |       -278.061   |   89:13:37   |   324:20:21   |
172650      |       -56734.2   |       -56470.4   |       -263.802   |   89:15:11   |   324:18:52   |
172700      |       -56755.8   |       -56483.8   |       -271.954   |   89:16:48   |   324:17:33   |
172750      |       -56735.6   |       -56480.4   |       -255.189   |   89:18:28   |   324:16:25   |
172800      |       -56765.1   |       -56492.3   |       -272.861   |   89:20:02   |   324:14:56   |
172850      |       -56713.8   |       -56474.7   |       -239.162   |   89:21:35   |   324:13:22   |
172900      |       -56690.2   |       -56456.2   |       -233.991   |   89:23:07   |   324:11:46   |
172950      |       -56730.8   |       -56470.8   |       -260.006   |   89:24:39   |   324:10:09   |


Iter        |      Posterior   |     Likelihood   |          Prior   |    elapsed   |        ETA   |
----------------------------------------------------------------------------------------------------
173000      |       -56760.4   |       -56460.3   |       -300.178   |   89:26:11   |   324:08:32   |
173050      |       -56758.8   |       -56474.2   |        -284.64   |   89:27:44   |   324:06:58   |
173100      |       -56746.7   |       -56484.9   |       -261.847   |   89:29:16   |   324:05:22   |
173150      |       -56716.9   |       -56468.1   |       -248.825   |   89:30:50   |   324:03:52   |
173200      |       -56742.6   |       -56485.9   |         -256.7   |   89:32:28   |   324:02:37   |
173250      |         -56748   |       -56465.4   |       -282.588   |   89:34:05   |   324:01:18   |
173300      |       -56676.4   |       -56463.8   |        -212.55   |   89:35:39   |   323:59:48   |
173350      |       -56700.9   |       -56479.8   |       -221.173   |   89:37:14   |   323:58:22   |
173400      |       -56696.7   |       -56479.9   |       -216.827   |   89:38:48   |   323:56:53   |
173450      |       -56709.8   |       -56472.1   |       -237.649   |   89:40:19   |   323:55:12   |
173500      |       -56749.1   |       -56477.8   |       -271.253   |   89:41:48   |   323:53:24   |
173550      |       -56723.7   |       -56500.7   |       -222.969   |   89:43:17   |   323:51:37   |
173600      |       -56729.2   |       -56504.5   |       -224.712   |   89:44:49   |   323:50:00   |
173650      |       -56740.2   |       -56479.8   |        -260.45   |   89:46:18   |   323:48:12   |
173700      |       -56727.5   |       -56488.4   |       -239.112   |   89:47:46   |   323:46:21   |
173750      |       -56701.7   |       -56491.6   |       -210.078   |   89:49:15   |   323:44:33   |
173800      |       -56723.4   |       -56481.1   |        -242.36   |   89:50:49   |   323:43:04   |
173850      |       -56693.3   |       -56501.9   |       -191.385   |   89:52:23   |   323:41:34   |
173900      |       -56742.8   |       -56510.1   |       -232.705   |   89:54:01   |   323:40:19   |
173950      |       -56710.4   |       -56488.7   |       -221.645   |   89:55:33   |   323:38:42   |


Iter        |      Posterior   |     Likelihood   |          Prior   |    elapsed   |        ETA   |
----------------------------------------------------------------------------------------------------
174000      |       -56737.1   |       -56494.5   |       -242.639   |   89:57:06   |   323:37:09   |
174050      |       -56712.3   |       -56491.4   |       -220.949   |   89:58:40   |   323:35:39   |
174100      |       -56725.5   |       -56483.2   |       -242.322   |   90:00:14   |   323:34:09   |
174150      |         -56714   |       -56488.3   |       -225.647   |   90:01:51   |   323:32:50   |
174200      |       -56705.3   |       -56501.8   |       -203.468   |   90:03:26   |   323:31:24   |
174250      |       -56722.2   |       -56496.7   |       -225.401   |   90:04:57   |   323:29:44   |
174300      |       -56734.8   |       -56483.8   |       -251.017   |   90:06:31   |   323:28:14   |
174350      |       -56717.9   |       -56485.3   |       -232.678   |   90:08:08   |   323:26:55   |
174400      |       -56743.1   |       -56477.1   |       -265.997   |   90:09:47   |   323:25:44   |
174450      |       -56751.7   |       -56500.3   |        -251.43   |   90:11:23   |   323:24:21   |
174500      |       -56750.5   |       -56488.4   |       -262.145   |   90:13:00   |   323:23:02   |
174550      |       -56748.4   |       -56481.9   |       -266.569   |   90:14:36   |   323:21:40   |
174600      |       -56725.9   |       -56482.8   |       -243.097   |   90:16:11   |   323:20:14   |
174650      |       -56701.5   |       -56494.2   |       -207.339   |   90:17:48   |   323:18:55   |
174700      |       -56776.7   |       -56494.2   |       -282.502   |   90:19:24   |   323:17:32   |
174750      |       -56718.9   |         -56484   |       -234.836   |   90:20:55   |   323:15:52   |
174800      |       -56763.3   |       -56497.1   |       -266.205   |   90:22:24   |   323:14:04   |
174850      |         -56725   |         -56487   |       -238.027   |   90:23:53   |   323:12:16   |
174900      |       -56725.1   |       -56484.1   |       -240.987   |   90:25:23   |   323:10:32   |
174950      |       -56711.5   |       -56489.8   |       -221.707   |   90:26:58   |   323:09:06   |


Iter        |      Posterior   |     Likelihood   |          Prior   |    elapsed   |        ETA   |
----------------------------------------------------------------------------------------------------
175000      |         -56729   |       -56473.5   |       -255.501   |   90:28:30   |   323:07:30   |
175050      |       -56733.5   |       -56479.4   |       -254.059   |   90:29:57   |   323:05:35   |
175100      |       -56762.9   |       -56484.2   |       -278.672   |   90:31:26   |   323:03:47   |
175150      |       -56728.9   |       -56481.1   |       -247.815   |   90:32:59   |   323:02:14   |
175200      |       -56699.9   |       -56473.3   |       -226.593   |   90:34:36   |   323:00:55   |
175250      |       -56719.5   |       -56473.2   |       -246.246   |   90:36:11   |   322:59:29   |
175300      |       -56749.5   |       -56468.4   |       -281.082   |   90:37:48   |   322:58:10   |
175350      |       -56716.1   |       -56478.2   |       -237.879   |   90:39:24   |   322:56:47   |
175400      |       -56727.4   |       -56475.2   |       -252.264   |   90:40:58   |   322:55:18   |
175450      |       -56702.8   |       -56481.8   |       -221.024   |   90:42:34   |   322:53:55   |
175500      |       -56705.7   |       -56483.1   |       -222.515   |   90:44:09   |   322:52:29   |
175550      |       -56727.7   |       -56486.1   |       -241.573   |   90:45:46   |   322:51:10   |
175600      |         -56741   |       -56503.2   |       -237.796   |   90:47:20   |   322:49:40   |
175650      |       -56721.6   |       -56487.9   |       -233.626   |   90:48:59   |   322:48:28   |
175700      |       -56765.6   |       -56502.7   |       -262.905   |   90:50:35   |   322:47:05   |
175750      |       -56713.2   |         -56478   |       -235.159   |   90:52:07   |   322:45:29   |
175800      |       -56742.4   |       -56487.2   |       -255.151   |   90:53:43   |   322:44:06   |
175850      |       -56742.4   |       -56489.4   |       -253.002   |   90:55:15   |   322:42:29   |
175900      |         -56746   |       -56485.2   |        -260.83   |   90:56:47   |   322:40:52   |
175950      |       -56733.1   |       -56474.3   |       -258.785   |   90:58:22   |   322:39:26   |


Iter        |      Posterior   |     Likelihood   |          Prior   |    elapsed   |        ETA   |
----------------------------------------------------------------------------------------------------
176000      |       -56687.1   |       -56475.3   |       -211.823   |   90:59:56   |   322:37:56   |
176050      |         -56726   |       -56488.2   |       -237.786   |   91:01:28   |   322:36:19   |
176100      |       -56721.3   |         -56480   |       -241.305   |   91:03:07   |   322:35:07   |
176150      |       -56777.4   |       -56482.7   |       -294.722   |   91:04:43   |   322:33:45   |
176200      |       -56790.5   |       -56500.1   |       -290.398   |   91:06:20   |   322:32:25   |
176250      |       -56735.2   |       -56490.4   |       -244.882   |   91:08:00   |   322:31:17   |
176300      |       -56746.3   |       -56487.3   |       -259.033   |   91:09:38   |   322:30:01   |
176350      |       -56790.5   |       -56486.6   |       -303.903   |   91:11:09   |   322:28:21   |
176400      |       -56722.1   |       -56492.5   |       -229.522   |   91:12:39   |   322:26:37   |
176450      |       -56781.9   |       -56486.6   |       -295.294   |   91:14:12   |   322:25:04   |
176500      |       -56750.3   |       -56481.4   |       -268.896   |   91:15:44   |   322:23:27   |
176550      |       -56719.1   |       -56492.7   |       -226.362   |   91:17:16   |   322:21:50   |
176600      |       -56768.6   |       -56494.9   |       -273.701   |   91:18:49   |   322:20:17   |
176650      |         -56717   |       -56480.2   |       -236.753   |   91:20:20   |   322:18:36   |
176700      |       -56743.8   |       -56477.8   |       -265.974   |   91:21:53   |   322:17:03   |
176750      |       -56735.8   |       -56476.6   |       -259.219   |   91:23:23   |   322:15:19   |
176800      |       -56701.5   |       -56468.1   |       -233.355   |   91:24:54   |   322:13:39   |
176850      |       -56719.2   |       -56473.7   |       -245.488   |   91:26:29   |   322:12:12   |
176900      |       -56721.1   |       -56480.4   |       -240.687   |   91:28:06   |   322:10:53   |
176950      |       -56737.1   |       -56483.5   |       -253.629   |   91:29:44   |   322:09:37   |


Iter        |      Posterior   |     Likelihood   |          Prior   |    elapsed   |        ETA   |
----------------------------------------------------------------------------------------------------
177000      |       -56747.7   |       -56478.5   |       -269.171   |   91:31:19   |   322:08:11   |
177050      |       -56696.4   |       -56482.8   |       -213.577   |   91:32:52   |   322:06:38   |
177100      |       -56739.1   |       -56490.4   |       -248.684   |   91:34:19   |   322:04:43   |
177150      |       -56755.2   |       -56493.9   |       -261.312   |   91:35:51   |   322:03:07   |
177200      |       -56691.6   |       -56488.7   |       -202.894   |   91:37:24   |   322:01:33   |
177250      |       -56729.2   |       -56480.1   |       -249.103   |   91:38:53   |   321:59:46   |
177300      |       -56712.1   |       -56482.7   |       -229.352   |   91:40:26   |   321:58:13   |
177350      |       -56692.1   |       -56482.6   |       -209.554   |   91:41:57   |   321:56:32   |
177400      |         -56742   |       -56473.7   |       -268.322   |   91:43:27   |   321:54:48   |
177450      |       -56735.4   |       -56490.2   |       -245.224   |   91:44:57   |   321:53:04   |
177500      |       -56702.8   |       -56486.2   |       -216.575   |   91:46:28   |   321:51:24   |
177550      |       -56733.3   |         -56483   |       -250.271   |   91:48:00   |   321:49:47   |
177600      |       -56726.1   |         -56465   |       -261.096   |   91:49:33   |   321:48:14   |
177650      |       -56722.7   |       -56475.2   |       -247.525   |   91:51:05   |   321:46:37   |
177700      |         -56716   |       -56465.5   |       -250.529   |   91:52:37   |   321:45:00   |
177750      |         -56726   |       -56479.6   |        -246.42   |   91:54:13   |   321:43:38   |
177800      |       -56744.2   |       -56483.6   |       -260.568   |   91:55:48   |   321:42:11   |
177850      |       -56713.8   |       -56480.5   |       -233.311   |   91:57:17   |   321:40:24   |
177900      |         -56705   |       -56473.5   |       -231.482   |   91:58:45   |   321:38:33   |
177950      |         -56768   |       -56478.6   |       -289.364   |   92:00:13   |   321:36:43   |


Iter        |      Posterior   |     Likelihood   |          Prior   |    elapsed   |        ETA   |
----------------------------------------------------------------------------------------------------
178000      |       -56748.4   |       -56483.5   |       -264.898   |   92:01:46   |   321:35:09   |
178050      |       -56695.9   |       -56468.4   |       -227.508   |   92:03:20   |   321:33:39   |
178100      |       -56741.4   |       -56467.2   |       -274.167   |   92:04:53   |   321:32:06   |
178150      |       -56713.4   |       -56488.8   |       -224.642   |   92:06:25   |   321:30:29   |
178200      |       -56727.1   |       -56473.7   |       -253.381   |   92:08:01   |   321:29:07   |
178250      |         -56735   |       -56504.2   |       -230.839   |   92:09:38   |   321:27:47   |
178300      |       -56718.6   |       -56478.9   |        -239.69   |   92:11:09   |   321:26:07   |
178350      |       -56724.1   |       -56471.9   |       -252.212   |   92:12:47   |   321:24:51   |
178400      |       -56735.3   |       -56490.5   |       -244.761   |   92:14:21   |   321:23:21   |
178450      |       -56715.9   |       -56483.7   |       -232.193   |   92:15:58   |   321:22:02   |
178500      |       -56707.5   |         -56483   |        -224.52   |   92:17:35   |   321:20:43   |
178550      |       -56725.6   |         -56511   |       -214.671   |   92:19:09   |   321:19:13   |
178600      |         -56735   |       -56501.8   |       -233.171   |   92:20:42   |   321:17:39   |
178650      |       -56710.1   |       -56501.9   |       -208.195   |   92:22:17   |   321:16:13   |
178700      |       -56703.1   |       -56485.4   |       -217.726   |   92:23:53   |   321:14:50   |
178750      |       -56734.1   |       -56493.9   |       -240.221   |   92:25:29   |   321:13:27   |
178800      |       -56688.7   |       -56487.7   |       -201.034   |   92:27:07   |   321:12:11   |
178850      |       -56723.3   |       -56498.2   |       -225.076   |   92:28:43   |   321:10:48   |
178900      |       -56730.3   |       -56486.1   |       -244.235   |   92:30:20   |   321:09:29   |
178950      |       -56735.1   |       -56466.9   |        -268.17   |   92:31:53   |   321:07:56   |


Iter        |      Posterior   |     Likelihood   |          Prior   |    elapsed   |        ETA   |
----------------------------------------------------------------------------------------------------
179000      |       -56730.5   |       -56490.1   |       -240.452   |   92:33:25   |   321:06:19   |
179050      |       -56702.2   |       -56468.6   |       -233.543   |   92:34:57   |   321:04:42   |
179100      |       -56701.9   |       -56478.2   |       -223.778   |   92:36:33   |   321:03:19   |
179150      |       -56751.5   |       -56480.1   |       -271.349   |   92:38:08   |   321:01:53   |
179200      |       -56748.9   |       -56493.2   |       -255.795   |   92:39:38   |   321:00:09   |
179250      |         -56736   |       -56490.9   |       -245.114   |   92:41:12   |   320:58:39   |
179300      |       -56716.5   |       -56480.4   |       -236.028   |   92:42:41   |   320:56:52   |
179350      |       -56703.6   |       -56484.5   |       -219.111   |   92:44:10   |   320:55:05   |
179400      |       -56715.2   |       -56469.6   |       -245.566   |   92:45:38   |   320:53:14   |
179450      |       -56760.5   |       -56479.7   |       -280.758   |   92:47:09   |   320:51:34   |
179500      |         -56722   |       -56469.1   |       -252.927   |   92:48:44   |   320:50:08   |
179550      |         -56756   |       -56465.1   |       -290.861   |   92:50:22   |   320:48:51   |
179600      |       -56745.2   |       -56475.3   |       -269.907   |   92:51:58   |   320:47:29   |
179650      |       -56738.5   |       -56462.5   |       -276.037   |   92:53:32   |   320:45:59   |
179700      |       -56682.3   |       -56463.9   |       -218.425   |   92:55:06   |   320:44:29   |
179750      |       -56717.6   |       -56470.3   |       -247.252   |   92:56:37   |   320:42:49   |
179800      |       -56698.5   |       -56464.3   |       -234.186   |   92:58:12   |   320:41:22   |
179850      |         -56712   |       -56472.9   |       -239.051   |   92:59:46   |   320:39:52   |
179900      |       -56672.6   |         -56459   |       -213.644   |   93:01:19   |   320:38:19   |
179950      |       -56700.2   |       -56453.7   |        -246.51   |   93:02:51   |   320:36:42   |


Iter        |      Posterior   |     Likelihood   |          Prior   |    elapsed   |        ETA   |
----------------------------------------------------------------------------------------------------
180000      |         -56714   |         -56464   |       -249.999   |   93:04:25   |   320:35:12   |
180050      |       -56692.1   |       -56465.6   |       -226.429   |   93:05:52   |   320:33:18   |
180100      |       -56691.5   |         -56454   |       -237.423   |   93:07:20   |   320:31:28   |
180150      |       -56717.8   |       -56471.8   |       -245.993   |   93:08:49   |   320:29:41   |
180200      |       -56683.6   |       -56464.1   |       -219.425   |   93:10:21   |   320:28:04   |
180250      |       -56727.2   |       -56474.8   |        -252.33   |   93:11:55   |   320:26:34   |
180300      |       -56730.4   |       -56457.5   |       -272.975   |   93:13:31   |   320:25:11   |
180350      |       -56675.3   |       -56459.3   |       -215.987   |   93:15:06   |   320:23:45   |
180400      |       -56695.6   |       -56469.6   |       -226.035   |   93:16:41   |   320:22:18   |
180450      |       -56700.8   |       -56469.3   |       -231.446   |   93:18:19   |   320:21:02   |
180500      |       -56710.6   |       -56458.2   |       -252.428   |   93:19:53   |   320:19:32   |
180550      |       -56713.3   |       -56470.6   |       -242.747   |   93:21:27   |   320:18:02   |
180600      |       -56740.3   |       -56483.2   |       -257.119   |   93:22:58   |   320:16:22   |
180650      |       -56704.6   |       -56467.2   |       -237.416   |   93:24:25   |   320:14:28   |
180700      |       -56729.6   |       -56469.8   |       -259.819   |   93:25:59   |   320:12:58   |
180750      |       -56684.5   |       -56462.7   |       -221.797   |   93:27:34   |   320:11:32   |
180800      |       -56702.5   |       -56467.5   |       -234.991   |   93:29:08   |   320:10:02   |
180850      |       -56717.4   |       -56487.1   |        -230.32   |   93:30:44   |   320:08:39   |
180900      |       -56692.1   |       -56475.3   |       -216.855   |   93:32:17   |   320:07:06   |
180950      |       -56733.3   |       -56489.4   |       -243.854   |   93:33:53   |   320:05:43   |


Iter        |      Posterior   |     Likelihood   |          Prior   |    elapsed   |        ETA   |
----------------------------------------------------------------------------------------------------
181000      |         -56691   |       -56479.1   |       -211.914   |   93:35:27   |   320:04:13   |
181050      |       -56711.4   |       -56482.8   |        -228.53   |   93:37:00   |   320:02:39   |
181100      |       -56650.9   |         -56472   |       -178.981   |   93:38:26   |   320:00:42   |
181150      |       -56729.2   |       -56462.6   |       -266.538   |   93:39:55   |   319:58:55   |
181200      |       -56745.1   |       -56460.2   |       -284.939   |   93:41:23   |   319:57:05   |
181250      |       -56726.3   |         -56471   |        -255.34   |   93:42:54   |   319:55:25   |
181300      |         -56670   |       -56469.1   |       -200.916   |   93:44:22   |   319:53:34   |
181350      |       -56693.5   |       -56458.1   |       -235.405   |   93:45:54   |   319:51:57   |
181400      |       -56679.4   |       -56462.9   |       -216.422   |   93:47:29   |   319:50:31   |
181450      |       -56726.1   |       -56468.9   |        -257.18   |   93:49:02   |   319:48:58   |
181500      |       -56750.3   |         -56475   |       -275.315   |   93:50:33   |   319:47:18   |
181550      |       -56740.5   |       -56468.2   |       -272.343   |   93:52:06   |   319:45:44   |
181600      |       -56730.9   |       -56477.9   |       -252.908   |   93:53:37   |   319:44:04   |
181650      |       -56731.1   |       -56478.4   |       -252.643   |   93:55:08   |   319:42:24   |
181700      |       -56688.3   |         -56473   |       -215.344   |   93:56:41   |   319:40:51   |
181750      |       -56682.2   |       -56469.8   |       -212.333   |   93:58:18   |   319:39:31   |
181800      |       -56704.8   |       -56474.3   |       -230.505   |   94:00:00   |   319:38:28   |
181850      |         -56712   |       -56477.2   |       -234.771   |   94:01:40   |   319:37:19   |
181900      |       -56730.4   |       -56482.7   |        -247.75   |   94:03:14   |   319:35:49   |
181950      |       -56735.6   |       -56483.4   |       -252.159   |   94:04:45   |   319:34:09   |


Iter        |      Posterior   |     Likelihood   |          Prior   |    elapsed   |        ETA   |
----------------------------------------------------------------------------------------------------
182000      |       -56773.4   |       -56513.9   |       -259.503   |   94:06:16   |   319:32:29   |
182050      |       -56745.5   |       -56481.9   |       -263.588   |   94:07:45   |   319:30:42   |
182100      |         -56736   |         -56471   |       -265.054   |   94:09:19   |   319:29:12   |
182150      |       -56752.1   |       -56486.5   |       -265.589   |   94:10:51   |   319:27:35   |
182200      |       -56728.4   |       -56490.5   |       -237.817   |   94:12:23   |   319:25:59   |
182250      |         -56739   |       -56476.8   |       -262.209   |   94:13:54   |   319:24:19   |
182300      |       -56677.4   |       -56461.9   |        -215.56   |   94:15:24   |   319:22:35   |
182350      |       -56750.1   |         -56458   |       -292.117   |   94:17:00   |   319:21:12   |
182400      |       -56747.5   |       -56459.8   |       -287.684   |   94:18:34   |   319:19:42   |
182450      |       -56684.4   |       -56461.9   |       -222.531   |   94:20:07   |   319:18:09   |
182500      |       -56744.6   |       -56477.7   |       -266.932   |   94:21:35   |   319:16:18   |
182550      |       -56722.6   |         -56472   |       -250.607   |   94:23:06   |   319:14:38   |
182600      |       -56685.4   |       -56467.1   |       -218.252   |   94:24:45   |   319:13:25   |
182650      |       -56708.5   |       -56465.9   |       -242.569   |   94:26:17   |   319:11:49   |
182700      |       -56771.2   |       -56492.1   |       -279.109   |   94:27:46   |   319:10:02   |
182750      |       -56726.5   |         -56481   |        -245.47   |   94:29:17   |   319:08:22   |
182800      |       -56717.6   |         -56494   |       -223.561   |   94:30:45   |   319:06:32   |
182850      |       -56690.2   |       -56476.2   |       -214.018   |   94:32:11   |   319:04:35   |
182900      |       -56730.9   |       -56481.1   |       -249.842   |   94:33:39   |   319:02:45   |
182950      |       -56706.1   |       -56465.5   |       -240.655   |   94:35:05   |   319:00:48   |


Iter        |      Posterior   |     Likelihood   |          Prior   |    elapsed   |        ETA   |
----------------------------------------------------------------------------------------------------
183000      |       -56643.3   |       -56462.2   |       -181.144   |   94:36:33   |   318:58:58   |
183050      |       -56726.7   |       -56475.2   |       -251.502   |   94:38:04   |   318:57:18   |
183100      |       -56717.3   |       -56473.1   |       -244.126   |   94:39:38   |   318:55:48   |
183150      |       -56715.6   |       -56461.3   |       -254.258   |   94:41:16   |   318:54:31   |
183200      |         -56700   |       -56467.9   |       -232.197   |   94:42:49   |   318:52:58   |
183250      |       -56693.8   |         -56477   |       -216.763   |   94:44:23   |   318:51:28   |
183300      |       -56724.8   |       -56479.2   |       -245.537   |   94:45:54   |   318:49:48   |
183350      |         -56718   |       -56482.7   |       -235.295   |   94:47:28   |   318:48:18   |
183400      |       -56702.3   |       -56468.1   |       -234.214   |   94:49:01   |   318:46:45   |
183450      |       -56716.6   |       -56478.9   |       -237.691   |   94:50:36   |   318:45:19   |
183500      |       -56732.9   |       -56471.5   |       -261.426   |   94:52:11   |   318:43:52   |
183550      |       -56726.1   |       -56476.3   |       -249.743   |   94:53:44   |   318:42:19   |
183600      |         -56734   |       -56477.6   |        -256.32   |   94:55:17   |   318:40:45   |
183650      |       -56707.7   |       -56487.9   |       -219.794   |   94:56:49   |   318:39:09   |
183700      |       -56769.9   |       -56487.8   |       -282.118   |   94:58:19   |   318:37:26   |
183750      |         -56741   |       -56477.9   |       -263.102   |   94:59:53   |   318:35:56   |
183800      |       -56726.1   |       -56465.6   |       -260.504   |   95:01:25   |   318:34:19   |
183850      |         -56721   |       -56478.5   |       -242.447   |   95:02:54   |   318:32:32   |
183900      |       -56770.1   |       -56480.6   |       -289.529   |   95:04:25   |   318:30:52   |
183950      |         -56700   |       -56479.9   |       -220.087   |   95:05:56   |   318:29:12   |


Iter        |      Posterior   |     Likelihood   |          Prior   |    elapsed   |        ETA   |
----------------------------------------------------------------------------------------------------
184000      |       -56676.1   |       -56471.7   |       -204.384   |   95:07:23   |   318:27:19   |
184050      |       -56731.9   |       -56472.9   |       -258.955   |   95:08:52   |   318:25:32   |
184100      |       -56709.9   |       -56480.3   |       -229.653   |   95:10:27   |   318:24:06   |
184150      |       -56702.5   |       -56465.2   |       -237.274   |   95:12:02   |   318:22:39   |
184200      |       -56696.8   |       -56475.7   |       -221.148   |   95:13:33   |   318:20:59   |
184250      |       -56719.4   |       -56483.4   |       -236.001   |   95:15:00   |   318:19:06   |
184300      |       -56700.2   |       -56463.2   |       -236.921   |   95:16:31   |   318:17:26   |
184350      |       -56670.2   |         -56466   |       -204.224   |   95:18:01   |   318:15:43   |
184400      |       -56717.5   |       -56486.1   |       -231.433   |   95:19:29   |   318:13:53   |
184450      |       -56681.7   |       -56467.4   |       -214.316   |   95:20:56   |   318:12:00   |
184500      |         -56697   |       -56467.8   |       -229.155   |   95:22:24   |   318:10:10   |
184550      |       -56709.3   |       -56483.2   |       -226.089   |   95:23:56   |   318:08:33   |
184600      |       -56763.7   |       -56486.8   |       -276.939   |   95:25:31   |   318:07:07   |
184650      |       -56686.2   |       -56484.3   |       -201.933   |   95:27:10   |   318:05:54   |
184700      |       -56717.1   |       -56482.6   |       -234.437   |   95:28:41   |   318:04:14   |
184750      |       -56727.1   |         -56484   |       -243.107   |   95:30:13   |   318:02:37   |
184800      |         -56767   |       -56488.6   |       -278.349   |   95:31:46   |   318:01:04   |
184850      |       -56695.8   |       -56485.4   |       -210.442   |   95:33:18   |   317:59:28   |
184900      |       -56701.3   |       -56469.3   |       -231.956   |   95:34:53   |   317:58:01   |
184950      |       -56740.7   |       -56469.7   |       -271.021   |   95:36:28   |   317:56:34   |


Iter        |      Posterior   |     Likelihood   |          Prior   |    elapsed   |        ETA   |
----------------------------------------------------------------------------------------------------
185000      |       -56712.6   |       -56475.8   |       -236.806   |   95:38:02   |   317:55:05   |
185050      |       -56720.7   |       -56476.3   |       -244.318   |   95:39:39   |   317:53:45   |
185100      |       -56679.8   |       -56474.3   |       -205.552   |   95:41:14   |   317:52:18   |
185150      |       -56690.3   |       -56469.7   |       -220.561   |   95:42:47   |   317:50:45   |
185200      |       -56729.6   |       -56484.8   |       -244.864   |   95:44:20   |   317:49:12   |
185250      |       -56728.6   |       -56479.2   |       -249.467   |   95:45:54   |   317:47:42   |
185300      |       -56728.9   |       -56476.9   |       -251.975   |   95:47:25   |   317:46:02   |
185350      |         -56681   |       -56479.1   |        -201.93   |   95:48:55   |   317:44:19   |
185400      |       -56692.3   |       -56483.8   |       -208.549   |   95:50:24   |   317:42:32   |
185450      |       -56681.8   |       -56475.8   |       -205.965   |   95:51:53   |   317:40:46   |
185500      |       -56698.4   |       -56470.1   |       -228.254   |   95:53:22   |   317:38:59   |
185550      |       -56735.6   |       -56461.4   |       -274.172   |   95:54:51   |   317:37:13   |
185600      |       -56715.6   |       -56482.9   |       -232.727   |   95:56:21   |   317:35:30   |
185650      |       -56676.7   |       -56467.5   |       -209.238   |   95:57:52   |   317:33:50   |
185700      |       -56685.8   |       -56463.6   |       -222.123   |   95:59:25   |   317:32:17   |
185750      |       -56710.8   |       -56465.1   |       -245.751   |   96:00:59   |   317:30:47   |
185800      |       -56700.9   |       -56466.1   |       -234.764   |   96:02:30   |   317:29:07   |
185850      |       -56749.3   |       -56468.5   |       -280.814   |   96:04:04   |   317:27:37   |
185900      |         -56720   |       -56480.4   |       -239.645   |   96:05:37   |   317:26:04   |
185950      |       -56748.5   |       -56467.7   |       -280.881   |   96:07:09   |   317:24:27   |


Iter        |      Posterior   |     Likelihood   |          Prior   |    elapsed   |        ETA   |
----------------------------------------------------------------------------------------------------
186000      |       -56745.2   |       -56469.7   |       -275.478   |   96:08:39   |   317:22:44   |
186050      |       -56693.6   |       -56459.3   |       -234.317   |   96:10:16   |   317:21:24   |
186100      |       -56718.9   |         -56460   |       -258.892   |   96:11:51   |   317:19:58   |
186150      |       -56741.2   |       -56473.4   |       -267.865   |   96:13:21   |   317:18:15   |
186200      |       -56696.6   |       -56456.7   |       -239.927   |   96:14:54   |   317:16:42   |
186250      |         -56712   |       -56460.7   |       -251.255   |   96:16:29   |   317:15:15   |
186300      |       -56688.5   |       -56470.6   |       -217.906   |   96:18:03   |   317:13:45   |
186350      |       -56726.4   |       -56472.9   |       -253.517   |   96:19:32   |   317:11:59   |
186400      |       -56701.1   |       -56457.4   |       -243.652   |   96:21:03   |   317:10:19   |
186450      |       -56723.9   |         -56473   |       -250.926   |   96:22:35   |   317:08:42   |
186500      |       -56745.8   |       -56458.8   |       -286.992   |   96:24:07   |   317:07:06   |
186550      |       -56750.2   |       -56486.7   |       -263.442   |   96:25:34   |   317:05:13   |
186600      |       -56751.6   |       -56480.2   |        -271.42   |   96:27:08   |   317:03:43   |
186650      |       -56711.5   |       -56477.2   |       -234.316   |   96:28:41   |   317:02:10   |
186700      |       -56741.7   |       -56479.6   |       -262.124   |   96:30:14   |   317:00:37   |
186750      |       -56722.6   |       -56484.1   |       -238.454   |   96:31:42   |   316:58:47   |
186800      |         -56700   |         -56485   |       -214.938   |   96:33:12   |   316:57:04   |
186850      |       -56740.8   |       -56469.2   |       -271.585   |   96:34:46   |   316:55:34   |
186900      |       -56710.8   |       -56463.3   |       -247.475   |   96:36:20   |   316:54:04   |
186950      |       -56730.6   |       -56468.3   |       -262.376   |   96:37:51   |   316:52:25   |


Iter        |      Posterior   |     Likelihood   |          Prior   |    elapsed   |        ETA   |
----------------------------------------------------------------------------------------------------
187000      |       -56726.2   |       -56475.6   |       -250.605   |   96:39:23   |   316:50:48   |
187050      |       -56740.2   |       -56485.9   |       -254.256   |   96:40:57   |   316:49:18   |
187100      |       -56721.8   |       -56479.7   |       -242.046   |   96:42:29   |   316:47:42   |
187150      |       -56735.5   |       -56463.6   |       -271.839   |   96:43:53   |   316:45:39   |
187200      |         -56727   |       -56462.3   |       -264.681   |   96:45:23   |   316:43:56   |
187250      |       -56721.9   |       -56470.3   |       -251.561   |   96:46:54   |   316:42:17   |
187300      |       -56707.3   |       -56470.3   |        -237.02   |   96:48:28   |   316:40:47   |
187350      |       -56734.6   |         -56467   |       -267.597   |   96:50:03   |   316:39:20   |
187400      |       -56724.8   |       -56462.4   |       -262.382   |   96:51:37   |   316:37:50   |
187450      |         -56734   |       -56481.6   |       -252.461   |   96:53:13   |   316:36:27   |
187500      |         -56754   |       -56488.2   |       -265.787   |   96:54:50   |   316:35:07   |
187550      |       -56738.1   |       -56475.7   |       -262.431   |   96:56:24   |   316:33:37   |
187600      |       -56728.3   |       -56461.3   |        -267.06   |   96:57:59   |   316:32:10   |
187650      |       -56702.5   |       -56471.8   |       -230.788   |   96:59:33   |   316:30:40   |
187700      |       -56727.8   |       -56461.4   |        -266.42   |   97:01:07   |   316:29:11   |
187750      |       -56728.2   |       -56470.7   |       -257.538   |   97:02:44   |   316:27:50   |
187800      |         -56702   |       -56472.2   |       -229.748   |   97:04:19   |   316:26:24   |
187850      |       -56735.4   |       -56474.6   |       -260.809   |   97:05:48   |   316:24:38   |
187900      |       -56684.2   |       -56482.8   |       -201.452   |   97:07:22   |   316:23:08   |
187950      |       -56707.6   |       -56468.8   |       -238.757   |   97:08:54   |   316:21:31   |


Iter        |      Posterior   |     Likelihood   |          Prior   |    elapsed   |        ETA   |
----------------------------------------------------------------------------------------------------
188000      |         -56704   |       -56473.4   |       -230.574   |   97:10:27   |   316:19:58   |
188050      |       -56750.3   |         -56476   |       -274.344   |   97:11:57   |   316:18:15   |
188100      |       -56722.2   |       -56469.6   |       -252.676   |   97:13:26   |   316:16:29   |
188150      |       -56739.8   |       -56462.2   |       -277.638   |   97:14:58   |   316:14:53   |
188200      |       -56719.7   |       -56477.1   |        -242.58   |   97:16:30   |   316:13:16   |
188250      |       -56701.5   |         -56459   |       -242.447   |   97:18:08   |   316:11:59   |
188300      |       -56731.8   |       -56460.6   |       -271.199   |   97:19:45   |   316:10:39   |
188350      |       -56674.7   |       -56482.4   |       -192.315   |   97:21:21   |   316:09:16   |
188400      |       -56717.8   |       -56500.4   |       -217.371   |   97:22:52   |   316:07:36   |
188450      |       -56690.2   |       -56483.4   |       -206.807   |   97:24:28   |   316:06:13   |
188500      |       -56681.3   |       -56466.5   |       -214.787   |   97:26:01   |   316:04:39   |
188550      |       -56720.2   |       -56467.4   |       -252.779   |   97:27:31   |   316:02:56   |
188600      |       -56746.3   |       -56474.9   |        -271.42   |   97:29:11   |   316:01:46   |
188650      |       -56746.6   |       -56477.6   |           -269   |   97:30:44   |   316:00:13   |
188700      |       -56717.5   |         -56464   |       -253.474   |   97:32:16   |   315:58:36   |
188750      |       -56738.2   |       -56481.7   |       -256.524   |   97:33:48   |   315:57:00   |
188800      |       -56734.6   |       -56461.4   |       -273.187   |   97:35:20   |   315:55:24   |
188850      |       -56759.5   |         -56470   |       -289.521   |   97:36:56   |   315:54:00   |
188900      |       -56786.3   |       -56474.1   |       -312.225   |   97:38:32   |   315:52:37   |
188950      |       -56761.7   |       -56459.4   |       -302.339   |   97:40:02   |   315:50:54   |


Iter        |      Posterior   |     Likelihood   |          Prior   |    elapsed   |        ETA   |
----------------------------------------------------------------------------------------------------
189000      |       -56779.3   |       -56461.3   |       -318.003   |   97:41:37   |   315:49:27   |
189050      |       -56750.8   |       -56461.3   |       -289.499   |   97:43:12   |   315:48:00   |
189100      |       -56731.9   |       -56464.9   |       -267.019   |   97:44:48   |   315:46:37   |
189150      |       -56686.5   |       -56467.3   |       -219.116   |   97:46:25   |   315:45:17   |
189200      |       -56736.2   |       -56475.1   |       -261.107   |   97:47:59   |   315:43:47   |
189250      |       -56732.1   |       -56474.5   |       -257.591   |   97:49:32   |   315:42:13   |
189300      |         -56752   |         -56476   |       -276.044   |   97:51:10   |   315:40:56   |
189350      |         -56723   |       -56472.3   |       -250.717   |   97:52:42   |   315:39:20   |
189400      |       -56714.2   |       -56485.3   |       -228.867   |   97:54:10   |   315:37:31   |
189450      |       -56723.8   |       -56485.6   |       -238.294   |   97:55:39   |   315:35:45   |
189500      |       -56729.1   |       -56487.6   |       -241.519   |   97:57:11   |   315:34:08   |
189550      |       -56703.4   |       -56475.2   |       -228.202   |   97:58:44   |   315:32:35   |
189600      |       -56770.6   |       -56486.4   |       -284.138   |   98:00:23   |   315:31:21   |
189650      |       -56783.3   |       -56486.8   |       -296.441   |   98:01:52   |   315:29:35   |
189700      |       -56726.8   |       -56480.8   |       -245.988   |   98:03:22   |   315:27:52   |
189750      |       -56722.5   |       -56473.3   |       -249.161   |   98:04:52   |   315:26:09   |
189800      |       -56752.1   |       -56474.4   |       -277.708   |   98:06:21   |   315:24:23   |
189850      |       -56762.8   |       -56492.1   |        -270.73   |   98:07:49   |   315:22:34   |
189900      |       -56705.5   |       -56478.3   |       -227.199   |   98:09:17   |   315:20:45   |
189950      |       -56688.2   |       -56488.4   |       -199.851   |   98:10:50   |   315:19:12   |


Iter        |      Posterior   |     Likelihood   |          Prior   |    elapsed   |        ETA   |
----------------------------------------------------------------------------------------------------
190000      |       -56667.1   |       -56458.3   |       -208.817   |   98:12:27   |   315:17:51   |
190050      |         -56701   |       -56466.8   |       -234.226   |   98:14:01   |   315:16:21   |
190100      |       -56768.6   |       -56481.7   |       -286.902   |   98:15:34   |   315:14:48   |
190150      |         -56714   |       -56475.3   |       -238.718   |   98:17:06   |   315:13:12   |
190200      |       -56715.1   |       -56464.8   |       -250.265   |   98:18:40   |   315:11:42   |
190250      |       -56681.9   |         -56479   |       -202.823   |   98:20:10   |   315:09:59   |
190300      |       -56754.9   |       -56474.2   |       -280.754   |   98:21:41   |   315:08:20   |
190350      |       -56742.9   |       -56493.3   |       -249.598   |   98:23:11   |   315:06:37   |
190400      |       -56719.4   |       -56477.7   |       -241.711   |   98:24:42   |   315:04:57   |
190450      |         -56743   |         -56470   |       -273.026   |   98:26:19   |   315:03:37   |
190500      |       -56710.6   |       -56465.5   |       -245.072   |   98:27:57   |   315:02:20   |
190550      |         -56778   |       -56473.7   |       -304.306   |   98:29:31   |   315:00:50   |
190600      |       -56699.7   |       -56467.3   |       -232.317   |   98:31:05   |   314:59:20   |
190650      |         -56703   |       -56463.7   |       -239.297   |   98:32:37   |   314:57:44   |
190700      |       -56753.9   |       -56472.9   |       -281.006   |   98:34:07   |   314:56:01   |
190750      |       -56725.1   |       -56474.7   |        -250.44   |   98:35:43   |   314:54:37   |
190800      |       -56708.8   |       -56466.9   |       -241.843   |   98:37:23   |   314:53:26   |
190850      |       -56740.1   |       -56467.9   |       -272.229   |   98:39:00   |   314:52:06   |
190900      |         -56715   |       -56470.9   |        -244.05   |   98:40:32   |   314:50:30   |
190950      |       -56731.4   |         -56478   |        -253.42   |   98:42:06   |   314:49:00   |


Iter        |      Posterior   |     Likelihood   |          Prior   |    elapsed   |        ETA   |
----------------------------------------------------------------------------------------------------
191000      |       -56714.7   |       -56482.5   |       -232.222   |   98:43:39   |   314:47:26   |
191050      |         -56712   |       -56476.1   |       -235.842   |   98:45:17   |   314:46:09   |
191100      |       -56698.7   |       -56482.9   |       -215.859   |   98:46:52   |   314:44:42   |
191150      |       -56675.8   |       -56458.5   |       -217.308   |   98:48:25   |   314:43:09   |
191200      |       -56711.1   |       -56458.1   |       -253.019   |   98:49:53   |   314:41:20   |
191250      |       -56704.5   |       -56463.4   |       -241.137   |   98:51:27   |   314:39:50   |
191300      |       -56692.5   |       -56447.5   |       -245.005   |   98:52:58   |   314:38:11   |
191350      |       -56741.2   |         -56458   |       -283.143   |   98:54:30   |   314:36:34   |
191400      |       -56707.2   |       -56465.3   |       -241.843   |   98:56:04   |   314:35:04   |
191450      |       -56659.6   |       -56461.7   |       -197.901   |   98:57:37   |   314:33:31   |
191500      |       -56715.2   |       -56461.6   |       -253.574   |   98:59:14   |   314:32:11   |
191550      |         -56733   |       -56452.3   |       -280.721   |   99:00:50   |   314:30:47   |
191600      |       -56745.3   |         -56467   |       -278.208   |   99:02:23   |   314:29:14   |
191650      |       -56725.1   |       -56473.9   |        -251.14   |   99:03:59   |   314:27:50   |
191700      |       -56739.9   |       -56464.7   |       -275.199   |   99:05:31   |   314:26:14   |
191750      |       -56722.5   |       -56480.3   |       -242.158   |   99:07:03   |   314:24:37   |
191800      |       -56698.4   |       -56458.3   |       -240.037   |   99:08:36   |   314:23:04   |
191850      |       -56707.5   |       -56467.7   |       -239.762   |   99:10:11   |   314:21:37   |
191900      |       -56694.5   |       -56480.7   |       -213.852   |   99:11:48   |   314:20:17   |
191950      |       -56758.9   |       -56488.6   |       -270.235   |   99:13:23   |   314:18:50   |


Iter        |      Posterior   |     Likelihood   |          Prior   |    elapsed   |        ETA   |
----------------------------------------------------------------------------------------------------
192000      |       -56728.4   |       -56485.4   |       -242.958   |   99:14:54   |   314:17:11   |
192050      |       -56718.2   |         -56482   |       -236.183   |   99:16:26   |   314:15:34   |
192100      |       -56731.4   |       -56482.4   |       -248.953   |   99:17:58   |   314:13:58   |
192150      |       -56724.5   |       -56477.6   |       -246.868   |   99:19:28   |   314:12:15   |
192200      |       -56726.5   |       -56491.1   |       -235.383   |   99:21:09   |   314:11:07   |
192250      |       -56710.2   |       -56463.7   |       -246.576   |   99:22:52   |   314:10:06   |
192300      |       -56714.8   |         -56479   |       -235.805   |   99:24:29   |   314:08:45   |
192350      |       -56700.3   |       -56459.5   |       -240.806   |   99:26:04   |   314:07:18   |
192400      |       -56698.5   |         -56462   |       -236.528   |   99:27:37   |   314:05:45   |
192450      |       -56768.8   |       -56478.8   |       -290.088   |   99:29:09   |   314:04:09   |
192500      |       -56712.9   |       -56469.9   |       -242.949   |   99:30:47   |   314:02:51   |
192550      |       -56727.4   |       -56462.7   |        -264.75   |   99:32:22   |   314:01:24   |
192600      |       -56681.9   |       -56462.5   |       -219.325   |   99:34:00   |   314:00:07   |
192650      |       -56704.3   |       -56476.7   |       -227.598   |   99:35:38   |   313:58:49   |
192700      |       -56723.7   |       -56471.6   |       -252.048   |   99:37:19   |   313:57:41   |
192750      |       -56710.6   |         -56470   |       -240.583   |   99:38:52   |   313:56:08   |
192800      |       -56691.3   |       -56468.8   |       -222.423   |   99:40:24   |   313:54:32   |
192850      |       -56691.9   |       -56471.2   |       -220.689   |   99:41:56   |   313:52:55   |
192900      |         -56677   |       -56457.9   |       -219.114   |   99:43:26   |   313:51:13   |
192950      |       -56721.3   |       -56482.4   |       -238.838   |   99:44:55   |   313:49:27   |


Iter        |      Posterior   |     Likelihood   |          Prior   |    elapsed   |        ETA   |
----------------------------------------------------------------------------------------------------
193000      |       -56696.6   |         -56463   |       -233.592   |   99:46:21   |   313:47:32   |
193050      |       -56711.9   |       -56468.5   |        -243.36   |   99:47:53   |   313:45:55   |
193100      |       -56700.4   |       -56466.8   |       -233.586   |   99:49:27   |   313:44:25   |
193150      |         -56675   |       -56460.9   |       -214.081   |   99:50:59   |   313:42:49   |
193200      |       -56730.6   |       -56476.1   |       -254.457   |   99:52:29   |   313:41:06   |
193250      |       -56748.7   |       -56468.9   |       -279.801   |   99:53:58   |   313:39:20   |
193300      |       -56724.4   |       -56455.4   |       -268.993   |   99:55:29   |   313:37:41   |
193350      |       -56744.4   |       -56455.2   |       -289.203   |   99:57:03   |   313:36:11   |
193400      |       -56751.9   |       -56463.4   |       -288.422   |   99:58:34   |   313:34:31   |
193450      |       -56706.3   |       -56461.5   |        -244.84   |   100:00:07   |   313:32:58   |
193500      |       -56750.3   |       -56475.5   |       -274.798   |   100:01:39   |   313:31:22   |
193550      |       -56736.4   |         -56459   |       -277.338   |   100:03:11   |   313:29:46   |
193600      |       -56716.6   |       -56447.2   |       -269.406   |   100:04:42   |   313:28:06   |
193650      |       -56728.1   |       -56458.7   |       -269.399   |   100:06:14   |   313:26:30   |
193700      |       -56731.4   |       -56464.3   |       -267.128   |   100:07:44   |   313:24:47   |
193750      |       -56715.5   |       -56455.6   |       -259.866   |   100:09:13   |   313:23:01   |
193800      |       -56727.8   |       -56481.4   |       -246.366   |   100:10:43   |   313:21:19   |
193850      |       -56716.7   |         -56462   |       -254.743   |   100:12:15   |   313:19:43   |
193900      |       -56728.4   |       -56457.8   |       -270.639   |   100:13:45   |   313:18:00   |
193950      |       -56700.5   |         -56482   |       -218.534   |   100:15:17   |   313:16:24   |


Iter        |      Posterior   |     Likelihood   |          Prior   |    elapsed   |        ETA   |
----------------------------------------------------------------------------------------------------
194000      |       -56724.1   |       -56469.5   |       -254.632   |   100:17:02   |   313:15:28   |
194050      |       -56718.8   |       -56467.7   |       -251.073   |   100:18:35   |   313:13:55   |
194100      |       -56767.8   |         -56480   |       -287.811   |   100:20:10   |   313:12:28   |
194150      |       -56720.1   |       -56475.8   |       -244.312   |   100:21:44   |   313:10:58   |
194200      |       -56686.4   |       -56480.1   |       -206.239   |   100:23:20   |   313:09:34   |
194250      |       -56687.3   |       -56482.4   |       -204.848   |   100:24:50   |   313:07:51   |
194300      |       -56699.6   |       -56473.3   |       -226.231   |   100:26:17   |   313:06:00   |
194350      |       -56701.1   |       -56481.1   |       -220.003   |   100:27:43   |   313:04:05   |
194400      |       -56690.8   |       -56461.7   |       -229.077   |   100:29:16   |   313:02:31   |
194450      |       -56743.2   |       -56471.3   |       -271.929   |   100:30:47   |   313:00:52   |
194500      |         -56740   |       -56476.8   |       -263.282   |   100:32:19   |   312:59:16   |
194550      |       -56767.2   |       -56476.3   |       -290.854   |   100:33:53   |   312:57:46   |
194600      |       -56729.9   |       -56488.4   |       -241.464   |   100:35:25   |   312:56:09   |
194650      |       -56719.5   |       -56486.2   |       -233.246   |   100:36:55   |   312:54:27   |
194700      |       -56700.5   |       -56465.5   |       -234.985   |   100:38:24   |   312:52:41   |
194750      |       -56684.6   |       -56471.2   |       -213.408   |   100:39:53   |   312:50:56   |
194800      |       -56701.9   |       -56471.1   |       -230.804   |   100:41:23   |   312:49:13   |
194850      |       -56703.9   |       -56461.7   |       -242.225   |   100:42:48   |   312:47:15   |
194900      |       -56707.9   |       -56474.1   |       -233.755   |   100:44:21   |   312:45:42   |
194950      |       -56734.5   |       -56484.4   |       -250.026   |   100:45:56   |   312:44:15   |


Iter        |      Posterior   |     Likelihood   |          Prior   |    elapsed   |        ETA   |
----------------------------------------------------------------------------------------------------
195000      |       -56725.6   |       -56483.1   |       -242.488   |   100:47:29   |   312:42:42   |
195050      |       -56688.6   |       -56497.7   |       -190.894   |   100:49:01   |   312:41:06   |
195100      |       -56725.5   |       -56475.9   |       -249.655   |   100:50:35   |   312:39:35   |
195150      |       -56706.3   |       -56498.9   |       -207.419   |   100:52:06   |   312:37:56   |
195200      |       -56735.8   |       -56471.1   |       -264.704   |   100:53:36   |   312:36:14   |
195250      |       -56676.1   |       -56466.5   |       -209.555   |   100:55:10   |   312:34:44   |
195300      |       -56697.2   |       -56471.2   |       -226.023   |   100:56:46   |   312:33:20   |
195350      |       -56688.1   |       -56466.6   |       -221.504   |   100:58:22   |   312:31:56   |
195400      |         -56714   |       -56469.7   |       -244.299   |   100:59:55   |   312:30:23   |
195450      |       -56662.5   |       -56473.3   |       -189.139   |   101:01:34   |   312:29:08   |
195500      |       -56687.4   |       -56456.3   |        -231.18   |   101:03:07   |   312:27:35   |
195550      |       -56702.8   |         -56469   |       -233.711   |   101:04:39   |   312:25:59   |
195600      |       -56692.8   |         -56456   |       -236.759   |   101:06:10   |   312:24:19   |
195650      |       -56742.2   |       -56469.2   |       -272.972   |   101:07:45   |   312:22:52   |
195700      |       -56697.5   |       -56462.3   |       -235.177   |   101:09:23   |   312:21:35   |
195750      |       -56726.3   |       -56464.5   |       -261.831   |   101:11:02   |   312:20:20   |
195800      |       -56697.7   |       -56462.4   |       -235.283   |   101:12:35   |   312:18:47   |
195850      |       -56687.2   |       -56453.6   |       -233.531   |   101:14:05   |   312:17:04   |
195900      |       -56691.5   |       -56466.8   |       -224.741   |   101:15:38   |   312:15:31   |
195950      |       -56727.3   |       -56482.3   |       -244.989   |   101:17:11   |   312:13:58   |


Iter        |      Posterior   |     Likelihood   |          Prior   |    elapsed   |        ETA   |
----------------------------------------------------------------------------------------------------
196000      |       -56733.9   |       -56478.5   |       -255.454   |   101:18:45   |   312:12:28   |
196050      |       -56714.9   |       -56476.1   |       -238.805   |   101:20:21   |   312:11:04   |
196100      |       -56710.2   |       -56472.4   |       -237.766   |   101:21:51   |   312:09:22   |
196150      |         -56665   |       -56468.8   |       -196.188   |   101:23:24   |   312:07:48   |
196200      |       -56702.5   |       -56469.6   |       -232.806   |   101:24:56   |   312:06:12   |
196250      |       -56728.9   |       -56483.5   |        -245.43   |   101:26:27   |   312:04:33   |
196300      |       -56694.8   |       -56472.6   |       -222.208   |   101:27:55   |   312:02:44   |
196350      |       -56708.2   |       -56489.3   |       -218.923   |   101:29:29   |   312:01:14   |
196400      |       -56690.4   |       -56461.5   |       -228.886   |   101:31:05   |   311:59:50   |
196450      |       -56741.6   |       -56473.1   |       -268.498   |   101:32:42   |   311:58:29   |
196500      |       -56707.9   |       -56467.8   |       -240.029   |   101:34:19   |   311:57:09   |
196550      |       -56674.7   |       -56463.2   |        -211.54   |   101:35:57   |   311:55:51   |
196600      |       -56692.7   |       -56463.4   |       -229.301   |   101:37:34   |   311:54:30   |
196650      |       -56712.6   |         -56461   |       -251.573   |   101:39:11   |   311:53:09   |
196700      |         -56686   |       -56467.5   |       -218.457   |   101:40:49   |   311:51:51   |
196750      |         -56710   |       -56481.2   |       -228.847   |   101:42:26   |   311:50:30   |
196800      |       -56718.5   |       -56462.6   |       -255.915   |   101:44:02   |   311:49:06   |
196850      |       -56718.2   |       -56457.8   |       -260.331   |   101:45:33   |   311:47:27   |
196900      |       -56721.8   |       -56465.6   |       -256.188   |   101:47:07   |   311:45:57   |
196950      |       -56731.4   |         -56472   |       -259.397   |   101:48:43   |   311:44:33   |


Iter        |      Posterior   |     Likelihood   |          Prior   |    elapsed   |        ETA   |
----------------------------------------------------------------------------------------------------
197000      |       -56726.5   |       -56471.8   |       -254.688   |   101:50:22   |   311:43:18   |
197050      |       -56705.6   |       -56461.5   |       -244.127   |   101:52:05   |   311:42:15   |
197100      |       -56699.5   |       -56470.4   |       -229.076   |   101:53:48   |   311:41:13   |
197150      |       -56692.8   |       -56469.2   |       -223.556   |   101:55:35   |   311:40:22   |
197200      |       -56714.7   |       -56481.8   |       -232.842   |   101:57:23   |   311:39:35   |
197250      |       -56727.7   |       -56477.1   |       -250.628   |   101:59:11   |   311:38:47   |
197300      |       -56705.5   |         -56473   |       -232.586   |   102:01:00   |   311:38:03   |
197350      |       -56717.1   |       -56469.7   |       -247.407   |   102:02:47   |   311:37:12   |
197400      |       -56711.6   |       -56476.8   |       -234.795   |   102:04:34   |   311:36:22   |
197450      |       -56707.4   |       -56491.5   |         -215.9   |   102:06:20   |   311:35:28   |
197500      |       -56699.1   |       -56488.7   |       -210.394   |   102:08:04   |   311:34:28   |
197550      |       -56734.1   |       -56490.5   |       -243.637   |   102:09:46   |   311:33:23   |
197600      |       -56698.7   |       -56483.2   |       -215.467   |   102:11:30   |   311:32:23   |
197650      |       -56725.5   |       -56490.3   |        -235.21   |   102:13:15   |   311:31:26   |
197700      |       -56745.3   |       -56500.3   |       -245.045   |   102:14:58   |   311:30:23   |
197750      |       -56739.1   |       -56489.5   |       -249.606   |   102:16:42   |   311:29:23   |
197800      |       -56725.8   |         -56482   |       -243.863   |   102:18:24   |   311:28:17   |
197850      |       -56762.6   |       -56489.3   |       -273.294   |   102:20:06   |   311:27:11   |
197900      |         -56730   |       -56481.2   |       -248.798   |   102:21:48   |   311:26:05   |
197950      |         -56764   |       -56488.7   |       -275.329   |   102:23:33   |   311:25:08   |


Iter        |      Posterior   |     Likelihood   |          Prior   |    elapsed   |        ETA   |
----------------------------------------------------------------------------------------------------
198000      |       -56695.1   |       -56461.5   |       -233.629   |   102:25:15   |   311:24:02   |
198050      |       -56707.3   |       -56471.7   |       -235.597   |   102:26:54   |   311:22:47   |
198100      |       -56697.7   |         -56485   |       -212.692   |   102:28:36   |   311:21:41   |
198150      |       -56724.2   |       -56466.2   |       -257.981   |   102:30:18   |   311:20:35   |
198200      |       -56684.6   |       -56478.8   |       -205.807   |   102:32:05   |   311:19:44   |
198250      |       -56712.3   |       -56476.7   |       -235.568   |   102:33:48   |   311:18:41   |
198300      |       -56770.4   |       -56477.1   |       -293.283   |   102:35:33   |   311:17:43   |
198350      |       -56692.5   |         -56474   |       -218.405   |   102:37:18   |   311:16:46   |
198400      |       -56723.5   |       -56478.6   |       -244.838   |   102:39:07   |   311:16:01   |
198450      |       -56694.6   |       -56470.5   |        -224.15   |   102:40:55   |   311:15:13   |
198500      |       -56673.8   |       -56487.2   |       -186.536   |   102:42:43   |   311:14:25   |
198550      |       -56690.5   |       -56469.3   |       -221.203   |   102:44:28   |   311:13:28   |
198600      |       -56673.3   |       -56463.1   |       -210.202   |   102:46:10   |   311:12:22   |
198650      |       -56700.7   |       -56480.5   |       -220.132   |   102:47:55   |   311:11:24   |
198700      |       -56737.4   |       -56461.4   |       -276.033   |   102:49:42   |   311:10:33   |
198750      |       -56672.3   |       -56479.5   |       -192.843   |   102:51:27   |   311:09:36   |
198800      |       -56681.1   |       -56473.6   |       -207.445   |   102:53:10   |   311:08:33   |
198850      |       -56703.7   |         -56475   |       -228.717   |   102:54:57   |   311:07:41   |
198900      |       -56694.9   |       -56477.8   |       -217.077   |   102:56:41   |   311:06:41   |
198950      |       -56695.5   |       -56476.7   |       -218.863   |   102:58:21   |   311:05:28   |


Iter        |      Posterior   |     Likelihood   |          Prior   |    elapsed   |        ETA   |
----------------------------------------------------------------------------------------------------
199000      |       -56675.1   |       -56468.7   |       -206.422   |   103:00:04   |   311:04:25   |
199050      |       -56710.9   |       -56468.7   |       -242.145   |   103:01:49   |   311:03:27   |
199100      |       -56667.1   |       -56468.2   |       -198.957   |   103:03:31   |   311:02:21   |
199150      |       -56730.8   |       -56478.8   |       -252.003   |   103:05:13   |   311:01:14   |
199200      |       -56693.7   |       -56469.2   |       -224.523   |   103:06:55   |   311:00:08   |
199250      |       -56694.4   |       -56479.6   |       -214.751   |   103:08:31   |   310:58:43   |
199300      |       -56688.5   |       -56480.7   |       -207.759   |   103:10:09   |   310:57:24   |
199350      |       -56670.1   |       -56479.7   |       -190.409   |   103:11:47   |   310:56:06   |
199400      |       -56680.4   |       -56493.1   |       -187.301   |   103:13:29   |   310:54:59   |
199450      |       -56691.3   |       -56476.4   |       -214.931   |   103:15:11   |   310:53:53   |
199500      |       -56704.5   |       -56483.9   |       -220.647   |   103:16:52   |   310:52:43   |
199550      |       -56692.3   |       -56488.9   |       -203.326   |   103:18:33   |   310:51:33   |
199600      |       -56722.9   |       -56491.8   |       -231.089   |   103:20:13   |   310:50:21   |
199650      |       -56750.1   |       -56501.9   |       -248.236   |   103:21:58   |   310:49:23   |
199700      |         -56745   |       -56492.4   |       -252.628   |   103:23:48   |   310:48:40   |
199750      |       -56725.6   |       -56486.2   |        -239.38   |   103:25:34   |   310:47:46   |
199800      |       -56697.5   |         -56478   |       -219.552   |   103:27:24   |   310:47:03   |
199850      |       -56682.1   |       -56478.3   |       -203.823   |   103:29:10   |   310:46:08   |
199900      |       -56678.4   |       -56469.9   |       -208.544   |   103:30:52   |   310:45:01   |
199950      |       -56670.3   |       -56468.3   |        -202.03   |   103:32:35   |   310:43:57   |


Iter        |      Posterior   |     Likelihood   |          Prior   |    elapsed   |        ETA   |
----------------------------------------------------------------------------------------------------
200000      |       -56694.9   |       -56472.1   |       -222.752   |   103:34:21   |   310:43:03   |
200050      |       -56719.8   |       -56470.6   |        -249.22   |   103:36:03   |   310:41:56   |
200100      |       -56710.8   |       -56478.7   |       -232.174   |   103:37:53   |   310:41:13   |
200150      |         -56666   |       -56475.1   |       -190.992   |   103:39:46   |   310:40:39   |
200200      |       -56690.9   |       -56475.1   |       -215.761   |   103:41:34   |   310:39:50   |
200250      |       -56684.9   |       -56471.9   |        -213.03   |   103:43:19   |   310:38:52   |
200300      |       -56764.8   |       -56483.1   |       -281.628   |   103:45:09   |   310:38:09   |
200350      |       -56730.8   |       -56475.9   |       -254.919   |   103:46:57   |   310:37:20   |
200400      |       -56703.5   |       -56481.1   |       -222.373   |   103:48:43   |   310:36:25   |
200450      |       -56692.9   |       -56469.6   |       -223.334   |   103:50:30   |   310:35:33   |
200500      |       -56695.4   |       -56461.8   |       -233.683   |   103:52:16   |   310:34:37   |
200550      |       -56711.4   |         -56472   |        -239.39   |   103:54:00   |   310:33:36   |
200600      |       -56719.9   |       -56471.6   |       -248.362   |   103:55:48   |   310:32:47   |
200650      |       -56684.2   |       -56478.5   |       -205.666   |   103:57:36   |   310:31:58   |
200700      |       -56689.4   |       -56469.7   |       -219.672   |   103:59:26   |   310:31:15   |
200750      |         -56706   |       -56464.3   |       -241.708   |   104:01:18   |   310:30:37   |
200800      |       -56747.9   |         -56476   |       -271.836   |   104:03:09   |   310:29:57   |
200850      |       -56745.2   |       -56492.9   |       -252.303   |   104:04:57   |   310:29:08   |
200900      |       -56749.8   |       -56481.4   |       -268.317   |   104:06:46   |   310:28:21   |
200950      |       -56747.7   |       -56487.1   |       -260.591   |   104:08:31   |   310:27:23   |


Iter        |      Posterior   |     Likelihood   |          Prior   |    elapsed   |        ETA   |
----------------------------------------------------------------------------------------------------
201000      |       -56737.1   |       -56485.9   |       -251.284   |   104:10:16   |   310:26:24   |
201050      |       -56721.4   |       -56478.4   |       -243.006   |   104:12:05   |   310:25:38   |
201100      |       -56753.8   |       -56465.2   |        -288.65   |   104:13:49   |   310:24:37   |
201150      |       -56698.2   |       -56475.2   |       -222.936   |   104:15:34   |   310:23:38   |
201200      |       -56710.1   |       -56465.3   |       -244.876   |   104:17:18   |   310:22:37   |
201250      |       -56683.4   |       -56474.2   |       -209.261   |   104:19:01   |   310:21:32   |
201300      |       -56704.1   |         -56468   |       -236.073   |   104:20:43   |   310:20:25   |
201350      |       -56725.8   |       -56480.3   |       -245.579   |   104:22:29   |   310:19:29   |
201400      |       -56681.4   |       -56476.4   |       -205.085   |   104:24:16   |   310:18:37   |
201450      |         -56738   |       -56466.1   |       -271.881   |   104:25:58   |   310:17:29   |
201500      |       -56699.6   |       -56475.8   |       -223.815   |   104:27:41   |   310:16:25   |
201550      |       -56736.3   |       -56469.3   |       -266.972   |   104:29:28   |   310:15:32   |
201600      |       -56727.7   |       -56462.3   |       -265.374   |   104:31:10   |   310:14:24   |
201650      |       -56739.7   |       -56472.6   |       -267.141   |   104:32:49   |   310:13:08   |
201700      |       -56662.4   |       -56448.6   |       -213.787   |   104:34:23   |   310:11:37   |
201750      |       -56646.8   |       -56467.3   |       -179.491   |   104:36:00   |   310:10:14   |
201800      |       -56692.3   |       -56460.9   |        -231.45   |   104:37:38   |   310:08:55   |
201850      |       -56718.7   |         -56469   |       -249.678   |   104:39:17   |   310:07:38   |
201900      |         -56695   |       -56451.1   |       -243.836   |   104:40:51   |   310:06:07   |
201950      |       -56710.6   |         -56461   |       -249.667   |   104:42:27   |   310:04:42   |


Iter        |      Posterior   |     Likelihood   |          Prior   |    elapsed   |        ETA   |
----------------------------------------------------------------------------------------------------
202000      |       -56707.6   |       -56461.9   |       -245.765   |   104:43:55   |   310:02:52   |
202050      |       -56728.7   |       -56470.7   |       -257.944   |   104:45:28   |   310:01:18   |
202100      |       -56712.3   |       -56477.6   |       -234.734   |   104:47:04   |   309:59:53   |
202150      |       -56659.6   |         -56467   |       -192.554   |   104:48:37   |   309:58:18   |
202200      |       -56737.3   |       -56491.4   |       -245.864   |   104:50:15   |   309:56:59   |
202250      |       -56706.8   |       -56483.2   |       -223.597   |   104:51:49   |   309:55:28   |
202300      |       -56681.1   |       -56465.5   |       -215.604   |   104:53:24   |   309:53:59   |
202350      |       -56745.5   |       -56467.9   |       -277.643   |   104:55:01   |   309:52:37   |
202400      |       -56728.6   |       -56488.8   |       -239.735   |   104:56:37   |   309:51:11   |
202450      |       -56721.9   |         -56482   |       -239.911   |   104:58:13   |   309:49:46   |
202500      |       -56712.9   |       -56473.5   |       -239.347   |   104:59:48   |   309:48:17   |
202550      |       -56702.7   |       -56478.6   |       -224.134   |   105:01:23   |   309:46:49   |
202600      |       -56743.3   |       -56484.6   |       -258.731   |   105:02:59   |   309:45:24   |
202650      |       -56728.3   |       -56478.6   |         -249.7   |   105:04:35   |   309:43:58   |
202700      |       -56735.3   |       -56484.3   |       -251.043   |   105:06:14   |   309:42:41   |
202750      |       -56722.6   |       -56484.1   |       -238.455   |   105:07:52   |   309:41:22   |
202800      |       -56737.5   |       -56495.9   |       -241.601   |   105:09:28   |   309:39:56   |
202850      |         -56732   |       -56494.5   |       -237.472   |   105:11:04   |   309:38:31   |
202900      |       -56727.4   |         -56495   |       -232.353   |   105:12:41   |   309:37:08   |
202950      |       -56770.9   |       -56505.3   |       -265.587   |   105:14:22   |   309:35:58   |


Iter        |      Posterior   |     Likelihood   |          Prior   |    elapsed   |        ETA   |
----------------------------------------------------------------------------------------------------
203000      |       -56730.7   |       -56492.7   |       -238.028   |   105:16:03   |   309:34:47   |
203050      |       -56745.2   |       -56485.4   |       -259.734   |   105:17:40   |   309:33:24   |
203100      |       -56739.2   |       -56481.6   |       -257.565   |   105:19:16   |   309:31:59   |
203150      |       -56643.3   |       -56472.5   |       -170.812   |   105:20:50   |   309:30:27   |
203200      |         -56705   |       -56479.6   |       -225.344   |   105:22:28   |   309:29:08   |
203250      |       -56747.7   |       -56471.5   |       -276.271   |   105:24:05   |   309:27:45   |
203300      |       -56680.8   |       -56466.4   |       -214.345   |   105:25:44   |   309:26:28   |
203350      |       -56712.8   |       -56491.7   |       -221.084   |   105:27:23   |   309:25:11   |
203400      |       -56736.8   |       -56487.7   |       -249.136   |   105:28:59   |   309:23:46   |
203450      |       -56706.2   |       -56482.1   |       -224.164   |   105:30:35   |   309:22:20   |
203500      |       -56743.1   |         -56482   |       -261.057   |   105:32:10   |   309:20:52   |
203550      |       -56721.9   |       -56465.6   |       -256.294   |   105:33:58   |   309:20:01   |
203600      |       -56711.1   |       -56471.4   |         -239.7   |   105:35:35   |   309:18:39   |
203650      |       -56711.3   |       -56469.1   |       -242.223   |   105:37:11   |   309:17:13   |
203700      |       -56701.7   |       -56461.5   |       -240.122   |   105:38:49   |   309:15:53   |
203750      |       -56672.4   |       -56452.4   |       -220.066   |   105:40:24   |   309:14:25   |
203800      |         -56720   |       -56479.7   |       -240.278   |   105:41:56   |   309:12:48   |
203850      |       -56721.6   |         -56470   |       -251.584   |   105:43:35   |   309:11:31   |
203900      |       -56721.9   |       -56470.3   |       -251.596   |   105:45:19   |   309:10:28   |
203950      |       -56671.3   |       -56471.7   |       -199.555   |   105:47:05   |   309:09:32   |


Iter        |      Posterior   |     Likelihood   |          Prior   |    elapsed   |        ETA   |
----------------------------------------------------------------------------------------------------
204000      |       -56717.3   |         -56478   |       -239.339   |   105:48:52   |   309:08:38   |
204050      |       -56700.8   |         -56476   |       -224.817   |   105:50:40   |   309:07:48   |
204100      |         -56739   |       -56493.3   |       -245.693   |   105:52:29   |   309:07:00   |
204150      |       -56690.6   |       -56468.3   |       -222.326   |   105:54:18   |   309:06:12   |
204200      |       -56725.6   |       -56464.4   |       -261.119   |   105:56:07   |   309:05:25   |
204250      |       -56683.2   |       -56471.3   |       -211.975   |   105:57:59   |   309:04:45   |
204300      |       -56730.6   |       -56494.8   |       -235.772   |   105:59:45   |   309:03:49   |
204350      |       -56736.4   |       -56495.9   |       -240.465   |   106:01:28   |   309:02:44   |
204400      |       -56748.8   |       -56493.4   |        -255.39   |   106:03:11   |   309:01:38   |
204450      |       -56758.8   |       -56499.2   |       -259.675   |   106:04:50   |   309:00:21   |
204500      |       -56717.9   |       -56482.9   |       -235.033   |   106:06:32   |   308:59:13   |
204550      |         -56714   |       -56481.9   |       -232.094   |   106:08:13   |   308:58:01   |
204600      |       -56734.8   |       -56498.1   |       -236.733   |   106:09:51   |   308:56:41   |
204650      |       -56710.7   |       -56490.3   |       -220.395   |   106:11:23   |   308:55:04   |
204700      |         -56706   |       -56487.9   |       -218.138   |   106:12:51   |   308:53:15   |
204750      |       -56758.3   |       -56488.3   |       -269.975   |   106:14:20   |   308:51:29   |
204800      |       -56745.7   |       -56497.6   |       -248.126   |   106:15:51   |   308:49:48   |
204850      |       -56715.8   |       -56484.1   |       -231.665   |   106:17:22   |   308:48:08   |
204900      |       -56734.9   |       -56493.8   |       -241.024   |   106:18:59   |   308:46:45   |
204950      |       -56750.2   |       -56501.4   |       -248.831   |   106:20:33   |   308:45:13   |


Iter        |      Posterior   |     Likelihood   |          Prior   |    elapsed   |        ETA   |
----------------------------------------------------------------------------------------------------
205000      |       -56742.7   |       -56486.6   |       -256.106   |   106:22:11   |   308:43:53   |
205050      |       -56785.6   |       -56504.1   |       -281.502   |   106:23:47   |   308:42:28   |
205100      |       -56767.4   |       -56487.2   |       -280.203   |   106:25:22   |   308:40:59   |
205150      |       -56775.5   |       -56489.4   |       -286.125   |   106:26:54   |   308:39:21   |
205200      |       -56757.6   |       -56478.5   |       -279.101   |   106:28:31   |   308:37:58   |
205250      |         -56741   |       -56475.4   |       -265.694   |   106:30:19   |   308:37:07   |
205300      |       -56704.6   |       -56484.8   |       -219.768   |   106:31:59   |   308:35:53   |
205350      |       -56736.8   |       -56481.7   |       -255.105   |   106:33:35   |   308:34:27   |
205400      |         -56744   |       -56480.1   |       -263.899   |   106:35:12   |   308:33:04   |
205450      |       -56763.3   |       -56494.6   |       -268.643   |   106:36:50   |   308:31:44   |
205500      |         -56713   |       -56498.5   |       -214.586   |   106:38:26   |   308:30:18   |
205550      |       -56732.2   |       -56499.1   |       -233.101   |   106:40:00   |   308:28:46   |
205600      |       -56721.6   |       -56484.4   |       -237.206   |   106:41:37   |   308:27:23   |
205650      |       -56737.3   |       -56486.3   |       -251.022   |   106:43:09   |   308:25:46   |
205700      |       -56732.6   |       -56501.6   |       -231.029   |   106:44:43   |   308:24:14   |
205750      |       -56726.2   |       -56478.8   |       -247.442   |   106:46:17   |   308:22:42   |
205800      |       -56747.5   |       -56484.6   |       -262.842   |   106:47:53   |   308:21:17   |
205850      |       -56722.1   |         -56483   |         -239.1   |   106:49:24   |   308:19:36   |
205900      |       -56702.2   |       -56481.2   |       -220.977   |   106:50:56   |   308:17:59   |
205950      |         -56659   |       -56482.1   |       -176.875   |   106:52:32   |   308:16:33   |


Iter        |      Posterior   |     Likelihood   |          Prior   |    elapsed   |        ETA   |
----------------------------------------------------------------------------------------------------
206000      |       -56705.9   |       -56497.4   |       -208.465   |   106:54:11   |   308:15:15   |
206050      |       -56720.6   |       -56488.4   |        -232.23   |   106:55:47   |   308:13:50   |
206100      |       -56702.1   |       -56482.8   |         -219.3   |   106:57:22   |   308:12:21   |
206150      |         -56700   |       -56479.3   |       -220.754   |   106:58:50   |   308:10:32   |
206200      |       -56666.6   |       -56474.5   |       -192.029   |   107:00:21   |   308:08:51   |
206250      |       -56683.4   |       -56458.2   |       -225.191   |   107:01:56   |   308:07:23   |
206300      |       -56708.5   |       -56466.9   |       -241.641   |   107:03:27   |   308:05:42   |
206350      |       -56722.7   |       -56466.1   |       -256.554   |   107:04:58   |   308:04:02   |
206400      |       -56705.3   |       -56477.2   |       -228.144   |   107:06:32   |   308:02:30   |
206450      |       -56742.8   |       -56484.8   |       -257.961   |   107:08:08   |   308:01:04   |
206500      |       -56719.1   |       -56465.6   |       -253.456   |   107:09:40   |   307:59:27   |
206550      |       -56685.5   |       -56465.1   |       -220.355   |   107:11:12   |   307:57:49   |
206600      |       -56678.5   |       -56469.1   |       -209.344   |   107:12:45   |   307:56:15   |
206650      |       -56721.5   |       -56471.2   |       -250.292   |   107:14:18   |   307:54:40   |
206700      |       -56714.2   |       -56481.7   |       -232.511   |   107:15:53   |   307:53:11   |
206750      |       -56715.7   |       -56475.1   |       -240.602   |   107:17:26   |   307:51:37   |
206800      |       -56750.6   |       -56469.7   |       -280.884   |   107:19:00   |   307:50:05   |
206850      |       -56746.1   |       -56472.1   |       -273.965   |   107:20:33   |   307:48:30   |
206900      |       -56684.8   |       -56487.1   |       -197.673   |   107:22:03   |   307:46:47   |
206950      |       -56727.3   |         -56479   |       -248.243   |   107:23:36   |   307:45:13   |


Iter        |      Posterior   |     Likelihood   |          Prior   |    elapsed   |        ETA   |
----------------------------------------------------------------------------------------------------
207000      |       -56714.7   |         -56476   |       -238.642   |   107:25:09   |   307:43:38   |
207050      |       -56694.8   |       -56464.8   |       -229.998   |   107:26:43   |   307:42:06   |
207100      |       -56708.7   |       -56480.9   |       -227.767   |   107:28:16   |   307:40:32   |
207150      |       -56733.8   |       -56496.4   |       -237.389   |   107:29:50   |   307:39:00   |
207200      |       -56706.2   |       -56473.2   |       -232.995   |   107:31:21   |   307:37:20   |
207250      |       -56708.8   |       -56473.3   |       -235.542   |   107:33:00   |   307:36:02   |
207300      |       -56703.1   |       -56480.7   |       -222.484   |   107:34:37   |   307:34:39   |
207350      |       -56682.3   |       -56466.3   |       -215.949   |   107:36:15   |   307:33:19   |
207400      |       -56741.3   |         -56476   |       -265.267   |   107:37:53   |   307:31:59   |
207450      |       -56735.8   |       -56488.1   |       -247.702   |   107:39:33   |   307:30:44   |
207500      |       -56760.6   |       -56501.9   |       -258.641   |   107:41:02   |   307:28:58   |
207550      |       -56697.1   |       -56463.3   |       -233.724   |   107:42:30   |   307:27:09   |
207600      |       -56693.4   |       -56471.5   |       -221.824   |   107:44:01   |   307:25:29   |
207650      |       -56732.3   |       -56478.5   |       -253.763   |   107:45:34   |   307:23:54   |
207700      |       -56716.4   |       -56477.6   |       -238.785   |   107:47:03   |   307:22:08   |
207750      |       -56758.7   |       -56486.1   |       -272.628   |   107:48:31   |   307:20:19   |
207800      |       -56738.6   |       -56483.7   |       -254.864   |   107:50:01   |   307:18:36   |
207850      |       -56705.2   |       -56488.8   |       -216.405   |   107:51:34   |   307:17:02   |
207900      |       -56715.7   |       -56484.4   |       -231.382   |   107:53:08   |   307:15:30   |
207950      |       -56718.5   |       -56484.8   |        -233.74   |   107:54:42   |   307:13:58   |


Iter        |      Posterior   |     Likelihood   |          Prior   |    elapsed   |        ETA   |
----------------------------------------------------------------------------------------------------
208000      |         -56734   |       -56489.1   |       -244.854   |   107:56:18   |   307:12:32   |
208050      |         -56713   |       -56483.5   |       -229.452   |   107:57:51   |   307:10:58   |
208100      |       -56702.9   |         -56502   |       -200.906   |   107:59:37   |   307:10:00   |
208150      |       -56717.2   |       -56475.9   |        -241.22   |   108:01:12   |   307:08:31   |
208200      |       -56678.3   |       -56497.5   |       -180.832   |   108:02:48   |   307:07:05   |
208250      |         -56719   |       -56488.6   |       -230.352   |   108:04:21   |   307:05:31   |
208300      |         -56705   |       -56473.5   |       -231.497   |   108:05:55   |   307:03:59   |
208350      |       -56741.6   |       -56485.2   |       -256.351   |   108:07:30   |   307:02:30   |
208400      |       -56722.5   |       -56477.7   |       -244.836   |   108:09:03   |   307:00:55   |
208450      |       -56759.1   |       -56500.4   |       -258.786   |   108:10:38   |   306:59:26   |
208500      |       -56755.3   |       -56474.1   |       -281.179   |   108:12:13   |   306:57:58   |
208550      |       -56724.9   |         -56479   |       -245.979   |   108:13:45   |   306:56:20   |
208600      |       -56696.4   |       -56464.2   |       -232.221   |   108:15:13   |   306:54:31   |
208650      |       -56766.7   |       -56478.9   |       -287.845   |   108:16:41   |   306:52:43   |
208700      |       -56699.2   |       -56471.5   |       -227.767   |   108:18:13   |   306:51:05   |
208750      |       -56679.5   |       -56470.1   |         -209.4   |   108:19:54   |   306:49:53   |
208800      |       -56751.8   |       -56490.7   |       -261.063   |   108:21:29   |   306:48:24   |
208850      |       -56708.8   |       -56466.9   |       -241.869   |   108:23:03   |   306:46:53   |
208900      |       -56743.4   |       -56464.9   |       -278.503   |   108:24:35   |   306:45:15   |
208950      |       -56723.8   |       -56463.1   |       -260.706   |   108:26:08   |   306:43:41   |


Iter        |      Posterior   |     Likelihood   |          Prior   |    elapsed   |        ETA   |
----------------------------------------------------------------------------------------------------
209000      |       -56662.4   |       -56456.1   |       -206.288   |   108:27:41   |   306:42:06   |
209050      |       -56712.7   |       -56473.4   |       -239.285   |   108:29:10   |   306:40:20   |
209100      |       -56711.2   |       -56473.7   |       -237.537   |   108:30:44   |   306:38:48   |
209150      |         -56707   |       -56473.3   |       -233.794   |   108:32:16   |   306:37:11   |
209200      |       -56675.1   |       -56476.1   |        -198.94   |   108:33:46   |   306:35:28   |
209250      |         -56725   |       -56484.6   |       -240.419   |   108:35:30   |   306:34:24   |
209300      |       -56774.6   |       -56462.2   |       -312.324   |   108:37:04   |   306:32:53   |
209350      |       -56741.5   |         -56485   |       -256.522   |   108:38:41   |   306:31:29   |
209400      |       -56732.9   |       -56480.1   |       -252.785   |   108:40:16   |   306:30:01   |
209450      |       -56667.3   |       -56474.4   |       -192.908   |   108:41:53   |   306:28:37   |
209500      |       -56704.2   |       -56475.9   |       -228.315   |   108:43:30   |   306:27:14   |
209550      |       -56723.2   |         -56477   |        -246.21   |   108:45:06   |   306:25:48   |
209600      |       -56754.5   |       -56489.5   |       -264.985   |   108:46:40   |   306:24:16   |
209650      |       -56714.9   |         -56474   |       -240.849   |   108:48:15   |   306:22:47   |
209700      |       -56727.7   |       -56489.9   |       -237.824   |   108:49:49   |   306:21:15   |
209750      |       -56722.9   |       -56486.9   |       -235.959   |   108:51:23   |   306:19:43   |
209800      |         -56742   |       -56488.6   |       -253.462   |   108:52:57   |   306:18:12   |
209850      |       -56737.4   |       -56500.7   |       -236.698   |   108:54:33   |   306:16:46   |
209900      |       -56713.9   |         -56478   |       -235.883   |   108:56:12   |   306:15:28   |
209950      |       -56660.1   |       -56485.8   |       -174.279   |   108:57:48   |   306:14:02   |


Iter        |      Posterior   |     Likelihood   |          Prior   |    elapsed   |        ETA   |
----------------------------------------------------------------------------------------------------
210000      |       -56719.8   |       -56475.9   |       -243.916   |   108:59:25   |   306:12:38   |
210050      |       -56714.9   |       -56487.7   |       -227.185   |   109:01:00   |   306:11:09   |
210100      |       -56730.5   |       -56477.8   |       -252.683   |   109:02:34   |   306:09:38   |
210150      |       -56739.6   |       -56475.4   |       -264.229   |   109:04:04   |   306:07:55   |
210200      |       -56716.9   |         -56477   |       -239.936   |   109:05:36   |   306:06:17   |
210250      |         -56717   |       -56465.5   |       -251.431   |   109:07:05   |   306:04:31   |
210300      |       -56697.4   |       -56473.7   |       -223.682   |   109:08:38   |   306:02:57   |
210350      |       -56727.5   |       -56479.2   |       -248.288   |   109:10:11   |   306:01:22   |
210400      |       -56731.4   |         -56483   |       -248.428   |   109:11:41   |   305:59:39   |
210450      |       -56725.9   |       -56483.1   |       -242.779   |   109:13:15   |   305:58:07   |
210500      |       -56684.8   |       -56464.4   |       -220.353   |   109:14:45   |   305:56:24   |
210550      |       -56705.5   |       -56476.8   |       -228.732   |   109:16:13   |   305:54:36   |
210600      |         -56649   |       -56460.5   |       -188.506   |   109:17:44   |   305:52:56   |
210650      |       -56672.9   |       -56463.1   |       -209.814   |   109:19:13   |   305:51:10   |
210700      |       -56725.6   |       -56460.4   |       -265.172   |   109:20:42   |   305:49:24   |
210750      |       -56739.1   |       -56482.1   |        -257.06   |   109:22:12   |   305:47:41   |
210800      |       -56696.7   |       -56463.9   |       -232.827   |   109:23:43   |   305:46:01   |
210850      |       -56655.1   |       -56466.5   |       -188.587   |   109:25:15   |   305:44:24   |
210900      |       -56686.4   |       -56460.2   |       -226.244   |   109:26:49   |   305:42:52   |
210950      |       -56688.6   |       -56468.8   |       -219.717   |   109:28:18   |   305:41:06   |


Iter        |      Posterior   |     Likelihood   |          Prior   |    elapsed   |        ETA   |
----------------------------------------------------------------------------------------------------
211000      |       -56678.8   |       -56470.5   |       -208.329   |   109:29:47   |   305:39:20   |
211050      |         -56667   |         -56470   |       -197.023   |   109:31:14   |   305:37:29   |
211100      |       -56695.5   |       -56459.9   |       -235.622   |   109:32:45   |   305:35:49   |
211150      |       -56679.1   |       -56465.9   |       -213.152   |   109:34:19   |   305:34:17   |
211200      |       -56726.1   |       -56473.2   |       -252.908   |   109:35:50   |   305:32:37   |
211250      |       -56782.8   |       -56478.9   |       -303.931   |   109:37:23   |   305:31:03   |
211300      |       -56713.7   |       -56461.2   |       -252.504   |   109:38:59   |   305:29:36   |
211350      |       -56714.6   |       -56476.3   |       -238.351   |   109:40:31   |   305:27:59   |
211400      |       -56687.3   |       -56477.8   |       -209.524   |   109:42:02   |   305:26:19   |
211450      |       -56710.3   |       -56493.8   |       -216.471   |   109:43:37   |   305:24:50   |
211500      |       -56726.5   |       -56478.8   |       -247.738   |   109:45:15   |   305:23:29   |
211550      |         -56710   |       -56476.2   |       -233.758   |   109:46:51   |   305:22:03   |
211600      |       -56688.9   |       -56462.3   |       -226.584   |   109:48:24   |   305:20:29   |
211650      |       -56699.9   |       -56471.6   |       -228.313   |   109:49:58   |   305:18:57   |
211700      |       -56676.9   |       -56465.9   |       -211.063   |   109:51:32   |   305:17:25   |
211750      |       -56741.9   |         -56479   |       -262.903   |   109:53:10   |   305:16:04   |
211800      |       -56705.3   |       -56469.2   |       -236.148   |   109:54:43   |   305:14:30   |
211850      |       -56699.8   |       -56467.2   |       -232.575   |   109:56:16   |   305:12:55   |
211900      |       -56722.8   |       -56479.4   |       -243.317   |   109:57:46   |   305:11:12   |
211950      |       -56699.7   |         -56477   |       -222.682   |   109:59:16   |   305:09:30   |


Iter        |      Posterior   |     Likelihood   |          Prior   |    elapsed   |        ETA   |
----------------------------------------------------------------------------------------------------
212000      |       -56765.5   |         -56497   |       -268.558   |   110:00:49   |   305:07:55   |
212050      |       -56749.7   |       -56493.1   |       -256.614   |   110:02:21   |   305:06:18   |
212100      |       -56730.4   |         -56486   |       -244.418   |   110:03:52   |   305:04:38   |
212150      |       -56704.4   |       -56474.5   |       -229.853   |   110:05:25   |   305:03:03   |
212200      |       -56730.5   |       -56497.7   |       -232.792   |   110:07:02   |   305:01:40   |
212250      |       -56742.2   |       -56474.1   |        -268.08   |   110:08:35   |   305:00:05   |
212300      |       -56741.4   |       -56472.3   |       -269.179   |   110:10:08   |   304:58:31   |
212350      |       -56721.1   |       -56459.7   |       -261.384   |   110:11:42   |   304:56:59   |
212400      |       -56674.6   |       -56467.4   |       -207.229   |   110:13:13   |   304:55:19   |
212450      |       -56690.4   |       -56467.6   |       -222.846   |   110:14:43   |   304:53:36   |
212500      |       -56701.8   |       -56475.4   |       -226.439   |   110:16:11   |   304:51:48   |
212550      |       -56710.7   |       -56470.8   |       -239.898   |   110:17:40   |   304:50:02   |
212600      |         -56737   |       -56484.4   |       -252.607   |   110:19:11   |   304:48:22   |
212650      |         -56723   |       -56473.1   |       -249.896   |   110:20:44   |   304:46:47   |
212700      |       -56730.1   |       -56478.1   |       -252.034   |   110:22:17   |   304:45:13   |
212750      |       -56708.3   |       -56470.8   |       -237.535   |   110:23:49   |   304:43:36   |
212800      |       -56727.9   |       -56481.2   |       -246.704   |   110:25:22   |   304:42:01   |
212850      |       -56697.8   |       -56473.4   |       -224.362   |   110:26:55   |   304:40:27   |
212900      |       -56707.9   |       -56477.8   |       -230.148   |   110:28:27   |   304:38:49   |
212950      |       -56676.7   |       -56454.4   |       -222.278   |   110:29:58   |   304:37:09   |


Iter        |      Posterior   |     Likelihood   |          Prior   |    elapsed   |        ETA   |
----------------------------------------------------------------------------------------------------
213000      |         -56671   |       -56471.3   |       -199.778   |   110:31:26   |   304:35:21   |
213050      |       -56713.8   |       -56470.7   |        -243.11   |   110:32:56   |   304:33:38   |
213100      |       -56761.4   |       -56475.3   |       -286.095   |   110:34:23   |   304:31:47   |
213150      |       -56691.6   |       -56477.8   |       -213.847   |   110:35:51   |   304:29:59   |
213200      |       -56705.4   |         -56463   |       -242.388   |   110:37:24   |   304:28:24   |
213250      |       -56672.1   |         -56463   |       -209.156   |   110:38:55   |   304:26:44   |
213300      |       -56673.1   |         -56470   |       -203.045   |   110:40:26   |   304:25:04   |
213350      |         -56710   |       -56461.7   |         -248.3   |   110:42:03   |   304:23:41   |
213400      |       -56713.4   |       -56484.6   |        -228.76   |   110:43:33   |   304:21:58   |
213450      |       -56677.4   |       -56466.8   |        -210.63   |   110:45:08   |   304:20:29   |
213500      |       -56694.3   |       -56476.7   |       -217.628   |   110:46:44   |   304:19:03   |
213550      |       -56697.9   |       -56480.7   |        -217.22   |   110:48:20   |   304:17:37   |
213600      |       -56705.3   |       -56459.2   |       -246.103   |   110:49:52   |   304:16:00   |
213650      |       -56681.3   |       -56475.5   |       -205.779   |   110:51:23   |   304:14:20   |
213700      |       -56687.5   |       -56468.1   |       -219.395   |   110:52:59   |   304:12:53   |
213750      |       -56701.8   |       -56465.1   |       -236.753   |   110:54:32   |   304:11:19   |
213800      |         -56724   |       -56471.6   |       -252.447   |   110:56:05   |   304:09:44   |
213850      |       -56720.4   |       -56486.7   |       -233.698   |   110:57:41   |   304:08:18   |
213900      |       -56745.8   |       -56481.1   |       -264.663   |   110:59:15   |   304:06:46   |
213950      |       -56700.6   |       -56484.9   |        -215.74   |   111:00:51   |   304:05:20   |


Iter        |      Posterior   |     Likelihood   |          Prior   |    elapsed   |        ETA   |
----------------------------------------------------------------------------------------------------
214000      |       -56740.5   |         -56487   |       -253.469   |   111:02:19   |   304:03:32   |
214050      |       -56716.4   |       -56468.8   |        -247.56   |   111:03:49   |   304:01:49   |
214100      |         -56733   |         -56483   |       -249.979   |   111:05:18   |   304:00:04   |
214150      |       -56674.2   |       -56464.9   |       -209.327   |   111:06:53   |   303:58:35   |
214200      |       -56712.1   |       -56490.9   |       -221.211   |   111:08:25   |   303:56:58   |
214250      |       -56726.8   |       -56482.2   |       -244.634   |   111:09:55   |   303:55:15   |
214300      |       -56740.6   |       -56495.2   |       -245.437   |   111:11:26   |   303:53:35   |
214350      |       -56687.7   |       -56480.9   |       -206.843   |   111:12:59   |   303:52:00   |
214400      |       -56710.5   |       -56489.5   |       -220.933   |   111:14:30   |   303:50:21   |
214450      |       -56750.7   |       -56475.8   |       -274.928   |   111:16:03   |   303:48:46   |
214500      |         -56702   |       -56466.6   |       -235.331   |   111:17:35   |   303:47:09   |
214550      |       -56722.7   |       -56471.3   |       -251.411   |   111:19:05   |   303:45:26   |
214600      |       -56717.2   |       -56456.2   |       -261.022   |   111:20:35   |   303:43:44   |
214650      |         -56656   |         -56471   |       -184.988   |   111:22:09   |   303:42:12   |
214700      |       -56685.8   |       -56464.6   |       -221.172   |   111:23:46   |   303:40:48   |
214750      |       -56752.2   |       -56495.4   |       -256.728   |   111:25:19   |   303:39:14   |
214800      |       -56708.1   |       -56484.6   |       -223.481   |   111:26:50   |   303:37:34   |
214850      |       -56701.5   |       -56480.1   |       -221.407   |   111:28:25   |   303:36:05   |
214900      |       -56761.7   |       -56473.3   |       -288.416   |   111:29:55   |   303:34:22   |
214950      |       -56758.7   |         -56479   |       -279.753   |   111:31:30   |   303:32:53   |


Iter        |      Posterior   |     Likelihood   |          Prior   |    elapsed   |        ETA   |
----------------------------------------------------------------------------------------------------
215000      |       -56720.6   |       -56474.4   |         -246.2   |   111:33:08   |   303:31:32   |
215050      |       -56704.3   |       -56477.1   |       -227.262   |   111:34:47   |   303:30:14   |
215100      |       -56722.6   |       -56472.6   |        -249.93   |   111:36:22   |   303:28:45   |
215150      |       -56732.9   |         -56486   |       -246.889   |   111:37:57   |   303:27:16   |
215200      |       -56697.9   |       -56481.3   |       -216.565   |   111:39:34   |   303:25:53   |
215250      |       -56668.1   |       -56466.5   |       -201.627   |   111:41:09   |   303:24:24   |
215300      |       -56717.5   |       -56474.2   |       -243.296   |   111:42:43   |   303:22:52   |
215350      |       -56722.9   |       -56485.3   |       -237.643   |   111:44:18   |   303:21:23   |
215400      |       -56679.1   |         -56463   |       -216.145   |   111:45:47   |   303:19:37   |
215450      |       -56744.3   |       -56478.9   |       -265.382   |   111:47:21   |   303:18:06   |
215500      |       -56769.1   |       -56496.6   |        -272.47   |   111:48:52   |   303:16:26   |
215550      |       -56707.3   |       -56490.8   |         -216.5   |   111:50:22   |   303:14:43   |
215600      |       -56752.5   |       -56484.2   |       -268.327   |   111:51:55   |   303:13:09   |
215650      |       -56675.2   |       -56466.3   |       -208.891   |   111:53:32   |   303:11:45   |
215700      |       -56717.9   |       -56484.3   |       -233.541   |   111:55:03   |   303:10:05   |
215750      |       -56772.6   |         -56480   |       -292.617   |   111:56:33   |   303:08:23   |
215800      |       -56687.5   |       -56476.1   |       -211.493   |   111:58:02   |   303:06:37   |
215850      |       -56751.1   |       -56482.2   |       -268.909   |   111:59:35   |   303:05:03   |
215900      |       -56682.9   |       -56481.3   |       -201.531   |   112:01:10   |   303:03:34   |
215950      |       -56703.9   |       -56478.5   |       -225.406   |   112:02:44   |   303:02:02   |


Iter        |      Posterior   |     Likelihood   |          Prior   |    elapsed   |        ETA   |
----------------------------------------------------------------------------------------------------
216000      |       -56706.2   |       -56472.4   |       -233.795   |   112:04:16   |   303:00:25   |
216050      |       -56729.2   |       -56474.7   |       -254.492   |   112:05:49   |   302:58:51   |
216100      |         -56778   |       -56486.5   |       -291.569   |   112:07:26   |   302:57:27   |
216150      |       -56710.6   |       -56470.3   |       -240.348   |   112:09:03   |   302:56:03   |
216200      |       -56728.1   |       -56475.6   |       -252.498   |   112:10:41   |   302:54:42   |
216250      |       -56711.3   |       -56484.7   |       -226.534   |   112:12:13   |   302:53:05   |
216300      |       -56713.9   |       -56476.4   |       -237.493   |   112:13:40   |   302:51:14   |
216350      |       -56746.3   |         -56473   |       -273.218   |   112:15:11   |   302:49:35   |
216400      |       -56716.8   |       -56475.5   |       -241.235   |   112:16:43   |   302:47:57   |
216450      |       -56695.6   |       -56466.8   |       -228.848   |   112:18:20   |   302:46:34   |
216500      |       -56735.4   |       -56473.6   |       -261.822   |   112:19:55   |   302:45:05   |
216550      |       -56740.6   |       -56481.1   |       -259.582   |   112:21:30   |   302:43:36   |
216600      |       -56728.2   |       -56471.2   |       -256.931   |   112:23:03   |   302:42:01   |
216650      |         -56713   |       -56461.4   |       -251.622   |   112:24:33   |   302:40:19   |
216700      |       -56728.9   |         -56467   |       -261.855   |   112:26:05   |   302:38:42   |
216750      |         -56719   |       -56456.1   |       -262.972   |   112:27:42   |   302:37:18   |
216800      |       -56725.9   |       -56464.7   |       -261.223   |   112:29:13   |   302:35:38   |
216850      |       -56669.8   |       -56462.4   |       -207.324   |   112:30:43   |   302:33:55   |
216900      |       -56698.2   |       -56481.5   |         -216.7   |   112:32:17   |   302:32:24   |
216950      |       -56742.1   |       -56481.4   |       -260.685   |   112:33:50   |   302:30:49   |


Iter        |      Posterior   |     Likelihood   |          Prior   |    elapsed   |        ETA   |
----------------------------------------------------------------------------------------------------
217000      |       -56707.4   |       -56465.1   |        -242.34   |   112:35:28   |   302:29:28   |
217050      |         -56694   |       -56465.8   |       -228.231   |   112:37:06   |   302:28:07   |
217100      |       -56687.9   |       -56453.5   |       -234.402   |   112:38:43   |   302:26:44   |
217150      |       -56705.9   |       -56472.8   |       -233.029   |   112:40:17   |   302:25:12   |
217200      |       -56745.2   |       -56472.9   |        -272.33   |   112:41:53   |   302:23:45   |
217250      |       -56733.5   |       -56485.7   |       -247.762   |   112:43:35   |   302:22:35   |
217300      |       -56702.9   |       -56469.5   |       -233.434   |   112:45:16   |   302:21:22   |
217350      |       -56718.2   |       -56462.1   |       -256.105   |   112:46:51   |   302:19:53   |
217400      |       -56720.5   |         -56471   |       -249.594   |   112:48:25   |   302:18:21   |
217450      |       -56697.2   |       -56459.6   |       -237.578   |   112:50:02   |   302:16:57   |
217500      |       -56740.4   |       -56474.2   |       -266.207   |   112:51:39   |   302:15:34   |
217550      |       -56701.8   |       -56455.3   |       -246.534   |   112:53:17   |   302:14:13   |
217600      |       -56718.9   |       -56462.1   |       -256.797   |   112:54:49   |   302:12:35   |
217650      |       -56736.3   |       -56454.1   |        -282.19   |   112:56:24   |   302:11:06   |
217700      |       -56734.1   |       -56462.2   |       -271.976   |   112:57:58   |   302:09:34   |
217750      |       -56694.9   |       -56466.9   |       -228.009   |   112:59:33   |   302:08:05   |
217800      |       -56688.2   |       -56444.9   |       -243.295   |   113:01:12   |   302:06:47   |
217850      |       -56718.6   |       -56482.5   |       -236.135   |   113:02:51   |   302:05:28   |
217900      |       -56707.6   |       -56458.5   |       -249.041   |   113:04:26   |   302:03:59   |
217950      |       -56693.1   |       -56466.6   |       -226.511   |   113:06:03   |   302:02:35   |


Iter        |      Posterior   |     Likelihood   |          Prior   |    elapsed   |        ETA   |
----------------------------------------------------------------------------------------------------
218000      |       -56690.7   |       -56471.8   |       -218.908   |   113:07:40   |   302:01:12   |
218050      |       -56688.3   |       -56468.4   |       -219.856   |   113:09:11   |   301:59:32   |
218100      |       -56658.1   |       -56449.4   |       -208.712   |   113:10:40   |   301:57:47   |
218150      |       -56685.7   |       -56461.6   |       -224.159   |   113:12:12   |   301:56:09   |
218200      |       -56727.9   |         -56464   |       -263.877   |   113:13:49   |   301:54:46   |
218250      |       -56688.9   |       -56462.5   |       -226.415   |   113:15:22   |   301:53:11   |
218300      |       -56705.9   |       -56468.3   |       -237.597   |   113:16:58   |   301:51:45   |
218350      |       -56704.9   |       -56450.5   |       -254.454   |   113:18:32   |   301:50:13   |
218400      |       -56660.5   |       -56473.1   |       -187.351   |   113:20:08   |   301:48:46   |
218450      |       -56708.5   |       -56456.2   |        -252.29   |   113:21:39   |   301:47:06   |
218500      |       -56760.8   |       -56468.3   |         -292.5   |   113:23:12   |   301:45:32   |
218550      |       -56760.2   |       -56467.3   |       -292.885   |   113:24:50   |   301:44:11   |
218600      |       -56686.8   |       -56461.5   |       -225.323   |   113:26:22   |   301:42:34   |
218650      |       -56707.7   |       -56460.7   |       -246.993   |   113:27:53   |   301:40:54   |
218700      |       -56693.4   |       -56483.4   |       -209.909   |   113:29:25   |   301:39:17   |
218750      |       -56717.3   |         -56485   |       -232.383   |   113:30:56   |   301:37:37   |
218800      |       -56699.6   |       -56472.6   |       -227.021   |   113:32:25   |   301:35:52   |
218850      |         -56729   |       -56472.1   |       -256.833   |   113:34:01   |   301:34:25   |
218900      |       -56748.8   |       -56473.2   |       -275.575   |   113:35:34   |   301:32:51   |
218950      |       -56731.2   |       -56468.3   |       -262.875   |   113:37:10   |   301:31:24   |


Iter        |      Posterior   |     Likelihood   |          Prior   |    elapsed   |        ETA   |
----------------------------------------------------------------------------------------------------
219000      |       -56681.1   |       -56467.4   |       -213.678   |   113:38:47   |   301:30:00   |
219050      |       -56759.4   |       -56477.3   |       -282.163   |   113:40:17   |   301:28:18   |
219100      |       -56693.8   |       -56473.2   |       -220.584   |   113:41:48   |   301:26:38   |
219150      |       -56714.7   |       -56477.4   |       -237.236   |   113:43:17   |   301:24:53   |
219200      |       -56703.1   |       -56477.7   |       -225.394   |   113:44:53   |   301:23:27   |
219250      |       -56732.9   |       -56468.9   |           -264   |   113:46:23   |   301:21:44   |
219300      |       -56727.3   |       -56475.1   |        -252.23   |   113:47:54   |   301:20:04   |
219350      |       -56719.3   |       -56463.5   |       -255.858   |   113:49:28   |   301:18:32   |
219400      |       -56702.2   |       -56455.5   |       -246.717   |   113:51:02   |   301:17:01   |
219450      |       -56745.1   |       -56480.9   |       -264.215   |   113:52:35   |   301:15:26   |
219500      |       -56701.6   |       -56482.4   |       -219.176   |   113:54:10   |   301:13:57   |
219550      |       -56728.7   |       -56502.5   |       -226.156   |   113:55:43   |   301:12:22   |
219600      |       -56707.2   |       -56502.3   |       -204.961   |   113:57:17   |   301:10:51   |
219650      |       -56713.7   |       -56500.1   |       -213.672   |   113:58:52   |   301:09:21   |
219700      |       -56734.8   |       -56484.1   |       -250.722   |   114:00:30   |   301:08:00   |
219750      |       -56698.4   |       -56467.4   |       -231.065   |   114:02:02   |   301:06:23   |
219800      |       -56731.7   |         -56459   |       -272.672   |   114:03:39   |   301:04:59   |
219850      |       -56671.6   |       -56476.2   |       -195.413   |   114:05:15   |   301:03:33   |
219900      |       -56744.8   |       -56465.3   |       -279.503   |   114:06:47   |   301:01:55   |
219950      |       -56727.4   |       -56483.8   |       -243.644   |   114:08:20   |   301:00:21   |


Iter        |      Posterior   |     Likelihood   |          Prior   |    elapsed   |        ETA   |
----------------------------------------------------------------------------------------------------
220000      |       -56714.5   |       -56482.3   |       -232.168   |   114:09:54   |   300:58:49   |
220050      |       -56702.2   |       -56463.7   |       -238.553   |   114:11:30   |   300:57:23   |
220100      |       -56724.7   |       -56474.5   |       -250.256   |   114:13:08   |   300:56:01   |
220150      |         -56754   |       -56482.5   |       -271.494   |   114:14:48   |   300:54:45   |
220200      |         -56712   |       -56480.6   |       -231.437   |   114:16:20   |   300:53:08   |
220250      |         -56676   |       -56486.3   |       -189.708   |   114:17:57   |   300:51:44   |
220300      |       -56729.5   |         -56494   |       -235.526   |   114:19:36   |   300:50:25   |
220350      |       -56755.7   |       -56481.9   |       -273.821   |   114:21:12   |   300:48:59   |
220400      |       -56761.6   |       -56488.6   |       -272.972   |   114:22:46   |   300:47:27   |
220450      |       -56736.9   |       -56481.6   |       -255.337   |   114:24:26   |   300:46:11   |
220500      |         -56714   |       -56478.2   |       -235.855   |   114:26:05   |   300:44:52   |
220550      |       -56706.1   |       -56465.2   |       -240.896   |   114:27:41   |   300:43:25   |
220600      |       -56752.8   |       -56481.3   |       -271.536   |   114:29:16   |   300:41:56   |
220650      |       -56749.8   |       -56491.3   |       -258.559   |   114:30:50   |   300:40:24   |
220700      |       -56757.7   |       -56491.2   |        -266.47   |   114:32:27   |   300:39:00   |
220750      |         -56771   |       -56480.3   |       -290.756   |   114:34:06   |   300:37:42   |
220800      |       -56688.5   |         -56477   |       -211.548   |   114:35:38   |   300:36:04   |
220850      |         -56715   |       -56478.9   |       -236.049   |   114:37:13   |   300:34:35   |
220900      |       -56723.3   |       -56487.8   |       -235.528   |   114:38:48   |   300:33:06   |
220950      |       -56719.5   |       -56504.5   |       -215.048   |   114:40:19   |   300:31:26   |


Iter        |      Posterior   |     Likelihood   |          Prior   |    elapsed   |        ETA   |
----------------------------------------------------------------------------------------------------
221000      |       -56694.5   |       -56472.2   |       -222.343   |   114:41:51   |   300:29:49   |
221050      |       -56742.5   |       -56485.1   |       -257.388   |   114:43:21   |   300:28:07   |
221100      |         -56706   |       -56470.8   |       -235.177   |   114:44:56   |   300:26:37   |
221150      |       -56666.7   |       -56474.9   |       -191.802   |   114:46:31   |   300:25:08   |
221200      |       -56707.1   |       -56469.1   |       -237.979   |   114:48:02   |   300:23:28   |
221250      |       -56733.2   |       -56489.3   |       -243.848   |   114:49:34   |   300:21:51   |
221300      |       -56708.7   |         -56476   |       -232.688   |   114:51:08   |   300:20:19   |
221350      |       -56713.8   |       -56489.5   |       -224.361   |   114:52:43   |   300:18:50   |
221400      |       -56704.6   |       -56469.4   |       -235.176   |   114:54:20   |   300:17:26   |
221450      |       -56674.7   |       -56443.6   |       -231.053   |   114:55:55   |   300:15:57   |
221500      |       -56734.8   |       -56451.7   |        -283.12   |   114:57:31   |   300:14:30   |
221550      |       -56723.3   |       -56479.8   |       -243.538   |   114:59:09   |   300:13:08   |
221600      |       -56707.2   |       -56464.8   |       -242.457   |   115:00:43   |   300:11:37   |
221650      |       -56683.7   |       -56466.1   |       -217.643   |   115:02:17   |   300:10:05   |
221700      |       -56722.5   |       -56471.2   |       -251.331   |   115:03:48   |   300:08:25   |
221750      |       -56707.2   |       -56480.4   |       -226.796   |   115:05:21   |   300:06:50   |
221800      |       -56706.2   |       -56480.2   |       -226.011   |   115:06:58   |   300:05:26   |
221850      |       -56707.6   |       -56476.8   |       -230.794   |   115:08:37   |   300:04:07   |
221900      |       -56698.7   |       -56463.1   |       -235.578   |   115:10:12   |   300:02:38   |
221950      |       -56758.6   |       -56485.8   |       -272.784   |   115:11:43   |   300:00:58   |


Iter        |      Posterior   |     Likelihood   |          Prior   |    elapsed   |        ETA   |
----------------------------------------------------------------------------------------------------
222000      |       -56777.6   |       -56461.2   |       -316.347   |   115:13:17   |   299:59:26   |
222050      |       -56752.1   |       -56461.3   |       -290.806   |   115:15:01   |   299:58:21   |
222100      |       -56743.7   |       -56476.9   |       -266.813   |   115:16:33   |   299:56:43   |
222150      |       -56697.6   |       -56460.8   |       -236.801   |   115:18:05   |   299:55:06   |
222200      |       -56699.4   |       -56479.2   |       -220.253   |   115:19:41   |   299:53:40   |
222250      |       -56734.6   |       -56485.4   |        -249.29   |   115:21:12   |   299:52:00   |
222300      |       -56694.8   |       -56467.2   |       -227.677   |   115:22:46   |   299:50:28   |
222350      |       -56736.1   |       -56466.5   |       -269.567   |   115:24:19   |   299:48:53   |
222400      |       -56733.3   |       -56463.8   |       -269.527   |   115:25:50   |   299:47:14   |
222450      |         -56713   |         -56490   |       -222.954   |   115:27:27   |   299:45:50   |
222500      |       -56706.1   |       -56462.9   |       -243.126   |   115:29:04   |   299:44:25   |
222550      |       -56715.8   |       -56463.3   |       -252.522   |   115:30:41   |   299:43:01   |
222600      |       -56729.5   |       -56463.7   |       -265.745   |   115:32:15   |   299:41:29   |
222650      |       -56760.1   |       -56484.7   |       -275.378   |   115:33:46   |   299:39:50   |
222700      |       -56709.8   |       -56461.4   |       -248.376   |   115:35:23   |   299:38:25   |
222750      |         -56698   |       -56462.8   |       -235.136   |   115:37:02   |   299:37:06   |
222800      |       -56689.1   |       -56460.2   |       -228.881   |   115:38:37   |   299:35:37   |
222850      |       -56687.4   |       -56471.4   |       -215.965   |   115:40:09   |   299:34:00   |
222900      |       -56653.1   |       -56449.4   |       -203.783   |   115:41:44   |   299:32:31   |
222950      |       -56719.2   |       -56462.5   |       -256.636   |   115:43:18   |   299:30:59   |


Iter        |      Posterior   |     Likelihood   |          Prior   |    elapsed   |        ETA   |
----------------------------------------------------------------------------------------------------
223000      |       -56717.2   |       -56460.1   |       -257.138   |   115:44:53   |   299:29:29   |
223050      |       -56705.3   |         -56471   |        -234.34   |   115:46:29   |   299:28:03   |
223100      |       -56690.5   |       -56456.8   |       -233.689   |   115:48:06   |   299:26:38   |
223150      |         -56651   |       -56457.8   |       -193.196   |   115:49:43   |   299:25:14   |
223200      |       -56716.8   |       -56475.3   |       -241.419   |   115:51:18   |   299:23:45   |
223250      |       -56695.8   |       -56468.1   |       -227.658   |   115:52:54   |   299:22:18   |
223300      |       -56740.2   |       -56471.6   |       -268.636   |   115:54:27   |   299:20:43   |
223350      |       -56708.4   |       -56467.3   |       -241.072   |   115:56:03   |   299:19:17   |
223400      |       -56682.5   |       -56461.4   |       -221.075   |   115:57:39   |   299:17:50   |
223450      |       -56738.9   |         -56466   |        -272.96   |   115:59:11   |   299:16:13   |
223500      |       -56772.4   |       -56475.5   |        -296.92   |   116:00:45   |   299:14:41   |
223550      |       -56726.7   |         -56469   |       -257.738   |   116:02:17   |   299:13:04   |
223600      |       -56744.8   |       -56481.5   |       -263.379   |   116:03:46   |   299:11:19   |
223650      |       -56752.3   |       -56490.9   |       -261.435   |   116:05:17   |   299:09:39   |
223700      |       -56726.8   |       -56474.8   |       -252.047   |   116:06:49   |   299:08:02   |
223750      |       -56712.6   |         -56472   |       -240.567   |   116:08:19   |   299:06:20   |
223800      |       -56700.4   |       -56470.7   |       -229.721   |   116:10:00   |   299:05:06   |
223850      |       -56713.4   |       -56473.4   |       -239.933   |   116:11:37   |   299:03:41   |
223900      |       -56731.1   |       -56485.2   |       -245.951   |   116:13:07   |   299:01:59   |
223950      |       -56707.8   |       -56480.9   |       -226.976   |   116:14:37   |   299:00:17   |


Iter        |      Posterior   |     Likelihood   |          Prior   |    elapsed   |        ETA   |
----------------------------------------------------------------------------------------------------
224000      |       -56716.7   |       -56490.7   |       -226.021   |   116:16:10   |   298:58:42   |
224050      |         -56720   |       -56482.6   |       -237.371   |   116:17:43   |   298:57:08   |
224100      |       -56724.1   |       -56481.8   |       -242.309   |   116:19:13   |   298:55:26   |
224150      |       -56696.3   |       -56475.1   |       -221.173   |   116:20:49   |   298:53:59   |
224200      |       -56739.7   |       -56471.9   |       -267.873   |   116:22:20   |   298:52:19   |
224250      |       -56728.7   |       -56472.2   |       -256.465   |   116:23:52   |   298:50:42   |
224300      |       -56770.2   |       -56477.1   |       -293.145   |   116:25:22   |   298:49:00   |
224350      |       -56703.5   |       -56481.5   |       -222.013   |   116:26:54   |   298:47:23   |
224400      |       -56704.6   |         -56475   |       -229.593   |   116:28:23   |   298:45:38   |
224450      |       -56715.9   |       -56481.7   |       -234.178   |   116:29:56   |   298:44:03   |
224500      |       -56724.7   |       -56476.3   |       -248.348   |   116:31:27   |   298:42:24   |
224550      |       -56707.4   |       -56481.5   |       -225.921   |   116:32:58   |   298:40:44   |
224600      |       -56698.8   |         -56464   |       -234.755   |   116:34:27   |   298:38:59   |
224650      |       -56699.8   |         -56474   |       -225.855   |   116:35:58   |   298:37:20   |
224700      |       -56745.2   |       -56475.7   |       -269.504   |   116:37:28   |   298:35:37   |
224750      |         -56676   |       -56473.7   |       -202.297   |   116:39:00   |   298:34:00   |
224800      |       -56746.4   |       -56478.7   |       -267.666   |   116:40:36   |   298:32:34   |
224850      |       -56706.5   |         -56463   |       -243.493   |   116:42:10   |   298:31:02   |
224900      |       -56726.6   |       -56470.5   |        -256.07   |   116:43:47   |   298:29:37   |
224950      |       -56726.7   |       -56464.8   |       -261.876   |   116:45:18   |   298:27:58   |


Iter        |      Posterior   |     Likelihood   |          Prior   |    elapsed   |        ETA   |
----------------------------------------------------------------------------------------------------
225000      |       -56735.5   |       -56455.6   |       -279.918   |   116:46:45   |   298:26:08   |
225050      |       -56737.5   |       -56457.8   |       -279.747   |   116:48:17   |   298:24:31   |
225100      |       -56720.8   |       -56466.1   |       -254.726   |   116:49:49   |   298:22:54   |
225150      |       -56674.6   |       -56463.4   |       -211.263   |   116:51:22   |   298:21:19   |
225200      |       -56738.3   |       -56464.9   |       -273.352   |   116:52:55   |   298:19:45   |
225250      |       -56690.7   |       -56474.8   |       -215.867   |   116:54:34   |   298:18:26   |
225300      |       -56670.8   |       -56457.8   |       -213.015   |   116:56:12   |   298:17:04   |
225350      |       -56702.9   |         -56476   |       -226.955   |   116:57:49   |   298:15:39   |
225400      |       -56735.4   |       -56480.6   |       -254.864   |   116:59:25   |   298:14:13   |
225450      |       -56691.9   |       -56468.9   |       -223.022   |   117:01:01   |   298:12:46   |
225500      |       -56710.9   |       -56463.7   |       -247.286   |   117:02:39   |   298:11:24   |
225550      |         -56770   |       -56475.2   |       -294.842   |   117:04:16   |   298:10:00   |
225600      |       -56699.2   |       -56468.4   |       -230.725   |   117:05:55   |   298:08:40   |
225650      |       -56719.9   |       -56467.9   |       -251.984   |   117:07:34   |   298:07:21   |
225700      |       -56722.1   |       -56470.9   |       -251.195   |   117:09:08   |   298:05:49   |
225750      |       -56727.1   |       -56461.6   |       -265.535   |   117:10:44   |   298:04:22   |
225800      |       -56711.2   |       -56459.2   |        -252.08   |   117:12:18   |   298:02:50   |
225850      |       -56706.6   |       -56473.4   |       -233.208   |   117:13:57   |   298:01:31   |
225900      |       -56712.1   |       -56474.7   |       -237.381   |   117:15:31   |   297:59:59   |
225950      |       -56691.4   |       -56471.1   |       -220.277   |   117:17:06   |   297:58:30   |


Iter        |      Posterior   |     Likelihood   |          Prior   |    elapsed   |        ETA   |
----------------------------------------------------------------------------------------------------
226000      |       -56773.1   |       -56470.5   |       -302.583   |   117:18:42   |   297:57:03   |
226050      |       -56720.7   |       -56474.5   |       -246.209   |   117:20:15   |   297:55:28   |
226100      |       -56689.1   |       -56466.7   |       -222.346   |   117:21:50   |   297:53:59   |
226150      |       -56639.4   |         -56468   |       -171.382   |   117:23:22   |   297:52:22   |
226200      |       -56675.2   |         -56460   |       -215.204   |   117:24:56   |   297:50:50   |
226250      |       -56669.6   |       -56470.3   |       -199.255   |   117:26:30   |   297:49:18   |
226300      |       -56703.1   |       -56470.3   |       -232.728   |   117:28:06   |   297:47:51   |
226350      |         -56736   |       -56463.8   |       -272.232   |   117:29:41   |   297:46:21   |
226400      |       -56716.7   |       -56477.8   |       -238.947   |   117:31:14   |   297:44:47   |
226450      |         -56689   |       -56464.4   |       -224.544   |   117:32:44   |   297:43:04   |
226500      |       -56726.2   |       -56477.1   |       -249.103   |   117:34:25   |   297:41:50   |
226550      |       -56718.8   |       -56462.2   |       -256.651   |   117:35:58   |   297:40:16   |
226600      |       -56720.8   |         -56484   |       -236.753   |   117:37:33   |   297:38:46   |
226650      |       -56738.5   |       -56472.9   |         -265.6   |   117:39:12   |   297:37:27   |
226700      |       -56743.5   |         -56478   |        -265.43   |   117:40:49   |   297:36:02   |
226750      |       -56712.6   |       -56481.2   |       -231.448   |   117:42:25   |   297:34:35   |
226800      |       -56737.4   |       -56492.3   |       -245.123   |   117:43:56   |   297:32:56   |
226850      |       -56695.1   |       -56472.9   |       -222.258   |   117:45:30   |   297:31:24   |
226900      |       -56727.4   |       -56482.3   |       -245.146   |   117:47:05   |   297:29:54   |
226950      |       -56751.1   |       -56478.5   |        -272.61   |   117:48:42   |   297:28:30   |


Iter        |      Posterior   |     Likelihood   |          Prior   |    elapsed   |        ETA   |
----------------------------------------------------------------------------------------------------
227000      |       -56736.4   |       -56480.7   |       -255.717   |   117:50:20   |   297:27:08   |
227050      |         -56739   |       -56472.1   |       -266.867   |   117:51:57   |   297:25:43   |
227100      |       -56750.7   |       -56485.9   |       -264.797   |   117:53:32   |   297:24:14   |
227150      |       -56738.1   |       -56468.4   |       -269.687   |   117:55:04   |   297:22:37   |
227200      |       -56718.9   |       -56482.8   |        -236.14   |   117:56:36   |   297:21:00   |
227250      |       -56758.5   |       -56488.6   |       -269.824   |   117:58:14   |   297:19:38   |
227300      |       -56699.4   |       -56484.2   |       -215.163   |   117:59:52   |   297:18:16   |
227350      |       -56766.3   |       -56472.7   |       -293.602   |   118:01:27   |   297:16:46   |
227400      |       -56733.3   |       -56486.8   |       -246.474   |   118:03:00   |   297:15:12   |
227450      |       -56734.4   |         -56481   |       -253.335   |   118:04:35   |   297:13:42   |
227500      |       -56753.9   |         -56465   |       -288.895   |   118:06:09   |   297:12:10   |
227550      |       -56739.9   |       -56489.9   |        -250.02   |   118:07:47   |   297:10:48   |
227600      |       -56699.1   |       -56474.4   |       -224.722   |   118:09:22   |   297:09:19   |
227650      |       -56719.2   |       -56480.1   |       -239.078   |   118:11:00   |   297:07:57   |
227700      |       -56723.5   |       -56483.3   |       -240.217   |   118:12:32   |   297:06:20   |
227750      |       -56711.5   |       -56487.8   |       -223.698   |   118:14:03   |   297:04:40   |
227800      |         -56705   |       -56465.8   |       -239.225   |   118:15:36   |   297:03:06   |
227850      |       -56718.2   |       -56468.1   |       -250.021   |   118:17:09   |   297:01:31   |
227900      |       -56722.7   |       -56485.1   |       -237.551   |   118:18:41   |   296:59:54   |
227950      |         -56736   |       -56478.8   |       -257.242   |   118:20:11   |   296:58:12   |


Iter        |      Posterior   |     Likelihood   |          Prior   |    elapsed   |        ETA   |
----------------------------------------------------------------------------------------------------
228000      |         -56744   |       -56479.5   |       -264.492   |   118:21:44   |   296:56:37   |
228050      |       -56717.9   |         -56473   |       -244.867   |   118:23:14   |   296:54:55   |
228100      |       -56697.9   |       -56466.2   |       -231.706   |   118:24:46   |   296:53:18   |
228150      |       -56720.4   |       -56480.1   |       -240.336   |   118:26:20   |   296:51:46   |
228200      |       -56726.2   |         -56492   |       -234.241   |   118:27:56   |   296:50:19   |
228250      |       -56705.1   |       -56473.9   |       -231.205   |   118:29:32   |   296:48:52   |
228300      |       -56706.7   |       -56463.5   |        -243.15   |   118:31:09   |   296:47:27   |
228350      |       -56653.7   |       -56477.8   |       -175.908   |   118:32:46   |   296:46:03   |
228400      |       -56726.3   |       -56471.2   |       -255.088   |   118:34:22   |   296:44:36   |
228450      |       -56685.8   |       -56480.5   |       -205.296   |   118:36:00   |   296:43:14   |
228500      |       -56685.1   |       -56461.3   |       -223.772   |   118:37:36   |   296:41:47   |
228550      |       -56705.1   |       -56476.9   |       -228.204   |   118:39:13   |   296:40:22   |
228600      |       -56703.9   |       -56471.2   |       -232.718   |   118:40:48   |   296:38:53   |
228650      |         -56724   |       -56475.2   |       -248.742   |   118:42:23   |   296:37:23   |
228700      |       -56721.8   |       -56459.8   |        -262.05   |   118:43:52   |   296:35:38   |
228750      |       -56724.1   |       -56476.8   |       -247.238   |   118:45:23   |   296:33:59   |
228800      |       -56743.8   |       -56480.5   |         -263.3   |   118:47:11   |   296:33:02   |
228850      |       -56721.4   |       -56467.8   |       -253.517   |   118:48:54   |   296:31:52   |
228900      |       -56724.4   |       -56471.2   |       -253.197   |   118:50:32   |   296:30:30   |
228950      |       -56728.4   |       -56472.3   |       -256.033   |   118:52:07   |   296:29:00   |


Iter        |      Posterior   |     Likelihood   |          Prior   |    elapsed   |        ETA   |
----------------------------------------------------------------------------------------------------
229000      |       -56700.8   |       -56468.4   |       -232.421   |   118:53:43   |   296:27:33   |
229050      |       -56729.3   |       -56476.1   |       -253.145   |   118:55:16   |   296:25:59   |
229100      |       -56705.9   |       -56467.5   |       -238.446   |   118:56:52   |   296:24:32   |
229150      |       -56695.2   |       -56465.7   |       -229.436   |   118:58:32   |   296:23:15   |
229200      |       -56690.4   |       -56470.5   |       -219.897   |   119:00:09   |   296:21:50   |
229250      |       -56735.6   |       -56475.8   |       -259.889   |   119:01:44   |   296:20:20   |
229300      |       -56698.5   |       -56454.9   |       -243.668   |   119:03:18   |   296:18:48   |
229350      |       -56749.6   |       -56460.9   |       -288.721   |   119:04:51   |   296:17:14   |
229400      |       -56734.7   |       -56457.5   |       -277.154   |   119:06:24   |   296:15:39   |
229450      |       -56731.2   |       -56473.4   |       -257.806   |   119:08:00   |   296:14:12   |
229500      |       -56719.9   |       -56467.7   |       -252.275   |   119:09:39   |   296:12:52   |
229550      |       -56723.3   |       -56475.1   |       -248.122   |   119:11:16   |   296:11:27   |
229600      |       -56706.5   |       -56452.3   |       -254.159   |   119:12:48   |   296:09:50   |
229650      |       -56715.6   |       -56493.7   |       -221.873   |   119:14:22   |   296:08:18   |
229700      |       -56740.2   |       -56478.7   |       -261.491   |   119:15:59   |   296:06:54   |
229750      |       -56728.9   |       -56489.2   |       -239.704   |   119:17:34   |   296:05:24   |
229800      |       -56727.9   |       -56474.5   |        -253.43   |   119:19:12   |   296:04:02   |
229850      |       -56737.5   |       -56465.4   |       -272.091   |   119:20:49   |   296:02:37   |
229900      |       -56720.4   |         -56478   |       -242.422   |   119:22:24   |   296:01:07   |
229950      |       -56717.7   |       -56473.8   |       -243.899   |   119:23:59   |   295:59:38   |


Iter        |      Posterior   |     Likelihood   |          Prior   |    elapsed   |        ETA   |
----------------------------------------------------------------------------------------------------
230000      |       -56735.8   |       -56504.3   |        -231.51   |   119:25:34   |   295:58:08   |
230050      |       -56723.4   |         -56478   |       -245.421   |   119:27:03   |   295:56:24   |
230100      |       -56772.5   |       -56471.4   |       -301.151   |   119:28:35   |   295:54:46   |
230150      |       -56721.1   |       -56477.2   |       -243.924   |   119:30:01   |   295:52:55   |
230200      |       -56661.7   |       -56453.9   |       -207.844   |   119:31:33   |   295:51:17   |
230250      |       -56683.6   |       -56462.3   |       -221.279   |   119:33:04   |   295:49:38   |
230300      |       -56669.2   |       -56466.3   |        -202.92   |   119:34:39   |   295:48:08   |
230350      |       -56691.4   |       -56458.2   |        -233.22   |   119:36:15   |   295:46:41   |
230400      |       -56655.8   |       -56454.7   |       -201.145   |   119:37:53   |   295:45:19   |
230450      |       -56689.6   |       -56465.9   |       -223.736   |   119:39:27   |   295:43:47   |
230500      |         -56671   |         -56451   |       -219.959   |   119:40:58   |   295:42:07   |
230550      |       -56750.8   |       -56471.6   |       -279.214   |   119:42:30   |   295:40:30   |
230600      |         -56705   |       -56460.2   |       -244.794   |   119:44:04   |   295:38:58   |
230650      |       -56701.2   |       -56474.6   |        -226.69   |   119:45:35   |   295:37:18   |
230700      |       -56712.2   |       -56457.1   |       -255.063   |   119:47:05   |   295:35:36   |
230750      |       -56726.2   |       -56461.9   |        -264.35   |   119:48:37   |   295:33:59   |
230800      |       -56768.1   |       -56464.9   |       -303.274   |   119:50:06   |   295:32:15   |
230850      |         -56749   |       -56462.3   |       -286.729   |   119:51:35   |   295:30:30   |
230900      |       -56699.8   |         -56477   |       -222.834   |   119:53:07   |   295:28:53   |
230950      |       -56761.2   |       -56477.3   |       -283.947   |   119:54:40   |   295:27:19   |


Iter        |      Posterior   |     Likelihood   |          Prior   |    elapsed   |        ETA   |
----------------------------------------------------------------------------------------------------
231000      |       -56724.7   |       -56485.9   |       -238.759   |   119:56:16   |   295:25:52   |
231050      |         -56723   |       -56484.3   |        -238.71   |   119:57:50   |   295:24:20   |
231100      |       -56722.5   |       -56468.5   |       -254.011   |   119:59:24   |   295:22:47   |
231150      |       -56770.9   |       -56471.3   |       -299.606   |   120:00:56   |   295:21:10   |
231200      |       -56748.8   |       -56463.2   |       -285.593   |   120:02:27   |   295:19:31   |
231250      |       -56731.7   |       -56462.4   |       -269.338   |   120:04:00   |   295:17:56   |
231300      |       -56748.3   |       -56470.4   |       -277.867   |   120:05:32   |   295:16:19   |
231350      |       -56745.6   |         -56475   |       -270.573   |   120:07:05   |   295:14:45   |
231400      |       -56712.3   |       -56482.3   |       -230.031   |   120:08:35   |   295:13:03   |
231450      |       -56735.9   |       -56495.3   |       -240.537   |   120:10:05   |   295:11:21   |
231500      |       -56724.5   |       -56474.2   |       -250.309   |   120:11:38   |   295:09:46   |
231550      |       -56746.8   |       -56473.2   |        -273.63   |   120:13:08   |   295:08:04   |
231600      |       -56716.9   |       -56473.4   |       -243.555   |   120:14:38   |   295:06:22   |
231650      |       -56735.5   |       -56464.1   |       -271.421   |   120:16:06   |   295:04:35   |
231700      |       -56737.5   |       -56464.8   |       -272.782   |   120:17:37   |   295:02:56   |
231750      |       -56731.7   |       -56470.5   |       -261.182   |   120:19:10   |   295:01:21   |
231800      |       -56730.5   |         -56462   |       -268.539   |   120:20:40   |   294:59:40   |
231850      |       -56728.5   |         -56475   |       -253.514   |   120:22:13   |   294:58:05   |
231900      |       -56712.6   |       -56474.6   |       -238.011   |   120:23:49   |   294:56:38   |
231950      |       -56723.1   |       -56473.1   |       -250.001   |   120:25:25   |   294:55:11   |


Iter        |      Posterior   |     Likelihood   |          Prior   |    elapsed   |        ETA   |
----------------------------------------------------------------------------------------------------
232000      |       -56747.4   |       -56478.8   |       -268.616   |   120:26:59   |   294:53:38   |
232050      |       -56746.6   |       -56487.4   |       -259.213   |   120:28:31   |   294:52:01   |
232100      |       -56751.7   |       -56483.8   |       -267.831   |   120:30:00   |   294:50:17   |
232150      |       -56715.8   |         -56479   |       -236.758   |   120:31:29   |   294:48:33   |
232200      |       -56713.6   |       -56484.9   |       -228.708   |   120:33:02   |   294:46:58   |
232250      |       -56707.1   |       -56487.3   |       -219.743   |   120:34:39   |   294:45:33   |
232300      |       -56713.1   |       -56481.2   |       -231.808   |   120:36:13   |   294:44:01   |
232350      |       -56750.4   |       -56483.9   |       -266.555   |   120:37:43   |   294:42:19   |
232400      |       -56755.9   |         -56471   |       -284.901   |   120:39:13   |   294:40:38   |
232450      |       -56776.2   |       -56478.1   |       -298.151   |   120:40:44   |   294:38:58   |
232500      |       -56743.7   |       -56482.2   |       -261.571   |   120:42:16   |   294:37:21   |
232550      |       -56729.1   |       -56486.3   |       -242.819   |   120:43:46   |   294:35:39   |
232600      |       -56711.2   |       -56472.8   |       -238.472   |   120:45:16   |   294:33:57   |
232650      |       -56696.6   |       -56475.6   |       -221.038   |   120:46:50   |   294:32:25   |
232700      |       -56756.5   |       -56463.3   |       -293.218   |   120:48:21   |   294:30:46   |
232750      |       -56706.3   |       -56461.9   |       -244.402   |   120:49:52   |   294:29:06   |
232800      |       -56717.2   |       -56460.1   |       -257.095   |   120:51:28   |   294:27:39   |
232850      |         -56695   |       -56469.9   |       -225.029   |   120:53:07   |   294:26:19   |
232900      |       -56704.2   |       -56459.6   |       -244.597   |   120:54:45   |   294:24:57   |
232950      |       -56712.9   |       -56477.9   |       -234.981   |   120:56:21   |   294:23:30   |


Iter        |      Posterior   |     Likelihood   |          Prior   |    elapsed   |        ETA   |
----------------------------------------------------------------------------------------------------
233000      |       -56722.9   |       -56460.6   |       -262.313   |   120:57:58   |   294:22:05   |
233050      |       -56744.1   |       -56469.6   |       -274.525   |   120:59:33   |   294:20:35   |
233100      |       -56723.8   |       -56476.7   |        -247.16   |   121:01:09   |   294:19:08   |
233150      |       -56697.2   |       -56462.4   |       -234.803   |   121:02:38   |   294:17:24   |
233200      |       -56716.4   |       -56466.8   |       -249.554   |   121:04:08   |   294:15:42   |
233250      |       -56751.3   |       -56470.7   |       -280.507   |   121:05:36   |   294:13:55   |
233300      |       -56702.6   |       -56458.6   |       -244.017   |   121:07:05   |   294:12:11   |
233350      |       -56716.5   |         -56459   |       -257.464   |   121:08:35   |   294:10:29   |
233400      |       -56697.1   |       -56469.3   |       -227.754   |   121:10:07   |   294:08:52   |
233450      |         -56776   |       -56485.6   |       -290.415   |   121:11:40   |   294:07:18   |
233500      |       -56712.9   |       -56474.7   |       -238.233   |   121:13:14   |   294:05:46   |
233550      |       -56725.3   |       -56479.3   |       -246.016   |   121:14:49   |   294:04:16   |
233600      |       -56770.1   |         -56474   |       -296.068   |   121:16:23   |   294:02:44   |
233650      |       -56732.7   |       -56467.8   |       -264.994   |   121:18:02   |   294:01:24   |
233700      |       -56763.2   |       -56475.4   |       -287.843   |   121:19:36   |   293:59:52   |
233750      |       -56718.8   |       -56465.7   |       -253.068   |   121:21:09   |   293:58:17   |
233800      |       -56775.5   |       -56494.1   |       -281.393   |   121:22:41   |   293:56:40   |
233850      |       -56728.6   |       -56483.7   |       -244.925   |   121:24:16   |   293:55:10   |
233900      |       -56744.9   |       -56474.5   |       -270.405   |   121:25:49   |   293:53:36   |
233950      |       -56713.7   |       -56473.8   |        -239.89   |   121:27:26   |   293:52:11   |


Iter        |      Posterior   |     Likelihood   |          Prior   |    elapsed   |        ETA   |
----------------------------------------------------------------------------------------------------
234000      |       -56714.3   |       -56465.9   |       -248.416   |   121:29:04   |   293:50:49   |
234050      |       -56725.9   |       -56480.1   |        -245.88   |   121:30:41   |   293:49:24   |
234100      |         -56749   |       -56475.3   |       -273.739   |   121:32:17   |   293:47:57   |
234150      |       -56709.9   |       -56467.8   |       -242.054   |   121:33:54   |   293:46:32   |
234200      |       -56692.1   |       -56458.3   |       -233.827   |   121:35:28   |   293:45:00   |
234250      |       -56684.4   |       -56462.6   |       -221.761   |   121:37:04   |   293:43:32   |
234300      |       -56694.8   |       -56459.8   |       -234.945   |   121:38:39   |   293:42:02   |
234350      |       -56687.8   |         -56472   |       -215.806   |   121:40:16   |   293:40:38   |
234400      |         -56716   |       -56475.8   |       -240.228   |   121:41:52   |   293:39:10   |
234450      |       -56695.2   |       -56487.5   |        -207.66   |   121:43:30   |   293:37:48   |
234500      |       -56706.9   |       -56468.7   |        -238.24   |   121:45:11   |   293:36:33   |
234550      |       -56699.5   |       -56465.4   |       -234.124   |   121:46:46   |   293:35:03   |
234600      |       -56767.4   |       -56467.5   |       -299.942   |   121:48:21   |   293:33:33   |
234650      |         -56698   |       -56466.7   |       -231.295   |   121:49:56   |   293:32:03   |
234700      |       -56717.5   |       -56461.4   |       -256.096   |   121:51:30   |   293:30:31   |
234750      |       -56691.2   |       -56461.5   |       -229.765   |   121:53:06   |   293:29:04   |
234800      |       -56737.8   |       -56459.6   |       -278.286   |   121:54:40   |   293:27:32   |
234850      |         -56731   |       -56472.1   |       -258.983   |   121:56:19   |   293:26:12   |
234900      |       -56753.6   |       -56475.3   |       -278.346   |   121:57:57   |   293:24:49   |
234950      |       -56721.1   |         -56484   |       -237.025   |   121:59:38   |   293:23:34   |


Iter        |      Posterior   |     Likelihood   |          Prior   |    elapsed   |        ETA   |
----------------------------------------------------------------------------------------------------
235000      |       -56749.4   |       -56455.4   |       -294.001   |   122:01:13   |   293:22:04   |
235050      |       -56735.2   |       -56460.2   |       -274.915   |   122:02:47   |   293:20:32   |
235100      |       -56761.9   |       -56452.3   |       -309.536   |   122:04:17   |   293:18:50   |
235150      |       -56719.1   |       -56463.3   |       -255.818   |   122:05:52   |   293:17:20   |
235200      |       -56716.6   |       -56452.7   |       -263.837   |   122:07:26   |   293:15:48   |
235250      |       -56703.4   |       -56445.7   |       -257.647   |   122:09:08   |   293:14:35   |
235300      |       -56744.4   |       -56465.6   |        -278.82   |   122:10:44   |   293:13:08   |
235350      |       -56692.5   |         -56452   |       -240.464   |   122:12:13   |   293:11:24   |
235400      |       -56712.7   |         -56468   |        -244.75   |   122:13:44   |   293:09:44   |
235450      |       -56691.6   |         -56459   |       -232.598   |   122:15:21   |   293:08:19   |
235500      |       -56705.5   |       -56452.7   |       -252.761   |   122:16:59   |   293:06:57   |
235550      |       -56718.1   |       -56473.5   |       -244.558   |   122:18:38   |   293:05:36   |
235600      |       -56712.5   |         -56462   |       -250.492   |   122:20:16   |   293:04:14   |
235650      |       -56713.1   |       -56459.4   |       -253.773   |   122:21:51   |   293:02:44   |
235700      |       -56711.2   |         -56461   |       -250.218   |   122:23:22   |   293:01:05   |
235750      |       -56690.3   |       -56454.4   |       -235.874   |   122:24:54   |   292:59:28   |
235800      |       -56698.9   |       -56475.2   |       -223.701   |   122:26:28   |   292:57:55   |
235850      |       -56682.4   |       -56467.9   |        -214.48   |   122:28:01   |   292:56:21   |
235900      |         -56716   |       -56475.9   |       -240.149   |   122:29:33   |   292:54:44   |
235950      |       -56708.4   |       -56472.3   |       -236.132   |   122:31:05   |   292:53:07   |


Iter        |      Posterior   |     Likelihood   |          Prior   |    elapsed   |        ETA   |
----------------------------------------------------------------------------------------------------
236000      |       -56695.7   |       -56470.2   |       -225.498   |   122:32:39   |   292:51:35   |
236050      |       -56695.3   |       -56459.7   |       -235.629   |   122:34:11   |   292:49:58   |
236100      |         -56721   |       -56473.1   |       -247.903   |   122:35:38   |   292:48:09   |
236150      |       -56756.8   |         -56475   |       -281.794   |   122:37:03   |   292:46:15   |
236200      |       -56725.9   |       -56472.4   |       -253.525   |   122:38:29   |   292:44:24   |
236250      |       -56728.9   |       -56468.2   |       -260.722   |   122:39:59   |   292:42:42   |
236300      |       -56781.9   |       -56470.6   |       -311.333   |   122:41:30   |   292:41:03   |
236350      |       -56740.7   |       -56484.5   |       -256.196   |   122:43:01   |   292:39:24   |
236400      |       -56727.7   |       -56469.2   |       -258.431   |   122:44:29   |   292:37:37   |
236450      |         -56732   |       -56472.9   |        -259.09   |   122:46:02   |   292:36:03   |
236500      |       -56709.6   |       -56465.5   |       -244.096   |   122:47:33   |   292:34:23   |
236550      |       -56666.1   |       -56467.9   |       -198.219   |   122:49:07   |   292:32:51   |
236600      |       -56717.2   |       -56467.8   |       -249.403   |   122:50:41   |   292:31:19   |
236650      |       -56747.3   |       -56465.3   |       -282.056   |   122:52:17   |   292:29:51   |
236700      |       -56766.9   |       -56459.5   |       -307.395   |   122:53:48   |   292:28:12   |
236750      |       -56732.1   |       -56473.1   |       -258.931   |   122:55:19   |   292:26:33   |
236800      |       -56688.5   |       -56471.8   |       -216.732   |   122:56:56   |   292:25:08   |
236850      |       -56782.6   |       -56479.4   |       -303.172   |   122:58:33   |   292:23:43   |
236900      |       -56729.6   |       -56472.8   |       -256.738   |   123:00:05   |   292:22:06   |
236950      |       -56718.7   |         -56464   |       -254.704   |   123:01:37   |   292:20:29   |


Iter        |      Posterior   |     Likelihood   |          Prior   |    elapsed   |        ETA   |
----------------------------------------------------------------------------------------------------
237000      |         -56782   |       -56494.3   |       -287.775   |   123:03:11   |   292:18:57   |
237050      |       -56707.3   |         -56476   |       -231.342   |   123:04:45   |   292:17:25   |
237100      |       -56730.9   |       -56473.3   |       -257.635   |   123:06:18   |   292:15:50   |
237150      |       -56756.6   |       -56468.3   |       -288.292   |   123:07:51   |   292:14:16   |
237200      |       -56776.4   |         -56479   |       -297.367   |   123:09:18   |   292:12:27   |
237250      |       -56739.5   |       -56465.1   |       -274.391   |   123:10:47   |   292:10:43   |
237300      |       -56757.8   |       -56473.2   |       -284.636   |   123:12:17   |   292:09:01   |
237350      |       -56716.3   |       -56470.6   |       -245.665   |   123:13:53   |   292:07:34   |
237400      |       -56734.1   |       -56488.7   |       -245.403   |   123:15:22   |   292:05:50   |
237450      |         -56743   |       -56471.5   |       -271.504   |   123:16:53   |   292:04:10   |
237500      |       -56715.8   |       -56473.7   |       -242.095   |   123:18:21   |   292:02:24   |
237550      |       -56756.6   |       -56499.4   |       -257.195   |   123:19:47   |   292:00:33   |
237600      |       -56754.6   |       -56501.7   |       -252.915   |   123:21:16   |   291:58:49   |
237650      |       -56771.9   |       -56478.4   |       -293.563   |   123:22:46   |   291:57:07   |
237700      |       -56709.1   |       -56485.2   |       -223.831   |   123:24:17   |   291:55:28   |
237750      |       -56780.8   |         -56500   |       -280.888   |   123:25:47   |   291:53:46   |
237800      |       -56795.2   |       -56483.1   |       -312.158   |   123:27:14   |   291:51:58   |
237850      |       -56785.1   |       -56496.4   |       -288.704   |   123:28:48   |   291:50:26   |
237900      |       -56754.8   |         -56500   |       -254.791   |   123:30:20   |   291:48:49   |
237950      |       -56698.2   |         -56493   |       -205.225   |   123:31:56   |   291:47:21   |


Iter        |      Posterior   |     Likelihood   |          Prior   |    elapsed   |        ETA   |
----------------------------------------------------------------------------------------------------
238000      |       -56749.7   |       -56483.9   |       -265.816   |   123:33:34   |   291:45:59   |
238050      |       -56698.5   |       -56498.2   |       -200.328   |   123:35:11   |   291:44:34   |
238100      |       -56746.7   |       -56482.8   |       -263.878   |   123:36:47   |   291:43:06   |
238150      |       -56741.9   |         -56499   |       -242.965   |   123:38:22   |   291:41:36   |
238200      |         -56740   |       -56493.4   |       -246.601   |   123:39:56   |   291:40:04   |
238250      |       -56777.3   |       -56498.8   |       -278.421   |   123:41:28   |   291:38:27   |
238300      |       -56694.8   |       -56490.7   |       -204.124   |   123:42:59   |   291:36:48   |
238350      |       -56732.6   |       -56483.3   |       -249.325   |   123:44:31   |   291:35:11   |
238400      |       -56740.9   |       -56487.4   |       -253.539   |   123:46:05   |   291:33:39   |
238450      |       -56740.8   |       -56497.5   |       -243.354   |   123:47:38   |   291:32:05   |
238500      |       -56735.5   |       -56485.9   |       -249.682   |   123:49:12   |   291:30:32   |
238550      |       -56772.8   |       -56505.5   |        -267.35   |   123:50:45   |   291:28:58   |
238600      |       -56701.5   |       -56488.2   |       -213.322   |   123:52:19   |   291:27:26   |
238650      |       -56754.8   |       -56493.6   |       -261.155   |   123:53:55   |   291:25:58   |
238700      |       -56723.9   |       -56464.1   |        -259.78   |   123:55:28   |   291:24:24   |
238750      |       -56731.7   |       -56479.5   |       -252.219   |   123:57:02   |   291:22:52   |
238800      |       -56716.1   |         -56469   |       -247.082   |   123:58:37   |   291:21:22   |
238850      |       -56708.5   |       -56470.4   |       -238.049   |   124:00:13   |   291:19:54   |
238900      |       -56753.2   |       -56477.7   |       -275.522   |   124:01:49   |   291:18:27   |
238950      |       -56736.8   |       -56483.5   |       -253.294   |   124:03:26   |   291:17:02   |


Iter        |      Posterior   |     Likelihood   |          Prior   |    elapsed   |        ETA   |
----------------------------------------------------------------------------------------------------
239000      |       -56712.7   |       -56484.9   |        -227.81   |   124:05:01   |   291:15:32   |
239050      |         -56700   |       -56465.4   |       -234.594   |   124:06:37   |   291:14:04   |
239100      |         -56714   |       -56474.6   |       -239.466   |   124:08:12   |   291:12:35   |
239150      |       -56709.1   |       -56464.4   |       -244.652   |   124:09:48   |   291:11:07   |
239200      |       -56694.5   |       -56462.2   |       -232.294   |   124:11:23   |   291:09:37   |
239250      |       -56732.7   |       -56472.3   |       -260.362   |   124:12:58   |   291:08:08   |
239300      |       -56710.7   |       -56459.6   |        -251.09   |   124:14:34   |   291:06:40   |
239350      |       -56739.5   |       -56455.6   |       -283.868   |   124:16:09   |   291:05:10   |
239400      |       -56758.6   |       -56460.1   |       -298.471   |   124:17:46   |   291:03:45   |
239450      |       -56753.2   |       -56487.1   |       -266.041   |   124:19:20   |   291:02:13   |
239500      |       -56718.5   |       -56471.7   |       -246.864   |   124:20:56   |   291:00:45   |
239550      |       -56717.7   |       -56448.5   |       -269.184   |   124:22:31   |   290:59:16   |
239600      |       -56726.4   |       -56461.8   |        -264.55   |   124:24:07   |   290:57:48   |
239650      |       -56688.7   |       -56459.4   |       -229.328   |   124:25:41   |   290:56:16   |
239700      |       -56706.5   |       -56463.3   |       -243.191   |   124:27:17   |   290:54:48   |
239750      |       -56695.8   |       -56460.6   |        -235.24   |   124:28:51   |   290:53:16   |
239800      |       -56697.7   |       -56458.5   |       -239.176   |   124:30:30   |   290:51:56   |
239850      |       -56678.3   |       -56452.8   |       -225.474   |   124:32:02   |   290:50:19   |
239900      |       -56697.6   |       -56459.4   |       -238.227   |   124:33:32   |   290:48:37   |
239950      |       -56683.5   |       -56456.5   |       -227.051   |   124:35:07   |   290:47:07   |


Iter        |      Posterior   |     Likelihood   |          Prior   |    elapsed   |        ETA   |
----------------------------------------------------------------------------------------------------
240000      |       -56702.4   |       -56457.5   |       -244.876   |   124:36:44   |   290:45:42   |
240050      |       -56682.6   |       -56473.6   |       -209.046   |   124:38:23   |   290:44:22   |
240100      |       -56741.4   |       -56464.9   |       -276.475   |   124:39:57   |   290:42:49   |
240150      |       -56673.3   |       -56461.3   |        -211.98   |   124:41:28   |   290:41:10   |
240200      |       -56687.2   |       -56465.2   |       -222.004   |   124:43:02   |   290:39:38   |
240250      |       -56638.2   |       -56459.3   |       -178.902   |   124:44:35   |   290:38:04   |
240300      |       -56721.8   |       -56462.5   |       -259.297   |   124:46:07   |   290:36:27   |
240350      |       -56702.1   |       -56464.1   |       -237.933   |   124:47:40   |   290:34:52   |
240400      |       -56702.9   |       -56447.7   |       -255.234   |   124:49:15   |   290:33:22   |
240450      |       -56674.3   |       -56472.1   |       -202.176   |   124:50:49   |   290:31:50   |
240500      |         -56685   |       -56456.7   |       -228.308   |   124:52:26   |   290:30:25   |
240550      |       -56719.9   |       -56475.5   |       -244.391   |   124:53:59   |   290:28:50   |
240600      |       -56694.5   |       -56476.6   |       -217.947   |   124:55:31   |   290:27:13   |
240650      |       -56743.9   |       -56481.9   |       -262.011   |   124:57:02   |   290:25:34   |
240700      |       -56709.1   |       -56483.6   |       -225.432   |   124:58:31   |   290:23:50   |
240750      |       -56718.8   |       -56475.6   |        -243.17   |   125:00:06   |   290:22:21   |
240800      |         -56733   |       -56484.2   |        -248.86   |   125:01:41   |   290:20:51   |
240850      |       -56730.5   |       -56477.2   |       -253.318   |   125:03:21   |   290:19:32   |
240900      |       -56751.1   |       -56480.5   |       -270.584   |   125:04:56   |   290:18:02   |
240950      |       -56709.9   |       -56481.7   |       -228.183   |   125:06:32   |   290:16:35   |


Iter        |      Posterior   |     Likelihood   |          Prior   |    elapsed   |        ETA   |
----------------------------------------------------------------------------------------------------
241000      |       -56716.3   |       -56481.3   |       -235.016   |   125:08:05   |   290:15:00   |
241050      |       -56707.6   |       -56467.9   |       -239.716   |   125:09:38   |   290:13:26   |
241100      |       -56695.2   |       -56464.2   |       -231.061   |   125:11:11   |   290:11:51   |
241150      |       -56716.2   |       -56466.3   |       -249.962   |   125:12:45   |   290:10:19   |
241200      |       -56699.6   |       -56463.7   |       -235.865   |   125:14:20   |   290:08:49   |
241250      |       -56736.9   |       -56490.8   |       -246.139   |   125:15:57   |   290:07:24   |
241300      |         -56742   |       -56474.3   |       -267.739   |   125:17:26   |   290:05:40   |
241350      |       -56687.3   |       -56473.3   |       -214.071   |   125:19:01   |   290:04:10   |
241400      |         -56672   |       -56468.7   |       -203.321   |   125:20:32   |   290:02:31   |
241450      |       -56718.7   |       -56457.9   |       -260.809   |   125:22:00   |   290:00:45   |
241500      |       -56734.3   |       -56462.1   |       -272.261   |   125:23:28   |   289:58:59   |
241550      |       -56660.6   |       -56473.3   |       -187.347   |   125:25:01   |   289:57:24   |
241600      |       -56723.5   |       -56465.2   |       -258.325   |   125:26:32   |   289:55:45   |
241650      |       -56714.4   |         -56463   |       -251.316   |   125:28:03   |   289:54:06   |
241700      |       -56716.6   |       -56471.2   |       -245.361   |   125:29:35   |   289:52:29   |
241750      |       -56667.3   |       -56469.7   |       -197.619   |   125:31:07   |   289:50:52   |
241800      |       -56726.6   |       -56473.5   |       -253.131   |   125:32:45   |   289:49:29   |
241850      |         -56703   |       -56476.7   |        -226.25   |   125:34:15   |   289:47:48   |
241900      |       -56749.1   |         -56472   |       -277.073   |   125:35:47   |   289:46:11   |
241950      |       -56724.7   |       -56468.8   |       -255.892   |   125:37:18   |   289:44:32   |


Iter        |      Posterior   |     Likelihood   |          Prior   |    elapsed   |        ETA   |
----------------------------------------------------------------------------------------------------
242000      |       -56704.7   |       -56481.7   |       -223.061   |   125:38:52   |   289:43:00   |
242050      |       -56704.5   |       -56481.7   |        -222.79   |   125:40:28   |   289:41:32   |
242100      |       -56738.9   |       -56465.7   |        -273.19   |   125:42:02   |   289:40:00   |
242150      |       -56706.8   |       -56471.2   |       -235.514   |   125:43:38   |   289:38:32   |
242200      |       -56665.8   |       -56472.4   |       -193.474   |   125:45:13   |   289:37:03   |
242250      |       -56711.3   |       -56471.4   |       -239.903   |   125:46:46   |   289:35:28   |
242300      |       -56722.5   |       -56466.6   |       -255.893   |   125:48:20   |   289:33:56   |
242350      |       -56706.5   |       -56461.4   |       -245.101   |   125:49:52   |   289:32:19   |
242400      |       -56737.7   |       -56473.5   |       -264.246   |   125:51:29   |   289:30:54   |
242450      |       -56723.7   |       -56462.6   |       -261.085   |   125:53:02   |   289:29:19   |
242500      |       -56702.7   |       -56479.1   |         -223.6   |   125:54:34   |   289:27:42   |
242550      |       -56687.9   |       -56469.6   |         -218.3   |   125:56:07   |   289:26:08   |
242600      |       -56698.6   |       -56460.1   |       -238.502   |   125:57:41   |   289:24:36   |
242650      |       -56699.1   |       -56472.1   |       -227.018   |   125:59:16   |   289:23:06   |
242700      |       -56685.8   |       -56467.7   |       -218.126   |   126:00:53   |   289:21:40   |
242750      |       -56691.2   |       -56463.5   |       -227.672   |   126:02:26   |   289:20:06   |
242800      |       -56721.5   |       -56448.8   |         -272.7   |   126:03:56   |   289:18:25   |
242850      |       -56676.1   |       -56450.3   |       -225.833   |   126:05:30   |   289:16:52   |
242900      |         -56701   |       -56450.8   |       -250.259   |   126:07:00   |   289:15:11   |
242950      |         -56670   |       -56456.2   |       -213.851   |   126:08:33   |   289:13:36   |


Iter        |      Posterior   |     Likelihood   |          Prior   |    elapsed   |        ETA   |
----------------------------------------------------------------------------------------------------
243000      |         -56694   |       -56461.5   |       -232.506   |   126:10:07   |   289:12:04   |
243050      |       -56740.5   |       -56464.5   |       -275.955   |   126:11:45   |   289:10:41   |
243100      |       -56725.6   |       -56464.4   |       -261.293   |   126:13:25   |   289:09:23   |
243150      |       -56725.8   |       -56466.8   |       -258.988   |   126:14:59   |   289:07:50   |
243200      |       -56734.8   |         -56452   |       -282.772   |   126:16:34   |   289:06:21   |
243250      |       -56689.9   |       -56467.6   |       -222.303   |   126:18:10   |   289:04:53   |
243300      |       -56739.8   |       -56469.7   |       -270.146   |   126:19:45   |   289:03:23   |
243350      |       -56661.3   |       -56472.5   |       -188.777   |   126:21:20   |   289:01:53   |
243400      |       -56719.4   |       -56473.1   |       -246.264   |   126:23:00   |   289:00:34   |
243450      |       -56722.1   |       -56456.4   |       -265.696   |   126:24:35   |   288:59:05   |
243500      |       -56695.3   |       -56490.7   |       -204.584   |   126:26:07   |   288:57:28   |
243550      |       -56693.1   |       -56452.6   |       -240.454   |   126:27:40   |   288:55:53   |
243600      |       -56679.5   |       -56474.6   |       -204.863   |   126:29:14   |   288:54:21   |
243650      |       -56690.1   |       -56471.6   |       -218.416   |   126:30:54   |   288:53:02   |
243700      |       -56660.5   |       -56466.7   |       -193.786   |   126:32:28   |   288:51:30   |
243750      |       -56702.7   |       -56474.9   |       -227.841   |   126:34:01   |   288:49:56   |
243800      |       -56685.3   |       -56457.4   |       -227.925   |   126:35:34   |   288:48:21   |
243850      |       -56718.5   |       -56472.4   |       -246.097   |   126:37:06   |   288:46:44   |
243900      |       -56733.8   |       -56463.5   |       -270.285   |   126:38:41   |   288:45:14   |
243950      |       -56683.6   |       -56466.1   |       -217.552   |   126:40:17   |   288:43:47   |


Iter        |      Posterior   |     Likelihood   |          Prior   |    elapsed   |        ETA   |
----------------------------------------------------------------------------------------------------
244000      |       -56708.7   |       -56469.3   |       -239.415   |   126:41:50   |   288:42:12   |
244050      |       -56754.4   |       -56466.9   |       -287.486   |   126:43:25   |   288:40:42   |
244100      |       -56691.4   |       -56467.9   |       -223.554   |   126:45:03   |   288:39:19   |
244150      |       -56703.4   |       -56461.3   |       -242.116   |   126:46:34   |   288:37:40   |
244200      |       -56702.6   |       -56470.6   |       -232.034   |   126:48:06   |   288:36:03   |
244250      |       -56699.9   |         -56469   |       -230.877   |   126:49:43   |   288:34:38   |
244300      |       -56684.5   |       -56453.9   |       -230.558   |   126:51:22   |   288:33:17   |
244350      |       -56737.6   |       -56466.6   |       -270.978   |   126:52:59   |   288:31:51   |
244400      |       -56715.4   |       -56463.6   |       -251.828   |   126:54:34   |   288:30:21   |
244450      |       -56730.3   |       -56469.6   |       -260.656   |   126:56:08   |   288:28:49   |
244500      |       -56721.5   |       -56460.4   |       -261.033   |   126:57:41   |   288:27:15   |
244550      |       -56714.7   |       -56455.8   |       -258.964   |   126:59:11   |   288:25:33   |
244600      |       -56728.7   |       -56468.9   |       -259.794   |   127:00:40   |   288:23:50   |
244650      |       -56741.6   |       -56450.5   |       -291.112   |   127:02:11   |   288:22:11   |
244700      |       -56741.3   |       -56466.9   |       -274.414   |   127:03:43   |   288:20:34   |
244750      |       -56700.7   |       -56468.8   |       -231.879   |   127:05:19   |   288:19:06   |
244800      |       -56688.3   |       -56456.5   |       -231.755   |   127:06:53   |   288:17:34   |
244850      |       -56683.3   |       -56465.3   |           -218   |   127:08:29   |   288:16:06   |
244900      |       -56662.6   |       -56457.3   |       -205.333   |   127:10:05   |   288:14:38   |
244950      |       -56708.4   |       -56470.7   |       -237.707   |   127:11:42   |   288:13:13   |


Iter        |      Posterior   |     Likelihood   |          Prior   |    elapsed   |        ETA   |
----------------------------------------------------------------------------------------------------
245000      |       -56693.8   |       -56469.5   |       -224.307   |   127:13:19   |   288:11:47   |
245050      |       -56697.7   |         -56453   |       -244.699   |   127:15:00   |   288:10:31   |
245100      |       -56716.8   |       -56471.8   |       -244.973   |   127:16:40   |   288:09:12   |
245150      |       -56707.4   |       -56465.2   |       -242.204   |   127:18:15   |   288:07:42   |
245200      |       -56733.9   |       -56463.4   |       -270.434   |   127:19:50   |   288:06:12   |
245250      |       -56741.8   |         -56479   |       -262.853   |   127:21:24   |   288:04:40   |
245300      |       -56705.2   |       -56456.8   |       -248.451   |   127:22:57   |   288:03:05   |
245350      |       -56730.9   |       -56457.8   |       -273.038   |   127:24:31   |   288:01:33   |
245400      |       -56692.9   |       -56466.9   |        -225.95   |   127:26:02   |   287:59:54   |
245450      |       -56732.2   |         -56474   |       -258.266   |   127:27:37   |   287:58:24   |
245500      |       -56745.6   |       -56453.3   |       -292.253   |   127:29:11   |   287:56:52   |
245550      |         -56682   |       -56460.7   |       -221.309   |   127:30:45   |   287:55:20   |
245600      |         -56647   |       -56446.6   |       -200.388   |   127:32:22   |   287:53:54   |
245650      |       -56719.8   |       -56462.1   |       -257.696   |   127:34:03   |   287:52:38   |
245700      |       -56678.9   |       -56478.9   |       -200.069   |   127:35:39   |   287:51:10   |
245750      |       -56705.5   |       -56459.4   |       -246.113   |   127:37:18   |   287:49:49   |
245800      |       -56704.3   |       -56464.6   |       -239.701   |   127:38:57   |   287:48:28   |
245850      |       -56694.7   |       -56475.6   |       -219.091   |   127:40:32   |   287:46:58   |
245900      |       -56735.2   |       -56467.2   |        -267.97   |   127:42:06   |   287:45:25   |
245950      |       -56682.7   |       -56468.9   |        -213.83   |   127:43:41   |   287:43:55   |


Iter        |      Posterior   |     Likelihood   |          Prior   |    elapsed   |        ETA   |
----------------------------------------------------------------------------------------------------
246000      |       -56698.6   |       -56463.4   |       -235.124   |   127:45:16   |   287:42:25   |
246050      |       -56707.3   |       -56465.1   |       -242.147   |   127:46:47   |   287:40:46   |
246100      |       -56713.4   |       -56462.9   |        -250.45   |   127:48:20   |   287:39:12   |
246150      |       -56674.8   |       -56464.3   |       -210.523   |   127:49:52   |   287:37:35   |
246200      |       -56763.3   |       -56465.3   |       -297.982   |   127:51:30   |   287:36:12   |
246250      |       -56756.6   |       -56474.2   |       -282.365   |   127:53:11   |   287:34:55   |
246300      |       -56732.8   |       -56462.7   |        -270.03   |   127:55:14   |   287:34:28   |
246350      |       -56697.3   |       -56466.7   |       -230.575   |   127:57:10   |   287:33:45   |
246400      |       -56677.1   |         -56451   |       -226.062   |   127:58:49   |   287:32:24   |
246450      |       -56718.6   |       -56457.4   |        -261.18   |   128:00:24   |   287:30:54   |
246500      |       -56694.5   |       -56466.6   |         -227.9   |   128:01:57   |   287:29:19   |
246550      |       -56739.9   |       -56477.1   |       -262.858   |   128:03:28   |   287:27:40   |
246600      |       -56751.4   |       -56472.8   |       -278.643   |   128:05:04   |   287:26:12   |
246650      |       -56707.3   |       -56470.6   |       -236.645   |   128:06:39   |   287:24:42   |
246700      |       -56738.5   |       -56460.9   |       -277.574   |   128:08:18   |   287:23:21   |
246750      |         -56726   |       -56476.2   |       -249.826   |   128:09:51   |   287:21:46   |
246800      |       -56708.8   |         -56476   |       -232.798   |   128:11:27   |   287:20:18   |
246850      |       -56699.6   |         -56474   |       -225.618   |   128:13:06   |   287:18:57   |
246900      |       -56711.2   |       -56478.9   |       -232.255   |   128:14:41   |   287:17:27   |
246950      |       -56705.9   |       -56465.6   |       -240.294   |   128:16:16   |   287:15:57   |


Iter        |      Posterior   |     Likelihood   |          Prior   |    elapsed   |        ETA   |
----------------------------------------------------------------------------------------------------
247000      |       -56713.7   |         -56483   |       -230.687   |   128:17:53   |   287:14:31   |
247050      |       -56702.6   |       -56480.7   |       -221.906   |   128:19:28   |   287:13:01   |
247100      |       -56696.4   |       -56493.6   |       -202.766   |   128:21:00   |   287:11:24   |
247150      |       -56736.2   |       -56491.4   |       -244.874   |   128:22:35   |   287:09:54   |
247200      |       -56721.1   |       -56476.2   |       -244.886   |   128:24:12   |   287:08:29   |
247250      |       -56718.1   |       -56491.1   |       -227.045   |   128:25:52   |   287:07:10   |
247300      |       -56709.9   |       -56489.4   |       -220.452   |   128:27:27   |   287:05:40   |
247350      |       -56702.5   |       -56485.9   |       -216.555   |   128:28:58   |   287:04:00   |
247400      |       -56781.2   |       -56480.8   |       -300.423   |   128:30:29   |   287:02:21   |
247450      |       -56723.1   |         -56485   |       -238.053   |   128:32:05   |   287:00:53   |
247500      |       -56699.2   |       -56493.1   |       -206.111   |   128:33:39   |   286:59:21   |
247550      |         -56720   |       -56482.3   |       -237.736   |   128:35:13   |   286:57:49   |
247600      |       -56684.9   |       -56487.9   |       -196.951   |   128:36:47   |   286:56:16   |
247650      |       -56691.9   |       -56475.2   |       -216.653   |   128:38:22   |   286:54:46   |
247700      |       -56715.5   |       -56496.1   |       -219.384   |   128:39:57   |   286:53:16   |
247750      |       -56756.2   |       -56493.9   |       -262.289   |   128:41:34   |   286:51:50   |
247800      |       -56730.9   |       -56478.9   |       -252.003   |   128:43:13   |   286:50:29   |
247850      |       -56698.9   |         -56486   |       -212.936   |   128:44:44   |   286:48:50   |
247900      |         -56727   |       -56495.3   |       -231.693   |   128:46:17   |   286:47:15   |
247950      |       -56743.7   |       -56497.6   |       -246.028   |   128:47:49   |   286:45:39   |


Iter        |      Posterior   |     Likelihood   |          Prior   |    elapsed   |        ETA   |
----------------------------------------------------------------------------------------------------
248000      |       -56685.9   |       -56493.2   |       -192.736   |   128:49:20   |   286:44:00   |
248050      |       -56696.4   |       -56478.6   |       -217.829   |   128:50:52   |   286:42:23   |
248100      |       -56684.9   |       -56479.2   |       -205.677   |   128:52:25   |   286:40:48   |
248150      |       -56713.8   |       -56490.8   |       -222.955   |   128:54:00   |   286:39:18   |
248200      |       -56683.5   |       -56488.2   |       -195.273   |   128:55:31   |   286:37:39   |
248250      |       -56742.9   |       -56487.3   |       -255.536   |   128:57:03   |   286:36:02   |
248300      |       -56701.8   |       -56475.5   |        -226.26   |   128:58:34   |   286:34:23   |
248350      |       -56679.4   |       -56492.9   |       -186.456   |   129:00:04   |   286:32:42   |
248400      |         -56672   |       -56476.1   |       -195.854   |   129:01:34   |   286:31:00   |
248450      |         -56699   |       -56469.9   |        -229.16   |   129:03:05   |   286:29:21   |
248500      |       -56756.6   |       -56481.2   |       -275.357   |   129:04:40   |   286:27:51   |
248550      |         -56717   |       -56475.9   |       -241.096   |   129:06:18   |   286:26:28   |
248600      |       -56711.6   |       -56483.8   |       -227.816   |   129:07:57   |   286:25:06   |
248650      |       -56732.9   |       -56483.2   |       -249.737   |   129:09:36   |   286:23:45   |
248700      |       -56696.5   |       -56470.2   |       -226.256   |   129:11:17   |   286:22:28   |
248750      |       -56714.6   |       -56473.9   |       -240.726   |   129:12:52   |   286:20:58   |
248800      |       -56707.8   |       -56470.3   |       -237.461   |   129:14:24   |   286:19:21   |
248850      |       -56691.2   |       -56470.8   |       -220.443   |   129:15:58   |   286:17:49   |
248900      |       -56758.6   |       -56479.6   |       -278.968   |   129:17:37   |   286:16:27   |
248950      |       -56707.4   |       -56460.8   |       -246.584   |   129:19:13   |   286:15:00   |


Iter        |      Posterior   |     Likelihood   |          Prior   |    elapsed   |        ETA   |
----------------------------------------------------------------------------------------------------
249000      |       -56722.3   |         -56454   |       -268.288   |   129:20:51   |   286:13:36   |
249050      |       -56751.3   |         -56463   |       -288.211   |   129:22:30   |   286:12:15   |
249100      |       -56687.1   |       -56462.4   |        -224.72   |   129:24:06   |   286:10:47   |
249150      |       -56696.5   |       -56469.7   |       -226.895   |   129:25:42   |   286:09:19   |
249200      |       -56697.8   |       -56463.9   |       -233.938   |   129:27:17   |   286:07:48   |
249250      |       -56700.4   |         -56470   |       -230.461   |   129:28:52   |   286:06:18   |
249300      |       -56731.5   |       -56496.3   |       -235.217   |   129:30:23   |   286:04:39   |
249350      |       -56701.3   |       -56476.8   |       -224.465   |   129:31:58   |   286:03:09   |
249400      |       -56676.2   |       -56473.2   |       -203.031   |   129:33:33   |   286:01:39   |
249450      |       -56753.5   |         -56488   |       -265.514   |   129:35:09   |   286:00:11   |
249500      |       -56710.3   |       -56490.7   |       -219.616   |   129:36:46   |   285:58:45   |
249550      |       -56736.9   |       -56512.3   |       -224.648   |   129:38:21   |   285:57:15   |
249600      |       -56706.4   |       -56472.2   |       -234.185   |   129:39:52   |   285:55:36   |
249650      |       -56706.7   |       -56484.8   |       -221.843   |   129:41:29   |   285:54:10   |
249700      |       -56726.2   |       -56485.7   |        -240.48   |   129:43:05   |   285:52:42   |
249750      |       -56688.8   |       -56475.9   |       -212.935   |   129:44:41   |   285:51:14   |
249800      |       -56703.7   |       -56478.7   |       -225.007   |   129:46:19   |   285:49:50   |
249850      |       -56740.6   |       -56484.4   |       -256.237   |   129:47:57   |   285:48:27   |
249900      |       -56730.2   |       -56493.4   |       -236.824   |   129:49:34   |   285:47:01   |
249950      |         -56735   |         -56499   |       -235.979   |   129:51:10   |   285:45:33   |


Iter        |      Posterior   |     Likelihood   |          Prior   |    elapsed   |        ETA   |
----------------------------------------------------------------------------------------------------
250000      |       -56749.3   |       -56482.6   |       -266.701   |   129:52:39   |   285:43:49   |
250050      |       -56722.4   |       -56475.6   |       -246.774   |   129:54:07   |   285:42:04   |
250100      |       -56721.8   |       -56504.8   |       -217.059   |   129:55:40   |   285:40:29   |
250150      |       -56741.7   |       -56475.9   |       -265.757   |   129:57:15   |   285:38:59   |
250200      |       -56760.6   |       -56493.3   |       -267.289   |   129:58:46   |   285:37:20   |
250250      |       -56722.2   |       -56493.7   |       -228.487   |   130:00:14   |   285:35:34   |
250300      |       -56725.5   |       -56466.9   |       -258.595   |   130:01:42   |   285:33:49   |
250350      |       -56718.6   |       -56487.8   |       -230.726   |   130:03:10   |   285:32:03   |
250400      |       -56745.8   |       -56476.6   |       -269.122   |   130:04:40   |   285:30:22   |
250450      |       -56730.8   |       -56481.8   |       -248.952   |   130:06:16   |   285:28:54   |
250500      |       -56674.8   |       -56479.9   |       -194.887   |   130:07:55   |   285:27:32   |
250550      |       -56718.4   |       -56480.9   |       -237.491   |   130:09:32   |   285:26:06   |
250600      |       -56722.9   |       -56475.7   |       -247.158   |   130:11:03   |   285:24:27   |
250650      |       -56683.8   |       -56458.6   |       -225.142   |   130:12:37   |   285:22:55   |
250700      |       -56701.8   |       -56468.1   |       -233.669   |   130:14:33   |   285:22:11   |
250750      |       -56724.4   |       -56455.5   |       -268.879   |   130:16:12   |   285:20:49   |
250800      |       -56700.1   |       -56455.5   |       -244.585   |   130:18:00   |   285:19:47   |
250850      |       -56740.2   |       -56472.4   |       -267.719   |   130:19:35   |   285:18:17   |
250900      |       -56712.8   |       -56468.9   |       -243.828   |   130:21:07   |   285:16:40   |
250950      |       -56693.6   |       -56476.6   |        -216.91   |   130:22:42   |   285:15:10   |


Iter        |      Posterior   |     Likelihood   |          Prior   |    elapsed   |        ETA   |
----------------------------------------------------------------------------------------------------
251000      |       -56697.7   |       -56470.5   |       -227.248   |   130:24:15   |   285:13:35   |
251050      |       -56741.4   |       -56494.5   |       -246.834   |   130:25:45   |   285:11:54   |
251100      |       -56727.6   |       -56461.1   |       -266.463   |   130:27:22   |   285:10:28   |
251150      |       -56711.2   |         -56471   |       -240.188   |   130:28:58   |   285:09:00   |
251200      |       -56745.5   |       -56469.9   |       -275.587   |   130:30:35   |   285:07:34   |
251250      |       -56666.8   |       -56474.3   |       -192.502   |   130:32:09   |   285:06:02   |
251300      |       -56734.1   |       -56481.1   |       -252.923   |   130:33:43   |   285:04:29   |
251350      |       -56711.4   |       -56455.9   |       -255.528   |   130:35:18   |   285:02:59   |
251400      |       -56710.7   |       -56477.3   |       -233.449   |   130:36:52   |   285:01:27   |
251450      |       -56736.6   |       -56471.9   |        -264.74   |   130:38:26   |   284:59:54   |
251500      |       -56737.4   |       -56473.2   |       -264.195   |   130:40:00   |   284:58:22   |
251550      |       -56714.5   |         -56470   |       -244.477   |   130:41:31   |   284:56:43   |
251600      |       -56701.4   |       -56476.6   |       -224.802   |   130:43:04   |   284:55:08   |
251650      |       -56696.6   |       -56477.3   |       -219.366   |   130:44:40   |   284:53:40   |
251700      |       -56736.6   |       -56472.1   |       -264.486   |   130:46:12   |   284:52:03   |
251750      |       -56721.4   |       -56470.1   |       -251.234   |   130:47:48   |   284:50:35   |
251800      |       -56752.6   |       -56474.2   |       -278.387   |   130:49:24   |   284:49:07   |
251850      |       -56732.2   |       -56464.6   |       -267.659   |   130:50:59   |   284:47:37   |
251900      |       -56723.5   |       -56490.1   |       -233.357   |   130:52:33   |   284:46:04   |
251950      |       -56727.8   |       -56474.6   |       -253.233   |   130:54:04   |   284:44:25   |


Iter        |      Posterior   |     Likelihood   |          Prior   |    elapsed   |        ETA   |
----------------------------------------------------------------------------------------------------
252000      |       -56730.6   |       -56477.3   |       -253.317   |   130:55:35   |   284:42:46   |
252050      |         -56750   |       -56471.4   |       -278.586   |   130:57:08   |   284:41:11   |
252100      |       -56739.1   |       -56483.4   |       -255.681   |   130:58:40   |   284:39:35   |
252150      |         -56723   |       -56489.5   |       -233.526   |   131:00:14   |   284:38:02   |
252200      |       -56708.3   |       -56493.1   |       -215.199   |   131:01:48   |   284:36:30   |
252250      |       -56697.7   |       -56472.3   |       -225.476   |   131:03:18   |   284:34:49   |
252300      |       -56746.3   |       -56494.6   |       -251.734   |   131:04:49   |   284:33:10   |
252350      |       -56715.7   |       -56482.3   |       -233.459   |   131:06:26   |   284:31:44   |
252400      |       -56740.7   |       -56482.8   |       -257.881   |   131:07:57   |   284:30:05   |
252450      |       -56728.8   |       -56472.1   |       -256.697   |   131:09:28   |   284:28:26   |
252500      |       -56710.1   |       -56487.7   |       -222.391   |   131:11:12   |   284:27:15   |
252550      |       -56702.4   |       -56489.3   |       -213.111   |   131:12:46   |   284:25:42   |
252600      |         -56700   |       -56488.1   |       -211.885   |   131:14:22   |   284:24:14   |
252650      |       -56720.1   |         -56478   |       -242.085   |   131:15:55   |   284:22:40   |
252700      |       -56744.3   |       -56482.3   |       -261.994   |   131:17:22   |   284:20:52   |
252750      |       -56715.2   |       -56470.8   |       -244.483   |   131:18:54   |   284:19:15   |
252800      |       -56747.5   |       -56483.6   |        -263.85   |   131:20:28   |   284:17:43   |
252850      |       -56705.9   |       -56461.2   |       -244.639   |   131:21:59   |   284:16:04   |
252900      |       -56747.7   |       -56467.1   |       -280.584   |   131:23:31   |   284:14:27   |
252950      |       -56750.5   |       -56482.8   |       -267.649   |   131:25:01   |   284:12:46   |


Iter        |      Posterior   |     Likelihood   |          Prior   |    elapsed   |        ETA   |
----------------------------------------------------------------------------------------------------
253000      |       -56751.5   |       -56487.9   |       -263.605   |   131:26:28   |   284:10:58   |
253050      |       -56723.6   |       -56472.1   |       -251.499   |   131:27:58   |   284:09:17   |
253100      |         -56705   |       -56479.8   |       -225.179   |   131:29:28   |   284:07:36   |
253150      |       -56692.4   |         -56477   |       -215.391   |   131:31:02   |   284:06:03   |
253200      |       -56705.1   |       -56479.6   |       -225.502   |   131:32:34   |   284:04:27   |
253250      |       -56776.9   |       -56482.9   |       -294.011   |   131:34:05   |   284:02:48   |
253300      |       -56782.2   |       -56481.6   |       -300.635   |   131:35:36   |   284:01:09   |
253350      |       -56718.8   |       -56475.5   |       -243.258   |   131:37:05   |   283:59:26   |
253400      |       -56738.9   |       -56477.3   |       -261.673   |   131:38:39   |   283:57:53   |
253450      |       -56715.9   |       -56473.7   |       -242.201   |   131:40:15   |   283:56:25   |
253500      |       -56710.1   |       -56471.4   |       -238.702   |   131:41:47   |   283:54:48   |
253550      |       -56755.1   |       -56492.5   |       -262.639   |   131:43:20   |   283:53:14   |
253600      |       -56705.7   |       -56464.8   |       -240.841   |   131:44:54   |   283:51:41   |
253650      |       -56683.6   |       -56472.1   |       -211.456   |   131:46:25   |   283:50:02   |
253700      |       -56697.4   |       -56475.4   |       -221.995   |   131:47:55   |   283:48:21   |
253750      |         -56720   |         -56465   |       -255.015   |   131:49:26   |   283:46:42   |
253800      |       -56708.3   |       -56481.4   |       -226.964   |   131:50:58   |   283:45:05   |
253850      |       -56713.8   |       -56463.3   |       -250.533   |   131:52:34   |   283:43:37   |
253900      |       -56761.2   |       -56476.3   |       -284.866   |   131:54:09   |   283:42:07   |
253950      |       -56736.3   |       -56479.4   |       -256.856   |   131:55:44   |   283:40:37   |


Iter        |      Posterior   |     Likelihood   |          Prior   |    elapsed   |        ETA   |
----------------------------------------------------------------------------------------------------
254000      |       -56696.1   |         -56473   |       -223.085   |   131:57:18   |   283:39:04   |
254050      |       -56707.3   |       -56469.6   |       -237.681   |   131:58:48   |   283:37:23   |
254100      |       -56724.6   |       -56477.6   |        -247.03   |   132:00:23   |   283:35:53   |
254150      |       -56748.4   |       -56482.2   |       -266.134   |   132:01:54   |   283:34:14   |
254200      |       -56651.3   |         -56461   |       -190.246   |   132:03:29   |   283:32:44   |
254250      |       -56720.1   |       -56476.5   |       -243.521   |   132:04:59   |   283:31:03   |
254300      |       -56706.2   |       -56472.8   |        -233.42   |   132:06:31   |   283:29:26   |
254350      |       -56721.4   |       -56465.9   |       -255.445   |   132:08:03   |   283:27:49   |
254400      |       -56691.8   |       -56469.3   |       -222.507   |   132:09:34   |   283:26:10   |
254450      |       -56701.6   |       -56473.1   |       -228.548   |   132:11:08   |   283:24:38   |
254500      |       -56720.4   |       -56482.5   |       -237.924   |   132:12:37   |   283:22:55   |
254550      |       -56709.3   |       -56465.6   |       -243.704   |   132:14:06   |   283:21:11   |
254600      |       -56698.1   |       -56472.7   |        -225.43   |   132:15:37   |   283:19:32   |
254650      |       -56741.5   |       -56479.8   |       -261.738   |   132:17:10   |   283:17:58   |
254700      |       -56711.8   |       -56473.5   |       -238.327   |   132:18:43   |   283:16:23   |
254750      |       -56721.7   |       -56487.8   |       -233.881   |   132:20:21   |   283:14:59   |
254800      |       -56668.3   |       -56473.3   |       -195.032   |   132:22:01   |   283:13:40   |
254850      |       -56699.6   |       -56461.8   |        -237.77   |   132:23:32   |   283:12:01   |
254900      |       -56684.9   |       -56475.4   |       -209.503   |   132:25:07   |   283:10:31   |
254950      |       -56718.4   |       -56481.2   |        -237.23   |   132:26:45   |   283:09:07   |


Iter        |      Posterior   |     Likelihood   |          Prior   |    elapsed   |        ETA   |
----------------------------------------------------------------------------------------------------
255000      |       -56695.3   |       -56463.1   |       -232.196   |   132:28:29   |   283:07:56   |
255050      |       -56758.9   |         -56476   |        -282.86   |   132:30:03   |   283:06:23   |
255100      |       -56693.2   |       -56460.3   |       -232.919   |   132:31:36   |   283:04:49   |
255150      |       -56724.7   |       -56475.9   |       -248.803   |   132:33:14   |   283:03:25   |
255200      |       -56729.8   |       -56471.9   |       -257.949   |   132:34:55   |   283:02:07   |
255250      |       -56727.6   |       -56463.7   |       -263.852   |   132:36:33   |   283:00:43   |
255300      |       -56737.3   |       -56495.1   |       -242.247   |   132:38:08   |   282:59:13   |
255350      |       -56714.2   |         -56478   |       -236.167   |   132:39:40   |   282:57:36   |
255400      |       -56751.4   |       -56493.2   |       -258.155   |   132:41:10   |   282:55:55   |
255450      |       -56783.7   |       -56489.8   |       -293.944   |   132:42:47   |   282:54:29   |
255500      |       -56750.7   |       -56475.3   |       -275.461   |   132:44:21   |   282:52:56   |
255550      |       -56741.8   |       -56465.4   |        -276.41   |   132:45:59   |   282:51:33   |
255600      |       -56710.7   |       -56488.5   |       -222.179   |   132:47:33   |   282:50:00   |
255650      |       -56764.3   |       -56477.7   |       -286.643   |   132:49:07   |   282:48:28   |
255700      |       -56731.5   |         -56476   |       -255.484   |   132:50:42   |   282:46:57   |
255750      |       -56730.7   |       -56476.1   |       -254.688   |   132:52:17   |   282:45:27   |
255800      |       -56733.3   |         -56486   |       -247.321   |   132:53:56   |   282:44:05   |
255850      |       -56737.2   |       -56474.1   |       -263.053   |   132:55:33   |   282:42:39   |
255900      |       -56679.5   |       -56461.5   |       -217.993   |   132:57:08   |   282:41:08   |
255950      |       -56760.7   |       -56485.2   |       -275.447   |   132:58:45   |   282:39:42   |


Iter        |      Posterior   |     Likelihood   |          Prior   |    elapsed   |        ETA   |
----------------------------------------------------------------------------------------------------
256000      |       -56744.1   |       -56458.5   |       -285.602   |   133:00:18   |   282:38:08   |
256050      |       -56697.3   |       -56464.2   |       -233.077   |   133:01:53   |   282:36:37   |
256100      |       -56720.2   |       -56468.1   |       -252.067   |   133:03:26   |   282:35:03   |
256150      |       -56735.7   |       -56464.7   |       -271.025   |   133:04:53   |   282:33:15   |
256200      |       -56665.3   |       -56456.6   |       -208.734   |   133:06:23   |   282:31:34   |
256250      |       -56694.8   |       -56472.5   |       -222.229   |   133:07:56   |   282:30:00   |
256300      |       -56677.5   |       -56473.2   |       -204.275   |   133:09:30   |   282:28:27   |
256350      |       -56731.4   |       -56472.4   |       -259.046   |   133:11:02   |   282:26:51   |
256400      |       -56683.5   |         -56472   |       -211.562   |   133:12:34   |   282:25:14   |
256450      |       -56712.6   |       -56473.2   |       -239.487   |   133:14:04   |   282:23:33   |
256500      |       -56705.5   |         -56482   |       -223.534   |   133:15:35   |   282:21:54   |
256550      |       -56710.7   |       -56482.6   |       -228.108   |   133:17:08   |   282:20:19   |
256600      |       -56685.8   |         -56479   |       -206.819   |   133:18:37   |   282:18:36   |
256650      |       -56721.6   |       -56477.3   |       -244.289   |   133:20:11   |   282:17:04   |
256700      |       -56713.6   |       -56477.4   |        -236.21   |   133:21:49   |   282:15:40   |
256750      |       -56718.6   |       -56494.5   |       -224.131   |   133:23:22   |   282:14:05   |
256800      |       -56774.6   |       -56485.2   |       -289.332   |   133:24:56   |   282:12:33   |
256850      |       -56716.9   |       -56472.6   |       -244.288   |   133:26:30   |   282:11:00   |
256900      |       -56703.2   |       -56490.4   |       -212.736   |   133:28:03   |   282:09:26   |
256950      |       -56702.3   |       -56471.5   |       -230.837   |   133:29:32   |   282:07:43   |


Iter        |      Posterior   |     Likelihood   |          Prior   |    elapsed   |        ETA   |
----------------------------------------------------------------------------------------------------
257000      |       -56712.1   |       -56468.4   |       -243.639   |   133:31:06   |   282:06:10   |
257050      |         -56724   |       -56483.2   |       -240.728   |   133:32:42   |   282:04:42   |
257100      |       -56695.4   |       -56464.8   |       -230.595   |   133:34:19   |   282:03:16   |
257150      |       -56697.6   |         -56469   |       -228.586   |   133:35:52   |   282:01:41   |
257200      |         -56749   |       -56485.8   |       -263.271   |   133:37:26   |   282:00:09   |
257250      |       -56749.1   |       -56485.6   |       -263.461   |   133:39:02   |   281:58:40   |
257300      |       -56727.3   |       -56490.9   |       -236.386   |   133:40:38   |   281:57:12   |
257350      |       -56741.7   |       -56496.6   |       -245.023   |   133:42:13   |   281:55:42   |
257400      |         -56751   |       -56474.1   |       -276.867   |   133:43:48   |   281:54:11   |
257450      |       -56715.1   |       -56482.5   |        -232.63   |   133:45:23   |   281:52:41   |
257500      |       -56709.4   |       -56478.5   |       -230.953   |   133:47:00   |   281:51:15   |
257550      |       -56738.6   |       -56489.8   |       -248.764   |   133:48:36   |   281:49:46   |
257600      |       -56729.8   |       -56477.4   |       -252.402   |   133:50:12   |   281:48:18   |
257650      |       -56786.3   |       -56493.4   |       -292.927   |   133:51:47   |   281:46:48   |
257700      |       -56759.4   |       -56492.7   |       -266.661   |   133:53:22   |   281:45:17   |
257750      |       -56724.2   |       -56481.7   |       -242.491   |   133:54:53   |   281:43:38   |
257800      |       -56695.5   |       -56479.4   |       -216.046   |   133:56:24   |   281:42:00   |
257850      |       -56715.1   |         -56490   |       -225.125   |   133:57:57   |   281:40:25   |
257900      |       -56733.7   |       -56488.1   |       -245.606   |   133:59:33   |   281:38:57   |
257950      |       -56709.8   |         -56472   |       -237.738   |   134:01:09   |   281:37:28   |


Iter        |      Posterior   |     Likelihood   |          Prior   |    elapsed   |        ETA   |
----------------------------------------------------------------------------------------------------
258000      |       -56736.8   |       -56502.1   |       -234.667   |   134:02:39   |   281:35:47   |
258050      |       -56717.9   |       -56488.2   |       -229.778   |   134:04:11   |   281:34:11   |
258100      |       -56695.3   |       -56482.8   |       -212.426   |   134:05:41   |   281:32:30   |
258150      |       -56703.6   |         -56483   |       -220.622   |   134:07:17   |   281:31:02   |
258200      |       -56723.4   |       -56485.7   |       -237.745   |   134:08:49   |   281:29:25   |
258250      |       -56759.5   |       -56487.1   |       -272.389   |   134:10:26   |   281:27:59   |
258300      |       -56721.3   |       -56478.7   |        -242.56   |   134:12:11   |   281:26:49   |
258350      |         -56708   |       -56471.4   |       -236.606   |   134:13:57   |   281:25:42   |
258400      |         -56731   |         -56475   |       -255.976   |   134:15:43   |   281:24:34   |
258450      |       -56753.6   |       -56469.9   |       -283.687   |   134:17:16   |   281:23:00   |
258500      |       -56733.8   |       -56460.5   |       -273.271   |   134:18:49   |   281:21:25   |
258550      |       -56772.5   |       -56466.6   |       -305.896   |   134:20:21   |   281:19:48   |
258600      |       -56735.3   |       -56477.4   |       -257.927   |   134:21:51   |   281:18:08   |
258650      |       -56725.1   |       -56484.8   |       -240.263   |   134:23:23   |   281:16:31   |
258700      |       -56757.3   |       -56470.1   |       -287.233   |   134:25:00   |   281:15:05   |
258750      |       -56698.9   |       -56480.4   |       -218.486   |   134:26:33   |   281:13:30   |
258800      |       -56726.6   |       -56463.6   |       -262.983   |   134:28:03   |   281:11:49   |
258850      |       -56706.4   |       -56459.6   |       -246.805   |   134:29:33   |   281:10:08   |
258900      |       -56764.6   |       -56470.4   |       -294.134   |   134:31:05   |   281:08:31   |
258950      |       -56713.9   |       -56464.6   |       -249.261   |   134:32:39   |   281:06:59   |


Iter        |      Posterior   |     Likelihood   |          Prior   |    elapsed   |        ETA   |
----------------------------------------------------------------------------------------------------
259000      |       -56724.9   |       -56456.8   |       -268.086   |   134:34:15   |   281:05:31   |
259050      |       -56733.5   |       -56470.7   |       -262.886   |   134:35:48   |   281:03:56   |
259100      |         -56700   |       -56465.5   |       -234.576   |   134:37:25   |   281:02:30   |
259150      |       -56760.9   |       -56468.1   |       -292.799   |   134:39:04   |   281:01:08   |
259200      |       -56703.6   |       -56473.5   |       -230.131   |   134:40:43   |   280:59:46   |
259250      |       -56756.9   |       -56475.1   |       -281.861   |   134:42:21   |   280:58:21   |
259300      |       -56733.3   |       -56466.2   |       -267.179   |   134:44:01   |   280:57:01   |
259350      |       -56718.2   |         -56473   |       -245.235   |   134:45:40   |   280:55:39   |
259400      |       -56727.9   |       -56470.8   |       -257.093   |   134:47:16   |   280:54:11   |
259450      |       -56717.9   |       -56475.7   |        -242.22   |   134:48:54   |   280:52:47   |
259500      |       -56705.2   |       -56467.3   |       -237.891   |   134:50:30   |   280:51:18   |
259550      |       -56720.8   |       -56462.4   |       -258.396   |   134:52:05   |   280:49:48   |
259600      |       -56722.4   |       -56470.5   |       -251.964   |   134:53:32   |   280:48:01   |
259650      |         -56742   |         -56476   |       -265.992   |   134:55:03   |   280:46:22   |
259700      |       -56760.5   |         -56481   |       -279.503   |   134:56:34   |   280:44:43   |
259750      |       -56758.5   |         -56479   |       -279.488   |   134:58:08   |   280:43:10   |
259800      |         -56752   |       -56473.3   |       -278.693   |   134:59:40   |   280:41:34   |
259850      |       -56736.9   |       -56475.8   |       -261.118   |   135:01:14   |   280:40:01   |
259900      |       -56708.6   |       -56477.1   |       -231.434   |   135:02:49   |   280:38:31   |
259950      |       -56713.1   |       -56469.3   |       -243.784   |   135:04:24   |   280:37:00   |


Iter        |      Posterior   |     Likelihood   |          Prior   |    elapsed   |        ETA   |
----------------------------------------------------------------------------------------------------
260000      |       -56701.2   |       -56473.8   |       -227.447   |   135:05:59   |   280:35:30   |
260050      |       -56699.5   |         -56489   |       -210.479   |   135:07:37   |   280:34:05   |
260100      |         -56721   |       -56479.1   |       -241.898   |   135:09:18   |   280:32:47   |
260150      |       -56750.9   |       -56487.4   |       -263.482   |   135:10:57   |   280:31:25   |
260200      |       -56747.6   |       -56478.8   |       -268.864   |   135:12:34   |   280:29:59   |
260250      |       -56722.5   |       -56471.8   |       -250.684   |   135:14:06   |   280:28:22   |
260300      |       -56713.4   |       -56474.3   |       -239.075   |   135:15:40   |   280:26:50   |
260350      |         -56751   |       -56485.1   |       -265.929   |   135:17:13   |   280:25:15   |
260400      |       -56692.2   |       -56481.2   |       -211.037   |   135:18:46   |   280:23:40   |
260450      |       -56717.3   |       -56482.5   |       -234.795   |   135:20:21   |   280:22:10   |
260500      |       -56744.3   |       -56489.9   |        -254.47   |   135:21:55   |   280:20:37   |
260550      |       -56706.5   |       -56486.7   |       -219.868   |   135:23:29   |   280:19:05   |
260600      |       -56690.9   |       -56484.7   |       -206.163   |   135:25:06   |   280:17:38   |
260650      |       -56788.7   |         -56487   |       -301.629   |   135:26:41   |   280:16:08   |
260700      |       -56730.8   |       -56490.4   |       -240.328   |   135:28:13   |   280:14:31   |
260750      |       -56735.6   |       -56491.4   |       -244.274   |   135:29:45   |   280:12:54   |
260800      |       -56727.2   |       -56480.6   |       -246.578   |   135:31:19   |   280:11:22   |
260850      |       -56718.1   |       -56487.6   |       -230.506   |   135:32:51   |   280:09:45   |
260900      |         -56756   |       -56494.8   |       -261.255   |   135:34:25   |   280:08:13   |
260950      |       -56686.6   |       -56493.9   |       -192.682   |   135:36:00   |   280:06:42   |


Iter        |      Posterior   |     Likelihood   |          Prior   |    elapsed   |        ETA   |
----------------------------------------------------------------------------------------------------
261000      |       -56768.5   |       -56513.4   |       -255.082   |   135:37:31   |   280:05:03   |
261050      |       -56718.2   |       -56498.4   |       -219.837   |   135:39:06   |   280:03:33   |
261100      |       -56760.7   |       -56506.1   |       -254.602   |   135:40:38   |   280:01:56   |
261150      |       -56689.9   |       -56487.7   |       -202.267   |   135:42:13   |   280:00:26   |
261200      |       -56718.8   |       -56493.5   |       -225.328   |   135:43:48   |   279:58:55   |
261250      |       -56757.5   |       -56497.6   |       -259.944   |   135:45:24   |   279:57:27   |
261300      |       -56721.4   |       -56500.4   |       -220.994   |   135:46:59   |   279:55:56   |
261350      |       -56765.6   |       -56497.1   |        -268.48   |   135:48:35   |   279:54:28   |
261400      |       -56766.9   |       -56497.5   |       -269.367   |   135:50:13   |   279:53:03   |
261450      |         -56753   |       -56481.6   |       -271.393   |   135:51:53   |   279:51:43   |
261500      |       -56701.2   |         -56481   |       -220.137   |   135:53:31   |   279:50:19   |
261550      |       -56700.3   |       -56488.1   |       -212.211   |   135:55:04   |   279:48:44   |
261600      |       -56719.1   |       -56486.4   |       -232.652   |   135:56:37   |   279:47:09   |
261650      |       -56730.4   |       -56465.8   |       -264.604   |   135:58:12   |   279:45:39   |
261700      |       -56748.1   |       -56483.9   |       -264.244   |   135:59:47   |   279:44:08   |
261750      |       -56734.2   |         -56475   |       -259.157   |   136:01:21   |   279:42:36   |
261800      |       -56714.8   |       -56475.1   |       -239.658   |   136:02:59   |   279:41:11   |
261850      |       -56698.7   |       -56472.2   |       -226.462   |   136:04:33   |   279:39:39   |
261900      |       -56731.7   |       -56472.7   |        -259.02   |   136:06:04   |   279:38:00   |
261950      |       -56718.3   |       -56476.3   |       -242.021   |   136:07:33   |   279:36:17   |


Iter        |      Posterior   |     Likelihood   |          Prior   |    elapsed   |        ETA   |
----------------------------------------------------------------------------------------------------
262000      |       -56696.1   |       -56491.6   |       -204.436   |   136:08:58   |   279:34:26   |
262050      |       -56700.7   |       -56476.4   |       -224.262   |   136:10:27   |   279:32:43   |
262100      |       -56738.8   |       -56476.2   |       -262.557   |   136:12:00   |   279:31:09   |
262150      |       -56689.8   |       -56482.7   |       -207.116   |   136:13:35   |   279:29:38   |
262200      |       -56722.7   |       -56478.6   |       -244.086   |   136:15:06   |   279:27:59   |
262250      |       -56729.6   |       -56478.7   |       -250.869   |   136:16:39   |   279:26:25   |
262300      |       -56768.1   |       -56478.5   |       -289.524   |   136:18:09   |   279:24:44   |
262350      |       -56719.1   |       -56481.1   |       -238.048   |   136:19:42   |   279:23:09   |
262400      |       -56705.8   |       -56470.7   |       -235.073   |   136:21:14   |   279:21:33   |
262450      |       -56687.9   |       -56479.9   |       -207.976   |   136:22:43   |   279:19:50   |
262500      |         -56696   |       -56479.7   |       -216.277   |   136:24:13   |   279:18:09   |
262550      |       -56731.7   |       -56484.5   |       -247.202   |   136:25:45   |   279:16:32   |
262600      |       -56688.4   |       -56463.8   |       -224.586   |   136:27:18   |   279:14:58   |
262650      |       -56732.4   |       -56469.9   |       -262.539   |   136:28:53   |   279:13:27   |
262700      |       -56680.6   |         -56471   |        -209.56   |   136:30:28   |   279:11:57   |
262750      |         -56708   |       -56469.6   |       -238.343   |   136:32:02   |   279:10:24   |
262800      |       -56752.8   |       -56457.4   |       -295.343   |   136:33:34   |   279:08:47   |
262850      |       -56696.8   |         -56469   |       -227.819   |   136:35:02   |   279:07:03   |
262900      |       -56686.4   |       -56467.7   |       -218.677   |   136:36:32   |   279:05:22   |
262950      |       -56728.3   |       -56484.3   |       -243.946   |   136:38:07   |   279:03:51   |


Iter        |      Posterior   |     Likelihood   |          Prior   |    elapsed   |        ETA   |
----------------------------------------------------------------------------------------------------
263000      |       -56748.4   |       -56466.4   |        -281.98   |   136:39:36   |   279:02:08   |
263050      |       -56691.4   |       -56476.2   |       -215.264   |   136:41:07   |   279:00:30   |
263100      |       -56754.3   |       -56472.9   |       -281.468   |   136:42:40   |   278:58:55   |
263150      |       -56754.1   |       -56485.1   |       -268.981   |   136:44:15   |   278:57:25   |
263200      |       -56710.6   |       -56467.2   |       -243.482   |   136:45:49   |   278:55:52   |
263250      |       -56692.8   |       -56497.1   |       -195.757   |   136:47:24   |   278:54:21   |
263300      |       -56699.3   |       -56475.2   |       -224.133   |   136:49:01   |   278:52:55   |
263350      |       -56745.7   |       -56489.4   |       -256.328   |   136:50:39   |   278:51:31   |
263400      |         -56695   |       -56471.3   |       -223.661   |   136:52:14   |   278:50:00   |
263450      |       -56736.5   |         -56484   |       -252.438   |   136:53:48   |   278:48:27   |
263500      |       -56729.5   |       -56481.8   |       -247.697   |   136:55:23   |   278:46:57   |
263550      |       -56716.6   |       -56475.7   |        -240.95   |   136:56:58   |   278:45:26   |
263600      |       -56757.4   |       -56492.1   |       -265.223   |   136:58:32   |   278:43:54   |
263650      |       -56746.2   |       -56485.8   |         -260.4   |   137:00:10   |   278:42:29   |
263700      |       -56732.9   |       -56471.8   |       -261.131   |   137:01:46   |   278:41:01   |
263750      |       -56726.3   |       -56484.4   |       -241.974   |   137:03:23   |   278:39:34   |
263800      |       -56690.6   |       -56467.3   |       -223.325   |   137:04:56   |   278:38:00   |
263850      |       -56728.3   |       -56459.2   |       -269.129   |   137:06:29   |   278:36:25   |
263900      |       -56688.5   |       -56451.2   |       -237.277   |   137:08:02   |   278:34:50   |
263950      |       -56712.3   |       -56467.5   |       -244.725   |   137:09:39   |   278:33:24   |


Iter        |      Posterior   |     Likelihood   |          Prior   |    elapsed   |        ETA   |
----------------------------------------------------------------------------------------------------
264000      |       -56760.3   |       -56463.6   |       -296.713   |   137:11:12   |   278:31:49   |
264050      |       -56711.3   |         -56463   |       -248.324   |   137:12:46   |   278:30:17   |
264100      |       -56699.2   |       -56458.6   |       -240.546   |   137:14:15   |   278:28:34   |
264150      |       -56753.4   |       -56455.1   |       -298.367   |   137:15:47   |   278:26:57   |
264200      |       -56702.6   |       -56456.4   |       -246.114   |   137:17:22   |   278:25:27   |
264250      |       -56713.1   |       -56459.1   |       -254.014   |   137:18:59   |   278:24:00   |
264300      |       -56717.7   |       -56461.1   |        -256.54   |   137:20:32   |   278:22:26   |
264350      |       -56644.6   |         -56453   |       -191.692   |   137:22:06   |   278:20:53   |
264400      |       -56714.8   |       -56471.5   |       -243.306   |   137:23:37   |   278:19:14   |
264450      |       -56721.6   |       -56472.9   |       -248.759   |   137:25:05   |   278:17:30   |
264500      |       -56707.4   |       -56454.7   |       -252.638   |   137:26:40   |   278:15:59   |
264550      |       -56703.2   |       -56469.1   |       -234.051   |   137:28:13   |   278:14:24   |
264600      |       -56691.4   |       -56457.6   |       -233.799   |   137:29:45   |   278:12:48   |
264650      |       -56716.7   |       -56483.2   |       -233.519   |   137:31:18   |   278:11:13   |
264700      |       -56766.1   |       -56462.4   |       -303.674   |   137:32:49   |   278:09:35   |
264750      |       -56714.9   |       -56455.2   |       -259.705   |   137:34:20   |   278:07:56   |
264800      |       -56712.9   |       -56465.1   |       -247.807   |   137:35:54   |   278:06:23   |
264850      |       -56698.1   |       -56471.6   |       -226.462   |   137:37:29   |   278:04:53   |
264900      |       -56748.9   |       -56479.7   |       -269.186   |   137:39:05   |   278:03:24   |
264950      |       -56723.3   |       -56472.4   |       -250.825   |   137:40:39   |   278:01:52   |


Iter        |      Posterior   |     Likelihood   |          Prior   |    elapsed   |        ETA   |
----------------------------------------------------------------------------------------------------
265000      |       -56769.2   |       -56480.1   |       -289.121   |   137:42:10   |   278:00:13   |
265050      |       -56731.8   |       -56480.5   |       -251.282   |   137:43:40   |   277:58:32   |
265100      |       -56708.6   |       -56475.1   |       -233.482   |   137:45:11   |   277:56:54   |
265150      |         -56723   |       -56478.6   |       -244.413   |   137:46:45   |   277:55:21   |
265200      |       -56768.6   |       -56470.5   |       -298.112   |   137:48:16   |   277:53:42   |
265250      |       -56685.7   |       -56470.7   |       -215.044   |   137:49:54   |   277:52:18   |
265300      |       -56713.9   |       -56481.5   |       -232.378   |   137:51:31   |   277:50:51   |
265350      |       -56762.3   |       -56479.6   |        -282.69   |   137:53:02   |   277:49:13   |
265400      |       -56725.3   |       -56468.9   |       -256.385   |   137:54:37   |   277:47:42   |
265450      |       -56677.4   |       -56472.9   |       -204.566   |   137:56:16   |   277:46:20   |
265500      |         -56721   |       -56488.1   |       -232.905   |   137:57:55   |   277:44:57   |
265550      |       -56724.8   |       -56474.4   |       -250.416   |   137:59:31   |   277:43:28   |
265600      |       -56703.7   |         -56498   |       -205.678   |   138:01:03   |   277:41:52   |
265650      |       -56684.2   |       -56482.4   |       -201.755   |   138:02:36   |   277:40:17   |
265700      |       -56722.8   |       -56476.5   |       -246.363   |   138:04:11   |   277:38:47   |
265750      |       -56745.1   |         -56482   |       -263.089   |   138:05:43   |   277:37:10   |
265800      |         -56754   |       -56489.4   |       -264.586   |   138:07:14   |   277:35:31   |
265850      |       -56706.6   |         -56470   |       -236.556   |   138:08:47   |   277:33:57   |
265900      |       -56716.6   |       -56467.5   |       -249.074   |   138:10:21   |   277:32:24   |
265950      |       -56733.6   |       -56477.7   |        -255.89   |   138:11:53   |   277:30:48   |


Iter        |      Posterior   |     Likelihood   |          Prior   |    elapsed   |        ETA   |
----------------------------------------------------------------------------------------------------
266000      |       -56730.1   |       -56465.2   |       -264.882   |   138:13:27   |   277:29:15   |
266050      |       -56707.8   |       -56473.5   |       -234.251   |   138:15:00   |   277:27:40   |
266100      |       -56726.8   |       -56489.5   |        -237.32   |   138:16:32   |   277:26:04   |
266150      |         -56731   |       -56486.2   |       -244.848   |   138:18:07   |   277:24:33   |
266200      |       -56732.4   |       -56470.7   |       -261.697   |   138:19:40   |   277:22:58   |
266250      |       -56736.3   |       -56479.7   |       -256.605   |   138:21:12   |   277:21:22   |
266300      |       -56712.6   |       -56468.6   |       -243.953   |   138:22:42   |   277:19:41   |
266350      |       -56735.7   |       -56474.4   |        -261.25   |   138:24:15   |   277:18:07   |
266400      |       -56693.1   |       -56477.4   |       -215.703   |   138:25:51   |   277:16:38   |
266450      |       -56740.2   |       -56467.2   |       -272.959   |   138:27:27   |   277:15:09   |
266500      |       -56754.5   |       -56478.2   |        -276.31   |   138:29:03   |   277:13:41   |
266550      |       -56760.9   |       -56481.9   |       -279.044   |   138:30:36   |   277:12:06   |
266600      |       -56712.1   |       -56471.4   |       -240.631   |   138:32:08   |   277:10:30   |
266650      |       -56736.1   |       -56475.9   |       -260.269   |   138:33:41   |   277:08:55   |
266700      |       -56683.4   |       -56472.8   |       -210.631   |   138:35:15   |   277:07:22   |
266750      |       -56731.3   |       -56481.6   |       -249.681   |   138:36:48   |   277:05:48   |
266800      |       -56715.8   |       -56475.4   |       -240.417   |   138:38:20   |   277:04:11   |
266850      |       -56709.9   |       -56459.7   |       -250.248   |   138:39:53   |   277:02:37   |
266900      |         -56747   |       -56482.2   |        -264.75   |   138:41:25   |   277:01:00   |
266950      |       -56702.5   |       -56487.7   |       -214.763   |   138:42:58   |   276:59:25   |


Iter        |      Posterior   |     Likelihood   |          Prior   |    elapsed   |        ETA   |
----------------------------------------------------------------------------------------------------
267000      |       -56732.4   |         -56471   |       -261.425   |   138:44:33   |   276:57:55   |
267050      |       -56738.1   |       -56470.5   |       -267.609   |   138:46:02   |   276:56:12   |
267100      |       -56702.4   |       -56468.9   |        -233.46   |   138:47:36   |   276:54:40   |
267150      |       -56757.2   |       -56473.6   |       -283.623   |   138:49:12   |   276:53:11   |
267200      |       -56737.6   |         -56472   |       -265.671   |   138:50:47   |   276:51:40   |
267250      |         -56661   |       -56468.4   |       -192.548   |   138:52:25   |   276:50:16   |
267300      |       -56711.2   |       -56471.8   |       -239.405   |   138:53:57   |   276:48:39   |
267350      |       -56769.6   |         -56468   |        -301.63   |   138:55:33   |   276:47:11   |
267400      |       -56713.4   |       -56468.9   |       -244.484   |   138:57:06   |   276:45:36   |
267450      |       -56712.8   |       -56474.7   |        -238.18   |   138:58:44   |   276:44:11   |
267500      |         -56729   |         -56499   |       -229.958   |   139:00:23   |   276:42:49   |
267550      |       -56735.8   |       -56487.3   |       -248.452   |   139:01:59   |   276:41:20   |
267600      |       -56726.1   |         -56479   |       -247.134   |   139:03:34   |   276:39:49   |
267650      |       -56735.8   |       -56470.4   |       -265.332   |   139:05:12   |   276:38:25   |
267700      |         -56738   |       -56484.7   |       -253.368   |   139:06:47   |   276:36:54   |
267750      |       -56745.7   |         -56479   |       -266.671   |   139:08:23   |   276:35:25   |
267800      |       -56745.9   |       -56476.8   |       -269.112   |   139:09:54   |   276:33:47   |
267850      |         -56735   |       -56473.5   |       -261.494   |   139:11:25   |   276:32:08   |
267900      |       -56687.6   |       -56482.1   |       -205.532   |   139:12:56   |   276:30:30   |
267950      |       -56709.7   |       -56474.3   |       -235.356   |   139:14:28   |   276:28:53   |


Iter        |      Posterior   |     Likelihood   |          Prior   |    elapsed   |        ETA   |
----------------------------------------------------------------------------------------------------
268000      |       -56715.1   |       -56473.5   |       -241.594   |   139:16:02   |   276:27:20   |
268050      |       -56751.7   |       -56500.4   |       -251.254   |   139:17:36   |   276:25:48   |
268100      |         -56712   |       -56465.6   |       -246.383   |   139:19:09   |   276:24:13   |
268150      |       -56741.5   |       -56477.9   |       -263.634   |   139:20:37   |   276:22:29   |
268200      |       -56691.1   |       -56472.8   |       -218.323   |   139:22:08   |   276:20:50   |
268250      |       -56706.1   |       -56472.2   |       -233.933   |   139:23:39   |   276:19:12   |
268300      |       -56723.1   |       -56467.3   |       -255.721   |   139:25:13   |   276:17:39   |
268350      |       -56766.3   |       -56488.9   |       -277.369   |   139:26:51   |   276:16:14   |
268400      |       -56747.8   |       -56478.4   |       -269.336   |   139:28:30   |   276:14:52   |
268450      |       -56738.5   |       -56475.6   |       -262.875   |   139:30:06   |   276:13:23   |
268500      |       -56717.6   |       -56467.5   |       -250.094   |   139:31:43   |   276:11:56   |
268550      |       -56724.5   |         -56459   |       -265.513   |   139:33:19   |   276:10:28   |
268600      |         -56731   |       -56475.3   |       -255.676   |   139:34:55   |   276:08:59   |
268650      |       -56763.7   |         -56488   |       -275.684   |   139:36:31   |   276:07:30   |
268700      |       -56736.8   |       -56485.9   |       -250.819   |   139:38:09   |   276:06:06   |
268750      |       -56701.1   |       -56482.7   |       -218.429   |   139:39:45   |   276:04:37   |
268800      |       -56717.8   |       -56480.6   |       -237.253   |   139:41:20   |   276:03:06   |
268850      |       -56737.3   |       -56469.2   |       -268.097   |   139:42:54   |   276:01:34   |
268900      |       -56713.2   |       -56479.3   |       -233.842   |   139:44:29   |   276:00:03   |
268950      |       -56719.1   |       -56475.7   |       -243.432   |   139:46:03   |   275:58:30   |


Iter        |      Posterior   |     Likelihood   |          Prior   |    elapsed   |        ETA   |
----------------------------------------------------------------------------------------------------
269000      |         -56775   |       -56488.9   |       -286.132   |   139:47:38   |   275:57:00   |
269050      |       -56724.7   |         -56491   |       -233.697   |   139:49:11   |   275:55:25   |
269100      |       -56785.2   |       -56461.4   |       -323.832   |   139:50:46   |   275:53:54   |
269150      |       -56732.7   |       -56481.2   |       -251.472   |   139:52:22   |   275:52:26   |
269200      |       -56735.5   |         -56474   |       -261.452   |   139:53:56   |   275:50:53   |
269250      |       -56744.8   |       -56481.6   |       -263.139   |   139:55:27   |   275:49:14   |
269300      |       -56721.4   |       -56479.4   |       -241.955   |   139:57:01   |   275:47:42   |
269350      |       -56708.1   |       -56482.4   |        -225.69   |   139:58:36   |   275:46:11   |
269400      |       -56755.4   |       -56467.2   |       -288.158   |   140:00:13   |   275:44:44   |
269450      |       -56774.8   |       -56476.9   |       -297.876   |   140:01:51   |   275:43:20   |
269500      |       -56743.8   |         -56472   |       -271.798   |   140:03:30   |   275:41:57   |
269550      |       -56738.7   |       -56457.1   |       -281.568   |   140:05:07   |   275:40:30   |
269600      |       -56750.5   |       -56462.7   |        -287.84   |   140:06:41   |   275:38:57   |
269650      |       -56761.4   |       -56472.6   |       -288.799   |   140:08:16   |   275:37:27   |
269700      |       -56718.9   |         -56483   |        -235.89   |   140:09:45   |   275:35:44   |
269750      |       -56749.6   |       -56475.5   |       -274.134   |   140:11:19   |   275:34:12   |
269800      |       -56712.5   |       -56472.3   |       -240.224   |   140:12:53   |   275:32:39   |
269850      |       -56707.1   |       -56472.6   |       -234.436   |   140:14:27   |   275:31:06   |
269900      |       -56723.4   |       -56472.6   |       -250.775   |   140:16:08   |   275:29:47   |
269950      |       -56703.6   |       -56473.1   |       -230.471   |   140:17:46   |   275:28:23   |


Iter        |      Posterior   |     Likelihood   |          Prior   |    elapsed   |        ETA   |
----------------------------------------------------------------------------------------------------
270000      |       -56716.9   |       -56467.9   |       -249.057   |   140:19:23   |   275:26:56   |
270050      |       -56767.9   |       -56495.7   |       -272.237   |   140:20:55   |   275:25:19   |
270100      |       -56725.3   |       -56481.7   |       -243.642   |   140:22:32   |   275:23:52   |
270150      |         -56733   |       -56479.8   |       -253.135   |   140:24:09   |   275:22:26   |
270200      |       -56755.3   |       -56475.1   |       -280.192   |   140:25:47   |   275:21:01   |
270250      |       -56715.6   |       -56484.1   |       -231.587   |   140:27:24   |   275:19:34   |
270300      |       -56741.6   |       -56490.7   |       -250.953   |   140:28:56   |   275:17:57   |
270350      |         -56751   |       -56476.5   |       -274.426   |   140:30:31   |   275:16:27   |
270400      |       -56715.3   |       -56499.6   |       -215.752   |   140:32:08   |   275:15:00   |
270450      |       -56743.1   |       -56482.2   |       -260.898   |   140:33:43   |   275:13:29   |
270500      |       -56742.2   |       -56480.9   |       -261.295   |   140:35:15   |   275:11:53   |
270550      |       -56676.4   |       -56478.5   |       -197.872   |   140:36:46   |   275:10:14   |
270600      |       -56724.2   |       -56488.8   |       -235.405   |   140:38:19   |   275:08:39   |
270650      |         -56727   |       -56504.5   |       -222.523   |   140:39:55   |   275:07:11   |
270700      |       -56733.8   |       -56499.6   |       -234.155   |   140:41:33   |   275:05:46   |
270750      |       -56705.4   |       -56501.2   |       -204.184   |   140:43:06   |   275:04:11   |
270800      |       -56744.6   |       -56487.1   |        -257.51   |   140:44:41   |   275:02:40   |
270850      |       -56742.7   |         -56493   |       -249.691   |   140:46:14   |   275:01:06   |
270900      |         -56762   |       -56503.1   |       -258.934   |   140:47:48   |   274:59:33   |
270950      |       -56687.5   |       -56492.5   |       -195.071   |   140:49:18   |   274:57:53   |


Iter        |      Posterior   |     Likelihood   |          Prior   |    elapsed   |        ETA   |
----------------------------------------------------------------------------------------------------
271000      |       -56700.7   |       -56485.1   |       -215.606   |   140:50:53   |   274:56:22   |
271050      |       -56737.8   |       -56496.5   |       -241.249   |   140:52:26   |   274:54:47   |
271100      |       -56699.8   |       -56474.3   |       -225.477   |   140:54:07   |   274:53:28   |
271150      |       -56734.1   |       -56480.7   |       -253.406   |   140:55:42   |   274:51:58   |
271200      |       -56765.1   |       -56489.6   |        -275.53   |   140:57:15   |   274:50:23   |
271250      |       -56751.2   |       -56474.6   |       -276.627   |   140:58:46   |   274:48:44   |
271300      |       -56750.5   |       -56464.5   |        -286.07   |   141:00:18   |   274:47:08   |
271350      |       -56716.8   |       -56479.6   |       -237.197   |   141:01:51   |   274:45:33   |
271400      |       -56733.4   |       -56463.2   |       -270.234   |   141:03:25   |   274:44:00   |
271450      |       -56746.2   |         -56481   |       -265.212   |   141:04:58   |   274:42:26   |
271500      |       -56713.7   |       -56477.1   |       -236.665   |   141:06:33   |   274:40:55   |
271550      |       -56703.3   |       -56477.8   |       -225.507   |   141:08:05   |   274:39:19   |
271600      |       -56736.4   |       -56477.9   |       -258.531   |   141:09:38   |   274:37:44   |
271650      |         -56714   |       -56468.8   |       -245.212   |   141:11:10   |   274:36:07   |
271700      |       -56753.6   |       -56486.5   |        -267.11   |   141:12:44   |   274:34:35   |
271750      |       -56732.3   |       -56475.7   |        -256.52   |   141:14:18   |   274:33:02   |
271800      |       -56730.7   |         -56476   |       -254.688   |   141:15:47   |   274:31:20   |
271850      |       -56700.7   |       -56477.1   |       -223.596   |   141:17:19   |   274:29:43   |
271900      |       -56695.4   |       -56469.1   |       -226.325   |   141:18:50   |   274:28:05   |
271950      |       -56762.8   |       -56489.2   |       -273.567   |   141:20:18   |   274:26:20   |


Iter        |      Posterior   |     Likelihood   |          Prior   |    elapsed   |        ETA   |
----------------------------------------------------------------------------------------------------
272000      |       -56701.6   |       -56474.3   |       -227.304   |   141:21:47   |   274:24:38   |
272050      |       -56714.1   |       -56477.3   |       -236.852   |   141:23:21   |   274:23:05   |
272100      |       -56747.8   |       -56473.3   |       -274.515   |   141:24:56   |   274:21:34   |
272150      |       -56730.9   |       -56481.2   |       -249.643   |   141:26:28   |   274:19:58   |
272200      |       -56701.3   |       -56476.1   |        -225.18   |   141:28:02   |   274:18:25   |
272250      |       -56751.1   |       -56489.7   |       -261.376   |   141:29:37   |   274:16:54   |
272300      |       -56741.3   |       -56482.1   |       -259.164   |   141:31:15   |   274:15:29   |
272350      |         -56692   |       -56477.4   |       -214.563   |   141:32:53   |   274:14:05   |
272400      |         -56729   |       -56481.5   |        -247.53   |   141:34:27   |   274:12:32   |
272450      |       -56701.2   |       -56459.3   |       -241.888   |   141:35:59   |   274:10:55   |
272500      |       -56706.3   |       -56457.1   |         -249.2   |   141:37:34   |   274:09:25   |
272550      |       -56740.8   |       -56478.7   |       -262.112   |   141:39:12   |   274:08:00   |
272600      |       -56751.7   |       -56484.5   |       -267.226   |   141:40:47   |   274:06:29   |
272650      |       -56733.8   |       -56478.3   |       -255.484   |   141:42:22   |   274:04:58   |
272700      |       -56745.5   |       -56487.9   |        -257.57   |   141:43:57   |   274:03:27   |
272750      |       -56727.9   |         -56483   |       -244.936   |   141:45:34   |   274:02:00   |
272800      |         -56671   |       -56492.2   |       -178.737   |   141:47:07   |   274:00:26   |
272850      |       -56721.9   |       -56487.3   |       -234.641   |   141:48:38   |   273:58:47   |
272900      |       -56725.9   |       -56465.4   |       -260.508   |   141:50:10   |   273:57:11   |
272950      |       -56666.3   |       -56470.8   |        -195.49   |   141:51:47   |   273:55:44   |


Iter        |      Posterior   |     Likelihood   |          Prior   |    elapsed   |        ETA   |
----------------------------------------------------------------------------------------------------
273000      |       -56703.9   |       -56463.7   |        -240.26   |   141:53:33   |   273:54:34   |
273050      |       -56705.2   |       -56478.7   |       -226.484   |   141:55:06   |   273:53:00   |
273100      |       -56743.4   |       -56465.9   |       -277.428   |   141:56:32   |   273:51:12   |
273150      |         -56719   |       -56479.9   |        -239.18   |   141:58:07   |   273:49:41   |
273200      |       -56689.3   |       -56459.8   |       -229.514   |   141:59:44   |   273:48:14   |
273250      |       -56671.5   |       -56465.8   |        -205.66   |   142:01:24   |   273:46:53   |
273300      |       -56730.4   |         -56477   |       -253.312   |   142:03:02   |   273:45:28   |
273350      |       -56708.1   |       -56466.2   |       -241.825   |   142:04:35   |   273:43:53   |
273400      |       -56709.7   |       -56479.8   |       -229.909   |   142:06:10   |   273:42:22   |
273450      |       -56715.6   |         -56500   |       -215.615   |   142:07:40   |   273:40:42   |
273500      |       -56739.5   |       -56463.4   |       -276.123   |   142:09:13   |   273:39:07   |
273550      |       -56749.4   |       -56482.2   |       -267.153   |   142:10:47   |   273:37:35   |
273600      |       -56717.4   |       -56470.7   |       -246.737   |   142:12:19   |   273:35:58   |
273650      |       -56726.8   |       -56481.2   |       -245.534   |   142:13:53   |   273:34:25   |
273700      |       -56688.1   |       -56483.6   |       -204.467   |   142:15:27   |   273:32:53   |
273750      |       -56723.3   |       -56475.5   |         -247.8   |   142:17:03   |   273:31:24   |
273800      |       -56684.6   |       -56470.1   |       -214.465   |   142:18:41   |   273:29:59   |
273850      |       -56684.1   |       -56471.1   |       -213.099   |   142:20:19   |   273:28:34   |
273900      |       -56718.9   |       -56482.2   |       -236.755   |   142:21:55   |   273:27:05   |
273950      |       -56686.7   |       -56464.8   |       -221.896   |   142:23:27   |   273:25:28   |


Iter        |      Posterior   |     Likelihood   |          Prior   |    elapsed   |        ETA   |
----------------------------------------------------------------------------------------------------
274000      |       -56722.3   |         -56462   |       -260.385   |   142:25:00   |   273:23:54   |
274050      |       -56690.3   |       -56457.6   |       -232.724   |   142:26:33   |   273:22:19   |
274100      |       -56734.3   |       -56478.5   |       -255.782   |   142:28:04   |   273:20:41   |
274150      |       -56695.5   |       -56475.8   |       -219.696   |   142:29:38   |   273:19:08   |
274200      |       -56783.1   |       -56473.6   |       -309.539   |   142:31:09   |   273:17:30   |
274250      |       -56729.1   |       -56472.8   |       -256.324   |   142:32:45   |   273:16:01   |
274300      |       -56722.5   |       -56475.5   |       -246.922   |   142:34:21   |   273:14:32   |
274350      |       -56704.3   |       -56461.3   |       -243.016   |   142:35:57   |   273:13:03   |
274400      |         -56704   |       -56480.7   |       -223.227   |   142:37:32   |   273:11:32   |
274450      |       -56717.3   |       -56464.8   |       -252.499   |   142:39:06   |   273:09:59   |
274500      |       -56715.5   |       -56477.2   |       -238.299   |   142:40:44   |   273:08:34   |
274550      |       -56685.2   |       -56465.4   |       -219.819   |   142:42:22   |   273:07:09   |
274600      |         -56731   |         -56471   |       -259.995   |   142:43:59   |   273:05:42   |
274650      |       -56736.2   |       -56462.4   |       -273.833   |   142:45:32   |   273:04:08   |
274700      |       -56723.7   |       -56470.8   |       -252.888   |   142:47:09   |   273:02:41   |
274750      |       -56700.5   |       -56462.5   |       -238.017   |   142:48:44   |   273:01:10   |
274800      |       -56721.8   |       -56465.7   |       -256.106   |   142:50:17   |   272:59:35   |
274850      |       -56695.5   |         -56464   |       -231.449   |   142:51:46   |   272:57:53   |
274900      |       -56705.1   |         -56464   |       -241.069   |   142:53:18   |   272:56:16   |
274950      |       -56698.8   |         -56472   |       -226.821   |   142:54:46   |   272:54:32   |


Iter        |      Posterior   |     Likelihood   |          Prior   |    elapsed   |        ETA   |
----------------------------------------------------------------------------------------------------
275000      |       -56699.9   |       -56451.1   |       -248.838   |   142:56:19   |   272:52:58   |
275050      |       -56673.7   |       -56453.7   |       -219.974   |   142:57:54   |   272:51:27   |
275100      |       -56681.7   |       -56455.1   |       -226.592   |   142:59:27   |   272:49:52   |
275150      |       -56703.7   |       -56471.2   |       -232.514   |   143:01:02   |   272:48:21   |
275200      |       -56666.6   |       -56459.2   |       -207.404   |   143:02:36   |   272:46:49   |
275250      |       -56714.6   |       -56475.5   |       -239.102   |   143:04:09   |   272:45:14   |
275300      |       -56689.2   |       -56459.3   |       -229.893   |   143:05:45   |   272:43:45   |
275350      |       -56731.8   |       -56465.2   |       -266.608   |   143:07:21   |   272:42:16   |
275400      |       -56713.1   |       -56453.2   |       -259.909   |   143:08:56   |   272:40:45   |
275450      |       -56683.6   |       -56464.3   |       -219.271   |   143:10:36   |   272:39:24   |
275500      |       -56712.4   |       -56454.2   |       -258.163   |   143:12:05   |   272:37:42   |
275550      |       -56705.6   |       -56466.9   |       -238.755   |   143:13:36   |   272:36:03   |
275600      |       -56701.8   |       -56455.7   |       -246.073   |   143:15:09   |   272:34:29   |
275650      |       -56701.2   |       -56477.6   |       -223.615   |   143:16:44   |   272:32:58   |
275700      |       -56709.1   |         -56458   |       -251.142   |   143:18:18   |   272:31:25   |
275750      |       -56691.5   |       -56470.9   |       -220.661   |   143:19:51   |   272:29:51   |
275800      |       -56699.3   |       -56462.3   |       -236.991   |   143:21:23   |   272:28:14   |
275850      |       -56711.2   |         -56460   |       -251.123   |   143:22:58   |   272:26:43   |
275900      |       -56716.1   |       -56470.6   |       -245.457   |   143:24:32   |   272:25:10   |
275950      |       -56702.9   |       -56459.9   |        -243.01   |   143:26:04   |   272:23:34   |


Iter        |      Posterior   |     Likelihood   |          Prior   |    elapsed   |        ETA   |
----------------------------------------------------------------------------------------------------
276000      |       -56680.2   |       -56469.9   |       -210.264   |   143:27:41   |   272:22:07   |
276050      |       -56725.1   |       -56484.9   |       -240.205   |   143:29:14   |   272:20:32   |
276100      |       -56679.3   |       -56470.6   |       -208.722   |   143:30:46   |   272:18:56   |
276150      |       -56694.8   |       -56477.1   |       -217.727   |   143:32:24   |   272:17:31   |
276200      |       -56709.1   |       -56481.3   |       -227.809   |   143:34:00   |   272:16:02   |
276250      |       -56707.5   |       -56471.7   |       -235.798   |   143:35:35   |   272:14:31   |
276300      |       -56732.5   |       -56485.5   |       -246.937   |   143:37:10   |   272:13:00   |
276350      |         -56733   |       -56474.3   |       -258.617   |   143:38:42   |   272:11:23   |
276400      |       -56734.7   |       -56484.8   |       -249.918   |   143:40:14   |   272:09:47   |
276450      |       -56699.7   |       -56468.3   |       -231.447   |   143:41:47   |   272:08:12   |
276500      |       -56716.5   |       -56480.5   |       -236.059   |   143:43:19   |   272:06:36   |
276550      |       -56752.7   |       -56473.4   |       -279.296   |   143:44:54   |   272:05:05   |
276600      |       -56751.4   |       -56487.2   |       -264.245   |   143:46:28   |   272:03:32   |
276650      |       -56718.9   |       -56466.8   |       -252.068   |   143:48:01   |   272:01:58   |
276700      |       -56703.9   |         -56454   |       -249.911   |   143:49:32   |   272:00:19   |
276750      |       -56719.2   |         -56471   |       -248.289   |   143:51:04   |   271:58:43   |
276800      |       -56686.3   |       -56457.3   |       -228.988   |   143:52:31   |   271:56:57   |
276850      |       -56670.5   |       -56468.5   |       -202.028   |   143:54:12   |   271:55:37   |
276900      |       -56707.6   |       -56465.9   |       -241.615   |   143:55:59   |   271:54:29   |
276950      |       -56665.8   |       -56465.9   |       -199.939   |   143:57:36   |   271:53:02   |


Iter        |      Posterior   |     Likelihood   |          Prior   |    elapsed   |        ETA   |
----------------------------------------------------------------------------------------------------
277000      |       -56722.1   |       -56476.5   |        -245.51   |   143:59:09   |   271:51:27   |
277050      |       -56702.8   |       -56480.8   |       -221.937   |   144:00:42   |   271:49:53   |
277100      |       -56781.7   |       -56474.3   |       -307.396   |   144:02:19   |   271:48:26   |
277150      |       -56739.3   |       -56478.3   |       -260.955   |   144:03:53   |   271:46:53   |
277200      |       -56684.3   |       -56479.9   |       -204.348   |   144:05:28   |   271:45:22   |
277250      |       -56740.2   |       -56474.1   |       -266.075   |   144:07:04   |   271:43:53   |
277300      |       -56675.3   |       -56481.4   |        -193.83   |   144:08:41   |   271:42:26   |
277350      |       -56698.4   |       -56481.9   |       -216.507   |   144:10:15   |   271:40:53   |
277400      |       -56691.3   |       -56474.1   |       -217.259   |   144:11:50   |   271:39:22   |
277450      |       -56741.3   |       -56490.6   |       -250.693   |   144:13:29   |   271:37:59   |
277500      |       -56693.1   |       -56480.9   |       -212.242   |   144:15:04   |   271:36:28   |
277550      |       -56722.1   |       -56474.8   |       -247.328   |   144:16:45   |   271:35:09   |
277600      |       -56699.8   |       -56470.9   |       -228.892   |   144:18:20   |   271:33:38   |
277650      |       -56701.2   |         -56476   |       -225.168   |   144:19:54   |   271:32:05   |
277700      |         -56727   |         -56485   |       -241.997   |   144:21:31   |   271:30:38   |
277750      |       -56698.2   |         -56486   |        -212.17   |   144:23:07   |   271:29:09   |
277800      |       -56708.3   |       -56496.8   |       -211.463   |   144:24:39   |   271:27:32   |
277850      |       -56696.8   |       -56494.3   |       -202.556   |   144:26:15   |   271:26:03   |
277900      |       -56680.7   |       -56489.5   |       -191.208   |   144:27:49   |   271:24:30   |
277950      |       -56676.6   |       -56488.4   |       -188.161   |   144:29:25   |   271:23:01   |


Iter        |      Posterior   |     Likelihood   |          Prior   |    elapsed   |        ETA   |
----------------------------------------------------------------------------------------------------
278000      |         -56723   |       -56484.4   |       -238.592   |   144:30:59   |   271:21:29   |
278050      |       -56727.3   |         -56479   |       -248.307   |   144:32:34   |   271:19:58   |
278100      |       -56740.1   |       -56473.6   |       -266.462   |   144:34:16   |   271:18:40   |
278150      |       -56715.7   |       -56464.9   |       -250.719   |   144:36:01   |   271:17:28   |
278200      |       -56719.8   |       -56473.8   |       -245.932   |   144:37:34   |   271:15:53   |
278250      |       -56736.1   |       -56472.6   |       -263.502   |   144:39:08   |   271:14:20   |
278300      |       -56696.6   |       -56469.9   |         -226.7   |   144:40:45   |   271:12:53   |
278350      |       -56726.9   |       -56470.9   |       -255.935   |   144:42:28   |   271:11:37   |
278400      |       -56739.7   |       -56466.4   |       -273.364   |   144:44:03   |   271:10:07   |
278450      |       -56687.9   |         -56456   |       -231.861   |   144:45:34   |   271:08:28   |
278500      |       -56746.9   |       -56475.5   |       -271.371   |   144:47:11   |   271:07:01   |
278550      |         -56701   |       -56477.8   |       -223.251   |   144:48:47   |   271:05:32   |
278600      |         -56709   |       -56479.4   |       -229.536   |   144:50:16   |   271:03:50   |
278650      |       -56706.9   |         -56477   |        -229.93   |   144:51:45   |   271:02:08   |
278700      |       -56687.5   |       -56483.2   |       -204.311   |   144:53:18   |   271:00:33   |
278750      |       -56691.6   |       -56469.7   |       -221.878   |   144:54:50   |   270:58:56   |
278800      |       -56721.5   |       -56468.1   |       -253.469   |   144:56:24   |   270:57:24   |
278850      |       -56747.4   |       -56478.5   |       -268.917   |   144:57:56   |   270:55:47   |
278900      |       -56724.4   |       -56472.9   |       -251.426   |   144:59:33   |   270:54:20   |
278950      |       -56715.3   |       -56453.1   |        -262.16   |   145:01:11   |   270:52:55   |


Iter        |      Posterior   |     Likelihood   |          Prior   |    elapsed   |        ETA   |
----------------------------------------------------------------------------------------------------
279000      |       -56714.8   |       -56459.6   |       -255.266   |   145:02:42   |   270:51:16   |
279050      |       -56714.7   |       -56466.6   |       -248.117   |   145:04:17   |   270:49:45   |
279100      |       -56700.9   |       -56457.5   |        -243.36   |   145:05:50   |   270:48:11   |
279150      |       -56713.4   |       -56462.6   |       -250.863   |   145:07:25   |   270:46:40   |
279200      |       -56754.5   |       -56451.5   |        -303.01   |   145:08:57   |   270:45:03   |
279250      |       -56737.7   |       -56452.3   |       -285.393   |   145:10:29   |   270:43:27   |
279300      |       -56746.2   |       -56464.5   |       -281.647   |   145:12:06   |   270:41:59   |
279350      |       -56712.6   |       -56469.8   |       -242.821   |   145:13:44   |   270:40:34   |
279400      |       -56740.5   |       -56466.9   |         -273.6   |   145:15:25   |   270:39:14   |
279450      |       -56704.7   |       -56465.5   |       -239.201   |   145:17:02   |   270:37:47   |
279500      |       -56723.4   |       -56466.5   |       -256.911   |   145:18:37   |   270:36:16   |
279550      |       -56728.3   |       -56460.5   |       -267.814   |   145:20:11   |   270:34:43   |
279600      |       -56717.8   |       -56465.8   |       -252.016   |   145:21:46   |   270:33:12   |
279650      |         -56710   |       -56459.3   |       -250.775   |   145:23:22   |   270:31:43   |
279700      |       -56693.6   |       -56456.5   |       -237.142   |   145:24:59   |   270:30:16   |
279750      |       -56722.4   |       -56457.7   |       -264.761   |   145:26:37   |   270:28:51   |
279800      |       -56707.1   |       -56457.7   |       -249.333   |   145:28:13   |   270:27:22   |
279850      |       -56670.7   |       -56475.1   |       -195.601   |   145:29:53   |   270:26:00   |
279900      |       -56718.8   |       -56470.9   |        -247.88   |   145:31:26   |   270:24:25   |
279950      |       -56672.2   |       -56475.3   |       -196.907   |   145:32:58   |   270:22:49   |


Iter        |      Posterior   |     Likelihood   |          Prior   |    elapsed   |        ETA   |
----------------------------------------------------------------------------------------------------
280000      |       -56723.8   |       -56476.4   |       -247.392   |   145:34:32   |   270:21:16   |
280050      |       -56733.3   |       -56462.2   |       -271.124   |   145:36:05   |   270:19:41   |
280100      |       -56716.3   |       -56463.9   |       -252.474   |   145:37:40   |   270:18:10   |
280150      |       -56735.5   |         -56466   |       -269.534   |   145:39:18   |   270:16:45   |
280200      |       -56690.3   |         -56479   |       -211.255   |   145:40:51   |   270:15:10   |
280250      |       -56700.7   |       -56467.7   |       -232.952   |   145:42:27   |   270:13:41   |
280300      |       -56642.6   |       -56464.4   |       -178.131   |   145:44:10   |   270:12:25   |
280350      |       -56737.4   |       -56484.7   |       -252.709   |   145:45:50   |   270:11:03   |
280400      |       -56745.5   |       -56469.3   |       -276.208   |   145:47:27   |   270:09:36   |
280450      |       -56744.2   |       -56474.7   |       -269.431   |   145:49:05   |   270:08:11   |
280500      |       -56688.1   |       -56472.2   |       -215.927   |   145:50:44   |   270:06:47   |
280550      |         -56732   |       -56463.7   |       -268.357   |   145:52:25   |   270:05:27   |
280600      |       -56725.3   |       -56477.6   |       -247.724   |   145:54:01   |   270:03:58   |
280650      |       -56693.3   |       -56475.5   |       -217.824   |   145:55:39   |   270:02:33   |
280700      |       -56707.2   |       -56475.3   |       -231.875   |   145:57:18   |   270:01:09   |
280750      |       -56744.1   |       -56479.4   |        -264.73   |   145:58:59   |   269:59:49   |
280800      |       -56699.6   |       -56490.3   |       -209.252   |   146:00:41   |   269:58:31   |
280850      |       -56710.5   |       -56465.7   |       -244.805   |   146:02:24   |   269:57:15   |
280900      |       -56714.8   |         -56469   |       -245.808   |   146:04:03   |   269:55:51   |
280950      |       -56720.6   |       -56467.5   |       -253.075   |   146:05:39   |   269:54:22   |


Iter        |      Posterior   |     Likelihood   |          Prior   |    elapsed   |        ETA   |
----------------------------------------------------------------------------------------------------
281000      |       -56693.9   |       -56468.6   |       -225.362   |   146:07:18   |   269:52:59   |
281050      |       -56758.4   |       -56475.1   |       -283.302   |   146:09:00   |   269:51:40   |
281100      |       -56741.2   |         -56481   |       -260.191   |   146:10:37   |   269:50:13   |
281150      |       -56756.9   |       -56491.3   |       -265.524   |   146:12:14   |   269:48:46   |
281200      |       -56758.3   |       -56481.5   |       -276.803   |   146:13:51   |   269:47:18   |
281250      |       -56743.1   |       -56476.1   |       -267.003   |   146:15:27   |   269:45:49   |
281300      |       -56693.8   |       -56487.8   |       -206.006   |   146:17:08   |   269:44:29   |
281350      |       -56707.1   |       -56476.3   |       -230.827   |   146:18:46   |   269:43:04   |
281400      |       -56762.5   |       -56493.9   |       -268.598   |   146:20:20   |   269:41:31   |
281450      |       -56727.4   |       -56472.5   |       -254.909   |   146:21:58   |   269:40:05   |
281500      |       -56733.4   |       -56467.4   |       -265.959   |   146:23:34   |   269:38:36   |
281550      |       -56707.4   |       -56489.9   |       -217.564   |   146:25:10   |   269:37:07   |
281600      |       -56747.5   |       -56507.1   |       -240.457   |   146:26:46   |   269:35:38   |
281650      |       -56697.3   |       -56470.4   |       -226.853   |   146:28:28   |   269:34:20   |
281700      |       -56718.3   |       -56481.1   |       -237.186   |   146:30:00   |   269:32:43   |
281750      |       -56711.5   |       -56470.9   |        -240.61   |   146:31:39   |   269:31:19   |
281800      |       -56756.8   |       -56471.3   |       -285.483   |   146:33:18   |   269:29:56   |
281850      |       -56773.7   |       -56477.7   |       -296.043   |   146:34:58   |   269:28:34   |
281900      |       -56762.4   |         -56478   |       -284.366   |   146:36:39   |   269:27:14   |
281950      |         -56719   |       -56484.5   |       -234.464   |   146:38:17   |   269:25:48   |


Iter        |      Posterior   |     Likelihood   |          Prior   |    elapsed   |        ETA   |
----------------------------------------------------------------------------------------------------
282000      |       -56724.3   |       -56497.9   |       -226.428   |   146:39:51   |   269:24:15   |
282050      |       -56752.9   |       -56482.6   |        -270.33   |   146:41:28   |   269:22:48   |
282100      |       -56707.7   |       -56479.8   |       -227.888   |   146:43:06   |   269:21:22   |
282150      |       -56718.5   |       -56479.3   |        -239.19   |   146:44:43   |   269:19:55   |
282200      |       -56740.4   |       -56482.8   |       -257.569   |   146:46:19   |   269:18:26   |
282250      |       -56750.1   |       -56485.5   |       -264.637   |   146:47:55   |   269:16:56   |
282300      |       -56722.2   |       -56482.5   |        -239.65   |   146:49:25   |   269:15:16   |
282350      |       -56751.7   |       -56498.2   |       -253.523   |   146:51:02   |   269:13:49   |
282400      |       -56724.9   |       -56482.2   |        -242.67   |   146:52:42   |   269:12:27   |
282450      |       -56689.9   |       -56478.4   |       -211.502   |   146:54:20   |   269:11:01   |
282500      |       -56723.8   |       -56479.9   |       -243.895   |   146:55:50   |   269:09:21   |
282550      |       -56715.5   |       -56469.4   |       -246.102   |   146:57:27   |   269:07:54   |
282600      |       -56714.5   |       -56476.3   |       -238.278   |   146:59:04   |   269:06:26   |
282650      |       -56713.7   |       -56476.8   |       -236.891   |   147:00:40   |   269:04:57   |
282700      |       -56722.1   |       -56465.8   |       -256.287   |   147:02:13   |   269:03:22   |
282750      |       -56684.1   |       -56459.8   |       -224.385   |   147:03:50   |   269:01:55   |
282800      |       -56718.6   |       -56477.8   |        -240.78   |   147:05:27   |   269:00:27   |
282850      |       -56725.4   |       -56477.6   |       -247.767   |   147:07:08   |   268:59:07   |
282900      |       -56670.6   |       -56474.5   |        -196.15   |   147:08:47   |   268:57:43   |
282950      |       -56724.1   |       -56482.1   |       -241.936   |   147:10:26   |   268:56:20   |


Iter        |      Posterior   |     Likelihood   |          Prior   |    elapsed   |        ETA   |
----------------------------------------------------------------------------------------------------
283000      |       -56764.8   |       -56455.2   |       -309.579   |   147:12:01   |   268:54:48   |
283050      |       -56728.7   |       -56458.6   |       -270.079   |   147:13:42   |   268:53:28   |
283100      |       -56688.8   |       -56460.7   |       -228.133   |   147:15:23   |   268:52:08   |
283150      |       -56712.6   |         -56471   |       -241.607   |   147:17:00   |   268:50:41   |
283200      |       -56675.8   |       -56463.1   |       -212.749   |   147:18:39   |   268:49:17   |
283250      |       -56709.7   |       -56472.7   |       -237.027   |   147:20:14   |   268:47:46   |
283300      |       -56699.9   |       -56462.7   |       -237.275   |   147:21:47   |   268:46:11   |
283350      |       -56765.2   |       -56481.1   |       -284.045   |   147:23:23   |   268:44:42   |
283400      |         -56697   |       -56487.8   |       -209.146   |   147:25:05   |   268:43:23   |
283450      |         -56690   |       -56482.5   |       -207.527   |   147:26:44   |   268:41:59   |
283500      |       -56722.2   |       -56472.4   |       -249.801   |   147:28:15   |   268:40:21   |
283550      |         -56676   |       -56470.4   |        -205.56   |   147:29:52   |   268:38:53   |
283600      |       -56756.8   |       -56478.9   |        -277.98   |   147:31:29   |   268:37:26   |
283650      |         -56741   |       -56484.9   |       -256.107   |   147:33:07   |   268:36:00   |
283700      |       -56709.9   |       -56487.6   |       -222.222   |   147:34:44   |   268:34:33   |
283750      |       -56656.9   |       -56455.1   |       -201.843   |   147:36:21   |   268:33:05   |
283800      |       -56711.5   |       -56477.2   |       -234.289   |   147:38:01   |   268:31:43   |
283850      |       -56704.6   |       -56455.6   |       -248.986   |   147:39:40   |   268:30:19   |
283900      |       -56715.9   |       -56461.3   |       -254.555   |   147:41:17   |   268:28:52   |
283950      |       -56731.1   |         -56468   |       -263.088   |   147:42:55   |   268:27:26   |


Iter        |      Posterior   |     Likelihood   |          Prior   |    elapsed   |        ETA   |
----------------------------------------------------------------------------------------------------
284000      |       -56716.2   |       -56467.4   |       -248.822   |   147:44:30   |   268:25:55   |
284050      |       -56704.2   |         -56481   |       -223.141   |   147:46:09   |   268:24:31   |
284100      |       -56689.7   |       -56471.9   |        -217.86   |   147:47:50   |   268:23:11   |
284150      |       -56712.6   |       -56466.3   |       -246.267   |   147:49:30   |   268:21:49   |
284200      |       -56717.8   |       -56488.8   |       -229.004   |   147:51:07   |   268:20:21   |
284250      |       -56707.9   |       -56479.1   |       -228.786   |   147:52:42   |   268:18:50   |
284300      |       -56693.9   |       -56485.7   |       -208.221   |   147:54:17   |   268:17:19   |
284350      |         -56746   |       -56487.3   |       -258.755   |   147:55:50   |   268:15:44   |
284400      |       -56725.7   |       -56488.9   |       -236.866   |   147:57:26   |   268:14:14   |
284450      |       -56740.6   |       -56483.2   |       -257.382   |   147:58:59   |   268:12:40   |
284500      |         -56737   |       -56488.9   |       -248.113   |   148:00:35   |   268:11:10   |
284550      |       -56727.2   |         -56480   |       -247.225   |   148:02:14   |   268:09:46   |
284600      |       -56768.9   |       -56490.6   |       -278.296   |   148:03:53   |   268:08:22   |
284650      |       -56755.4   |       -56454.8   |       -300.685   |   148:05:23   |   268:06:42   |
284700      |       -56753.5   |       -56471.1   |       -282.395   |   148:06:57   |   268:05:09   |
284750      |       -56752.7   |       -56465.2   |       -287.453   |   148:08:37   |   268:03:47   |
284800      |       -56766.8   |       -56468.4   |       -298.412   |   148:10:16   |   268:02:23   |
284850      |       -56689.9   |       -56460.5   |       -229.418   |   148:11:56   |   268:01:01   |
284900      |       -56753.6   |       -56474.7   |       -278.912   |   148:13:38   |   267:59:42   |
284950      |       -56772.5   |       -56468.1   |       -304.446   |   148:15:14   |   267:58:13   |


Iter        |      Posterior   |     Likelihood   |          Prior   |    elapsed   |        ETA   |
----------------------------------------------------------------------------------------------------
285000      |       -56699.8   |       -56454.9   |       -244.866   |   148:16:52   |   267:56:47   |
285050      |       -56716.5   |       -56458.5   |       -257.989   |   148:18:30   |   267:55:21   |
285100      |       -56698.3   |       -56469.9   |       -228.443   |   148:20:08   |   267:53:56   |
285150      |       -56722.6   |       -56472.4   |        -250.22   |   148:21:47   |   267:52:32   |
285200      |       -56742.6   |       -56455.7   |       -286.901   |   148:23:20   |   267:50:57   |
285250      |       -56715.7   |       -56469.7   |       -245.977   |   148:24:57   |   267:49:29   |
285300      |       -56713.8   |       -56459.1   |        -254.65   |   148:26:35   |   267:48:03   |
285350      |       -56704.8   |         -56466   |       -238.858   |   148:28:13   |   267:46:37   |
285400      |       -56713.7   |       -56480.1   |       -233.576   |   148:29:50   |   267:45:10   |
285450      |       -56689.7   |       -56468.3   |       -221.422   |   148:31:24   |   267:43:37   |
285500      |       -56674.8   |       -56467.4   |       -207.393   |   148:33:00   |   267:42:07   |
285550      |       -56722.4   |       -56464.7   |       -257.749   |   148:34:41   |   267:40:47   |
285600      |         -56719   |       -56459.6   |       -259.386   |   148:36:21   |   267:39:25   |
285650      |       -56696.4   |       -56453.6   |       -242.787   |   148:37:57   |   267:37:55   |
285700      |       -56741.9   |         -56462   |       -279.941   |   148:39:32   |   267:36:24   |
285750      |       -56722.3   |       -56459.7   |       -262.637   |   148:41:05   |   267:34:49   |
285800      |       -56742.7   |         -56475   |       -267.699   |   148:42:37   |   267:33:13   |
285850      |       -56725.9   |       -56467.1   |       -258.832   |   148:44:11   |   267:31:39   |
285900      |       -56728.5   |       -56463.6   |       -264.986   |   148:45:45   |   267:30:06   |
285950      |       -56741.6   |       -56464.9   |       -276.677   |   148:47:15   |   267:28:26   |


Iter        |      Posterior   |     Likelihood   |          Prior   |    elapsed   |        ETA   |
----------------------------------------------------------------------------------------------------
286000      |       -56716.6   |       -56464.9   |       -251.649   |   148:48:50   |   267:26:55   |
286050      |       -56715.7   |       -56471.7   |        -244.05   |   148:50:28   |   267:25:29   |
286100      |       -56668.9   |         -56468   |       -200.864   |   148:52:10   |   267:24:10   |
286150      |       -56679.7   |       -56455.7   |       -223.993   |   148:53:50   |   267:22:48   |
286200      |         -56708   |         -56473   |       -235.042   |   148:55:29   |   267:21:24   |
286250      |       -56763.1   |       -56459.5   |       -303.592   |   148:57:05   |   267:19:55   |
286300      |       -56717.1   |       -56456.1   |       -260.992   |   148:58:46   |   267:18:34   |
286350      |       -56741.7   |         -56466   |        -275.74   |   149:00:25   |   267:17:10   |
286400      |         -56732   |       -56464.5   |       -267.595   |   149:02:06   |   267:15:49   |
286450      |       -56739.5   |       -56461.6   |        -277.93   |   149:03:45   |   267:14:25   |
286500      |       -56699.1   |       -56453.8   |        -245.31   |   149:05:23   |   267:12:59   |
286550      |       -56743.3   |       -56460.8   |       -282.457   |   149:07:02   |   267:11:35   |
286600      |       -56745.1   |       -56473.4   |        -271.63   |   149:08:42   |   267:10:13   |
286650      |         -56753   |       -56468.1   |       -284.912   |   149:10:24   |   267:08:54   |
286700      |       -56692.2   |         -56456   |       -236.224   |   149:12:03   |   267:07:30   |
286750      |       -56748.4   |         -56458   |       -290.404   |   149:13:49   |   267:06:19   |
286800      |         -56741   |       -56461.4   |       -279.652   |   149:15:27   |   267:04:53   |
286850      |       -56731.1   |       -56466.7   |       -264.395   |   149:17:07   |   267:03:30   |
286900      |       -56717.5   |       -56479.9   |       -237.583   |   149:18:47   |   267:02:08   |
286950      |       -56722.7   |       -56465.1   |       -257.666   |   149:20:27   |   267:00:45   |


Iter        |      Posterior   |     Likelihood   |          Prior   |    elapsed   |        ETA   |
----------------------------------------------------------------------------------------------------
287000      |       -56749.2   |       -56468.4   |        -280.79   |   149:22:07   |   266:59:23   |
287050      |       -56765.1   |       -56474.8   |       -290.281   |   149:23:48   |   266:58:02   |
287100      |         -56739   |       -56475.1   |       -263.889   |   149:25:26   |   266:56:37   |
287150      |       -56676.9   |       -56450.7   |       -226.242   |   149:27:05   |   266:55:12   |
287200      |       -56734.7   |       -56467.8   |        -266.83   |   149:28:41   |   266:53:43   |
287250      |       -56653.5   |       -56458.3   |       -195.183   |   149:30:22   |   266:52:22   |
287300      |       -56731.3   |       -56471.4   |        -259.87   |   149:32:00   |   266:50:56   |
287350      |       -56700.5   |       -56477.3   |       -223.222   |   149:33:34   |   266:49:23   |
287400      |       -56696.3   |       -56468.8   |       -227.459   |   149:35:11   |   266:47:55   |
287450      |       -56684.3   |       -56463.1   |       -221.253   |   149:36:47   |   266:46:26   |
287500      |       -56698.5   |       -56463.4   |       -235.126   |   149:38:28   |   266:45:05   |
287550      |         -56766   |       -56464.8   |       -301.207   |   149:40:10   |   266:43:46   |
287600      |       -56697.7   |       -56465.5   |       -232.199   |   149:41:47   |   266:42:18   |
287650      |       -56725.6   |       -56484.8   |       -240.832   |   149:43:27   |   266:40:56   |
287700      |       -56707.6   |       -56473.3   |       -234.363   |   149:45:07   |   266:39:33   |
287750      |       -56677.1   |       -56465.4   |        -211.69   |   149:46:43   |   266:38:04   |
287800      |       -56689.5   |       -56473.6   |       -215.972   |   149:48:16   |   266:36:29   |
287850      |       -56714.2   |       -56462.6   |        -251.63   |   149:49:48   |   266:34:52   |
287900      |       -56702.5   |       -56460.1   |        -242.41   |   149:51:18   |   266:33:12   |
287950      |       -56686.7   |       -56463.4   |       -223.231   |   149:52:56   |   266:31:46   |


Iter        |      Posterior   |     Likelihood   |          Prior   |    elapsed   |        ETA   |
----------------------------------------------------------------------------------------------------
288000      |       -56684.7   |       -56457.1   |       -227.639   |   149:54:37   |   266:30:25   |
288050      |       -56722.8   |       -56471.8   |       -250.978   |   149:56:13   |   266:28:56   |
288100      |       -56707.6   |       -56475.7   |       -231.906   |   149:57:49   |   266:27:26   |
288150      |         -56711   |       -56465.7   |       -245.303   |   149:59:24   |   266:25:55   |
288200      |       -56694.1   |       -56467.8   |       -226.324   |   150:01:00   |   266:24:25   |
288250      |       -56704.1   |       -56460.7   |        -243.42   |   150:02:38   |   266:22:59   |
288300      |       -56671.5   |       -56466.1   |       -205.366   |   150:04:15   |   266:21:31   |
288350      |       -56695.9   |       -56458.3   |        -237.59   |   150:05:51   |   266:20:02   |
288400      |       -56716.4   |       -56470.1   |       -246.256   |   150:07:27   |   266:18:32   |
288450      |         -56676   |         -56460   |       -215.909   |   150:09:07   |   266:17:09   |
288500      |       -56729.5   |       -56452.1   |       -277.314   |   150:10:49   |   266:15:51   |
288550      |       -56729.9   |       -56482.6   |        -247.32   |   150:12:30   |   266:14:30   |
288600      |       -56705.7   |       -56476.1   |       -229.605   |   150:14:10   |   266:13:07   |
288650      |       -56699.9   |       -56471.9   |       -227.964   |   150:15:55   |   266:11:54   |
288700      |       -56731.1   |       -56476.8   |       -254.312   |   150:17:38   |   266:10:36   |
288750      |       -56712.7   |       -56461.6   |       -251.026   |   150:19:15   |   266:09:08   |
288800      |       -56712.3   |       -56450.1   |       -262.201   |   150:20:55   |   266:07:46   |
288850      |         -56723   |       -56463.3   |       -259.785   |   150:22:36   |   266:06:25   |
288900      |       -56691.5   |       -56453.7   |       -237.802   |   150:24:16   |   266:05:02   |
288950      |         -56706   |       -56481.3   |       -224.611   |   150:25:47   |   266:03:24   |


Iter        |      Posterior   |     Likelihood   |          Prior   |    elapsed   |        ETA   |
----------------------------------------------------------------------------------------------------
289000      |       -56723.1   |       -56470.2   |       -252.941   |   150:27:26   |   266:02:00   |
289050      |       -56715.1   |       -56491.9   |        -223.22   |   150:29:07   |   266:00:39   |
289100      |       -56712.9   |       -56480.8   |       -232.065   |   150:30:44   |   265:59:11   |
289150      |         -56720   |       -56463.4   |       -256.602   |   150:32:20   |   265:57:41   |
289200      |       -56681.4   |         -56471   |       -210.355   |   150:33:54   |   265:56:08   |
289250      |       -56688.6   |       -56461.6   |       -226.967   |   150:35:26   |   265:54:31   |
289300      |       -56717.2   |       -56472.1   |       -245.156   |   150:37:03   |   265:53:03   |
289350      |       -56687.4   |       -56463.3   |       -224.176   |   150:38:37   |   265:51:30   |
289400      |       -56724.4   |       -56458.3   |       -266.093   |   150:40:13   |   265:50:00   |
289450      |       -56720.3   |       -56485.7   |       -234.659   |   150:41:50   |   265:48:33   |
289500      |         -56689   |       -56457.2   |       -231.837   |   150:43:27   |   265:47:05   |
289550      |       -56694.4   |       -56472.5   |        -221.83   |   150:45:07   |   265:45:42   |
289600      |       -56681.9   |       -56474.7   |       -207.279   |   150:46:42   |   265:44:11   |
289650      |       -56720.8   |       -56460.6   |       -260.243   |   150:48:22   |   265:42:48   |
289700      |         -56693   |       -56463.6   |       -229.422   |   150:49:57   |   265:41:16   |
289750      |       -56675.7   |       -56449.4   |        -226.29   |   150:51:36   |   265:39:52   |
289800      |         -56712   |       -56457.5   |       -254.544   |   150:53:13   |   265:38:24   |
289850      |       -56700.3   |       -56463.2   |       -237.113   |   150:54:49   |   265:36:54   |
289900      |       -56678.2   |       -56457.5   |       -220.666   |   150:56:27   |   265:35:28   |
289950      |       -56668.4   |       -56475.9   |       -192.498   |   150:58:03   |   265:33:58   |


Iter        |      Posterior   |     Likelihood   |          Prior   |    elapsed   |        ETA   |
----------------------------------------------------------------------------------------------------
290000      |       -56688.3   |       -56478.9   |        -209.31   |   150:59:38   |   265:32:27   |
290050      |         -56708   |       -56476.7   |       -231.225   |   151:01:11   |   265:30:52   |
290100      |       -56719.8   |       -56462.5   |       -257.332   |   151:02:42   |   265:29:14   |
290150      |       -56708.9   |       -56473.4   |       -235.473   |   151:04:15   |   265:27:39   |
290200      |       -56710.6   |         -56464   |       -246.562   |   151:05:49   |   265:26:05   |
290250      |       -56703.4   |       -56479.1   |        -224.26   |   151:07:23   |   265:24:32   |
290300      |       -56712.6   |       -56480.8   |       -231.774   |   151:08:57   |   265:22:59   |
290350      |       -56743.9   |       -56467.6   |       -276.312   |   151:10:32   |   265:21:27   |
290400      |       -56677.4   |       -56460.8   |       -216.596   |   151:12:07   |   265:19:56   |
290450      |       -56723.1   |       -56472.9   |       -250.137   |   151:13:43   |   265:18:26   |
290500      |       -56736.4   |         -56476   |       -260.426   |   151:15:19   |   265:16:56   |
290550      |       -56720.7   |       -56463.1   |       -257.621   |   151:16:54   |   265:15:25   |
290600      |       -56724.7   |       -56451.3   |       -273.412   |   151:18:37   |   265:14:08   |
290650      |       -56704.2   |       -56460.2   |       -244.023   |   151:20:19   |   265:12:48   |
290700      |       -56691.8   |       -56467.2   |       -224.658   |   151:21:59   |   265:11:26   |
290750      |       -56681.6   |       -56456.2   |       -225.493   |   151:23:38   |   265:10:01   |
290800      |         -56712   |       -56461.3   |       -250.731   |   151:25:17   |   265:08:37   |
290850      |       -56729.6   |         -56464   |       -265.532   |   151:26:57   |   265:07:14   |
290900      |       -56708.8   |       -56461.6   |       -247.203   |   151:28:33   |   265:05:44   |
290950      |       -56716.6   |       -56457.2   |       -259.394   |   151:30:09   |   265:04:14   |


Iter        |      Posterior   |     Likelihood   |          Prior   |    elapsed   |        ETA   |
----------------------------------------------------------------------------------------------------
291000      |       -56676.4   |       -56451.2   |       -225.217   |   151:31:47   |   265:02:48   |
291050      |       -56741.7   |       -56455.2   |       -286.431   |   151:33:20   |   265:01:13   |
291100      |       -56699.3   |       -56450.1   |        -249.21   |   151:34:51   |   264:59:35   |
291150      |       -56691.4   |       -56463.7   |       -227.698   |   151:36:29   |   264:58:08   |
291200      |       -56702.4   |       -56467.1   |       -235.325   |   151:38:08   |   264:56:44   |
291250      |       -56685.3   |       -56462.1   |       -223.195   |   151:39:47   |   264:55:19   |
291300      |       -56745.7   |       -56453.5   |       -292.181   |   151:41:26   |   264:53:55   |
291350      |       -56691.8   |       -56478.2   |       -213.645   |   151:43:05   |   264:52:30   |
291400      |         -56731   |       -56468.6   |        -262.38   |   151:44:49   |   264:51:14   |
291450      |       -56666.9   |         -56482   |       -184.938   |   151:46:25   |   264:49:45   |
291500      |       -56700.1   |         -56478   |       -222.152   |   151:48:02   |   264:48:17   |
291550      |       -56754.7   |       -56461.3   |       -293.447   |   151:49:39   |   264:46:49   |
291600      |       -56698.6   |       -56461.4   |       -237.236   |   151:51:16   |   264:45:20   |
291650      |       -56675.5   |       -56461.7   |       -213.791   |   151:52:54   |   264:43:54   |
291700      |       -56680.2   |       -56458.4   |       -221.754   |   151:54:33   |   264:42:30   |
291750      |       -56733.5   |       -56471.4   |       -262.134   |   151:56:11   |   264:41:03   |
291800      |       -56727.7   |       -56464.3   |       -263.407   |   151:57:52   |   264:39:42   |
291850      |       -56679.6   |       -56445.7   |       -233.933   |   151:59:27   |   264:38:11   |
291900      |       -56713.9   |       -56459.7   |       -254.224   |   152:01:02   |   264:36:39   |
291950      |       -56703.7   |       -56465.5   |        -238.19   |   152:02:41   |   264:35:15   |


Iter        |      Posterior   |     Likelihood   |          Prior   |    elapsed   |        ETA   |
----------------------------------------------------------------------------------------------------
292000      |       -56668.7   |       -56448.7   |       -220.046   |   152:04:16   |   264:33:43   |
292050      |         -56706   |       -56452.2   |       -253.796   |   152:05:55   |   264:32:18   |
292100      |       -56748.2   |         -56473   |       -275.231   |   152:07:37   |   264:30:59   |
292150      |       -56711.5   |       -56463.6   |       -247.882   |   152:09:15   |   264:29:33   |
292200      |         -56671   |       -56465.6   |       -205.405   |   152:10:53   |   264:28:06   |
292250      |       -56705.5   |       -56459.9   |       -245.613   |   152:12:26   |   264:26:31   |
292300      |       -56662.7   |       -56471.2   |       -191.473   |   152:14:03   |   264:25:03   |
292350      |       -56713.7   |       -56459.1   |       -254.604   |   152:15:38   |   264:23:32   |
292400      |       -56716.8   |       -56470.7   |       -246.061   |   152:17:12   |   264:21:58   |
292450      |       -56710.6   |         -56468   |       -242.587   |   152:18:49   |   264:20:30   |
292500      |       -56711.6   |       -56459.5   |       -252.072   |   152:20:33   |   264:19:14   |
292550      |       -56750.7   |       -56484.1   |       -266.593   |   152:22:08   |   264:17:43   |
292600      |       -56708.3   |       -56472.5   |       -235.827   |   152:23:43   |   264:16:11   |
292650      |       -56707.8   |       -56468.8   |       -238.944   |   152:25:18   |   264:14:39   |
292700      |         -56680   |       -56468.8   |       -211.181   |   152:26:52   |   264:13:06   |
292750      |       -56696.4   |       -56462.6   |       -233.835   |   152:28:31   |   264:11:41   |
292800      |       -56689.8   |       -56473.7   |       -216.193   |   152:30:10   |   264:10:17   |
292850      |       -56723.7   |       -56476.6   |       -247.147   |   152:31:47   |   264:08:49   |
292900      |       -56742.8   |       -56470.6   |       -272.244   |   152:33:31   |   264:07:33   |
292950      |       -56721.3   |       -56485.9   |       -235.313   |   152:35:06   |   264:06:01   |


Iter        |      Posterior   |     Likelihood   |          Prior   |    elapsed   |        ETA   |
----------------------------------------------------------------------------------------------------
293000      |       -56676.6   |       -56467.6   |       -208.945   |   152:36:42   |   264:04:31   |
293050      |       -56681.9   |         -56468   |         -213.9   |   152:38:18   |   264:03:01   |
293100      |       -56706.5   |       -56461.2   |        -245.24   |   152:40:00   |   264:01:42   |
293150      |       -56736.8   |       -56456.2   |       -280.564   |   152:41:43   |   264:00:24   |
293200      |       -56713.6   |       -56478.9   |        -234.75   |   152:43:20   |   263:58:56   |
