Starting job 16490014 on c5-60 on Saga at Wed Dec 24 11:42:35 CET 2025


RevBayes version (1.1.1)
Build from  () on Fri May  5 01:48:14 PM CEST 2023

Visit the website www.RevBayes.com for more information about RevBayes.

RevBayes is free software released under the GPL license, version 3. Type 'license()' for details.

To quit RevBayes type 'quit()' or 'q()'.


> source("scripts/mcmc_CEFBDRP_Ranges_rhinos.Rev")
   Processing file "scripts/mcmc_CEFBDRP_Ranges_rhinos.Rev"
   Successfully read one character matrix from file 'data/rrna.nex'
   Successfully read one character matrix from file 'data/coding_1.nex'
   Successfully read one character matrix from file 'data/coding_2.nex'
   Successfully read one character matrix from file 'data/coding_3.nex'
   Successfully read one character matrix from file 'data/character_matrix_RB_rhinos.nex'
   Processing file "scripts/model_FBDRP_rhinos.Rev"
   Processing of file "scripts/model_FBDRP_rhinos.Rev" completed
   Processing file "scripts/model_UCLN_rhinos.Rev"
   Processing of file "scripts/model_UCLN_rhinos.Rev" completed
   Processing file "scripts/model_GTRG_rhinos.Rev"
   Processing of file "scripts/model_GTRG_rhinos.Rev" completed
   Processing file "scripts/model_Morph_rhinos.Rev"
   NOTE: setNumStatesPartition() partitions by the maximum observed state, not the total number of observed states.
   NOTE: setNumStatesPartition() partitions by the maximum observed state, not the total number of observed states.
   NOTE: setNumStatesPartition() partitions by the maximum observed state, not the total number of observed states.
   Processing of file "scripts/model_Morph_rhinos.Rev" completed

   Running MCMC simulation
   This simulation runs 1 independent replicate.
   The simulator uses 422 different moves in a random move schedule with 527 moves per iteration

Iter        |      Posterior   |     Likelihood   |          Prior   |    elapsed   |        ETA   |
----------------------------------------------------------------------------------------------------
0           |         -99204   |       -98829.6   |       -374.402   |   00:00:00   |   --:--:--   |
50          |       -58005.7   |       -57677.7   |       -328.005   |   00:01:18   |   --:--:--   |
100         |       -57757.9   |       -57443.4   |        -314.53   |   00:02:40   |   355:30:40   |
150         |       -57640.7   |       -57309.2   |       -331.418   |   00:04:03   |   359:55:57   |
200         |       -57557.1   |       -57217.2   |       -339.885   |   00:05:24   |   359:54:36   |
250         |       -57455.2   |       -57122.2   |       -333.022   |   00:06:42   |   357:13:18   |
300         |       -57354.1   |       -57083.2   |       -270.852   |   00:07:58   |   353:56:28   |
350         |       -57357.8   |       -57049.6   |       -308.203   |   00:09:11   |   349:41:17   |
400         |       -57326.9   |       -57016.1   |       -310.773   |   00:10:23   |   345:56:17   |
450         |       -57323.9   |       -56993.7   |       -330.112   |   00:11:39   |   344:59:27   |
500         |       -57254.9   |       -56941.2   |       -313.757   |   00:12:52   |   342:53:48   |
550         |       -57228.2   |       -56926.4   |       -301.789   |   00:14:11   |   343:36:07   |
600         |       -57178.2   |       -56915.2   |       -262.984   |   00:15:34   |   345:39:59   |
650         |       -57157.9   |       -56885.5   |       -272.423   |   00:16:53   |   346:02:36   |
700         |       -57174.5   |       -56878.3   |       -296.157   |   00:18:15   |   347:18:53   |
750         |         -57151   |       -56870.8   |       -280.182   |   00:19:37   |   348:24:49   |
800         |       -57124.7   |       -56878.8   |       -245.829   |   00:21:01   |   349:55:39   |
850         |       -57141.5   |       -56876.3   |       -265.177   |   00:22:25   |   351:15:37   |
900         |       -57165.2   |       -56866.9   |       -298.278   |   00:23:49   |   352:26:33   |
950         |       -57172.1   |       -56869.5   |        -302.58   |   00:25:12   |   353:15:51   |


Iter        |      Posterior   |     Likelihood   |          Prior   |    elapsed   |        ETA   |
----------------------------------------------------------------------------------------------------
1000        |         -57150   |         -56882   |       -267.974   |   00:26:34   |   353:46:46   |
1050        |       -57177.1   |       -56872.6   |       -304.481   |   00:27:56   |   354:14:36   |
1100        |         -57134   |       -56871.5   |       -262.508   |   00:29:18   |   354:39:47   |
1150        |       -57187.8   |       -56871.3   |       -316.458   |   00:30:43   |   355:37:23   |
1200        |       -57158.2   |         -56880   |       -278.119   |   00:32:08   |   356:30:05   |
1250        |       -57167.3   |       -56873.9   |       -293.413   |   00:33:38   |   358:11:42   |
1300        |       -57107.2   |       -56883.4   |       -223.808   |   00:35:08   |   359:45:22   |
1350        |       -57078.5   |       -56880.6   |       -197.905   |   00:36:37   |   361:02:08   |
1400        |       -57112.8   |         -56868   |       -244.861   |   00:38:11   |   363:00:51   |
1450        |         -57145   |       -56850.3   |       -294.678   |   00:39:46   |   365:00:27   |
1500        |       -57155.2   |       -56846.7   |       -308.498   |   00:41:10   |   365:14:23   |
1550        |       -57136.8   |       -56856.1   |       -280.666   |   00:42:36   |   365:44:29   |
1600        |       -57181.8   |       -56849.2   |       -332.656   |   00:43:58   |   365:39:22   |
1650        |       -57166.4   |       -56848.8   |       -317.518   |   00:45:19   |   365:26:24   |
1700        |       -57159.8   |       -56833.8   |       -325.971   |   00:46:44   |   365:45:25   |
1750        |       -57169.9   |       -56852.2   |       -317.762   |   00:48:09   |   366:03:16   |
1800        |         -57097   |       -56840.1   |       -256.834   |   00:49:34   |   366:20:03   |
1850        |       -57135.2   |       -56836.3   |       -298.945   |   00:51:01   |   366:50:14   |
1900        |       -57102.8   |       -56830.8   |       -271.964   |   00:52:26   |   367:04:45   |
1950        |       -57221.3   |       -56840.6   |       -380.707   |   00:53:48   |   366:57:59   |


Iter        |      Posterior   |     Likelihood   |          Prior   |    elapsed   |        ETA   |
----------------------------------------------------------------------------------------------------
2000        |       -57132.4   |       -56841.8   |       -290.564   |   00:55:15   |   367:24:45   |
2050        |         -57142   |       -56849.2   |       -292.869   |   00:56:42   |   367:50:07   |
2100        |       -57147.7   |       -56860.8   |       -286.807   |   00:58:08   |   368:07:53   |
2150        |       -57209.6   |       -56855.7   |       -353.942   |   00:59:35   |   368:30:57   |
2200        |       -57199.9   |       -56855.1   |       -344.777   |   01:01:00   |   368:40:49   |
2250        |       -57171.8   |       -56844.5   |       -327.246   |   01:02:27   |   369:01:59   |
2300        |       -57226.3   |       -56849.4   |       -376.972   |   01:03:57   |   369:39:31   |
2350        |       -57143.6   |       -56851.4   |        -292.25   |   01:05:23   |   369:52:46   |
2400        |       -57169.3   |       -56842.8   |       -326.545   |   01:06:47   |   369:54:19   |
2450        |       -57203.1   |       -56860.4   |       -342.729   |   01:08:04   |   369:17:47   |
2500        |       -57163.8   |       -56831.8   |       -331.971   |   01:09:25   |   369:03:55   |
2550        |       -57231.9   |       -56841.8   |       -390.094   |   01:10:51   |   369:16:36   |
2600        |       -57163.9   |       -56844.4   |       -319.571   |   01:12:12   |   369:03:11   |
2650        |       -57148.5   |       -56845.1   |       -303.407   |   01:13:37   |   369:10:16   |
2700        |       -57151.7   |       -56812.3   |       -339.393   |   01:15:02   |   369:17:03   |
2750        |       -57126.3   |       -56821.4   |       -304.871   |   01:16:28   |   369:28:22   |
2800        |       -57110.6   |       -56825.7   |       -284.877   |   01:17:51   |   369:25:00   |
2850        |       -57095.7   |       -56820.1   |       -275.546   |   01:19:14   |   369:21:42   |
2900        |       -57119.8   |       -56825.8   |       -293.945   |   01:20:35   |   369:09:18   |
2950        |       -57140.1   |       -56834.7   |       -305.384   |   01:22:04   |   369:33:18   |


Iter        |      Posterior   |     Likelihood   |          Prior   |    elapsed   |        ETA   |
----------------------------------------------------------------------------------------------------
3000        |       -57087.9   |       -56818.9   |       -268.953   |   01:23:26   |   369:25:27   |
3050        |       -57041.2   |       -56799.2   |       -241.987   |   01:24:53   |   369:39:35   |
3100        |       -57045.1   |       -56808.1   |       -237.009   |   01:26:21   |   369:57:31   |
3150        |       -57018.6   |       -56701.4   |       -317.218   |   01:27:48   |   370:10:36   |
3200        |         -56988   |       -56705.3   |       -282.686   |   01:29:11   |   370:06:39   |
3250        |       -57044.6   |       -56700.8   |       -343.785   |   01:30:36   |   370:10:56   |
3300        |       -56961.5   |       -56706.9   |       -254.633   |   01:32:02   |   370:19:04   |
3350        |       -57024.4   |       -56704.7   |       -319.704   |   01:33:23   |   370:07:06   |
3400        |         -56883   |       -56582.3   |        -300.63   |   01:34:44   |   369:55:27   |
3450        |         -56908   |       -56587.7   |        -320.25   |   01:36:02   |   369:32:33   |
3500        |       -56881.3   |       -56584.1   |       -297.106   |   01:37:27   |   369:36:50   |
3550        |       -56900.9   |       -56577.8   |       -323.138   |   01:38:54   |   369:48:25   |
3600        |       -56860.7   |       -56572.6   |       -288.096   |   01:40:19   |   369:52:16   |
3650        |         -56894   |         -56582   |       -311.948   |   01:41:42   |   369:48:42   |
3700        |       -56844.9   |       -56585.5   |       -259.402   |   01:43:04   |   369:41:37   |
3750        |       -56911.4   |         -56603   |       -308.391   |   01:44:24   |   369:27:36   |
3800        |       -56895.5   |       -56586.6   |       -308.856   |   01:45:42   |   369:06:55   |
3850        |       -56862.5   |       -56590.3   |       -272.109   |   01:47:05   |   369:03:59   |
3900        |       -56920.1   |       -56617.9   |        -302.21   |   01:48:29   |   369:04:30   |
3950        |       -56866.4   |       -56616.5   |       -249.844   |   01:49:55   |   369:11:41   |


Iter        |      Posterior   |     Likelihood   |          Prior   |    elapsed   |        ETA   |
----------------------------------------------------------------------------------------------------
4000        |       -56857.8   |       -56597.3   |       -260.432   |   01:51:22   |   369:21:58   |
4050        |       -56868.1   |       -56600.7   |       -267.405   |   01:52:49   |   369:31:57   |
4100        |         -56849   |       -56588.8   |       -260.192   |   01:54:13   |   369:31:57   |
4150        |         -56857   |       -56575.1   |       -281.876   |   01:55:37   |   369:31:56   |
4200        |       -56835.9   |       -56587.7   |       -248.256   |   01:57:02   |   369:35:01   |
4250        |         -56835   |       -56579.6   |       -255.458   |   01:58:24   |   369:28:39   |
4300        |       -56865.1   |       -56592.8   |       -272.276   |   01:59:48   |   369:28:34   |
4350        |       -56907.5   |       -56596.6   |       -310.899   |   02:01:17   |   369:43:41   |
4400        |       -56918.2   |       -56581.5   |       -336.634   |   02:02:43   |   369:49:24   |
4450        |       -56886.1   |       -56589.1   |       -296.934   |   02:04:12   |   370:03:53   |
4500        |       -56819.3   |       -56575.1   |       -244.248   |   02:05:37   |   370:06:14   |
4550        |       -56897.2   |       -56590.8   |       -306.405   |   02:06:58   |   369:56:50   |
4600        |       -56899.5   |       -56588.4   |        -311.18   |   02:08:17   |   369:41:51   |
4650        |       -56861.8   |       -56600.8   |       -260.947   |   02:09:37   |   369:30:01   |
4700        |       -56858.9   |       -56580.6   |       -278.264   |   02:10:59   |   369:24:03   |
4750        |         -56805   |       -56592.2   |       -212.751   |   02:12:21   |   369:18:10   |
4800        |       -56870.3   |       -56581.3   |       -289.052   |   02:13:44   |   369:15:09   |
4850        |       -56830.7   |       -56590.1   |       -240.655   |   02:15:08   |   369:14:54   |
4900        |       -56878.3   |       -56598.7   |       -279.534   |   02:16:34   |   369:20:01   |
4950        |       -56813.1   |       -56577.1   |       -236.022   |   02:17:56   |   369:14:19   |


Iter        |      Posterior   |     Likelihood   |          Prior   |    elapsed   |        ETA   |
----------------------------------------------------------------------------------------------------
5000        |       -56889.2   |       -56579.2   |       -310.052   |   02:19:25   |   369:27:15   |
5050        |       -56811.1   |       -56570.5   |       -240.699   |   02:20:49   |   369:26:46   |
5100        |       -56856.3   |       -56579.6   |       -276.749   |   02:22:16   |   369:34:04   |
5150        |       -56837.8   |       -56569.7   |       -268.056   |   02:23:46   |   369:48:55   |
5200        |         -56831   |       -56584.3   |       -246.658   |   02:25:19   |   370:11:05   |
5250        |       -56831.3   |       -56582.3   |       -248.953   |   02:26:50   |   370:27:46   |
5300        |       -56836.4   |       -56575.3   |       -261.109   |   02:28:24   |   370:51:36   |
5350        |       -56827.7   |       -56583.7   |       -243.932   |   02:29:57   |   371:12:28   |
5400        |       -56833.7   |       -56582.6   |       -251.056   |   02:31:27   |   371:25:35   |
5450        |       -56865.9   |       -56572.5   |       -293.414   |   02:32:58   |   371:40:51   |
5500        |       -56855.9   |       -56589.9   |       -266.021   |   02:34:20   |   371:34:09   |
5550        |       -56859.7   |       -56586.3   |       -273.408   |   02:35:43   |   371:29:55   |
5600        |       -56835.5   |         -56573   |        -262.46   |   02:37:09   |   371:32:51   |
5650        |       -56842.1   |       -56565.7   |       -276.418   |   02:38:32   |   371:28:39   |
5700        |       -56836.4   |       -56575.5   |       -260.839   |   02:39:58   |   371:31:29   |
5750        |       -56875.4   |       -56592.1   |       -283.296   |   02:41:30   |   371:48:03   |
5800        |       -56841.6   |       -56588.1   |       -253.524   |   02:43:01   |   372:02:02   |
5850        |       -56817.4   |       -56585.8   |       -231.647   |   02:44:31   |   372:13:29   |
5900        |       -56841.5   |       -56570.3   |       -271.235   |   02:45:57   |   372:15:44   |
5950        |       -56828.7   |       -56571.4   |       -257.305   |   02:47:28   |   372:29:03   |


Iter        |      Posterior   |     Likelihood   |          Prior   |    elapsed   |        ETA   |
----------------------------------------------------------------------------------------------------
6000        |       -56848.9   |       -56581.2   |       -267.713   |   02:48:57   |   372:37:43   |
6050        |       -56849.3   |       -56578.7   |       -270.539   |   02:50:22   |   372:37:27   |
6100        |       -56845.3   |       -56572.2   |        -273.14   |   02:51:46   |   372:35:00   |
6150        |       -56867.8   |       -56577.1   |       -290.751   |   02:53:14   |   372:41:11   |
6200        |       -56854.6   |         -56570   |       -284.548   |   02:54:46   |   372:55:46   |
6250        |       -56866.2   |       -56594.2   |       -272.037   |   02:56:19   |   373:12:13   |
6300        |       -56847.6   |         -56584   |       -263.587   |   02:57:53   |   373:30:28   |
6350        |         -56845   |       -56585.3   |       -259.755   |   02:59:19   |   373:31:45   |
6400        |       -56847.5   |       -56584.2   |       -263.288   |   03:00:43   |   373:28:52   |
6450        |       -56847.1   |       -56597.3   |       -249.839   |   03:02:16   |   373:44:27   |
6500        |       -56851.3   |       -56606.4   |        -244.97   |   03:03:52   |   374:05:52   |
6550        |       -56839.4   |       -56577.5   |       -261.922   |   03:05:25   |   374:20:53   |
6600        |       -56834.2   |         -56576   |       -258.196   |   03:07:02   |   374:43:40   |
6650        |       -56808.1   |       -56584.1   |       -223.982   |   03:08:33   |   374:54:09   |
6700        |       -56798.9   |       -56577.2   |       -221.702   |   03:10:06   |   375:08:24   |
6750        |       -56860.2   |       -56590.5   |       -269.729   |   03:11:39   |   375:22:25   |
6800        |       -56854.7   |       -56584.2   |       -270.461   |   03:13:09   |   375:30:22   |
6850        |         -56776   |       -56591.7   |       -184.347   |   03:14:39   |   375:38:11   |
6900        |       -56833.3   |       -56586.9   |       -246.435   |   03:16:12   |   375:51:37   |
6950        |       -56872.6   |       -56574.8   |        -297.82   |   03:17:46   |   376:06:44   |


Iter        |      Posterior   |     Likelihood   |          Prior   |    elapsed   |        ETA   |
----------------------------------------------------------------------------------------------------
7000        |       -56833.2   |       -56579.2   |       -253.971   |   03:19:16   |   376:14:03   |
7050        |       -56848.4   |         -56594   |       -254.433   |   03:20:46   |   376:21:15   |
7100        |       -56888.2   |       -56606.6   |        -281.55   |   03:22:17   |   376:30:12   |
7150        |       -56881.2   |       -56610.2   |        -271.06   |   03:23:46   |   376:35:18   |
7200        |       -56873.2   |       -56599.5   |       -273.725   |   03:25:21   |   376:51:19   |
7250        |       -56870.5   |       -56605.2   |       -265.259   |   03:26:57   |   377:08:54   |
7300        |       -56851.9   |       -56609.8   |       -242.099   |   03:28:33   |   377:26:14   |
7350        |       -56847.5   |       -56604.7   |       -242.789   |   03:30:04   |   377:34:19   |
7400        |       -56898.1   |       -56620.9   |       -277.241   |   03:31:34   |   377:40:30   |
7450        |       -56909.9   |       -56615.1   |       -294.787   |   03:33:09   |   377:55:26   |
7500        |       -56888.1   |       -56606.4   |       -281.702   |   03:34:42   |   378:06:38   |
7550        |       -56869.7   |       -56613.6   |        -256.12   |   03:36:12   |   378:12:24   |
7600        |       -56882.2   |       -56615.2   |       -267.016   |   03:37:46   |   378:25:02   |
7650        |       -56842.1   |       -56605.7   |       -236.422   |   03:39:17   |   378:32:18   |
7700        |       -56825.7   |         -56605   |       -220.677   |   03:40:47   |   378:37:44   |
7750        |       -56809.1   |       -56606.9   |        -202.23   |   03:42:12   |   378:34:34   |
7800        |       -56826.7   |       -56595.2   |       -231.501   |   03:43:45   |   378:44:58   |
7850        |       -56845.6   |         -56606   |       -239.632   |   03:45:18   |   378:55:12   |
7900        |       -56845.8   |       -56599.4   |        -246.36   |   03:46:50   |   379:03:37   |
7950        |       -56837.5   |       -56596.7   |       -240.818   |   03:48:22   |   379:11:55   |


Iter        |      Posterior   |     Likelihood   |          Prior   |    elapsed   |        ETA   |
----------------------------------------------------------------------------------------------------
8000        |       -56897.3   |       -56582.9   |       -314.375   |   03:49:51   |   379:15:09   |
8050        |       -56871.3   |       -56588.4   |       -282.852   |   03:51:26   |   379:28:09   |
8100        |         -56850   |       -56615.7   |       -234.363   |   03:53:04   |   379:45:51   |
8150        |       -56859.1   |       -56592.2   |       -266.908   |   03:54:37   |   379:55:14   |
8200        |       -56880.8   |         -56597   |       -283.762   |   03:56:09   |   380:02:52   |
8250        |       -56888.4   |       -56609.1   |       -279.273   |   03:57:40   |   380:08:47   |
8300        |         -56854   |       -56594.9   |       -259.124   |   03:59:17   |   380:24:10   |
8350        |       -56887.6   |       -56621.1   |       -266.417   |   04:00:55   |   380:40:55   |
8400        |       -56859.5   |       -56592.6   |       -266.909   |   04:02:30   |   380:52:44   |
8450        |       -56828.3   |         -56590   |       -238.264   |   04:04:08   |   381:09:04   |
8500        |       -56866.9   |       -56593.6   |       -273.322   |   04:05:42   |   381:19:00   |
8550        |       -56859.3   |         -56602   |       -257.354   |   04:07:19   |   381:33:25   |
8600        |         -56880   |       -56623.5   |       -256.539   |   04:08:51   |   381:39:59   |
8650        |       -56841.7   |       -56612.4   |       -229.328   |   04:10:23   |   381:46:27   |
8700        |       -56846.4   |       -56597.3   |        -249.03   |   04:11:56   |   381:54:21   |
8750        |       -56850.6   |       -56606.2   |       -244.398   |   04:13:29   |   382:02:08   |
8800        |         -56890   |       -56621.1   |       -268.829   |   04:15:04   |   382:12:48   |
8850        |       -56914.2   |       -56600.9   |       -313.321   |   04:16:36   |   382:18:52   |
8900        |       -56859.8   |       -56611.8   |       -247.984   |   04:18:07   |   382:23:22   |
8950        |       -56853.9   |       -56601.2   |       -252.687   |   04:19:41   |   382:32:14   |


Iter        |      Posterior   |     Likelihood   |          Prior   |    elapsed   |        ETA   |
----------------------------------------------------------------------------------------------------
9000        |       -56879.8   |       -56608.9   |       -270.966   |   04:21:15   |   382:40:58   |
9050        |       -56853.7   |       -56596.6   |       -257.095   |   04:22:47   |   382:46:40   |
9100        |       -56863.3   |         -56600   |       -263.324   |   04:24:21   |   382:55:12   |
9150        |       -56877.9   |       -56608.5   |       -269.389   |   04:26:00   |   383:10:49   |
9200        |       -56821.2   |       -56592.9   |       -228.281   |   04:27:34   |   383:19:06   |
9250        |       -56865.5   |       -56608.3   |       -257.213   |   04:29:09   |   383:28:41   |
9300        |       -56877.6   |       -56624.4   |       -253.159   |   04:30:46   |   383:40:59   |
9350        |       -56884.3   |       -56618.9   |       -265.343   |   04:32:22   |   383:51:43   |
9400        |       -56892.2   |       -56605.2   |       -287.002   |   04:33:58   |   384:02:20   |
9450        |       -56940.7   |       -56642.4   |       -298.341   |   04:35:38   |   384:18:24   |
9500        |       -56896.2   |       -56615.5   |       -280.752   |   04:37:12   |   384:25:57   |
9550        |       -56836.7   |       -56600.5   |       -236.181   |   04:38:46   |   384:33:24   |
9600        |       -56884.3   |       -56604.8   |       -279.523   |   04:40:21   |   384:42:09   |
9650        |       -56856.9   |       -56600.3   |       -256.575   |   04:41:59   |   384:54:52   |
9700        |       -56894.4   |         -56615   |       -279.423   |   04:43:30   |   384:57:56   |
9750        |       -56847.5   |       -56597.7   |       -249.804   |   04:45:04   |   385:05:01   |
9800        |       -56821.9   |       -56607.5   |       -214.468   |   04:46:37   |   385:10:39   |
9850        |       -56909.6   |       -56613.3   |        -296.32   |   04:48:12   |   385:18:54   |
9900        |       -56809.1   |       -56603.9   |       -205.173   |   04:49:48   |   385:28:22   |
9950        |       -56872.1   |       -56610.8   |       -261.363   |   04:51:24   |   385:37:44   |


Iter        |      Posterior   |     Likelihood   |          Prior   |    elapsed   |        ETA   |
----------------------------------------------------------------------------------------------------
10000       |       -56847.9   |       -56613.1   |       -234.876   |   04:52:59   |   385:45:41   |
10050       |       -56880.8   |       -56621.7   |       -259.112   |   04:54:34   |   385:53:31   |
10100       |       -56882.2   |       -56608.6   |       -273.577   |   04:56:07   |   385:58:40   |
10150       |       -56878.2   |       -56621.9   |       -256.361   |   04:57:39   |   386:02:26   |
10200       |       -56914.6   |       -56606.8   |       -307.768   |   04:59:09   |   386:03:35   |
10250       |       -56884.2   |       -56618.3   |       -265.861   |   05:00:39   |   386:04:42   |
10300       |       -56853.9   |       -56593.3   |       -260.527   |   05:02:09   |   386:05:48   |
10350       |         -56864   |       -56602.4   |       -261.573   |   05:03:43   |   386:11:58   |
10400       |       -56892.8   |       -56617.2   |       -275.603   |   05:05:19   |   386:20:34   |
10450       |       -56891.7   |       -56614.4   |       -277.252   |   05:06:53   |   386:26:34   |
10500       |       -56876.1   |       -56608.9   |       -267.238   |   05:08:23   |   386:27:29   |
10550       |       -56935.1   |       -56631.8   |       -303.346   |   05:09:57   |   386:33:22   |
10600       |       -56899.2   |       -56616.6   |        -282.58   |   05:11:31   |   386:39:10   |
10650       |       -56889.3   |       -56622.4   |       -266.946   |   05:13:06   |   386:46:08   |
10700       |       -56856.9   |       -56612.4   |       -244.599   |   05:14:39   |   386:50:35   |
10750       |       -56935.4   |       -56622.8   |       -312.561   |   05:16:10   |   386:52:30   |
10800       |       -56874.9   |       -56608.2   |       -266.688   |   05:17:47   |   387:01:43   |
10850       |       -56846.3   |       -56608.7   |       -237.563   |   05:19:20   |   387:05:58   |
10900       |       -56894.9   |       -56607.5   |       -287.372   |   05:20:58   |   387:16:13   |
10950       |       -56832.7   |       -56600.3   |       -232.382   |   05:22:37   |   387:27:33   |


Iter        |      Posterior   |     Likelihood   |          Prior   |    elapsed   |        ETA   |
----------------------------------------------------------------------------------------------------
11000       |       -56840.2   |         -56611   |       -229.194   |   05:24:15   |   387:37:34   |
11050       |       -56870.7   |       -56642.4   |       -228.264   |   05:25:50   |   387:43:54   |
11100       |       -56903.1   |       -56616.1   |       -287.036   |   05:27:23   |   387:47:48   |
11150       |       -56875.4   |       -56624.5   |       -250.871   |   05:29:04   |   388:01:05   |
11200       |       -56898.1   |       -56617.2   |       -280.919   |   05:30:40   |   388:08:22   |
11250       |       -56840.8   |       -56606.1   |       -234.736   |   05:32:13   |   388:12:04   |
11300       |       -56890.8   |       -56612.3   |       -278.507   |   05:33:46   |   388:15:43   |
11350       |       -56866.8   |       -56600.8   |       -266.011   |   05:35:23   |   388:23:58   |
11400       |       -56878.2   |       -56603.8   |       -274.398   |   05:36:58   |   388:29:49   |
11450       |       -56852.8   |       -56611.4   |       -241.425   |   05:38:31   |   388:33:18   |
11500       |       -56894.6   |         -56621   |       -273.635   |   05:40:07   |   388:40:10   |
11550       |       -56899.1   |       -56618.6   |       -280.514   |   05:41:42   |   388:45:49   |
11600       |       -56848.1   |       -56598.2   |       -249.856   |   05:43:20   |   388:54:49   |
11650       |       -56875.5   |       -56611.6   |       -263.943   |   05:44:59   |   389:04:51   |
11700       |       -56898.3   |       -56626.3   |        -271.98   |   05:46:36   |   389:12:32   |
11750       |       -56870.4   |       -56621.7   |       -248.746   |   05:48:12   |   389:19:02   |
11800       |       -56882.9   |         -56604   |       -278.913   |   05:49:47   |   389:24:20   |
11850       |       -56870.1   |       -56613.3   |       -256.777   |   05:51:19   |   389:26:15   |
11900       |       -56877.8   |       -56605.8   |       -272.011   |   05:52:52   |   389:29:15   |
11950       |       -56893.5   |       -56609.7   |       -283.831   |   05:54:25   |   389:32:13   |


Iter        |      Posterior   |     Likelihood   |          Prior   |    elapsed   |        ETA   |
----------------------------------------------------------------------------------------------------
12000       |         -56899   |       -56602.9   |       -296.102   |   05:55:56   |   389:32:57   |
12050       |       -56933.8   |       -56623.6   |       -310.238   |   05:57:27   |   389:33:40   |
12100       |       -56935.8   |       -56618.9   |       -316.874   |   05:58:59   |   389:35:27   |
12150       |       -56864.8   |       -56604.9   |       -259.891   |   06:00:30   |   389:36:07   |
12200       |         -56864   |       -56618.2   |       -245.781   |   06:02:05   |   389:41:05   |
12250       |       -56843.3   |       -56613.4   |       -229.938   |   06:03:41   |   389:47:03   |
12300       |       -56875.7   |       -56618.9   |       -256.832   |   06:05:18   |   389:54:02   |
12350       |       -56852.4   |       -56589.4   |       -263.001   |   06:06:53   |   389:58:50   |
12400       |       -56865.3   |       -56587.3   |       -278.083   |   06:08:30   |   390:05:41   |
12450       |       -56857.3   |       -56602.6   |       -254.745   |   06:10:10   |   390:15:38   |
12500       |       -56857.4   |       -56618.4   |        -239.01   |   06:11:47   |   390:22:21   |
12550       |       -56859.6   |       -56611.2   |       -248.409   |   06:13:24   |   390:28:59   |
12600       |       -56887.3   |       -56620.9   |       -266.432   |   06:15:02   |   390:36:36   |
12650       |       -56873.7   |       -56612.6   |       -261.126   |   06:16:36   |   390:40:00   |
12700       |       -56854.9   |       -56603.7   |       -251.171   |   06:18:11   |   390:44:23   |
12750       |       -56877.8   |       -56607.5   |       -270.304   |   06:19:50   |   390:52:50   |
12800       |       -56898.9   |       -56612.7   |       -286.203   |   06:21:27   |   390:59:10   |
12850       |         -56887   |       -56604.2   |       -282.795   |   06:23:07   |   391:08:30   |
12900       |       -56835.4   |       -56596.4   |       -238.912   |   06:24:42   |   391:12:39   |
12950       |       -56860.4   |       -56600.5   |        -259.86   |   06:26:15   |   391:14:45   |


Iter        |      Posterior   |     Likelihood   |          Prior   |    elapsed   |        ETA   |
----------------------------------------------------------------------------------------------------
13000       |       -56895.2   |       -56599.8   |       -295.407   |   06:27:48   |   391:16:48   |
13050       |       -56861.6   |       -56595.1   |       -266.452   |   06:29:19   |   391:16:50   |
13100       |         -56857   |         -56604   |        -252.98   |   06:30:51   |   391:17:51   |
13150       |       -56817.1   |       -56608.5   |       -208.591   |   06:32:25   |   391:20:50   |
13200       |       -56877.8   |       -56620.8   |       -257.009   |   06:34:01   |   391:25:46   |
13250       |       -56811.2   |       -56609.3   |       -201.851   |   06:35:40   |   391:33:38   |
13300       |       -56857.9   |         -56615   |       -242.992   |   06:37:12   |   391:34:31   |
13350       |       -56852.2   |       -56610.9   |       -241.337   |   06:38:44   |   391:35:23   |
13400       |       -56859.4   |       -56598.5   |       -260.888   |   06:40:11   |   391:31:21   |
13450       |       -56893.4   |       -56610.3   |       -283.078   |   06:41:45   |   391:34:09   |
13500       |       -56832.8   |       -56603.9   |       -228.849   |   06:43:18   |   391:35:57   |
13550       |       -56890.7   |       -56596.3   |       -294.421   |   06:44:50   |   391:36:45   |
13600       |       -56871.4   |       -56609.8   |       -261.667   |   06:46:16   |   391:31:46   |
13650       |       -56857.7   |       -56602.8   |       -254.922   |   06:47:47   |   391:31:36   |
13700       |       -56880.6   |       -56611.1   |       -269.413   |   06:49:20   |   391:33:20   |
13750       |       -56854.6   |       -56595.1   |       -259.511   |   06:50:48   |   391:30:17   |
13800       |       -56873.1   |       -56597.3   |       -275.751   |   06:52:18   |   391:29:08   |
13850       |         -56859   |       -56598.7   |       -260.237   |   06:53:53   |   391:32:44   |
13900       |       -56881.2   |       -56609.3   |       -271.959   |   06:55:26   |   391:34:23   |
13950       |       -56878.8   |       -56618.2   |       -260.652   |   06:56:59   |   391:36:02   |


Iter        |      Posterior   |     Likelihood   |          Prior   |    elapsed   |        ETA   |
----------------------------------------------------------------------------------------------------
14000       |       -56869.7   |       -56616.8   |       -252.845   |   06:58:32   |   391:37:39   |
14050       |       -56868.9   |       -56595.1   |       -273.819   |   07:00:04   |   391:38:19   |
14100       |       -56921.3   |       -56606.9   |       -314.494   |   07:01:35   |   391:38:02   |
14150       |       -56857.7   |       -56607.3   |       -250.418   |   07:03:02   |   391:34:02   |
14200       |       -56830.6   |       -56583.2   |       -247.418   |   07:04:34   |   391:34:40   |
14250       |       -56842.5   |       -56600.5   |       -241.965   |   07:06:09   |   391:38:03   |
14300       |       -56900.6   |       -56615.6   |       -284.999   |   07:07:41   |   391:38:39   |
14350       |       -56894.8   |       -56603.2   |       -291.566   |   07:09:10   |   391:36:30   |
14400       |       -56893.8   |       -56607.2   |       -286.619   |   07:10:38   |   391:33:26   |
14450       |       -56874.8   |       -56604.3   |       -270.582   |   07:12:06   |   391:30:23   |
14500       |       -56819.4   |       -56592.6   |       -226.807   |   07:13:33   |   391:26:27   |
14550       |         -56889   |       -56617.8   |        -271.25   |   07:15:04   |   391:26:07   |
14600       |       -56840.3   |       -56603.3   |       -236.943   |   07:16:33   |   391:23:59   |
14650       |       -56856.5   |       -56603.1   |       -253.328   |   07:18:01   |   391:20:58   |
14700       |       -56800.6   |       -56591.5   |       -209.111   |   07:19:34   |   391:22:25   |
14750       |       -56851.9   |       -56597.7   |       -254.216   |   07:21:04   |   391:21:11   |
14800       |       -56866.6   |         -56606   |        -260.62   |   07:22:34   |   391:19:57   |
14850       |       -56863.6   |       -56599.5   |       -264.091   |   07:24:05   |   391:19:35   |
14900       |       -56824.6   |       -56604.7   |       -219.884   |   07:25:40   |   391:22:44   |
14950       |       -56840.9   |       -56605.8   |       -235.174   |   07:27:18   |   391:28:29   |


Iter        |      Posterior   |     Likelihood   |          Prior   |    elapsed   |        ETA   |
----------------------------------------------------------------------------------------------------
15000       |       -56834.8   |       -56603.1   |       -231.757   |   07:28:50   |   391:28:56   |
15050       |       -56868.6   |         -56604   |       -264.601   |   07:30:23   |   391:30:15   |
15100       |       -56868.6   |       -56615.1   |       -253.481   |   07:31:57   |   391:32:25   |
15150       |       -56840.6   |       -56592.7   |       -247.983   |   07:33:24   |   391:28:30   |
15200       |       -56842.7   |       -56596.6   |        -246.06   |   07:34:53   |   391:26:20   |
15250       |       -56852.4   |       -56594.3   |       -258.128   |   07:36:28   |   391:29:19   |
15300       |       -56906.2   |       -56605.1   |       -301.077   |   07:38:02   |   391:31:25   |
15350       |       -56884.6   |       -56604.8   |       -279.874   |   07:39:43   |   391:39:27   |
15400       |       -56899.4   |       -56631.5   |       -267.824   |   07:41:13   |   391:38:05   |
15450       |       -56899.2   |       -56628.9   |       -270.245   |   07:42:46   |   391:39:15   |
15500       |         -56866   |       -56606.6   |       -259.393   |   07:44:17   |   391:38:43   |
15550       |       -56875.1   |       -56599.7   |       -275.461   |   07:45:46   |   391:36:30   |
15600       |         -56885   |       -56607.2   |       -277.784   |   07:47:21   |   391:39:19   |
15650       |       -56870.7   |       -56610.7   |       -259.947   |   07:48:53   |   391:39:35   |
15700       |       -56835.4   |       -56611.1   |       -224.311   |   07:50:27   |   391:41:31   |
15750       |       -56832.1   |       -56604.6   |       -227.523   |   07:52:00   |   391:42:36   |
15800       |       -56847.4   |       -56609.6   |        -237.74   |   07:53:30   |   391:41:11   |
15850       |       -56841.2   |         -56591   |       -250.197   |   07:55:03   |   391:42:14   |
15900       |       -56845.5   |       -56611.6   |       -233.809   |   07:56:36   |   391:43:16   |
15950       |       -56844.9   |       -56596.6   |       -248.293   |   07:58:07   |   391:42:39   |


Iter        |      Posterior   |     Likelihood   |          Prior   |    elapsed   |        ETA   |
----------------------------------------------------------------------------------------------------
16000       |       -56864.9   |       -56600.1   |       -264.828   |   07:59:36   |   391:40:24   |
16050       |         -56872   |       -56601.7   |       -270.328   |   08:01:05   |   391:38:08   |
16100       |       -56858.6   |       -56613.3   |       -245.325   |   08:02:36   |   391:37:31   |
16150       |       -56836.6   |       -56593.1   |       -243.498   |   08:04:16   |   391:44:10   |
16200       |       -56854.4   |       -56600.3   |       -254.131   |   08:05:54   |   391:49:09   |
16250       |       -56893.4   |       -56611.1   |       -282.276   |   08:07:30   |   391:52:30   |
16300       |       -56873.5   |       -56618.6   |       -254.943   |   08:09:01   |   391:51:48   |
16350       |       -56867.1   |       -56620.6   |       -246.514   |   08:10:31   |   391:50:17   |
16400       |       -56851.8   |       -56612.5   |       -239.235   |   08:12:04   |   391:51:11   |
16450       |       -56868.2   |       -56608.3   |       -259.918   |   08:13:33   |   391:48:52   |
16500       |       -56864.8   |         -56612   |       -252.785   |   08:15:04   |   391:48:09   |
16550       |       -56889.4   |       -56608.3   |       -281.093   |   08:16:32   |   391:45:04   |
16600       |       -56841.6   |       -56609.5   |       -232.093   |   08:18:02   |   391:43:34   |
16650       |       -56840.3   |       -56595.7   |       -244.577   |   08:19:36   |   391:45:12   |
16700       |       -56838.9   |       -56595.6   |       -243.295   |   08:21:08   |   391:45:15   |
16750       |       -56848.4   |       -56618.5   |       -229.846   |   08:22:45   |   391:49:11   |
16800       |       -56850.6   |       -56615.8   |       -234.848   |   08:24:23   |   391:53:52   |
16850       |       -56881.5   |       -56616.7   |       -264.757   |   08:25:58   |   391:56:11   |
16900       |       -56863.6   |       -56605.1   |        -258.55   |   08:27:32   |   391:57:42   |
16950       |       -56877.4   |       -56614.7   |       -262.761   |   08:29:05   |   391:58:26   |


Iter        |      Posterior   |     Likelihood   |          Prior   |    elapsed   |        ETA   |
----------------------------------------------------------------------------------------------------
17000       |       -56896.1   |       -56613.9   |       -282.205   |   08:30:35   |   391:56:52   |
17050       |       -56821.9   |       -56597.4   |       -224.533   |   08:32:05   |   391:55:17   |
17100       |       -56903.7   |       -56605.5   |       -298.204   |   08:33:39   |   391:56:45   |
17150       |       -56890.4   |       -56604.4   |        -285.98   |   08:35:12   |   391:57:27   |
17200       |       -56864.6   |       -56599.8   |       -264.814   |   08:36:46   |   391:58:53   |
17250       |       -56823.7   |       -56600.1   |       -223.551   |   08:38:23   |   392:02:34   |
17300       |       -56870.8   |       -56602.1   |       -268.734   |   08:40:01   |   392:06:59   |
17350       |         -56825   |       -56606.3   |       -218.686   |   08:41:36   |   392:09:07   |
17400       |       -56835.3   |       -56612.1   |        -223.16   |   08:43:11   |   392:11:13   |
17450       |       -56822.4   |       -56606.7   |        -215.67   |   08:44:45   |   392:12:33   |
17500       |       -56873.3   |       -56601.2   |       -272.089   |   08:46:21   |   392:15:21   |
17550       |       -56868.6   |       -56611.7   |       -256.832   |   08:47:59   |   392:19:37   |
17600       |       -56831.9   |       -56599.6   |       -232.319   |   08:49:34   |   392:21:38   |
17650       |       -56877.8   |       -56606.5   |        -271.24   |   08:51:08   |   392:22:53   |
17700       |       -56862.3   |       -56599.2   |       -263.133   |   08:52:43   |   392:24:52   |
17750       |       -56844.9   |       -56606.6   |       -238.345   |   08:54:16   |   392:25:21   |
17800       |       -56844.5   |       -56607.1   |       -237.449   |   08:55:48   |   392:25:05   |
17850       |       -56821.9   |       -56597.6   |       -224.334   |   08:57:23   |   392:27:01   |
17900       |       -56816.5   |       -56589.3   |       -227.208   |   08:58:55   |   392:26:44   |
17950       |       -56845.4   |       -56589.4   |        -255.97   |   09:00:27   |   392:26:27   |


Iter        |      Posterior   |     Likelihood   |          Prior   |    elapsed   |        ETA   |
----------------------------------------------------------------------------------------------------
18000       |       -56848.5   |       -56598.3   |       -250.177   |   09:01:59   |   392:26:09   |
18050       |       -56817.6   |         -56594   |       -223.671   |   09:03:30   |   392:25:08   |
18100       |       -56854.3   |       -56588.3   |       -266.034   |   09:05:06   |   392:27:43   |
18150       |       -56820.2   |       -56599.9   |       -220.255   |   09:06:40   |   392:28:50   |
18200       |       -56871.1   |       -56611.6   |       -259.498   |   09:08:09   |   392:26:21   |
18250       |       -56864.9   |       -56610.6   |       -254.334   |   09:09:36   |   392:22:27   |
18300       |       -56844.2   |       -56593.3   |       -250.921   |   09:11:09   |   392:22:50   |
18350       |       -56829.4   |       -56594.8   |       -234.576   |   09:12:40   |   392:21:47   |
18400       |       -56822.9   |       -56598.5   |       -224.367   |   09:14:11   |   392:20:44   |
18450       |       -56815.3   |       -56609.8   |       -205.514   |   09:15:43   |   392:20:23   |
18500       |       -56851.5   |       -56605.3   |       -246.135   |   09:17:15   |   392:20:02   |
18550       |       -56820.2   |       -56585.1   |       -235.103   |   09:18:50   |   392:21:47   |
18600       |       -56824.1   |       -56590.9   |       -233.205   |   09:20:27   |   392:24:55   |
18650       |       -56888.8   |       -56606.5   |       -282.223   |   09:22:00   |   392:25:14   |
18700       |       -56848.2   |       -56610.3   |       -237.866   |   09:23:33   |   392:25:32   |
18750       |       -56839.2   |       -56599.7   |       -239.548   |   09:25:02   |   392:23:03   |
18800       |       -56825.8   |       -56600.4   |       -225.409   |   09:26:39   |   392:26:06   |
18850       |       -56828.9   |       -56598.3   |       -230.592   |   09:28:13   |   392:27:04   |
18900       |       -56854.8   |         -56604   |       -250.744   |   09:29:46   |   392:27:20   |
18950       |       -56900.9   |       -56596.2   |       -304.725   |   09:31:19   |   392:27:35   |


Iter        |      Posterior   |     Likelihood   |          Prior   |    elapsed   |        ETA   |
----------------------------------------------------------------------------------------------------
19000       |       -56845.5   |       -56606.4   |       -239.093   |   09:32:51   |   392:27:09   |
19050       |       -56838.4   |       -56609.6   |       -228.738   |   09:34:21   |   392:25:20   |
19100       |       -56797.2   |       -56591.9   |        -205.37   |   09:35:50   |   392:22:50   |
19150       |       -56859.3   |       -56610.8   |       -248.537   |   09:37:20   |   392:21:01   |
19200       |       -56844.2   |       -56620.4   |       -223.821   |   09:38:54   |   392:21:56   |
19250       |         -56839   |       -56603.1   |       -235.857   |   09:40:26   |   392:21:28   |
19300       |       -56848.6   |       -56606.6   |       -241.953   |   09:41:59   |   392:21:40   |
19350       |       -56868.7   |         -56614   |       -254.667   |   09:43:32   |   392:21:52   |
19400       |       -56893.2   |       -56602.7   |       -290.495   |   09:45:02   |   392:20:03   |
19450       |       -56849.9   |       -56611.2   |       -238.641   |   09:46:32   |   392:18:13   |
19500       |       -56839.7   |         -56585   |       -254.671   |   09:48:02   |   392:16:24   |
19550       |       -56864.6   |       -56597.4   |       -267.187   |   09:49:33   |   392:15:15   |
19600       |       -56839.4   |       -56586.6   |       -252.781   |   09:51:07   |   392:16:05   |
19650       |       -56886.9   |       -56598.7   |       -288.153   |   09:52:39   |   392:15:35   |
19700       |       -56849.4   |       -56608.2   |       -241.231   |   09:54:07   |   392:12:26   |
19750       |       -56814.2   |       -56594.2   |       -219.966   |   09:55:41   |   392:13:15   |
19800       |       -56846.3   |       -56595.6   |       -250.775   |   09:57:10   |   392:10:46   |
19850       |       -56869.8   |       -56614.5   |       -255.231   |   09:58:39   |   392:08:18   |
19900       |       -56874.8   |       -56617.1   |       -257.685   |   10:00:09   |   392:06:28   |
19950       |       -56852.8   |       -56610.2   |       -242.615   |   10:01:45   |   392:08:34   |


Iter        |      Posterior   |     Likelihood   |          Prior   |    elapsed   |        ETA   |
----------------------------------------------------------------------------------------------------
20000       |         -56855   |       -56614.5   |       -240.528   |   10:03:16   |   392:07:24   |
20050       |       -56856.7   |       -56602.6   |       -254.164   |   10:04:49   |   392:07:31   |
20100       |       -56846.5   |       -56594.6   |       -251.893   |   10:06:22   |   392:07:37   |
20150       |       -56881.1   |       -56596.7   |       -284.397   |   10:07:54   |   392:07:05   |
20200       |       -56854.6   |       -56611.2   |       -243.372   |   10:09:29   |   392:08:28   |
20250       |       -56849.4   |       -56592.6   |       -256.821   |   10:10:58   |   392:05:59   |
20300       |       -56905.7   |       -56610.3   |       -295.411   |   10:12:29   |   392:04:47   |
20350       |       -56833.5   |       -56598.3   |        -235.24   |   10:14:06   |   392:07:25   |
20400       |       -56802.1   |       -56596.8   |        -205.35   |   10:15:40   |   392:08:07   |
20450       |       -56840.6   |       -56581.1   |       -259.462   |   10:17:13   |   392:08:10   |
20500       |       -56844.4   |       -56588.6   |       -255.886   |   10:18:49   |   392:10:07   |
20550       |       -56860.5   |       -56593.6   |       -266.894   |   10:20:19   |   392:08:15   |
20600       |       -56888.9   |       -56598.1   |       -290.759   |   10:21:52   |   392:08:17   |
20650       |       -56835.4   |       -56595.1   |       -240.335   |   10:23:25   |   392:08:19   |
20700       |         -56836   |         -56599   |       -237.032   |   10:24:54   |   392:05:49   |
20750       |       -56873.4   |       -56598.9   |       -274.518   |   10:26:25   |   392:04:35   |
20800       |       -56837.7   |         -56606   |       -231.721   |   10:27:56   |   392:03:20   |
20850       |       -56876.3   |       -56618.8   |       -257.483   |   10:29:29   |   392:03:21   |
20900       |       -56904.9   |       -56619.9   |       -285.017   |   10:30:59   |   392:01:29   |
20950       |       -56820.6   |       -56610.7   |       -209.891   |   10:32:35   |   392:03:20   |


Iter        |      Posterior   |     Likelihood   |          Prior   |    elapsed   |        ETA   |
----------------------------------------------------------------------------------------------------
21000       |       -56857.6   |       -56597.7   |       -259.921   |   10:34:11   |   392:05:10   |
21050       |       -56855.1   |       -56603.6   |       -251.479   |   10:35:46   |   392:06:23   |
21100       |       -56837.1   |       -56602.9   |       -234.213   |   10:37:18   |   392:05:43   |
21150       |       -56886.5   |       -56601.2   |       -285.292   |   10:38:53   |   392:06:54   |
21200       |         -56827   |       -56611.6   |       -215.465   |   10:40:27   |   392:07:28   |
21250       |         -56823   |         -56590   |       -232.992   |   10:42:02   |   392:08:38   |
21300       |       -56828.1   |       -56599.6   |       -228.458   |   10:43:45   |   392:14:39   |
21350       |       -56865.7   |       -56622.1   |       -243.575   |   10:45:21   |   392:16:22   |
21400       |       -56893.3   |         -56608   |       -285.356   |   10:46:57   |   392:18:05   |
21450       |       -56852.8   |         -56606   |       -246.814   |   10:48:31   |   392:18:35   |
21500       |       -56837.3   |       -56594.6   |       -242.674   |   10:50:06   |   392:19:40   |
21550       |       -56870.5   |       -56607.2   |       -263.377   |   10:51:39   |   392:19:31   |
21600       |       -56840.7   |       -56601.5   |       -239.205   |   10:53:10   |   392:18:11   |
21650       |       -56854.2   |       -56587.5   |       -266.677   |   10:54:53   |   392:24:02   |
21700       |       -56892.8   |       -56597.9   |       -294.842   |   10:56:25   |   392:23:16   |
21750       |       -56888.5   |       -56594.3   |       -294.199   |   10:57:57   |   392:22:30   |
21800       |       -56796.2   |       -56602.2   |       -193.937   |   10:59:30   |   392:22:20   |
21850       |       -56881.8   |       -56608.2   |       -273.587   |   11:01:04   |   392:22:44   |
21900       |       -56816.5   |       -56598.6   |       -217.894   |   11:02:35   |   392:21:22   |
21950       |       -56874.3   |       -56604.7   |       -269.636   |   11:04:04   |   392:18:49   |


Iter        |      Posterior   |     Likelihood   |          Prior   |    elapsed   |        ETA   |
----------------------------------------------------------------------------------------------------
22000       |         -56882   |       -56612.4   |       -269.565   |   11:05:41   |   392:20:59   |
22050       |       -56830.2   |         -56590   |       -240.231   |   11:07:16   |   392:21:57   |
22100       |       -56870.1   |       -56612.1   |       -258.049   |   11:08:50   |   392:22:19   |
22150       |       -56860.4   |       -56590.9   |       -269.542   |   11:10:24   |   392:22:41   |
22200       |       -56871.1   |       -56603.8   |       -267.354   |   11:11:55   |   392:21:17   |
22250       |       -56874.6   |       -56604.9   |       -269.767   |   11:13:27   |   392:20:28   |
22300       |       -56875.6   |       -56592.5   |       -283.037   |   11:14:58   |   392:19:05   |
22350       |       -56823.4   |       -56596.7   |       -226.666   |   11:16:28   |   392:17:06   |
22400       |       -56853.2   |       -56609.4   |       -243.771   |   11:18:02   |   392:17:26   |
22450       |       -56851.6   |       -56609.3   |       -242.273   |   11:19:35   |   392:17:11   |
22500       |       -56818.1   |         -56610   |       -208.075   |   11:21:06   |   392:15:47   |
22550       |         -56867   |       -56612.9   |       -254.056   |   11:22:39   |   392:15:31   |
22600       |       -56837.7   |       -56609.7   |       -227.981   |   11:24:10   |   392:14:07   |
22650       |       -56854.5   |       -56601.3   |       -253.185   |   11:25:44   |   392:14:25   |
22700       |       -56853.1   |       -56603.5   |       -249.539   |   11:27:20   |   392:15:52   |
22750       |       -56846.8   |         -56605   |       -241.721   |   11:28:52   |   392:15:00   |
22800       |       -56843.8   |       -56608.3   |        -235.45   |   11:30:23   |   392:13:35   |
22850       |         -56860   |         -56604   |       -255.935   |   11:31:53   |   392:11:36   |
22900       |         -56866   |         -56616   |       -249.956   |   11:33:29   |   392:13:00   |
22950       |       -56907.6   |       -56605.8   |       -301.794   |   11:35:05   |   392:14:24   |


Iter        |      Posterior   |     Likelihood   |          Prior   |    elapsed   |        ETA   |
----------------------------------------------------------------------------------------------------
23000       |       -56858.4   |       -56608.1   |       -250.307   |   11:36:42   |   392:16:20   |
23050       |       -56803.3   |       -56605.8   |       -197.512   |   11:38:15   |   392:16:01   |
23100       |       -56814.9   |       -56604.3   |       -210.603   |   11:39:44   |   392:13:27   |
23150       |         -56835   |       -56601.5   |       -233.492   |   11:41:18   |   392:13:41   |
23200       |       -56811.7   |       -56598.5   |       -213.223   |   11:42:55   |   392:15:35   |
23250       |       -56931.4   |         -56615   |       -316.397   |   11:44:33   |   392:18:01   |
23300       |       -56848.1   |         -56599   |       -249.062   |   11:46:10   |   392:19:53   |
23350       |       -56898.5   |       -56589.9   |       -308.593   |   11:47:48   |   392:22:18   |
23400       |         -56837   |       -56592.8   |       -244.162   |   11:49:18   |   392:20:16   |
23450       |       -56840.4   |       -56602.3   |       -238.086   |   11:50:51   |   392:19:53   |
23500       |       -56864.2   |       -56612.4   |       -251.801   |   11:52:21   |   392:17:51   |
23550       |         -56862   |         -56617   |        -245.06   |   11:53:55   |   392:18:01   |
23600       |       -56880.4   |       -56606.3   |        -274.17   |   11:55:28   |   392:17:38   |
23650       |       -56853.5   |       -56610.9   |       -242.601   |   11:56:59   |   392:16:09   |
23700       |       -56825.2   |       -56589.6   |       -235.605   |   11:58:27   |   392:13:01   |
23750       |       -56836.1   |       -56594.9   |       -241.156   |   11:59:57   |   392:10:59   |
23800       |       -56831.8   |       -56587.2   |       -244.586   |   12:01:31   |   392:11:08   |
23850       |       -56882.2   |       -56617.5   |        -264.67   |   12:03:02   |   392:09:39   |
23900       |         -56845   |       -56598.2   |       -246.857   |   12:04:30   |   392:06:32   |
23950       |       -56864.5   |       -56594.3   |       -270.222   |   12:05:56   |   392:02:21   |


Iter        |      Posterior   |     Likelihood   |          Prior   |    elapsed   |        ETA   |
----------------------------------------------------------------------------------------------------
24000       |       -56841.1   |       -56600.2   |       -240.875   |   12:07:22   |   391:58:11   |
24050       |       -56877.5   |       -56595.8   |       -281.734   |   12:08:46   |   391:52:57   |
24100       |       -56856.4   |       -56603.1   |       -253.327   |   12:10:16   |   391:50:57   |
24150       |       -56866.8   |       -56612.4   |       -254.423   |   12:11:46   |   391:48:57   |
24200       |         -56899   |       -56622.3   |       -276.646   |   12:13:18   |   391:48:01   |
24250       |       -56888.1   |       -56597.5   |       -290.567   |   12:14:46   |   391:44:57   |
24300       |       -56845.7   |       -56604.2   |       -241.553   |   12:16:15   |   391:42:25   |
24350       |       -56879.7   |       -56605.9   |       -273.821   |   12:17:45   |   391:40:26   |
24400       |       -56843.2   |       -56616.2   |       -226.903   |   12:19:16   |   391:38:59   |
24450       |       -56838.3   |       -56605.1   |       -233.182   |   12:20:46   |   391:36:59   |
24500       |       -56857.4   |       -56623.1   |       -234.241   |   12:22:20   |   391:37:07   |
24550       |       -56828.6   |       -56612.5   |       -216.126   |   12:23:54   |   391:37:14   |
24600       |       -56892.4   |       -56629.4   |       -262.991   |   12:25:28   |   391:37:21   |
24650       |       -56839.6   |       -56610.9   |       -228.624   |   12:27:02   |   391:37:27   |
24700       |       -56832.1   |       -56621.4   |       -210.715   |   12:28:39   |   391:39:07   |
24750       |       -56832.5   |       -56600.9   |       -231.615   |   12:30:10   |   391:37:38   |
24800       |       -56840.5   |       -56595.2   |       -245.232   |   12:31:43   |   391:37:12   |
24850       |       -56858.3   |       -56595.2   |       -263.084   |   12:33:14   |   391:35:43   |
24900       |         -56870   |       -56605.4   |       -264.594   |   12:34:50   |   391:36:50   |
24950       |       -56859.6   |       -56605.6   |       -253.998   |   12:36:32   |   391:41:02   |


Iter        |      Posterior   |     Likelihood   |          Prior   |    elapsed   |        ETA   |
----------------------------------------------------------------------------------------------------
25000       |       -56871.7   |       -56601.9   |       -269.738   |   12:38:07   |   391:41:37   |
25050       |       -56895.1   |       -56602.8   |        -292.27   |   12:39:44   |   391:43:12   |
25100       |       -56932.4   |       -56612.2   |       -320.175   |   12:41:16   |   391:42:12   |
25150       |       -56884.2   |       -56609.3   |        -274.83   |   12:42:45   |   391:39:40   |
25200       |       -56924.1   |       -56599.4   |       -324.684   |   12:44:15   |   391:37:39   |
25250       |       -56869.4   |       -56608.4   |       -261.046   |   12:45:50   |   391:38:11   |
25300       |       -56881.2   |       -56613.1   |       -268.022   |   12:47:22   |   391:37:11   |
25350       |       -56832.4   |       -56611.5   |       -220.912   |   12:48:59   |   391:38:44   |
25400       |       -56856.5   |       -56613.3   |       -243.262   |   12:50:31   |   391:37:43   |
25450       |       -56825.7   |       -56592.2   |       -233.483   |   12:52:05   |   391:37:43   |
25500       |       -56857.8   |       -56590.5   |        -267.27   |   12:53:36   |   391:36:12   |
25550       |       -56853.3   |       -56606.5   |       -246.746   |   12:55:11   |   391:36:42   |
25600       |       -56865.9   |       -56624.5   |       -241.315   |   12:56:46   |   391:37:11   |
25650       |       -56864.4   |       -56628.2   |        -236.27   |   12:58:16   |   391:35:09   |
25700       |       -56901.4   |       -56615.9   |       -285.452   |   12:59:49   |   391:34:37   |
25750       |       -56846.8   |       -56619.5   |       -227.247   |   13:01:20   |   391:33:06   |
25800       |       -56829.7   |       -56603.9   |       -225.832   |   13:02:51   |   391:31:34   |
25850       |       -56887.8   |       -56616.2   |       -271.625   |   13:04:23   |   391:30:32   |
25900       |       -56845.7   |         -56606   |       -239.693   |   13:05:54   |   391:29:00   |
25950       |       -56869.3   |       -56611.9   |       -257.357   |   13:07:23   |   391:26:28   |


Iter        |      Posterior   |     Likelihood   |          Prior   |    elapsed   |        ETA   |
----------------------------------------------------------------------------------------------------
26000       |       -56828.1   |       -56609.9   |       -218.112   |   13:08:55   |   391:25:26   |
26050       |       -56842.7   |       -56589.6   |       -253.041   |   13:10:32   |   391:26:52   |
26100       |         -56905   |       -56596.9   |       -308.055   |   13:12:02   |   391:24:51   |
26150       |       -56886.8   |       -56610.7   |       -276.135   |   13:13:34   |   391:23:48   |
26200       |       -56847.2   |       -56592.1   |       -255.149   |   13:15:06   |   391:22:45   |
26250       |         -56855   |       -56595.1   |       -259.918   |   13:16:37   |   391:21:13   |
26300       |       -56844.2   |       -56616.4   |       -227.765   |   13:18:07   |   391:19:11   |
26350       |       -56844.7   |       -56600.1   |       -244.624   |   13:19:39   |   391:18:08   |
26400       |       -56866.7   |       -56603.4   |       -263.218   |   13:21:11   |   391:17:05   |
26450       |       -56845.4   |       -56616.1   |       -229.333   |   13:22:44   |   391:16:32   |
26500       |       -56853.6   |       -56596.5   |       -257.049   |   13:24:21   |   391:17:54   |
26550       |         -56877   |         -56608   |       -268.918   |   13:25:57   |   391:18:47   |
26600       |         -56842   |       -56615.5   |        -226.48   |   13:27:33   |   391:19:40   |
26650       |       -56839.7   |       -56603.5   |       -236.142   |   13:29:06   |   391:19:04   |
26700       |         -56855   |       -56607.5   |       -247.493   |   13:30:36   |   391:17:02   |
26750       |       -56847.4   |         -56612   |       -235.463   |   13:32:06   |   391:15:00   |
26800       |       -56870.3   |       -56614.8   |       -255.443   |   13:33:41   |   391:15:22   |
26850       |         -56836   |       -56613.2   |       -222.716   |   13:35:10   |   391:12:51   |
26900       |       -56909.1   |       -56619.4   |       -289.658   |   13:36:45   |   391:13:12   |
26950       |       -56828.8   |       -56622.7   |       -206.112   |   13:38:14   |   391:10:41   |


Iter        |      Posterior   |     Likelihood   |          Prior   |    elapsed   |        ETA   |
----------------------------------------------------------------------------------------------------
27000       |       -56904.1   |       -56618.6   |       -285.587   |   13:39:45   |   391:09:08   |
27050       |       -56872.7   |       -56621.8   |       -250.835   |   13:41:15   |   391:07:06   |
27100       |       -56929.9   |       -56636.3   |       -293.635   |   13:42:46   |   391:05:32   |
27150       |       -56857.7   |       -56624.8   |       -232.812   |   13:44:20   |   391:05:24   |
27200       |       -56856.8   |       -56625.3   |       -231.465   |   13:45:49   |   391:02:54   |
27250       |       -56837.7   |       -56602.3   |       -235.403   |   13:47:24   |   391:03:14   |
27300       |       -56852.6   |       -56616.3   |       -236.358   |   13:49:00   |   391:04:02   |
27350       |       -56850.6   |       -56615.2   |       -235.402   |   13:50:35   |   391:04:21   |
27400       |       -56883.2   |       -56614.5   |       -268.707   |   13:52:06   |   391:02:47   |
27450       |       -56870.4   |       -56605.9   |       -264.473   |   13:53:39   |   391:02:09   |
27500       |         -56880   |       -56610.5   |       -269.554   |   13:55:11   |   391:01:03   |
27550       |       -56858.4   |       -56607.2   |       -251.161   |   13:56:44   |   391:00:25   |
27600       |       -56834.8   |       -56595.2   |       -239.582   |   13:58:15   |   390:58:51   |
27650       |         -56863   |       -56615.9   |       -247.144   |   13:59:44   |   390:56:20   |
27700       |       -56873.5   |       -56615.3   |       -258.176   |   14:01:16   |   390:55:14   |
27750       |       -56848.5   |       -56612.1   |       -236.378   |   14:02:52   |   390:55:59   |
27800       |       -56849.9   |       -56613.2   |       -236.735   |   14:04:30   |   390:57:39   |
27850       |       -56858.3   |       -56613.1   |       -245.179   |   14:06:12   |   391:01:09   |
27900       |       -56850.9   |       -56599.3   |       -251.598   |   14:07:53   |   391:04:11   |
27950       |       -56905.9   |       -56610.6   |       -295.371   |   14:09:30   |   391:05:20   |


Iter        |      Posterior   |     Likelihood   |          Prior   |    elapsed   |        ETA   |
----------------------------------------------------------------------------------------------------
28000       |       -56875.8   |       -56599.5   |       -276.303   |   14:11:10   |   391:07:52   |
28050       |         -56856   |       -56602.2   |       -253.886   |   14:12:45   |   391:08:06   |
28100       |       -56856.5   |       -56612.2   |       -244.268   |   14:14:17   |   391:06:57   |
28150       |       -56878.5   |       -56602.3   |       -276.139   |   14:15:49   |   391:05:47   |
28200       |         -56828   |       -56593.7   |       -234.286   |   14:17:20   |   391:04:10   |
28250       |       -56834.2   |       -56609.5   |       -224.782   |   14:18:55   |   391:04:23   |
28300       |       -56844.2   |       -56616.9   |       -227.258   |   14:20:30   |   391:04:35   |
28350       |       -56828.9   |       -56623.8   |       -205.137   |   14:22:05   |   391:04:46   |
28400       |         -56904   |       -56612.5   |       -291.596   |   14:23:39   |   391:04:31   |
28450       |       -56874.9   |       -56601.1   |       -273.825   |   14:25:19   |   391:06:57   |
28500       |       -56889.6   |       -56589.8   |       -299.753   |   14:26:59   |   391:09:23   |
28550       |       -56885.3   |       -56607.5   |       -277.763   |   14:28:38   |   391:11:21   |
28600       |       -56865.1   |       -56624.8   |       -240.297   |   14:30:16   |   391:12:51   |
28650       |       -56834.7   |       -56603.7   |       -230.949   |   14:31:47   |   391:11:12   |
28700       |       -56845.3   |       -56598.6   |       -246.693   |   14:33:20   |   391:10:27   |
28750       |       -56833.3   |         -56601   |       -232.332   |   14:34:51   |   391:08:48   |
28800       |       -56863.1   |       -56601.5   |       -261.567   |   14:36:31   |   391:11:10   |
28850       |       -56834.7   |       -56594.1   |        -240.64   |   14:38:09   |   391:12:37   |
28900       |       -56816.8   |       -56600.1   |       -216.704   |   14:39:41   |   391:11:24   |
28950       |         -56837   |       -56592.4   |       -244.621   |   14:41:17   |   391:11:58   |


Iter        |      Posterior   |     Likelihood   |          Prior   |    elapsed   |        ETA   |
----------------------------------------------------------------------------------------------------
29000       |       -56851.9   |         -56597   |       -254.886   |   14:42:52   |   391:12:04   |
29050       |       -56874.4   |         -56617   |       -257.392   |   14:44:23   |   391:10:24   |
29100       |         -56850   |       -56600.4   |       -249.558   |   14:45:54   |   391:08:44   |
29150       |       -56855.3   |       -56594.5   |       -260.808   |   14:47:27   |   391:07:57   |
29200       |       -56830.3   |         -56600   |       -230.285   |   14:48:58   |   391:06:17   |
29250       |         -56823   |       -56602.4   |       -220.602   |   14:50:30   |   391:05:03   |
29300       |       -56869.9   |       -56618.2   |        -251.78   |   14:51:59   |   391:02:30   |
29350       |       -56824.4   |       -56600.3   |       -224.108   |   14:53:33   |   391:02:09   |
29400       |       -56864.1   |       -56607.6   |       -256.466   |   14:55:03   |   391:00:03   |
29450       |       -56842.1   |       -56603.9   |        -238.15   |   14:56:38   |   391:00:07   |
29500       |       -56864.9   |       -56615.8   |       -249.186   |   14:58:14   |   391:00:38   |
29550       |       -56842.8   |       -56605.5   |       -237.322   |   14:59:46   |   390:59:23   |
29600       |       -56851.5   |       -56605.7   |       -245.745   |   15:01:20   |   390:59:01   |
29650       |       -56868.1   |       -56603.4   |       -264.672   |   15:02:56   |   390:59:31   |
29700       |       -56843.1   |       -56596.3   |       -246.805   |   15:04:30   |   390:59:08   |
29750       |       -56849.2   |       -56610.1   |       -239.083   |   15:06:03   |   390:58:19   |
29800       |       -56864.9   |       -56617.4   |       -247.491   |   15:07:33   |   390:56:12   |
29850       |       -56907.6   |       -56610.9   |       -296.701   |   15:09:06   |   390:55:23   |
29900       |       -56882.7   |       -56620.9   |       -261.853   |   15:10:37   |   390:53:42   |
29950       |       -56807.8   |       -56605.4   |       -202.437   |   15:12:09   |   390:52:27   |


Iter        |      Posterior   |     Likelihood   |          Prior   |    elapsed   |        ETA   |
----------------------------------------------------------------------------------------------------
30000       |       -56851.6   |       -56614.2   |       -237.475   |   15:13:43   |   390:52:03   |
30050       |       -56890.8   |         -56615   |       -275.829   |   15:15:16   |   390:51:14   |
30100       |       -56877.8   |       -56616.3   |       -261.533   |   15:16:54   |   390:52:32   |
30150       |       -56896.1   |         -56625   |       -271.118   |   15:18:25   |   390:50:50   |
30200       |       -56870.9   |       -56632.5   |       -238.412   |   15:19:53   |   390:47:53   |
30250       |       -56870.8   |       -56620.6   |       -250.178   |   15:21:25   |   390:46:37   |
30300       |       -56866.6   |       -56618.9   |        -247.69   |   15:22:53   |   390:43:40   |
30350       |       -56847.8   |       -56617.6   |       -230.188   |   15:24:22   |   390:41:08   |
30400       |       -56851.8   |       -56622.4   |       -229.316   |   15:25:51   |   390:38:37   |
30450       |       -56860.7   |       -56613.4   |        -247.23   |   15:27:21   |   390:36:31   |
30500       |       -56871.1   |       -56642.6   |       -228.507   |   15:28:54   |   390:35:41   |
30550       |         -56865   |       -56610.8   |       -254.143   |   15:30:30   |   390:36:06   |
30600       |       -56846.2   |       -56623.5   |       -222.735   |   15:32:04   |   390:35:41   |
30650       |       -56861.1   |       -56608.1   |       -252.954   |   15:33:35   |   390:34:00   |
30700       |       -56859.5   |       -56614.5   |       -244.975   |   15:35:07   |   390:32:44   |
30750       |       -56869.7   |       -56607.3   |       -262.397   |   15:36:43   |   390:33:08   |
30800       |       -56893.1   |       -56608.9   |       -284.263   |   15:38:18   |   390:33:07   |
30850       |       -56852.1   |       -56605.1   |       -247.004   |   15:39:59   |   390:35:35   |
30900       |       -56895.8   |       -56610.1   |       -285.664   |   15:41:40   |   390:38:03   |
30950       |       -56865.8   |       -56620.6   |       -245.263   |   15:43:16   |   390:38:25   |


Iter        |      Posterior   |     Likelihood   |          Prior   |    elapsed   |        ETA   |
----------------------------------------------------------------------------------------------------
31000       |       -56839.6   |       -56602.8   |       -236.782   |   15:44:49   |   390:37:32   |
31050       |       -56860.1   |       -56611.2   |       -248.898   |   15:46:21   |   390:36:15   |
31100       |       -56852.5   |       -56613.5   |       -239.037   |   15:47:57   |   390:36:36   |
31150       |       -56855.4   |       -56606.9   |       -248.519   |   15:49:33   |   390:36:58   |
31200       |       -56854.2   |       -56591.8   |       -262.358   |   15:51:11   |   390:38:07   |
31250       |       -56894.4   |       -56602.8   |       -291.603   |   15:52:43   |   390:36:49   |
31300       |       -56896.7   |       -56610.8   |       -285.905   |   15:54:16   |   390:35:56   |
31350       |       -56855.1   |       -56605.8   |       -249.328   |   15:55:49   |   390:35:02   |
31400       |       -56845.4   |       -56602.9   |       -242.568   |   15:57:24   |   390:34:57   |
31450       |       -56827.9   |       -56600.8   |       -227.097   |   15:58:58   |   390:34:27   |
31500       |       -56867.5   |       -56586.1   |       -281.387   |   16:00:27   |   390:31:55   |
31550       |       -56847.1   |       -56617.6   |       -229.521   |   16:01:54   |   390:28:35   |
31600       |       -56843.6   |       -56601.5   |       -242.037   |   16:03:25   |   390:26:52   |
31650       |         -56877   |       -56602.6   |       -274.443   |   16:04:59   |   390:26:22   |
31700       |       -56834.3   |       -56605.9   |       -228.425   |   16:06:35   |   390:26:41   |
31750       |       -56859.4   |       -56619.7   |       -239.674   |   16:08:07   |   390:25:22   |
31800       |       -56833.4   |       -56599.2   |       -234.164   |   16:09:39   |   390:24:03   |
31850       |       -56812.7   |       -56610.3   |        -202.33   |   16:11:09   |   390:21:56   |
31900       |       -56882.4   |       -56608.1   |         -274.3   |   16:12:42   |   390:21:01   |
31950       |       -56810.6   |       -56594.9   |       -215.711   |   16:14:14   |   390:19:42   |


Iter        |      Posterior   |     Likelihood   |          Prior   |    elapsed   |        ETA   |
----------------------------------------------------------------------------------------------------
32000       |       -56832.8   |       -56604.4   |       -228.397   |   16:15:48   |   390:19:12   |
32050       |       -56839.8   |       -56589.4   |       -250.337   |   16:17:23   |   390:19:04   |
32100       |       -56849.6   |       -56604.2   |       -245.347   |   16:18:57   |   390:18:33   |
32150       |       -56877.6   |       -56594.1   |       -283.527   |   16:20:36   |   390:20:01   |
32200       |       -56896.2   |         -56605   |       -291.228   |   16:22:14   |   390:21:04   |
32250       |       -56860.4   |       -56597.4   |       -263.005   |   16:23:48   |   390:20:32   |
32300       |       -56872.1   |       -56606.5   |       -265.575   |   16:25:19   |   390:18:48   |
32350       |       -56894.4   |       -56606.8   |       -287.532   |   16:26:53   |   390:18:16   |
32400       |       -56821.3   |       -56599.3   |        -222.05   |   16:28:22   |   390:15:44   |
32450       |       -56869.5   |       -56592.6   |       -276.888   |   16:29:52   |   390:13:37   |
32500       |       -56853.8   |       -56610.9   |       -242.899   |   16:31:30   |   390:14:39   |
32550       |       -56862.1   |       -56597.5   |       -264.591   |   16:33:04   |   390:14:06   |
32600       |       -56824.7   |       -56612.3   |       -212.428   |   16:34:36   |   390:12:45   |
32650       |       -56841.2   |       -56611.2   |       -230.003   |   16:36:10   |   390:12:12   |
32700       |       -56884.7   |       -56626.3   |       -258.468   |   16:37:47   |   390:12:49   |
32750       |       -56822.5   |       -56605.1   |       -217.456   |   16:39:21   |   390:12:15   |
32800       |       -56866.2   |       -56605.1   |       -261.097   |   16:40:56   |   390:12:04   |
32850       |       -56858.9   |       -56600.1   |       -258.837   |   16:42:27   |   390:10:20   |
32900       |       -56893.9   |       -56591.2   |       -302.714   |   16:44:02   |   390:10:09   |
32950       |       -56848.1   |       -56602.8   |       -245.304   |   16:45:35   |   390:09:11   |


Iter        |      Posterior   |     Likelihood   |          Prior   |    elapsed   |        ETA   |
----------------------------------------------------------------------------------------------------
33000       |       -56830.9   |       -56592.2   |       -238.677   |   16:47:09   |   390:08:36   |
33050       |       -56824.9   |       -56586.7   |       -238.237   |   16:48:41   |   390:07:15   |
33100       |       -56842.3   |       -56600.6   |       -241.723   |   16:50:14   |   390:06:16   |
33150       |       -56843.9   |         -56598   |       -245.941   |   16:51:46   |   390:04:55   |
33200       |       -56835.9   |       -56591.5   |       -244.431   |   16:53:20   |   390:04:20   |
33250       |       -56906.9   |       -56611.2   |       -295.762   |   16:54:52   |   390:02:58   |
33300       |       -56887.8   |         -56595   |       -292.719   |   16:56:25   |   390:02:00   |
33350       |       -56842.4   |       -56589.6   |       -252.747   |   16:57:55   |   389:59:52   |
33400       |       -56819.1   |       -56589.9   |       -229.213   |   16:59:26   |   389:58:07   |
33450       |       -56854.4   |       -56586.1   |        -268.31   |   17:00:56   |   389:56:00   |
33500       |       -56879.8   |       -56607.4   |       -272.412   |   17:02:26   |   389:53:53   |
33550       |       -56829.7   |       -56594.8   |       -234.935   |   17:03:53   |   389:50:37   |
33600       |       -56843.5   |       -56603.3   |       -240.163   |   17:05:25   |   389:49:15   |
33650       |       -56838.2   |       -56595.3   |       -242.895   |   17:06:59   |   389:48:40   |
33700       |       -56863.9   |       -56595.4   |       -268.541   |   17:08:32   |   389:47:41   |
33750       |         -56842   |       -56587.1   |        -254.92   |   17:10:04   |   389:46:19   |
33800       |       -56865.1   |       -56599.7   |       -265.375   |   17:11:43   |   389:47:36   |
33850       |       -56845.1   |       -56592.8   |       -252.256   |   17:13:17   |   389:47:00   |
33900       |       -56918.1   |       -56606.4   |       -311.655   |   17:14:51   |   389:46:23   |
33950       |       -56841.5   |       -56602.2   |       -239.346   |   17:16:21   |   389:44:16   |


Iter        |      Posterior   |     Likelihood   |          Prior   |    elapsed   |        ETA   |
----------------------------------------------------------------------------------------------------
34000       |       -56851.5   |       -56595.5   |       -255.954   |   17:17:54   |   389:43:16   |
34050       |       -56819.6   |       -56590.1   |        -229.53   |   17:19:29   |   389:43:01   |
34100       |       -56856.7   |         -56600   |       -256.717   |   17:21:04   |   389:42:47   |
34150       |       -56856.9   |         -56626   |       -230.912   |   17:22:39   |   389:42:31   |
34200       |       -56842.9   |       -56597.3   |       -245.583   |   17:24:12   |   389:41:31   |
34250       |       -56855.9   |         -56587   |       -268.874   |   17:25:50   |   389:42:23   |
34300       |       -56881.9   |       -56593.7   |       -288.236   |   17:27:25   |   389:42:07   |
34350       |       -56873.6   |         -56599   |       -274.554   |   17:29:01   |   389:42:13   |
34400       |       -56839.5   |       -56597.2   |       -242.288   |   17:30:34   |   389:41:12   |
34450       |       -56885.3   |       -56582.6   |       -302.735   |   17:32:13   |   389:42:25   |
34500       |       -56897.2   |       -56582.8   |       -314.418   |   17:33:45   |   389:41:01   |
34550       |       -56864.2   |       -56590.3   |       -273.952   |   17:35:18   |   389:40:00   |
34600       |       -56859.8   |       -56592.4   |       -267.415   |   17:36:48   |   389:37:52   |
34650       |       -56864.5   |       -56596.9   |       -267.561   |   17:38:19   |   389:36:07   |
34700       |       -56890.3   |       -56600.6   |       -289.673   |   17:39:49   |   389:33:59   |
34750       |         -56881   |       -56595.8   |       -285.204   |   17:41:23   |   389:33:20   |
34800       |       -56872.3   |         -56593   |       -279.236   |   17:42:57   |   389:32:40   |
34850       |       -56864.6   |       -56598.2   |       -266.445   |   17:44:31   |   389:32:01   |
34900       |       -56902.2   |       -56614.9   |       -287.316   |   17:46:02   |   389:30:15   |
34950       |       -56862.2   |       -56601.6   |       -260.569   |   17:47:37   |   389:29:57   |


Iter        |      Posterior   |     Likelihood   |          Prior   |    elapsed   |        ETA   |
----------------------------------------------------------------------------------------------------
35000       |       -56886.9   |       -56601.9   |       -284.987   |   17:49:13   |   389:30:01   |
35050       |       -56886.8   |       -56588.8   |       -298.034   |   17:50:43   |   389:27:53   |
35100       |       -56864.2   |       -56587.1   |        -277.12   |   17:52:11   |   389:25:02   |
35150       |         -56848   |       -56585.6   |       -262.421   |   17:53:40   |   389:22:33   |
35200       |       -56848.3   |         -56585   |       -263.245   |   17:55:05   |   389:18:37   |
35250       |       -56893.9   |         -56599   |       -294.876   |   17:56:32   |   389:15:25   |
35300       |         -56869   |       -56605.9   |       -263.056   |   17:57:56   |   389:11:09   |
35350       |       -56841.5   |       -56616.1   |       -225.403   |   17:59:25   |   389:08:40   |
35400       |       -56857.6   |       -56598.9   |       -258.632   |   18:00:56   |   389:06:56   |
35450       |       -56833.7   |       -56591.5   |       -242.125   |   18:02:30   |   389:06:16   |
35500       |       -56870.9   |       -56592.2   |       -278.681   |   18:04:02   |   389:04:53   |
35550       |       -56898.2   |       -56597.3   |       -300.954   |   18:05:32   |   389:02:47   |
35600       |       -56855.1   |       -56594.8   |       -260.274   |   18:07:02   |   389:00:40   |
35650       |       -56867.6   |       -56613.8   |       -253.804   |   18:08:30   |   388:57:52   |
35700       |       -56861.3   |       -56621.1   |       -240.199   |   18:10:05   |   388:57:33   |
35750       |         -56833   |       -56601.6   |       -231.352   |   18:11:38   |   388:56:31   |
35800       |       -56867.7   |       -56602.8   |       -264.902   |   18:13:09   |   388:54:46   |
35850       |         -56827   |       -56596.6   |       -230.439   |   18:14:45   |   388:54:49   |
35900       |       -56831.8   |       -56601.8   |       -229.961   |   18:16:19   |   388:54:08   |
35950       |       -56886.2   |       -56603.9   |       -282.211   |   18:17:55   |   388:54:09   |


Iter        |      Posterior   |     Likelihood   |          Prior   |    elapsed   |        ETA   |
----------------------------------------------------------------------------------------------------
36000       |         -56902   |       -56618.1   |        -283.92   |   18:19:29   |   388:53:28   |
36050       |       -56846.8   |       -56619.7   |       -227.083   |   18:21:04   |   388:53:08   |
36100       |       -56850.1   |       -56595.6   |       -254.432   |   18:22:37   |   388:52:06   |
36150       |       -56843.8   |         -56588   |       -255.751   |   18:24:11   |   388:51:24   |
36200       |       -56845.9   |       -56609.4   |       -236.486   |   18:25:44   |   388:50:21   |
36250       |       -56839.8   |       -56594.7   |       -245.089   |   18:27:15   |   388:48:36   |
36300       |       -56856.7   |       -56604.7   |       -251.977   |   18:28:50   |   388:48:15   |
36350       |       -56851.8   |       -56597.8   |       -254.028   |   18:30:26   |   388:48:15   |
36400       |       -56848.2   |       -56604.1   |       -244.037   |   18:31:58   |   388:46:51   |
36450       |       -56807.6   |         -56607   |       -200.581   |   18:33:35   |   388:47:12   |
36500       |       -56883.1   |       -56607.2   |       -275.906   |   18:35:11   |   388:47:11   |
36550       |       -56878.4   |       -56609.2   |       -269.196   |   18:36:47   |   388:47:10   |
36600       |       -56870.1   |       -56606.9   |       -263.158   |   18:38:21   |   388:46:27   |
36650       |       -56861.1   |       -56620.1   |       -240.986   |   18:39:59   |   388:47:07   |
36700       |       -56880.7   |       -56612.6   |       -268.096   |   18:41:39   |   388:48:29   |
36750       |       -56876.4   |       -56612.6   |       -263.795   |   18:43:09   |   388:46:22   |
36800       |       -56859.4   |       -56615.6   |       -243.787   |   18:44:42   |   388:45:18   |
36850       |       -56857.2   |       -56613.3   |        -243.86   |   18:46:18   |   388:45:15   |
36900       |       -56862.1   |       -56607.6   |       -254.448   |   18:47:55   |   388:45:33   |
36950       |       -56818.8   |       -56606.9   |       -211.909   |   18:49:36   |   388:47:14   |


Iter        |      Posterior   |     Likelihood   |          Prior   |    elapsed   |        ETA   |
----------------------------------------------------------------------------------------------------
37000       |       -56897.3   |       -56621.1   |       -276.124   |   18:51:15   |   388:48:12   |
37050       |       -56824.7   |       -56607.5   |       -217.175   |   18:52:49   |   388:47:27   |
37100       |       -56835.1   |       -56606.1   |       -229.041   |   18:54:26   |   388:47:44   |
37150       |       -56878.2   |       -56615.8   |       -262.385   |   18:56:02   |   388:47:40   |
37200       |       -56875.1   |       -56609.3   |       -265.779   |   18:57:34   |   388:46:13   |
37250       |       -56861.4   |         -56599   |       -262.415   |   18:59:10   |   388:46:09   |
37300       |       -56859.8   |       -56599.5   |       -260.322   |   19:00:44   |   388:45:23   |
37350       |       -56840.8   |       -56598.7   |       -242.067   |   19:02:18   |   388:44:38   |
37400       |       -56857.2   |       -56614.8   |       -242.462   |   19:03:47   |   388:42:10   |
37450       |       -56815.4   |       -56601.1   |        -214.22   |   19:05:22   |   388:41:44   |
37500       |       -56870.4   |       -56600.4   |       -270.033   |   19:06:55   |   388:40:38   |
37550       |       -56844.9   |       -56594.6   |       -250.333   |   19:08:31   |   388:40:32   |
37600       |       -56861.8   |       -56607.2   |       -254.655   |   19:10:04   |   388:39:26   |
37650       |       -56872.3   |       -56602.3   |       -269.984   |   19:11:41   |   388:39:40   |
37700       |         -56880   |       -56607.5   |       -272.417   |   19:13:18   |   388:39:54   |
37750       |       -56884.4   |       -56605.1   |       -279.258   |   19:15:06   |   388:43:50   |
37800       |       -56830.2   |       -56616.2   |       -214.068   |   19:16:41   |   388:43:23   |
37850       |       -56825.1   |       -56613.3   |        -211.76   |   19:18:21   |   388:44:36   |
37900       |       -56853.3   |         -56637   |       -216.397   |   19:19:57   |   388:44:28   |
37950       |         -56818   |       -56602.5   |       -215.559   |   19:21:32   |   388:44:01   |


Iter        |      Posterior   |     Likelihood   |          Prior   |    elapsed   |        ETA   |
----------------------------------------------------------------------------------------------------
38000       |       -56846.3   |       -56624.4   |       -221.945   |   19:23:08   |   388:43:53   |
38050       |       -56845.2   |       -56609.4   |       -235.837   |   19:24:43   |   388:43:24   |
38100       |       -56835.3   |       -56612.3   |       -222.985   |   19:26:17   |   388:42:36   |
38150       |         -56810   |       -56596.9   |       -213.165   |   19:27:44   |   388:39:27   |
38200       |       -56872.9   |       -56601.4   |       -271.518   |   19:29:21   |   388:39:39   |
38250       |       -56874.7   |       -56617.3   |        -257.32   |   19:30:52   |   388:37:50   |
38300       |       -56880.3   |       -56620.9   |       -259.408   |   19:32:24   |   388:36:22   |
38350       |       -56835.6   |       -56610.7   |       -224.923   |   19:33:55   |   388:34:33   |
38400       |       -56859.6   |       -56613.1   |       -246.467   |   19:35:30   |   388:34:05   |
38450       |       -56874.7   |       -56600.6   |       -274.095   |   19:37:00   |   388:31:56   |
38500       |       -56881.8   |       -56611.7   |       -270.087   |   19:38:32   |   388:30:28   |
38550       |       -56817.6   |       -56585.3   |       -232.363   |   19:40:01   |   388:28:00   |
38600       |       -56815.5   |       -56588.9   |       -226.577   |   19:41:27   |   388:24:33   |
38650       |       -56878.9   |       -56585.1   |       -293.838   |   19:42:57   |   388:22:25   |
38700       |       -56828.3   |       -56589.1   |       -239.203   |   19:44:28   |   388:20:37   |
38750       |       -56873.3   |       -56595.9   |       -277.387   |   19:46:02   |   388:19:48   |
38800       |       -56893.9   |       -56586.9   |       -307.061   |   19:47:37   |   388:19:19   |
38850       |       -56837.5   |       -56598.8   |        -238.63   |   19:49:11   |   388:18:30   |
38900       |       -56874.3   |       -56603.2   |       -271.084   |   19:50:45   |   388:17:40   |
38950       |       -56872.7   |       -56613.1   |       -259.644   |   19:52:25   |   388:18:48   |


Iter        |      Posterior   |     Likelihood   |          Prior   |    elapsed   |        ETA   |
----------------------------------------------------------------------------------------------------
39000       |       -56835.4   |         -56599   |       -236.452   |   19:53:58   |   388:17:39   |
39050       |       -56889.3   |       -56603.8   |        -285.44   |   19:55:24   |   388:14:13   |
39100       |         -56852   |       -56614.9   |       -237.086   |   19:56:59   |   388:13:43   |
39150       |       -56855.6   |         -56597   |       -258.598   |   19:58:36   |   388:13:51   |
39200       |       -56837.5   |       -56619.8   |       -217.669   |   20:00:11   |   388:13:21   |
39250       |       -56856.4   |       -56604.3   |        -252.13   |   20:01:46   |   388:12:50   |
39300       |       -56832.3   |       -56591.2   |       -241.078   |   20:03:28   |   388:14:34   |
39350       |       -56869.7   |       -56602.6   |       -267.047   |   20:05:05   |   388:14:42   |
39400       |       -56859.4   |       -56600.7   |       -258.734   |   20:06:39   |   388:13:51   |
39450       |       -56837.4   |       -56606.9   |       -230.449   |   20:08:20   |   388:15:15   |
39500       |       -56836.2   |       -56619.1   |       -217.099   |   20:09:52   |   388:13:45   |
39550       |       -56855.6   |       -56606.1   |        -249.43   |   20:11:19   |   388:10:39   |
39600       |       -56860.3   |       -56610.4   |       -249.895   |   20:12:52   |   388:09:29   |
39650       |       -56868.8   |       -56586.7   |       -282.161   |   20:14:29   |   388:09:35   |
39700       |         -56854   |       -56597.1   |       -256.925   |   20:16:07   |   388:10:00   |
39750       |       -56845.9   |       -56602.7   |       -243.131   |   20:17:42   |   388:09:28   |
39800       |       -56817.6   |       -56596.4   |       -221.125   |   20:19:15   |   388:08:17   |
39850       |       -56885.6   |       -56603.3   |       -282.315   |   20:20:49   |   388:07:25   |
39900       |       -56848.9   |       -56599.8   |       -249.037   |   20:22:28   |   388:08:08   |
39950       |       -56832.3   |       -56600.8   |       -231.456   |   20:24:05   |   388:08:13   |


Iter        |      Posterior   |     Likelihood   |          Prior   |    elapsed   |        ETA   |
----------------------------------------------------------------------------------------------------
40000       |       -56874.8   |       -56601.9   |       -272.893   |   20:25:41   |   388:07:59   |
40050       |         -56849   |       -56599.9   |       -249.077   |   20:27:12   |   388:06:09   |
40100       |       -56819.2   |       -56599.6   |       -219.631   |   20:28:47   |   388:05:35   |
40150       |       -56832.6   |       -56610.4   |         -222.2   |   20:30:17   |   388:03:27   |
40200       |       -56863.8   |       -56600.6   |       -263.261   |   20:31:49   |   388:01:56   |
40250       |       -56863.2   |       -56606.6   |       -256.605   |   20:33:17   |   387:59:10   |
40300       |         -56845   |       -56598.3   |       -246.741   |   20:34:45   |   387:56:24   |
40350       |       -56837.9   |       -56611.3   |       -226.574   |   20:36:19   |   387:55:32   |
40400       |       -56868.7   |       -56604.1   |       -264.651   |   20:37:59   |   387:56:32   |
40450       |         -56893   |       -56598.1   |        -294.82   |   20:39:35   |   387:56:16   |
40500       |       -56830.2   |       -56613.3   |       -216.881   |   20:41:11   |   387:56:01   |
40550       |       -56853.7   |       -56595.9   |       -257.797   |   20:42:48   |   387:56:03   |
40600       |       -56843.6   |       -56594.4   |       -249.298   |   20:44:22   |   387:55:10   |
40650       |       -56883.3   |       -56603.3   |        -280.03   |   20:46:01   |   387:55:50   |
40700       |       -56885.5   |         -56605   |       -280.463   |   20:47:39   |   387:56:10   |
40750       |       -56870.9   |       -56610.7   |       -260.213   |   20:49:16   |   387:56:12   |
40800       |       -56861.1   |       -56606.9   |       -254.197   |   20:50:48   |   387:54:41   |
40850       |       -56891.1   |       -56610.3   |       -280.747   |   20:52:21   |   387:53:28   |
40900       |       -56857.2   |       -56609.6   |       -247.606   |   20:53:49   |   387:50:42   |
40950       |       -56829.1   |       -56625.9   |         -203.2   |   20:55:20   |   387:48:52   |


Iter        |      Posterior   |     Likelihood   |          Prior   |    elapsed   |        ETA   |
----------------------------------------------------------------------------------------------------
41000       |       -56865.4   |       -56624.2   |       -241.129   |   20:56:49   |   387:46:26   |
41050       |       -56868.9   |       -56604.5   |       -264.366   |   20:58:22   |   387:45:13   |
41100       |       -56866.7   |       -56597.2   |       -269.466   |   20:59:56   |   387:44:18   |
41150       |       -56856.5   |       -56591.9   |       -264.649   |   21:01:28   |   387:42:47   |
41200       |       -56839.2   |         -56595   |       -244.154   |   21:02:59   |   387:40:57   |
41250       |       -56850.7   |       -56596.9   |       -253.811   |   21:04:32   |   387:39:44   |
41300       |       -56894.7   |       -56602.3   |       -292.395   |   21:06:06   |   387:38:50   |
41350       |       -56852.8   |       -56613.8   |        -239.03   |   21:07:39   |   387:37:37   |
41400       |       -56857.6   |       -56605.9   |       -251.708   |   21:09:11   |   387:36:05   |
41450       |       -56852.5   |       -56604.8   |       -247.649   |   21:10:44   |   387:34:52   |
41500       |       -56853.7   |       -56612.3   |       -241.418   |   21:12:18   |   387:33:57   |
41550       |       -56908.4   |         -56618   |       -290.365   |   21:13:53   |   387:33:21   |
41600       |       -56867.6   |         -56619   |       -248.561   |   21:15:23   |   387:31:13   |
41650       |       -56866.6   |       -56624.6   |       -241.996   |   21:16:54   |   387:29:23   |
41700       |       -56845.3   |       -56617.8   |       -227.487   |   21:18:24   |   387:27:15   |
41750       |       -56887.9   |         -56612   |       -275.925   |   21:19:56   |   387:25:44   |
41800       |       -56832.4   |       -56627.4   |       -205.001   |   21:21:28   |   387:24:12   |
41850       |       -56816.3   |       -56610.3   |       -205.954   |   21:23:01   |   387:22:59   |
41900       |       -56872.7   |       -56633.9   |       -238.808   |   21:24:34   |   387:21:45   |
41950       |       -56867.6   |       -56622.6   |       -245.021   |   21:26:09   |   387:21:08   |


Iter        |      Posterior   |     Likelihood   |          Prior   |    elapsed   |        ETA   |
----------------------------------------------------------------------------------------------------
42000       |       -56869.8   |       -56627.1   |       -242.737   |   21:27:44   |   387:20:31   |
42050       |       -56906.2   |       -56633.2   |       -273.017   |   21:29:11   |   387:17:29   |
42100       |       -56891.3   |       -56616.8   |       -274.547   |   21:30:40   |   387:15:03   |
42150       |       -56871.8   |       -56621.9   |       -249.899   |   21:32:08   |   387:12:20   |
42200       |       -56877.8   |       -56627.2   |       -250.565   |   21:33:40   |   387:10:49   |
42250       |         -56877   |       -56633.2   |       -243.806   |   21:35:11   |   387:08:59   |
42300       |       -56859.3   |       -56633.3   |       -225.981   |   21:36:39   |   387:06:16   |
42350       |         -56920   |       -56626.2   |       -293.759   |   21:38:11   |   387:04:45   |
42400       |       -56861.6   |       -56618.1   |       -243.417   |   21:39:52   |   387:05:55   |
42450       |       -56914.5   |       -56621.2   |       -293.297   |   21:41:23   |   387:04:05   |
42500       |       -56907.1   |       -56620.2   |       -286.814   |   21:42:56   |   387:02:52   |
42550       |       -56857.9   |       -56613.6   |       -244.286   |   21:44:27   |   387:01:02   |
42600       |       -56847.2   |       -56619.7   |       -227.459   |   21:46:01   |   387:00:07   |
42650       |       -56903.4   |       -56632.5   |       -270.918   |   21:47:44   |   387:01:50   |
42700       |       -56851.3   |       -56623.9   |         -227.4   |   21:49:14   |   386:59:43   |
42750       |       -56875.5   |       -56616.7   |       -258.852   |   21:50:42   |   386:57:01   |
42800       |         -56859   |         -56616   |       -243.037   |   21:52:10   |   386:54:18   |
42850       |       -56873.4   |       -56633.2   |       -240.157   |   21:53:37   |   386:51:18   |
42900       |       -56831.4   |       -56603.4   |       -228.037   |   21:55:10   |   386:50:05   |
42950       |       -56881.8   |       -56605.5   |       -276.306   |   21:56:43   |   386:48:51   |


Iter        |      Posterior   |     Likelihood   |          Prior   |    elapsed   |        ETA   |
----------------------------------------------------------------------------------------------------
43000       |       -56872.9   |       -56613.5   |       -259.398   |   21:58:21   |   386:49:05   |
43050       |       -56845.4   |       -56604.1   |       -241.271   |   21:59:58   |   386:49:01   |
43100       |       -56866.5   |       -56601.6   |        -264.98   |   22:01:36   |   386:49:15   |
43150       |       -56821.3   |       -56614.4   |       -206.892   |   22:03:11   |   386:48:36   |
43200       |       -56851.6   |       -56620.9   |       -230.755   |   22:04:50   |   386:49:07   |
43250       |       -56873.2   |       -56625.8   |        -247.41   |   22:06:28   |   386:49:19   |
43300       |       -56849.4   |       -56623.1   |       -226.238   |   22:08:05   |   386:49:15   |
43350       |       -56847.3   |       -56615.7   |       -231.653   |   22:09:39   |   386:48:17   |
43400       |       -56855.9   |       -56618.3   |       -237.545   |   22:11:11   |   386:46:45   |
43450       |       -56849.4   |       -56612.2   |       -237.209   |   22:12:44   |   386:45:30   |
43500       |       -56877.8   |       -56614.1   |       -263.726   |   22:14:20   |   386:45:07   |
43550       |       -56826.1   |         -56615   |       -211.062   |   22:15:54   |   386:44:10   |
43600       |       -56860.4   |       -56615.7   |       -244.636   |   22:17:27   |   386:42:55   |
43650       |       -56857.4   |         -56635   |       -222.405   |   22:18:58   |   386:41:05   |
43700       |       -56923.7   |       -56632.1   |       -291.569   |   22:20:28   |   386:38:58   |
43750       |       -56834.2   |       -56613.6   |       -220.581   |   22:22:00   |   386:37:25   |
43800       |       -56852.7   |       -56607.3   |       -245.386   |   22:23:33   |   386:36:10   |
43850       |       -56856.5   |       -56627.7   |       -228.785   |   22:25:08   |   386:35:29   |
43900       |       -56879.7   |       -56633.2   |       -246.488   |   22:26:42   |   386:34:31   |
43950       |       -56855.6   |       -56618.7   |       -236.895   |   22:28:16   |   386:33:33   |


Iter        |      Posterior   |     Likelihood   |          Prior   |    elapsed   |        ETA   |
----------------------------------------------------------------------------------------------------
44000       |       -56831.1   |       -56625.2   |       -205.841   |   22:29:48   |   386:32:01   |
44050       |       -56864.5   |       -56614.1   |       -250.355   |   22:31:23   |   386:31:19   |
44100       |       -56909.3   |       -56625.8   |       -283.479   |   22:33:01   |   386:31:30   |
44150       |       -56880.7   |       -56619.7   |       -261.044   |   22:34:32   |   386:29:40   |
44200       |       -56878.6   |       -56632.6   |       -246.075   |   22:36:04   |   386:28:07   |
44250       |       -56838.4   |       -56631.8   |        -206.51   |   22:37:36   |   386:26:34   |
44300       |       -56874.7   |       -56607.6   |        -267.04   |   22:39:10   |   386:25:36   |
44350       |       -56780.1   |       -56607.2   |       -172.891   |   22:40:44   |   386:24:37   |
44400       |       -56863.7   |       -56612.9   |       -250.858   |   22:42:20   |   386:24:12   |
44450       |       -56872.7   |         -56610   |       -262.706   |   22:43:54   |   386:23:13   |
44500       |       -56797.8   |       -56613.6   |       -184.185   |   22:45:22   |   386:20:33   |
44550       |       -56839.6   |       -56619.7   |       -219.885   |   22:46:57   |   386:19:51   |
44600       |       -56880.2   |       -56613.8   |       -266.402   |   22:48:33   |   386:19:25   |
44650       |       -56843.9   |       -56599.9   |       -244.006   |   22:50:06   |   386:18:09   |
44700       |       -56835.3   |       -56601.8   |       -233.478   |   22:51:37   |   386:16:19   |
44750       |       -56871.7   |       -56608.1   |       -263.607   |   22:53:05   |   386:13:39   |
44800       |       -56889.5   |       -56613.2   |       -276.373   |   22:54:38   |   386:12:23   |
44850       |       -56917.3   |       -56619.6   |        -297.78   |   22:56:11   |   386:11:07   |
44900       |       -56867.2   |       -56612.3   |       -254.859   |   22:57:45   |   386:10:08   |
44950       |       -56865.8   |       -56636.9   |       -228.871   |   22:59:20   |   386:09:25   |


Iter        |      Posterior   |     Likelihood   |          Prior   |    elapsed   |        ETA   |
----------------------------------------------------------------------------------------------------
45000       |       -56847.3   |       -56635.6   |       -211.617   |   23:00:56   |   386:08:59   |
45050       |       -56857.5   |       -56624.8   |       -232.779   |   23:02:30   |   386:07:59   |
45100       |         -56836   |       -56632.2   |       -203.784   |   23:04:02   |   386:06:26   |
45150       |       -56857.6   |       -56610.2   |       -247.413   |   23:05:37   |   386:05:43   |
45200       |       -56857.3   |       -56603.9   |        -253.42   |   23:07:15   |   386:05:50   |
45250       |       -56862.3   |       -56620.4   |        -241.88   |   23:08:49   |   386:04:50   |
45300       |       -56859.7   |       -56618.6   |       -241.042   |   23:10:30   |   386:05:47   |
45350       |       -56856.9   |       -56628.7   |       -228.218   |   23:12:08   |   386:05:53   |
45400       |       -56851.6   |       -56604.8   |       -246.785   |   23:13:44   |   386:05:26   |
45450       |       -56861.6   |       -56634.5   |       -227.099   |   23:15:20   |   386:04:59   |
45500       |       -56852.6   |         -56602   |       -250.561   |   23:16:54   |   386:03:58   |
45550       |       -56849.1   |       -56612.5   |       -236.646   |   23:18:27   |   386:02:41   |
45600       |       -56889.8   |       -56597.7   |       -292.071   |   23:19:57   |   386:00:34   |
45650       |       -56872.8   |       -56611.1   |       -261.712   |   23:21:36   |   386:00:56   |
45700       |         -56879   |       -56618.8   |       -260.143   |   23:23:10   |   385:59:55   |
45750       |       -56888.4   |       -56605.9   |       -282.468   |   23:24:45   |   385:59:11   |
45800       |       -56846.6   |       -56609.1   |       -237.456   |   23:26:23   |   385:59:15   |
45850       |       -56893.6   |       -56608.2   |       -285.423   |   23:27:59   |   385:58:47   |
45900       |       -56884.3   |       -56618.4   |       -265.879   |   23:29:30   |   385:56:56   |
45950       |       -56860.3   |       -56632.5   |       -227.851   |   23:31:04   |   385:55:55   |


Iter        |      Posterior   |     Likelihood   |          Prior   |    elapsed   |        ETA   |
----------------------------------------------------------------------------------------------------
46000       |       -56861.7   |         -56613   |       -248.748   |   23:32:41   |   385:55:43   |
46050       |       -56874.2   |       -56604.3   |        -269.86   |   23:34:19   |   385:55:47   |
46100       |       -56860.3   |       -56614.5   |       -245.749   |   23:35:56   |   385:55:34   |
46150       |       -56848.5   |         -56607   |       -241.436   |   23:37:32   |   385:55:05   |
46200       |       -56887.7   |       -56626.6   |       -261.068   |   23:39:13   |   385:55:57   |
46250       |       -56856.4   |       -56612.4   |       -244.022   |   23:40:52   |   385:56:17   |
46300       |       -56881.9   |       -56599.6   |       -282.325   |   23:42:27   |   385:55:31   |
46350       |         -56910   |       -56619.8   |       -290.195   |   23:44:04   |   385:55:17   |
46400       |       -56896.8   |       -56603.4   |       -293.487   |   23:45:39   |   385:54:31   |
46450       |       -56875.7   |       -56618.8   |       -256.938   |   23:47:16   |   385:54:17   |
46500       |       -56904.3   |       -56602.6   |       -301.666   |   23:48:52   |   385:53:47   |
46550       |       -56862.4   |       -56608.3   |       -254.128   |   23:50:26   |   385:52:44   |
46600       |       -56849.6   |       -56616.3   |       -233.343   |   23:52:01   |   385:51:57   |
46650       |       -56890.9   |       -56623.2   |       -267.688   |   23:53:40   |   385:52:15   |
46700       |       -56836.9   |       -56637.1   |       -199.851   |   23:55:15   |   385:51:28   |
46750       |       -56829.6   |       -56619.4   |       -210.176   |   23:56:48   |   385:50:09   |
46800       |         -56865   |       -56612.6   |       -252.366   |   23:58:18   |   385:48:01   |
46850       |         -56920   |       -56632.5   |       -287.471   |   23:59:49   |   385:46:10   |
46900       |       -56882.1   |         -56600   |       -282.008   |   24:01:23   |   385:45:06   |
46950       |       -56897.5   |       -56631.6   |       -265.901   |   24:02:55   |   385:43:31   |


Iter        |      Posterior   |     Likelihood   |          Prior   |    elapsed   |        ETA   |
----------------------------------------------------------------------------------------------------
47000       |       -56851.4   |       -56596.8   |       -254.556   |   24:04:28   |   385:42:12   |
47050       |       -56871.8   |         -56612   |       -259.769   |   24:06:01   |   385:40:52   |
47100       |       -56891.3   |       -56607.3   |        -284.01   |   24:07:32   |   385:39:01   |
47150       |       -56876.8   |       -56607.5   |       -269.263   |   24:09:08   |   385:38:29   |
47200       |       -56845.7   |       -56602.3   |       -243.339   |   24:10:43   |   385:37:42   |
47250       |       -56849.5   |       -56619.6   |       -229.892   |   24:12:14   |   385:35:50   |
47300       |       -56869.6   |       -56604.1   |       -265.582   |   24:13:45   |   385:33:59   |
47350       |       -56876.3   |       -56629.7   |       -246.666   |   24:15:14   |   385:31:36   |
47400       |       -56863.6   |       -56608.4   |       -255.213   |   24:16:44   |   385:29:28   |
47450       |       -56849.3   |         -56607   |       -242.318   |   24:18:16   |   385:27:53   |
47500       |       -56851.8   |       -56616.8   |       -235.062   |   24:19:50   |   385:26:50   |
47550       |       -56900.3   |       -56603.7   |       -296.571   |   24:21:25   |   385:26:02   |
47600       |       -56905.2   |       -56621.7   |       -283.504   |   24:23:05   |   385:26:33   |
47650       |       -56897.3   |       -56608.2   |        -289.17   |   24:24:43   |   385:26:32   |
47700       |       -56831.1   |       -56604.3   |       -226.817   |   24:26:16   |   385:25:12   |
47750       |       -56858.3   |       -56607.9   |       -250.409   |   24:27:47   |   385:23:21   |
47800       |       -56871.6   |       -56618.2   |       -253.381   |   24:29:15   |   385:20:42   |
47850       |         -56868   |       -56620.1   |       -247.858   |   24:30:49   |   385:19:38   |
47900       |       -56859.6   |       -56619.4   |         -240.2   |   24:32:23   |   385:18:34   |
47950       |       -56879.5   |         -56620   |       -259.562   |   24:33:59   |   385:18:01   |


Iter        |      Posterior   |     Likelihood   |          Prior   |    elapsed   |        ETA   |
----------------------------------------------------------------------------------------------------
48000       |       -56902.4   |       -56618.4   |       -283.912   |   24:35:34   |   385:17:12   |
48050       |       -56893.5   |       -56618.6   |       -274.862   |   24:37:09   |   385:16:23   |
48100       |       -56900.7   |       -56630.3   |       -270.433   |   24:38:46   |   385:16:06   |
48150       |         -56860   |       -56619.1   |        -240.91   |   24:40:22   |   385:15:32   |
48200       |       -56860.6   |         -56610   |       -250.548   |   24:41:59   |   385:15:15   |
48250       |       -56880.3   |       -56616.1   |       -264.173   |   24:43:32   |   385:13:54   |
48300       |       -56873.3   |       -56609.7   |       -263.647   |   24:45:07   |   385:13:05   |
48350       |         -56890   |       -56623.8   |       -266.222   |   24:46:44   |   385:12:47   |
48400       |       -56846.3   |       -56616.8   |       -229.479   |   24:48:21   |   385:12:28   |
48450       |       -56883.9   |       -56628.2   |       -255.628   |   24:49:54   |   385:11:07   |
48500       |       -56926.1   |       -56624.5   |       -301.622   |   24:51:30   |   385:10:33   |
48550       |       -56869.6   |       -56607.8   |        -261.78   |   24:53:03   |   385:09:12   |
48600       |       -56865.4   |       -56620.3   |       -245.083   |   24:54:45   |   385:10:11   |
48650       |       -56844.3   |         -56600   |       -244.351   |   24:56:16   |   385:08:19   |
48700       |       -56857.8   |       -56602.8   |       -255.078   |   24:57:49   |   385:06:58   |
48750       |       -56861.2   |       -56621.8   |       -239.428   |   24:59:22   |   385:05:37   |
48800       |       -56879.2   |       -56614.9   |       -264.257   |   25:00:53   |   385:03:45   |
48850       |       -56844.8   |       -56616.9   |       -227.907   |   25:02:25   |   385:02:09   |
48900       |       -56911.3   |       -56612.5   |       -298.786   |   25:03:59   |   385:01:03   |
48950       |       -56860.6   |       -56607.6   |       -252.971   |   25:05:33   |   384:59:57   |


Iter        |      Posterior   |     Likelihood   |          Prior   |    elapsed   |        ETA   |
----------------------------------------------------------------------------------------------------
49000       |       -56844.5   |       -56616.4   |       -228.059   |   25:07:08   |   384:59:07   |
49050       |         -56860   |       -56625.1   |       -234.934   |   25:08:47   |   384:59:18   |
49100       |       -56863.1   |         -56638   |       -225.106   |   25:10:25   |   384:59:13   |
49150       |       -56837.6   |       -56620.8   |       -216.844   |   25:11:59   |   384:58:07   |
49200       |       -56877.7   |       -56618.4   |       -259.253   |   25:13:35   |   384:57:31   |
49250       |       -56833.2   |       -56606.2   |       -227.008   |   25:15:09   |   384:56:25   |
49300       |       -56858.6   |       -56603.6   |       -254.981   |   25:16:42   |   384:55:03   |
49350       |       -56872.3   |         -56612   |       -260.336   |   25:18:14   |   384:53:27   |
49400       |       -56846.8   |       -56614.4   |        -232.38   |   25:19:45   |   384:51:35   |
49450       |       -56869.9   |       -56612.4   |       -257.443   |   25:21:19   |   384:50:28   |
49500       |       -56825.9   |       -56600.6   |        -225.25   |   25:22:54   |   384:49:37   |
49550       |       -56856.6   |       -56611.4   |       -245.195   |   25:24:28   |   384:48:31   |
49600       |       -56868.4   |         -56612   |       -256.356   |   25:26:00   |   384:46:54   |
49650       |       -56867.9   |       -56621.8   |       -246.082   |   25:27:29   |   384:44:32   |
49700       |       -56874.8   |       -56627.8   |       -246.966   |   25:29:01   |   384:42:55   |
49750       |       -56867.2   |       -56627.8   |        -239.39   |   25:30:36   |   384:42:03   |
49800       |       -56872.2   |       -56614.5   |       -257.725   |   25:32:11   |   384:41:12   |
49850       |       -56886.7   |       -56616.8   |       -269.951   |   25:33:42   |   384:39:20   |
49900       |       -56880.5   |       -56618.3   |       -262.203   |   25:35:12   |   384:37:13   |
49950       |       -56841.6   |       -56622.3   |       -219.301   |   25:36:41   |   384:34:51   |


Iter        |      Posterior   |     Likelihood   |          Prior   |    elapsed   |        ETA   |
----------------------------------------------------------------------------------------------------
50000       |       -56858.6   |       -56615.7   |       -242.917   |   25:38:10   |   384:32:30   |
50050       |       -56903.1   |         -56619   |       -284.012   |   25:39:36   |   384:29:23   |
50100       |       -56896.4   |       -56648.1   |       -248.293   |   25:41:08   |   384:27:46   |
50150       |       -56889.2   |       -56614.3   |       -274.957   |   25:42:37   |   384:25:25   |
50200       |       -56853.4   |       -56623.1   |       -230.252   |   25:44:11   |   384:24:18   |
50250       |       -56828.1   |         -56614   |       -214.155   |   25:45:46   |   384:23:27   |
50300       |       -56845.4   |       -56613.8   |        -231.53   |   25:47:23   |   384:23:05   |
50350       |       -56851.1   |       -56628.8   |       -222.337   |   25:48:58   |   384:22:13   |
50400       |       -56849.9   |       -56611.7   |       -238.162   |   25:50:34   |   384:21:36   |
50450       |       -56890.9   |       -56617.4   |       -273.544   |   25:52:12   |   384:21:28   |
50500       |       -56848.2   |       -56623.9   |       -224.337   |   25:53:46   |   384:20:21   |
50550       |       -56842.3   |       -56614.3   |       -227.994   |   25:55:21   |   384:19:29   |
50600       |         -56850   |       -56613.6   |       -236.412   |   25:56:56   |   384:18:36   |
50650       |       -56878.8   |       -56612.3   |       -266.546   |   25:58:31   |   384:17:44   |
50700       |       -56901.9   |       -56622.3   |       -279.605   |   26:00:07   |   384:17:06   |
50750       |       -56900.5   |       -56600.6   |       -299.859   |   26:01:41   |   384:15:59   |
50800       |         -56872   |       -56615.8   |       -256.171   |   26:03:13   |   384:14:22   |
50850       |       -56871.1   |       -56613.4   |       -257.715   |   26:04:50   |   384:13:58   |
50900       |       -56885.2   |       -56603.2   |        -281.96   |   26:06:33   |   384:15:03   |
50950       |         -56867   |       -56607.4   |       -259.588   |   26:08:11   |   384:14:54   |


Iter        |      Posterior   |     Likelihood   |          Prior   |    elapsed   |        ETA   |
----------------------------------------------------------------------------------------------------
51000       |       -56861.6   |       -56615.9   |       -245.712   |   26:09:42   |   384:13:02   |
51050       |       -56854.9   |       -56603.1   |       -251.738   |   26:11:18   |   384:12:24   |
51100       |       -56857.1   |       -56606.5   |       -250.662   |   26:12:56   |   384:12:14   |
51150       |       -56841.6   |       -56616.3   |       -225.313   |   26:14:30   |   384:11:06   |
51200       |       -56891.7   |       -56629.4   |       -262.339   |   26:16:04   |   384:09:58   |
51250       |       -56833.5   |       -56616.8   |       -216.731   |   26:17:44   |   384:10:17   |
51300       |       -56880.7   |       -56641.3   |       -239.453   |   26:19:21   |   384:09:53   |
51350       |       -56875.8   |       -56628.2   |       -247.588   |   26:20:54   |   384:08:30   |
51400       |       -56865.5   |       -56613.5   |       -251.971   |   26:22:32   |   384:08:20   |
51450       |       -56887.5   |       -56616.9   |       -270.566   |   26:24:08   |   384:07:40   |
51500       |       -56872.7   |       -56611.8   |         -260.9   |   26:25:44   |   384:07:01   |
51550       |         -56867   |       -56615.6   |       -251.391   |   26:27:21   |   384:06:35   |
51600       |       -56908.2   |       -56618.3   |       -289.973   |   26:28:59   |   384:06:25   |
51650       |       -56847.7   |       -56628.3   |       -219.354   |   26:30:37   |   384:06:14   |
51700       |       -56863.3   |       -56611.5   |       -251.849   |   26:32:14   |   384:05:48   |
51750       |       -56875.7   |       -56615.4   |       -260.272   |   26:33:50   |   384:05:08   |
51800       |       -56865.3   |       -56597.4   |       -267.852   |   26:35:30   |   384:05:25   |
51850       |       -56877.4   |       -56612.5   |        -264.89   |   26:37:08   |   384:05:13   |
51900       |       -56848.5   |       -56598.3   |       -250.178   |   26:38:40   |   384:03:35   |
51950       |       -56877.8   |       -56621.3   |       -256.527   |   26:40:13   |   384:02:11   |


Iter        |      Posterior   |     Likelihood   |          Prior   |    elapsed   |        ETA   |
----------------------------------------------------------------------------------------------------
52000       |       -56868.8   |       -56622.6   |       -246.234   |   26:41:44   |   384:00:19   |
52050       |       -56872.5   |       -56616.4   |        -256.14   |   26:43:20   |   383:59:38   |
52100       |       -56910.5   |       -56621.3   |       -289.111   |   26:44:53   |   383:58:14   |
52150       |       -56828.8   |       -56628.2   |       -200.547   |   26:46:23   |   383:56:07   |
52200       |       -56870.6   |       -56617.9   |       -252.724   |   26:47:54   |   383:54:14   |
52250       |       -56880.8   |       -56613.7   |       -267.105   |   26:49:31   |   383:53:48   |
52300       |       -56879.6   |       -56616.8   |       -262.788   |   26:51:06   |   383:52:52   |
52350       |       -56858.4   |       -56608.4   |        -249.97   |   26:52:37   |   383:51:00   |
52400       |       -56889.5   |       -56617.7   |       -271.847   |   26:54:11   |   383:49:50   |
52450       |       -56843.8   |       -56611.7   |       -232.115   |   26:55:44   |   383:48:26   |
52500       |       -56845.5   |       -56606.6   |       -238.824   |   26:57:15   |   383:46:33   |
52550       |       -56815.5   |       -56619.8   |       -195.787   |   26:58:46   |   383:44:41   |
52600       |       -56909.3   |       -56611.1   |       -298.256   |   27:00:17   |   383:42:48   |
52650       |       -56850.3   |       -56614.2   |         -236.1   |   27:01:51   |   383:41:38   |
52700       |       -56897.8   |         -56629   |       -268.747   |   27:03:23   |   383:40:00   |
52750       |       -56866.5   |       -56621.8   |       -244.718   |   27:04:59   |   383:39:18   |
52800       |       -56927.1   |         -56616   |       -311.083   |   27:06:31   |   383:37:40   |
52850       |       -56831.6   |       -56612.4   |       -219.229   |   27:08:04   |   383:36:16   |
52900       |         -56893   |       -56621.7   |       -271.298   |   27:09:37   |   383:34:52   |
52950       |         -56860   |       -56611.4   |       -248.622   |   27:11:10   |   383:33:27   |


Iter        |      Posterior   |     Likelihood   |          Prior   |    elapsed   |        ETA   |
----------------------------------------------------------------------------------------------------
53000       |       -56875.6   |       -56616.7   |       -258.922   |   27:12:42   |   383:31:49   |
53050       |       -56888.7   |         -56614   |       -274.711   |   27:14:13   |   383:29:57   |
53100       |       -56887.8   |       -56626.5   |       -261.335   |   27:15:47   |   383:28:47   |
53150       |       -56868.8   |       -56626.8   |       -242.065   |   27:17:21   |   383:27:37   |
53200       |       -56891.7   |       -56621.6   |       -270.071   |   27:18:56   |   383:26:40   |
53250       |       -56951.5   |       -56632.3   |       -319.208   |   27:20:33   |   383:26:12   |
53300       |       -56878.4   |       -56620.4   |       -257.945   |   27:22:11   |   383:25:58   |
53350       |       -56832.2   |       -56621.4   |       -210.832   |   27:23:44   |   383:24:33   |
53400       |       -56838.4   |       -56615.1   |       -223.306   |   27:25:16   |   383:22:55   |
53450       |       -56839.6   |       -56606.1   |       -233.514   |   27:26:49   |   383:21:30   |
53500       |       -56816.8   |       -56606.5   |       -210.293   |   27:28:21   |   383:19:52   |
53550       |       -56828.1   |       -56618.1   |       -209.967   |   27:29:57   |   383:19:09   |
53600       |         -56853   |       -56608.6   |       -244.394   |   27:31:32   |   383:18:13   |
53650       |       -56842.5   |       -56602.4   |       -240.095   |   27:33:09   |   383:17:44   |
53700       |       -56890.4   |       -56622.5   |       -267.887   |   27:34:47   |   383:17:28   |
53750       |       -56855.5   |       -56601.2   |       -254.303   |   27:36:21   |   383:16:18   |
53800       |       -56850.8   |       -56599.7   |       -251.088   |   27:37:55   |   383:15:07   |
53850       |       -56830.7   |       -56610.4   |       -220.351   |   27:39:30   |   383:14:10   |
53900       |         -56867   |       -56625.6   |       -241.433   |   27:41:05   |   383:13:12   |
53950       |       -56868.7   |         -56620   |       -248.701   |   27:42:34   |   383:10:52   |


Iter        |      Posterior   |     Likelihood   |          Prior   |    elapsed   |        ETA   |
----------------------------------------------------------------------------------------------------
54000       |       -56822.1   |       -56616.7   |       -205.363   |   27:44:06   |   383:09:14   |
54050       |       -56876.4   |       -56631.1   |       -245.301   |   27:45:35   |   383:06:53   |
54100       |       -56902.5   |       -56633.7   |       -268.806   |   27:47:02   |   383:04:06   |
54150       |         -56864   |         -56611   |        -252.95   |   27:48:36   |   383:02:55   |
54200       |       -56863.3   |       -56611.4   |       -251.907   |   27:50:10   |   383:01:44   |
54250       |       -56843.7   |       -56609.1   |       -234.594   |   27:51:38   |   382:59:10   |
54300       |       -56852.8   |       -56617.9   |       -234.903   |   27:53:13   |   382:58:13   |
54350       |       -56862.9   |       -56615.6   |       -247.277   |   27:54:48   |   382:57:16   |
54400       |       -56847.2   |         -56602   |       -245.196   |   27:56:25   |   382:56:46   |
54450       |       -56887.2   |         -56607   |       -280.201   |   27:57:56   |   382:54:53   |
54500       |       -56892.9   |       -56616.1   |       -276.801   |   27:59:29   |   382:53:28   |
54550       |       -56872.8   |       -56605.3   |       -267.494   |   28:01:04   |   382:52:31   |
54600       |       -56901.1   |       -56616.4   |       -284.682   |   28:02:35   |   382:50:39   |
54650       |       -56864.3   |       -56611.2   |        -253.09   |   28:04:09   |   382:49:27   |
54700       |       -56847.8   |       -56617.3   |       -230.471   |   28:05:41   |   382:47:49   |
54750       |       -56857.3   |       -56618.6   |       -238.701   |   28:07:13   |   382:46:10   |
54800       |         -56925   |       -56611.2   |       -313.759   |   28:08:47   |   382:44:59   |
54850       |       -56873.1   |       -56608.9   |       -264.159   |   28:10:21   |   382:43:47   |
54900       |         -56906   |       -56618.1   |       -287.941   |   28:11:56   |   382:42:49   |
54950       |       -56868.5   |       -56635.8   |       -232.695   |   28:13:32   |   382:42:05   |


Iter        |      Posterior   |     Likelihood   |          Prior   |    elapsed   |        ETA   |
----------------------------------------------------------------------------------------------------
55000       |       -56908.3   |       -56625.9   |       -282.386   |   28:15:07   |   382:41:07   |
55050       |       -56869.6   |       -56627.5   |        -242.08   |   28:16:47   |   382:41:17   |
55100       |       -56872.6   |       -56613.5   |       -259.149   |   28:18:27   |   382:41:26   |
55150       |       -56901.4   |         -56624   |       -277.418   |   28:20:05   |   382:41:08   |
55200       |       -56865.1   |       -56610.9   |       -254.191   |   28:21:43   |   382:40:50   |
55250       |       -56856.2   |       -56624.3   |       -231.837   |   28:23:19   |   382:40:05   |
55300       |       -56872.1   |       -56629.7   |       -242.403   |   28:24:53   |   382:38:53   |
55350       |       -56858.2   |       -56614.3   |       -243.923   |   28:26:29   |   382:38:08   |
55400       |       -56879.9   |         -56624   |       -255.877   |   28:28:05   |   382:37:22   |
55450       |       -56861.1   |       -56614.9   |       -246.125   |   28:29:38   |   382:35:57   |
55500       |       -56844.1   |       -56618.9   |        -225.19   |   28:31:12   |   382:34:44   |
55550       |       -56840.3   |       -56613.6   |       -226.763   |   28:32:44   |   382:33:05   |
55600       |       -56892.8   |       -56639.7   |       -253.149   |   28:34:16   |   382:31:26   |
55650       |       -56874.6   |       -56635.8   |       -238.751   |   28:36:00   |   382:32:27   |
55700       |       -56861.2   |       -56620.2   |       -241.012   |   28:37:41   |   382:32:48   |
55750       |       -56868.1   |         -56629   |       -239.107   |   28:39:18   |   382:32:16   |
55800       |       -56893.7   |       -56631.8   |       -261.839   |   28:40:56   |   382:31:56   |
55850       |       -56899.6   |       -56626.7   |       -272.901   |   28:42:34   |   382:31:37   |
55900       |       -56881.3   |       -56621.7   |       -259.577   |   28:44:13   |   382:31:30   |
55950       |       -56874.9   |       -56622.1   |        -252.86   |   28:45:54   |   382:31:50   |


Iter        |      Posterior   |     Likelihood   |          Prior   |    elapsed   |        ETA   |
----------------------------------------------------------------------------------------------------
56000       |       -56864.3   |       -56645.4   |       -218.964   |   28:47:34   |   382:31:57   |
56050       |         -56890   |       -56637.8   |       -252.235   |   28:49:12   |   382:31:37   |
56100       |       -56870.7   |       -56626.9   |       -243.716   |   28:50:52   |   382:31:43   |
56150       |         -56906   |       -56624.9   |       -281.159   |   28:52:31   |   382:31:36   |
56200       |       -56906.8   |       -56623.8   |       -282.914   |   28:54:12   |   382:31:55   |
56250       |       -56892.4   |       -56619.9   |       -272.533   |   28:55:51   |   382:31:47   |
56300       |       -56883.5   |       -56620.4   |       -263.052   |   28:57:29   |   382:31:26   |
56350       |       -56917.3   |       -56629.2   |       -288.136   |   28:59:05   |   382:30:39   |
56400       |       -56911.5   |       -56621.2   |       -290.325   |   29:00:40   |   382:29:38   |
56450       |       -56905.5   |       -56624.7   |       -280.811   |   29:02:13   |   382:28:11   |
56500       |       -56880.2   |         -56631   |       -249.189   |   29:03:46   |   382:26:44   |
56550       |       -56823.8   |       -56607.2   |       -216.555   |   29:05:20   |   382:25:30   |
56600       |       -56887.7   |       -56620.5   |       -267.209   |   29:06:57   |   382:24:55   |
56650       |       -56891.4   |       -56613.3   |       -278.081   |   29:08:35   |   382:24:33   |
56700       |       -56840.8   |       -56612.2   |       -228.532   |   29:10:13   |   382:24:11   |
56750       |       -56886.5   |       -56621.9   |       -264.514   |   29:11:47   |   382:22:57   |
56800       |       -56904.2   |       -56619.3   |        -284.95   |   29:13:17   |   382:20:50   |
56850       |       -56849.4   |       -56627.1   |       -222.278   |   29:14:45   |   382:18:18   |
56900       |         -56873   |       -56611.1   |       -261.856   |   29:16:19   |   382:17:03   |
56950       |         -56872   |       -56608.8   |       -263.203   |   29:17:52   |   382:15:36   |


Iter        |      Posterior   |     Likelihood   |          Prior   |    elapsed   |        ETA   |
----------------------------------------------------------------------------------------------------
57000       |       -56833.7   |       -56615.5   |       -218.199   |   29:19:26   |   382:14:22   |
57050       |         -56873   |       -56622.6   |       -250.462   |   29:21:04   |   382:13:59   |
57100       |       -56893.1   |       -56609.2   |       -283.878   |   29:22:42   |   382:13:37   |
57150       |       -56910.9   |       -56622.9   |       -287.999   |   29:24:16   |   382:12:22   |
57200       |       -56871.9   |       -56609.5   |       -262.349   |   29:25:49   |   382:10:55   |
57250       |       -56882.7   |       -56617.5   |       -265.212   |   29:27:25   |   382:10:06   |
57300       |       -56855.4   |         -56624   |        -231.39   |   29:28:58   |   382:08:38   |
57350       |       -56833.3   |       -56617.6   |       -215.652   |   29:30:25   |   382:05:53   |
57400       |       -56826.6   |       -56618.4   |       -208.203   |   29:31:57   |   382:04:13   |
57450       |       -56889.7   |       -56628.2   |       -261.532   |   29:33:33   |   382:03:24   |
57500       |       -56864.2   |       -56607.9   |       -256.315   |   29:35:11   |   382:03:01   |
57550       |       -56863.1   |       -56616.9   |       -246.127   |   29:36:47   |   382:02:12   |
57600       |       -56872.1   |         -56609   |       -263.116   |   29:38:21   |   382:00:57   |
57650       |       -56870.8   |       -56618.7   |       -252.146   |   29:39:52   |   381:59:03   |
57700       |         -56837   |       -56616.9   |       -220.128   |   29:41:24   |   381:57:23   |
57750       |       -56865.2   |       -56630.5   |       -234.733   |   29:42:56   |   381:55:42   |
57800       |       -56883.3   |       -56617.8   |       -265.495   |   29:44:29   |   381:54:14   |
57850       |       -56906.3   |       -56623.5   |       -282.836   |   29:46:01   |   381:52:34   |
57900       |       -56861.2   |       -56632.4   |       -228.726   |   29:47:35   |   381:51:19   |
57950       |       -56880.4   |       -56628.6   |       -251.862   |   29:49:08   |   381:49:51   |


Iter        |      Posterior   |     Likelihood   |          Prior   |    elapsed   |        ETA   |
----------------------------------------------------------------------------------------------------
58000       |       -56816.1   |       -56622.9   |       -193.136   |   29:50:43   |   381:48:49   |
58050       |       -56877.3   |       -56617.1   |       -260.196   |   29:52:17   |   381:47:34   |
58100       |       -56858.3   |       -56617.7   |       -240.561   |   29:53:51   |   381:46:19   |
58150       |         -56821   |       -56628.5   |       -192.443   |   29:55:23   |   381:44:38   |
58200       |       -56838.2   |       -56626.3   |       -211.831   |   29:56:55   |   381:42:58   |
58250       |         -56847   |       -56629.5   |       -217.453   |   29:58:26   |   381:41:04   |
58300       |       -56883.6   |       -56621.1   |       -262.426   |   29:59:58   |   381:39:24   |
58350       |       -56827.4   |       -56608.1   |        -219.25   |   30:01:28   |   381:37:18   |
58400       |       -56895.8   |       -56636.1   |       -259.726   |   30:03:03   |   381:36:15   |
58450       |         -56877   |         -56635   |       -241.957   |   30:04:38   |   381:35:13   |
58500       |       -56877.6   |       -56626.9   |       -250.633   |   30:06:10   |   381:33:32   |
58550       |       -56883.6   |       -56623.5   |       -260.104   |   30:07:39   |   381:31:14   |
58600       |       -56873.9   |       -56624.1   |       -249.816   |   30:09:12   |   381:29:46   |
58650       |       -56853.4   |       -56622.7   |       -230.743   |   30:10:41   |   381:27:28   |
58700       |       -56813.9   |         -56611   |       -202.905   |   30:12:13   |   381:25:47   |
58750       |       -56827.1   |       -56603.9   |       -223.264   |   30:13:44   |   381:23:54   |
58800       |       -56872.1   |       -56601.4   |       -270.715   |   30:15:18   |   381:22:39   |
58850       |       -56846.5   |       -56602.8   |       -243.688   |   30:16:50   |   381:20:59   |
58900       |       -56887.8   |       -56612.7   |       -275.108   |   30:18:22   |   381:19:18   |
58950       |       -56888.1   |       -56621.2   |       -266.938   |   30:19:54   |   381:17:38   |


Iter        |      Posterior   |     Likelihood   |          Prior   |    elapsed   |        ETA   |
----------------------------------------------------------------------------------------------------
59000       |         -56849   |       -56611.1   |       -237.895   |   30:21:29   |   381:16:35   |
59050       |       -56870.3   |       -56608.4   |       -261.916   |   30:22:59   |   381:14:30   |
59100       |       -56855.1   |       -56599.2   |       -255.954   |   30:24:28   |   381:12:12   |
59150       |       -56841.4   |       -56606.1   |       -235.328   |   30:25:59   |   381:10:19   |
59200       |       -56854.1   |       -56618.5   |       -235.588   |   30:27:32   |   381:08:51   |
59250       |       -56812.6   |       -56597.2   |       -215.411   |   30:29:04   |   381:07:11   |
59300       |       -56839.4   |       -56611.6   |       -227.727   |   30:30:35   |   381:05:18   |
59350       |         -56873   |         -56609   |       -263.958   |   30:32:12   |   381:04:40   |
59400       |       -56830.1   |       -56616.4   |       -213.685   |   30:33:47   |   381:03:38   |
59450       |         -56840   |       -56611.7   |       -228.323   |   30:35:25   |   381:03:12   |
59500       |       -56878.5   |       -56617.5   |       -261.065   |   30:36:59   |   381:01:57   |
59550       |       -56852.6   |       -56606.1   |       -246.507   |   30:38:34   |   381:00:54   |
59600       |         -56851   |       -56601.6   |        -249.34   |   30:40:08   |   380:59:38   |
59650       |       -56828.4   |       -56597.8   |       -230.554   |   30:41:39   |   380:57:45   |
59700       |       -56880.9   |       -56620.8   |       -260.109   |   30:43:12   |   380:56:17   |
59750       |       -56856.3   |       -56611.5   |       -244.845   |   30:44:42   |   380:54:12   |
59800       |       -56868.1   |       -56604.5   |       -263.637   |   30:46:11   |   380:51:55   |
59850       |       -56857.6   |       -56607.9   |        -249.75   |   30:47:44   |   380:50:27   |
59900       |       -56816.7   |       -56598.6   |       -218.116   |   30:49:16   |   380:48:47   |
59950       |       -56864.1   |       -56623.2   |       -240.824   |   30:50:49   |   380:47:19   |


Iter        |      Posterior   |     Likelihood   |          Prior   |    elapsed   |        ETA   |
----------------------------------------------------------------------------------------------------
60000       |       -56911.8   |         -56627   |       -284.807   |   30:52:20   |   380:45:26   |
60050       |       -56861.6   |       -56609.1   |       -252.484   |   30:53:49   |   380:43:09   |
60100       |       -56867.3   |       -56615.5   |       -251.846   |   30:55:16   |   380:40:27   |
60150       |       -56888.7   |       -56622.5   |       -266.247   |   30:56:45   |   380:38:10   |
60200       |       -56866.9   |         -56614   |       -252.893   |   30:58:21   |   380:37:19   |
60250       |       -56886.4   |         -56621   |        -265.42   |   30:59:56   |   380:36:16   |
60300       |       -56858.7   |       -56618.1   |       -240.532   |   31:01:31   |   380:35:13   |
60350       |       -56839.7   |       -56603.7   |        -236.02   |   31:03:02   |   380:33:20   |
60400       |       -56860.3   |       -56608.5   |       -251.766   |   31:04:38   |   380:32:29   |
60450       |       -56891.5   |       -56605.7   |       -285.811   |   31:06:09   |   380:30:37   |
60500       |         -56869   |       -56608.6   |       -260.469   |   31:07:38   |   380:28:20   |
60550       |       -56861.3   |       -56625.2   |       -236.111   |   31:09:11   |   380:26:52   |
60600       |       -56881.6   |       -56605.7   |       -275.905   |   31:10:40   |   380:24:36   |
60650       |       -56850.8   |       -56595.1   |       -255.674   |   31:12:09   |   380:22:19   |
60700       |       -56903.8   |       -56610.5   |       -293.259   |   31:13:39   |   380:20:15   |
60750       |       -56827.2   |       -56606.7   |       -220.527   |   31:15:11   |   380:18:35   |
60800       |       -56836.3   |       -56601.5   |       -234.859   |   31:16:46   |   380:17:31   |
60850       |       -56890.8   |       -56614.1   |         -276.7   |   31:18:23   |   380:16:52   |
60900       |       -56901.1   |       -56619.8   |       -281.233   |   31:19:57   |   380:15:36   |
60950       |       -56865.5   |       -56609.6   |       -255.866   |   31:21:32   |   380:14:33   |


Iter        |      Posterior   |     Likelihood   |          Prior   |    elapsed   |        ETA   |
----------------------------------------------------------------------------------------------------
61000       |       -56879.4   |       -56613.4   |       -266.049   |   31:23:04   |   380:12:53   |
61050       |       -56844.7   |       -56614.5   |       -230.232   |   31:24:36   |   380:11:13   |
61100       |       -56868.2   |         -56621   |       -247.109   |   31:26:10   |   380:09:57   |
61150       |       -56827.9   |         -56610   |       -217.875   |   31:27:47   |   380:09:18   |
61200       |       -56840.8   |       -56619.4   |       -221.335   |   31:29:20   |   380:07:50   |
61250       |       -56873.8   |       -56617.4   |       -256.461   |   31:30:51   |   380:05:57   |
61300       |       -56857.5   |       -56609.3   |       -248.132   |   31:32:18   |   380:03:17   |
61350       |       -56841.7   |       -56623.1   |       -218.545   |   31:33:51   |   380:01:49   |
61400       |       -56857.8   |       -56612.7   |       -245.008   |   31:35:25   |   380:00:33   |
61450       |       -56841.3   |         -56619   |       -222.233   |   31:37:01   |   379:59:42   |
61500       |       -56890.5   |       -56617.2   |       -273.362   |   31:38:35   |   379:58:26   |
61550       |       -56907.4   |       -56623.2   |       -284.232   |   31:40:13   |   379:57:58   |
61600       |       -56895.3   |       -56621.2   |       -274.153   |   31:41:49   |   379:57:06   |
61650       |         -56877   |       -56628.7   |       -248.288   |   31:43:25   |   379:56:13   |
61700       |       -56866.2   |       -56608.9   |       -257.239   |   31:45:00   |   379:55:09   |
61750       |       -56873.1   |         -56614   |         -259.1   |   31:46:33   |   379:53:41   |
61800       |       -56876.4   |       -56618.6   |       -257.852   |   31:48:08   |   379:52:37   |
61850       |       -56853.6   |       -56625.9   |       -227.654   |   31:49:42   |   379:51:21   |
61900       |       -56868.5   |       -56615.3   |       -253.161   |   31:51:14   |   379:49:40   |
61950       |         -56853   |       -56621.3   |       -231.657   |   31:52:43   |   379:47:25   |


Iter        |      Posterior   |     Likelihood   |          Prior   |    elapsed   |        ETA   |
----------------------------------------------------------------------------------------------------
62000       |       -56865.5   |       -56629.9   |       -235.547   |   31:54:13   |   379:45:21   |
62050       |       -56903.4   |       -56633.6   |       -269.801   |   31:55:48   |   379:44:16   |
62100       |       -56884.1   |       -56632.8   |       -251.222   |   31:57:21   |   379:42:48   |
62150       |       -56868.6   |       -56634.7   |       -233.963   |   31:58:48   |   379:40:09   |
62200       |       -56889.8   |       -56616.2   |       -273.593   |   32:00:20   |   379:38:29   |
62250       |       -56890.8   |       -56610.7   |       -280.102   |   32:01:53   |   379:37:01   |
62300       |       -56870.6   |       -56617.3   |       -253.306   |   32:03:25   |   379:35:21   |
62350       |       -56853.1   |       -56614.7   |        -238.37   |   32:04:54   |   379:33:05   |
62400       |       -56822.9   |       -56617.1   |       -205.788   |   32:06:22   |   379:30:38   |
62450       |         -56887   |       -56617.1   |       -269.885   |   32:07:50   |   379:28:11   |
62500       |       -56877.8   |       -56620.5   |        -257.34   |   32:09:19   |   379:25:56   |
62550       |       -56875.5   |       -56614.1   |       -261.455   |   32:10:49   |   379:23:52   |
62600       |         -56848   |       -56616.8   |       -231.191   |   32:12:18   |   379:21:37   |
62650       |       -56883.4   |       -56613.2   |       -270.142   |   32:13:46   |   379:19:11   |
62700       |       -56844.9   |       -56612.4   |       -232.452   |   32:15:17   |   379:17:19   |
62750       |       -56837.6   |       -56618.8   |       -218.817   |   32:16:49   |   379:15:40   |
62800       |       -56900.3   |       -56643.3   |       -256.998   |   32:18:21   |   379:14:00   |
62850       |       -56923.5   |       -56632.2   |       -291.289   |   32:19:55   |   379:12:44   |
62900       |       -56868.7   |       -56630.9   |       -237.781   |   32:21:32   |   379:12:03   |
62950       |       -56867.9   |       -56624.4   |       -243.539   |   32:23:13   |   379:12:09   |


Iter        |      Posterior   |     Likelihood   |          Prior   |    elapsed   |        ETA   |
----------------------------------------------------------------------------------------------------
63000       |       -56886.9   |       -56633.8   |        -253.11   |   32:24:51   |   379:11:39   |
63050       |       -56891.5   |       -56633.6   |       -257.865   |   32:26:26   |   379:10:34   |
63100       |       -56856.8   |       -56634.5   |       -222.308   |   32:28:00   |   379:09:18   |
63150       |       -56828.9   |       -56622.5   |       -206.375   |   32:29:39   |   379:09:00   |
63200       |       -56843.5   |       -56619.4   |       -224.143   |   32:31:18   |   379:08:42   |
63250       |         -56840   |       -56610.9   |       -229.127   |   32:32:53   |   379:07:37   |
63300       |       -56840.2   |         -56618   |       -222.258   |   32:34:29   |   379:06:43   |
63350       |       -56862.6   |         -56630   |       -232.619   |   32:36:05   |   379:05:50   |
63400       |       -56922.9   |       -56625.6   |       -297.237   |   32:37:43   |   379:05:19   |
63450       |       -56867.9   |       -56619.1   |       -248.783   |   32:39:21   |   379:04:49   |
63500       |       -56868.6   |       -56636.2   |       -232.366   |   32:40:57   |   379:03:55   |
63550       |       -56870.1   |       -56624.6   |        -245.49   |   32:42:34   |   379:03:13   |
63600       |       -56887.1   |       -56633.5   |       -253.643   |   32:44:09   |   379:02:08   |
63650       |       -56842.2   |       -56620.5   |       -221.673   |   32:45:43   |   379:00:51   |
63700       |       -56881.2   |         -56608   |       -273.154   |   32:47:19   |   378:59:57   |
63750       |       -56878.5   |       -56628.4   |       -250.142   |   32:48:53   |   378:58:40   |
63800       |       -56871.9   |         -56627   |       -244.888   |   32:50:25   |   378:57:00   |
63850       |       -56861.9   |         -56618   |       -243.914   |   32:51:52   |   378:54:22   |
63900       |       -56871.1   |       -56620.3   |       -250.757   |   32:53:24   |   378:52:42   |
63950       |       -56833.5   |       -56625.5   |       -208.043   |   32:54:59   |   378:51:36   |


Iter        |      Posterior   |     Likelihood   |          Prior   |    elapsed   |        ETA   |
----------------------------------------------------------------------------------------------------
64000       |       -56861.4   |       -56602.5   |       -258.845   |   32:56:32   |   378:50:08   |
64050       |       -56857.3   |       -56620.7   |        -236.52   |   32:58:05   |   378:48:39   |
64100       |       -56828.8   |       -56608.2   |       -220.588   |   32:59:44   |   378:48:19   |
64150       |       -56876.9   |       -56613.7   |       -263.223   |   33:01:16   |   378:46:39   |
64200       |       -56855.6   |         -56608   |       -247.613   |   33:02:50   |   378:45:22   |
64250       |       -56905.9   |       -56616.9   |       -289.071   |   33:04:23   |   378:43:53   |
64300       |       -56839.6   |       -56610.8   |       -228.795   |   33:05:55   |   378:42:13   |
64350       |       -56872.9   |       -56622.4   |       -250.516   |   33:07:27   |   378:40:33   |
64400       |         -56859   |       -56623.3   |        -235.66   |   33:08:59   |   378:38:53   |
64450       |       -56889.5   |       -56625.6   |       -263.816   |   33:10:33   |   378:37:35   |
64500       |       -56848.2   |       -56620.9   |       -227.298   |   33:12:11   |   378:37:04   |
64550       |       -56846.9   |       -56623.6   |       -223.308   |   33:13:46   |   378:35:58   |
64600       |         -56858   |       -56631.1   |       -226.947   |   33:15:22   |   378:35:03   |
64650       |       -56856.1   |       -56623.2   |       -232.853   |   33:16:58   |   378:34:08   |
64700       |       -56847.7   |       -56616.9   |       -230.776   |   33:18:37   |   378:33:47   |
64750       |       -56822.3   |       -56626.4   |        -195.94   |   33:20:13   |   378:32:53   |
64800       |       -56822.6   |       -56615.5   |       -207.114   |   33:21:47   |   378:31:35   |
64850       |       -56833.7   |       -56625.1   |       -208.572   |   33:23:24   |   378:30:51   |
64900       |       -56900.8   |       -56624.2   |       -276.663   |   33:25:00   |   378:29:56   |
64950       |       -56873.9   |       -56627.5   |       -246.366   |   33:26:37   |   378:29:12   |


Iter        |      Posterior   |     Likelihood   |          Prior   |    elapsed   |        ETA   |
----------------------------------------------------------------------------------------------------
65000       |       -56872.3   |         -56618   |       -254.373   |   33:28:14   |   378:28:29   |
65050       |       -56845.2   |       -56620.6   |       -224.541   |   33:29:50   |   378:27:33   |
65100       |       -56834.9   |       -56613.8   |       -221.153   |   33:31:20   |   378:25:30   |
65150       |       -56824.5   |       -56610.7   |       -213.744   |   33:32:52   |   378:23:50   |
65200       |       -56870.9   |       -56627.8   |        -243.14   |   33:34:26   |   378:22:32   |
65250       |       -56856.5   |       -56624.5   |       -231.973   |   33:35:59   |   378:21:03   |
65300       |       -56845.4   |       -56623.2   |       -222.239   |   33:37:34   |   378:19:56   |
65350       |       -56899.1   |       -56633.4   |       -265.757   |   33:39:05   |   378:18:04   |
65400       |       -56856.2   |       -56630.6   |       -225.593   |   33:40:43   |   378:17:31   |
65450       |       -56867.5   |       -56621.6   |       -245.964   |   33:42:25   |   378:17:43   |
65500       |       -56828.7   |       -56608.2   |       -220.491   |   33:44:01   |   378:16:47   |
65550       |       -56893.9   |       -56617.3   |       -276.598   |   33:45:39   |   378:16:14   |
65600       |       -56877.9   |       -56629.1   |       -248.784   |   33:47:13   |   378:14:56   |
65650       |       -56828.7   |       -56611.4   |       -217.251   |   33:48:49   |   378:14:00   |
65700       |       -56875.9   |         -56609   |       -266.925   |   33:50:21   |   378:12:19   |
65750       |       -56893.2   |       -56619.8   |       -273.406   |   33:51:54   |   378:10:50   |
65800       |       -56884.7   |       -56613.8   |       -270.831   |   33:53:30   |   378:09:54   |
65850       |       -56808.3   |       -56599.3   |        -208.99   |   33:55:03   |   378:08:24   |
65900       |       -56840.2   |       -56608.8   |       -231.443   |   33:56:40   |   378:07:39   |
65950       |       -56865.6   |         -56615   |        -250.59   |   33:58:14   |   378:06:21   |


Iter        |      Posterior   |     Likelihood   |          Prior   |    elapsed   |        ETA   |
----------------------------------------------------------------------------------------------------
66000       |       -56888.5   |       -56616.1   |       -272.347   |   33:59:46   |   378:04:40   |
66050       |       -56842.6   |       -56612.3   |       -230.291   |   34:01:18   |   378:02:59   |
66100       |       -56862.8   |       -56593.7   |       -269.108   |   34:02:52   |   378:01:41   |
66150       |       -56823.3   |       -56618.3   |        -205.02   |   34:04:30   |   378:01:07   |
66200       |       -56869.9   |       -56604.2   |       -265.748   |   34:06:10   |   378:00:55   |
66250       |         -56859   |       -56615.8   |       -243.205   |   34:07:46   |   377:59:58   |
66300       |       -56862.2   |       -56607.2   |       -255.054   |   34:09:20   |   377:58:40   |
66350       |         -56850   |       -56599.7   |       -250.324   |   34:10:53   |   377:57:10   |
66400       |       -56868.9   |       -56610.3   |       -258.601   |   34:12:27   |   377:55:51   |
66450       |       -56864.3   |       -56621.1   |       -243.213   |   34:14:00   |   377:54:22   |
66500       |       -56866.2   |       -56611.2   |       -255.029   |   34:15:32   |   377:52:41   |
66550       |       -56852.3   |         -56608   |         -244.3   |   34:17:07   |   377:51:33   |
66600       |       -56850.8   |       -56613.7   |       -237.116   |   34:18:42   |   377:50:25   |
66650       |       -56893.4   |       -56613.1   |       -280.317   |   34:20:18   |   377:49:28   |
66700       |       -56851.8   |       -56612.7   |       -239.047   |   34:21:54   |   377:48:32   |
66750       |         -56837   |       -56591.2   |       -245.857   |   34:23:31   |   377:47:46   |
66800       |       -56857.9   |       -56619.7   |       -238.226   |   34:25:08   |   377:47:00   |
66850       |       -56868.5   |       -56613.7   |       -254.838   |   34:26:45   |   377:46:14   |
66900       |       -56894.4   |       -56611.2   |       -283.183   |   34:28:17   |   377:44:33   |
66950       |       -56821.4   |       -56608.1   |       -213.311   |   34:30:04   |   377:45:36   |


Iter        |      Posterior   |     Likelihood   |          Prior   |    elapsed   |        ETA   |
----------------------------------------------------------------------------------------------------
67000       |       -56849.3   |       -56599.9   |       -249.425   |   34:31:50   |   377:46:28   |
67050       |       -56890.9   |       -56603.5   |       -287.439   |   34:33:27   |   377:45:41   |
67100       |       -56879.1   |         -56602   |       -277.084   |   34:35:06   |   377:45:17   |
67150       |       -56850.9   |         -56605   |       -245.902   |   34:36:44   |   377:44:41   |
67200       |       -56866.3   |       -56612.7   |       -253.526   |   34:38:19   |   377:43:32   |
67250       |       -56845.4   |       -56603.3   |       -242.096   |   34:39:52   |   377:42:02   |
67300       |       -56848.9   |       -56612.3   |       -236.624   |   34:41:25   |   377:40:32   |
67350       |       -56830.6   |       -56613.9   |       -216.678   |   34:42:56   |   377:38:39   |
67400       |       -56863.1   |       -56608.6   |       -254.464   |   34:44:25   |   377:36:26   |
67450       |       -56869.8   |       -56611.7   |       -258.084   |   34:45:57   |   377:34:44   |
67500       |       -56835.2   |       -56602.1   |       -233.141   |   34:47:32   |   377:33:36   |
67550       |       -56851.8   |       -56599.7   |       -252.165   |   34:49:11   |   377:33:10   |
67600       |       -56821.1   |       -56614.5   |         -206.6   |   34:50:47   |   377:32:12   |
67650       |       -56873.8   |         -56608   |       -265.775   |   34:52:24   |   377:31:25   |
67700       |       -56854.8   |       -56618.4   |       -236.469   |   34:53:57   |   377:29:55   |
67750       |       -56850.2   |       -56619.3   |       -230.834   |   34:55:30   |   377:28:24   |
67800       |       -56847.8   |       -56607.6   |       -240.176   |   34:57:03   |   377:26:54   |
67850       |       -56848.3   |       -56599.4   |       -248.892   |   34:58:34   |   377:25:02   |
67900       |       -56830.4   |       -56616.6   |       -213.806   |   35:00:06   |   377:23:20   |
67950       |         -56841   |       -56611.8   |       -229.271   |   35:01:38   |   377:21:39   |


Iter        |      Posterior   |     Likelihood   |          Prior   |    elapsed   |        ETA   |
----------------------------------------------------------------------------------------------------
68000       |       -56823.7   |       -56611.7   |       -211.949   |   35:03:12   |   377:20:19   |
68050       |       -56826.5   |       -56615.6   |       -210.837   |   35:04:46   |   377:19:00   |
68100       |       -56818.7   |       -56605.6   |       -213.134   |   35:06:19   |   377:17:29   |
68150       |       -56828.7   |       -56609.1   |       -219.663   |   35:07:53   |   377:16:09   |
68200       |       -56854.8   |       -56606.7   |       -248.155   |   35:09:26   |   377:14:39   |
68250       |       -56867.2   |       -56629.7   |       -237.516   |   35:11:00   |   377:13:19   |
68300       |       -56838.7   |       -56598.8   |       -239.925   |   35:12:35   |   377:12:10   |
68350       |       -56850.6   |       -56595.3   |       -255.367   |   35:14:09   |   377:10:50   |
68400       |       -56856.9   |       -56607.3   |       -249.637   |   35:15:41   |   377:09:09   |
68450       |       -56830.8   |       -56608.7   |       -222.107   |   35:17:10   |   377:06:55   |
68500       |       -56855.5   |       -56618.6   |       -236.911   |   35:18:42   |   377:05:14   |
68550       |       -56867.4   |       -56619.7   |       -247.649   |   35:20:24   |   377:05:19   |
68600       |       -56844.7   |       -56616.1   |       -228.681   |   35:22:00   |   377:04:21   |
68650       |       -56853.3   |       -56618.7   |       -234.603   |   35:23:34   |   377:03:01   |
68700       |       -56809.7   |       -56622.2   |       -187.483   |   35:25:09   |   377:01:51   |
68750       |       -56826.7   |       -56610.8   |       -215.954   |   35:26:39   |   376:59:49   |
68800       |         -56814   |       -56616.8   |       -197.166   |   35:28:11   |   376:58:08   |
68850       |       -56868.3   |       -56620.7   |        -247.57   |   35:29:42   |   376:56:16   |
68900       |       -56839.2   |       -56614.2   |       -225.007   |   35:31:13   |   376:54:24   |
68950       |         -56844   |       -56619.6   |         -224.4   |   35:32:46   |   376:52:53   |


Iter        |      Posterior   |     Likelihood   |          Prior   |    elapsed   |        ETA   |
----------------------------------------------------------------------------------------------------
69000       |       -56827.9   |       -56611.7   |       -216.244   |   35:34:19   |   376:51:23   |
69050       |         -56872   |       -56609.7   |        -262.32   |   35:35:53   |   376:50:02   |
69100       |       -56805.4   |         -56603   |        -202.33   |   35:37:27   |   376:48:42   |
69150       |       -56833.8   |         -56610   |       -223.777   |   35:38:55   |   376:46:19   |
69200       |       -56842.6   |       -56604.9   |       -237.706   |   35:40:26   |   376:44:27   |
69250       |       -56850.8   |       -56600.6   |       -250.193   |   35:42:00   |   376:43:07   |
69300       |       -56858.7   |       -56606.4   |       -252.344   |   35:43:30   |   376:41:05   |
69350       |       -56851.6   |       -56605.7   |       -245.812   |   35:45:06   |   376:40:06   |
69400       |       -56814.2   |       -56601.6   |       -212.556   |   35:46:42   |   376:39:07   |
69450       |       -56858.2   |       -56607.6   |       -250.611   |   35:48:14   |   376:37:26   |
69500       |       -56893.2   |       -56618.8   |       -274.395   |   35:49:44   |   376:35:23   |
69550       |       -56878.7   |         -56619   |        -259.69   |   35:51:13   |   376:33:11   |
69600       |       -56857.6   |       -56613.1   |       -244.552   |   35:52:44   |   376:31:19   |
69650       |       -56855.1   |       -56599.4   |       -255.674   |   35:54:18   |   376:29:59   |
69700       |       -56824.2   |         -56606   |       -218.236   |   35:55:51   |   376:28:28   |
69750       |         -56836   |       -56615.2   |       -220.881   |   35:57:23   |   376:26:47   |
69800       |       -56876.1   |       -56612.3   |        -263.87   |   35:58:57   |   376:25:27   |
69850       |       -56874.7   |       -56615.2   |       -259.492   |   36:00:28   |   376:23:36   |
69900       |       -56873.9   |       -56620.7   |       -253.244   |   36:02:04   |   376:22:36   |
69950       |       -56858.6   |       -56608.7   |       -249.926   |   36:03:38   |   376:21:16   |


Iter        |      Posterior   |     Likelihood   |          Prior   |    elapsed   |        ETA   |
----------------------------------------------------------------------------------------------------
70000       |       -56836.8   |       -56608.2   |       -228.545   |   36:05:09   |   376:19:25   |
70050       |       -56842.8   |       -56604.1   |       -238.625   |   36:06:40   |   376:17:33   |
70100       |       -56829.7   |       -56616.8   |        -212.89   |   36:08:12   |   376:15:52   |
70150       |       -56804.1   |         -56610   |       -194.033   |   36:09:43   |   376:14:01   |
70200       |       -56854.7   |       -56611.8   |       -242.907   |   36:11:16   |   376:12:30   |
70250       |       -56824.1   |       -56609.9   |       -214.282   |   36:12:47   |   376:10:39   |
70300       |       -56832.8   |       -56623.5   |       -209.318   |   36:14:22   |   376:09:29   |
70350       |         -56852   |       -56628.5   |       -223.528   |   36:15:56   |   376:08:09   |
70400       |       -56828.4   |       -56607.4   |       -221.016   |   36:17:28   |   376:06:28   |
70450       |       -56826.8   |       -56605.1   |       -221.707   |   36:19:01   |   376:04:57   |
70500       |       -56853.7   |       -56607.4   |       -246.296   |   36:20:36   |   376:03:47   |
70550       |       -56849.9   |       -56621.5   |       -228.342   |   36:22:11   |   376:02:37   |
70600       |       -56898.2   |       -56618.3   |       -279.895   |   36:23:46   |   376:01:27   |
70650       |       -56886.6   |       -56609.8   |       -276.712   |   36:25:19   |   375:59:57   |
70700       |       -56834.2   |       -56619.6   |        -214.52   |   36:26:53   |   375:58:36   |
70750       |       -56845.7   |       -56603.2   |       -242.466   |   36:28:30   |   375:57:47   |
70800       |       -56847.9   |       -56614.6   |       -233.356   |   36:30:05   |   375:56:37   |
70850       |       -56842.7   |       -56608.9   |       -233.781   |   36:31:41   |   375:55:37   |
70900       |       -56876.6   |       -56622.7   |        -253.89   |   36:33:16   |   375:54:27   |
70950       |         -56890   |       -56614.8   |       -275.201   |   36:34:49   |   375:52:56   |


Iter        |      Posterior   |     Likelihood   |          Prior   |    elapsed   |        ETA   |
----------------------------------------------------------------------------------------------------
71000       |       -56856.5   |       -56609.4   |       -247.177   |   36:36:25   |   375:51:56   |
71050       |       -56840.4   |         -56596   |       -244.395   |   36:37:59   |   375:50:35   |
71100       |       -56856.5   |       -56602.3   |       -254.233   |   36:39:31   |   375:48:54   |
71150       |       -56873.3   |       -56617.2   |       -256.061   |   36:41:04   |   375:47:23   |
71200       |       -56892.8   |       -56627.8   |       -265.013   |   36:42:42   |   375:46:44   |
71250       |       -56832.9   |       -56620.8   |       -212.078   |   36:44:22   |   375:46:25   |
71300       |       -56851.5   |       -56618.5   |       -233.035   |   36:45:57   |   375:45:14   |
71350       |         -56818   |       -56607.6   |       -210.327   |   36:47:32   |   375:44:04   |
71400       |       -56888.9   |       -56607.1   |       -281.781   |   36:49:06   |   375:42:43   |
71450       |       -56896.3   |       -56609.8   |       -286.431   |   36:50:42   |   375:41:42   |
71500       |       -56875.2   |       -56615.1   |       -260.175   |   36:52:17   |   375:40:32   |
71550       |       -56905.7   |       -56621.6   |       -284.091   |   36:53:54   |   375:39:41   |
71600       |       -56861.8   |       -56614.9   |       -246.933   |   36:55:29   |   375:38:31   |
71650       |       -56844.8   |       -56619.4   |        -225.41   |   36:57:02   |   375:37:00   |
71700       |       -56868.9   |       -56625.7   |       -243.169   |   36:58:39   |   375:36:09   |
71750       |         -56877   |       -56610.9   |       -266.094   |   37:00:11   |   375:34:28   |
71800       |       -56822.8   |       -56603.5   |       -219.309   |   37:01:41   |   375:32:26   |
71850       |       -56843.1   |       -56601.5   |       -241.604   |   37:03:11   |   375:30:25   |
71900       |       -56864.3   |       -56619.6   |        -244.65   |   37:04:45   |   375:29:04   |
71950       |       -56865.2   |       -56624.9   |       -240.384   |   37:06:18   |   375:27:33   |


Iter        |      Posterior   |     Likelihood   |          Prior   |    elapsed   |        ETA   |
----------------------------------------------------------------------------------------------------
72000       |       -56905.5   |       -56619.3   |       -286.203   |   37:07:50   |   375:25:52   |
72050       |       -56841.4   |       -56603.2   |       -238.267   |   37:09:21   |   375:24:00   |
72100       |         -56891   |       -56622.5   |         -268.5   |   37:10:55   |   375:22:39   |
72150       |       -56846.7   |       -56631.4   |        -215.33   |   37:12:32   |   375:21:49   |
72200       |       -56899.7   |       -56633.5   |       -266.162   |   37:14:09   |   375:20:58   |
72250       |       -56874.1   |       -56610.1   |       -263.976   |   37:15:44   |   375:19:47   |
72300       |       -56861.1   |         -56618   |       -243.156   |   37:17:20   |   375:18:46   |
72350       |         -56874   |       -56616.1   |       -257.939   |   37:18:55   |   375:17:35   |
72400       |       -56867.5   |       -56612.9   |       -254.536   |   37:20:26   |   375:15:44   |
72450       |       -56872.8   |       -56614.1   |       -258.723   |   37:22:05   |   375:15:13   |
72500       |       -56828.7   |       -56611.5   |       -217.188   |   37:23:42   |   375:14:22   |
72550       |       -56870.9   |       -56623.9   |       -247.018   |   37:25:21   |   375:13:51   |
72600       |       -56890.8   |       -56622.7   |       -268.159   |   37:26:57   |   375:12:49   |
72650       |         -56898   |       -56614.5   |       -283.497   |   37:28:29   |   375:11:08   |
72700       |       -56907.6   |       -56610.9   |       -296.673   |   37:30:02   |   375:09:37   |
72750       |       -56856.3   |       -56625.7   |         -230.6   |   37:31:39   |   375:08:45   |
72800       |       -56862.3   |       -56617.5   |       -244.864   |   37:33:11   |   375:07:04   |
72850       |       -56877.2   |       -56615.8   |       -261.343   |   37:34:52   |   375:06:52   |
72900       |       -56915.1   |       -56620.3   |       -294.824   |   37:36:37   |   375:07:21   |
72950       |       -56874.6   |       -56628.9   |       -245.754   |   37:38:20   |   375:07:29   |


Iter        |      Posterior   |     Likelihood   |          Prior   |    elapsed   |        ETA   |
----------------------------------------------------------------------------------------------------
73000       |       -56877.7   |       -56627.6   |       -250.029   |   37:40:00   |   375:07:07   |
73050       |       -56894.1   |       -56633.6   |       -260.461   |   37:41:34   |   375:05:45   |
73100       |       -56896.3   |       -56626.4   |       -269.848   |   37:43:08   |   375:04:23   |
73150       |       -56888.7   |       -56615.5   |       -273.243   |   37:44:45   |   375:03:32   |
73200       |       -56859.9   |       -56606.4   |        -253.53   |   37:46:23   |   375:02:50   |
73250       |       -56856.2   |       -56606.3   |       -249.911   |   37:47:57   |   375:01:28   |
73300       |       -56885.7   |       -56614.6   |       -271.044   |   37:49:33   |   375:00:26   |
73350       |       -56867.8   |       -56611.3   |       -256.476   |   37:51:06   |   374:58:54   |
73400       |       -56878.3   |       -56624.5   |       -253.855   |   37:52:40   |   374:57:32   |
73450       |       -56843.3   |       -56615.2   |       -228.037   |   37:54:18   |   374:56:50   |
73500       |       -56868.3   |       -56604.1   |       -264.176   |   37:55:56   |   374:56:07   |
73550       |       -56901.9   |       -56637.3   |        -264.69   |   37:57:29   |   374:54:35   |
73600       |       -56866.6   |       -56625.4   |       -241.138   |   37:59:03   |   374:53:13   |
73650       |       -56868.5   |       -56623.5   |        -244.98   |   38:00:39   |   374:52:11   |
73700       |         -56867   |       -56626.9   |        -240.08   |   38:02:15   |   374:51:09   |
73750       |       -56875.4   |       -56628.7   |       -246.678   |   38:03:57   |   374:51:06   |
73800       |       -56906.6   |       -56638.5   |        -268.11   |   38:05:50   |   374:52:50   |
73850       |       -56890.5   |       -56633.6   |       -256.879   |   38:07:29   |   374:52:17   |
73900       |       -56868.6   |         -56629   |       -239.579   |   38:09:05   |   374:51:15   |
73950       |         -56923   |       -56625.1   |       -297.909   |   38:10:43   |   374:50:31   |


Iter        |      Posterior   |     Likelihood   |          Prior   |    elapsed   |        ETA   |
----------------------------------------------------------------------------------------------------
74000       |       -56864.9   |       -56610.8   |       -254.077   |   38:12:17   |   374:49:09   |
74050       |       -56857.5   |       -56624.4   |       -233.091   |   38:13:52   |   374:47:56   |
74100       |         -56868   |         -56627   |        -240.91   |   38:15:28   |   374:46:53   |
74150       |       -56861.7   |       -56625.4   |       -236.289   |   38:17:00   |   374:45:11   |
74200       |       -56823.5   |       -56623.4   |       -200.056   |   38:18:37   |   374:44:18   |
74250       |         -56859   |       -56620.7   |       -238.356   |   38:20:13   |   374:43:15   |
74300       |       -56840.7   |       -56628.5   |       -212.174   |   38:21:50   |   374:42:22   |
74350       |       -56913.5   |       -56634.7   |       -278.762   |   38:23:26   |   374:41:19   |
74400       |       -56832.3   |       -56627.8   |       -204.496   |   38:24:59   |   374:39:47   |
74450       |       -56872.7   |       -56620.5   |       -252.261   |   38:26:39   |   374:39:22   |
74500       |       -56885.3   |       -56620.5   |        -264.83   |   38:28:17   |   374:38:39   |
74550       |       -56867.8   |       -56621.9   |       -245.947   |   38:29:55   |   374:37:55   |
74600       |       -56888.3   |       -56622.4   |       -265.895   |   38:31:33   |   374:37:11   |
74650       |         -56862   |       -56618.8   |       -243.176   |   38:33:09   |   374:36:07   |
74700       |       -56843.6   |       -56611.9   |       -231.629   |   38:34:45   |   374:35:04   |
74750       |       -56853.5   |       -56628.4   |       -225.083   |   38:36:21   |   374:34:01   |
74800       |       -56848.1   |       -56620.7   |       -227.354   |   38:37:59   |   374:33:16   |
74850       |       -56860.5   |       -56623.7   |       -236.844   |   38:39:37   |   374:32:32   |
74900       |       -56864.9   |       -56624.9   |       -239.963   |   38:41:12   |   374:31:19   |
74950       |       -56859.1   |       -56609.6   |       -249.534   |   38:42:47   |   374:30:06   |


Iter        |      Posterior   |     Likelihood   |          Prior   |    elapsed   |        ETA   |
----------------------------------------------------------------------------------------------------
75000       |       -56881.8   |       -56615.8   |       -266.066   |   38:44:20   |   374:28:33   |
75050       |       -56882.6   |       -56624.2   |       -258.338   |   38:45:55   |   374:27:19   |
75100       |       -56880.6   |       -56618.1   |       -262.508   |   38:47:29   |   374:25:56   |
75150       |         -56886   |       -56618.6   |        -267.45   |   38:48:59   |   374:23:55   |
75200       |       -56928.3   |       -56637.3   |       -291.002   |   38:50:31   |   374:22:12   |
75250       |       -56860.5   |       -56620.4   |       -240.018   |   38:52:03   |   374:20:30   |
75300       |       -56895.3   |       -56619.8   |       -275.432   |   38:53:36   |   374:18:57   |
75350       |       -56799.3   |       -56610.3   |       -188.994   |   38:55:08   |   374:17:15   |
75400       |       -56841.2   |       -56617.8   |       -223.426   |   38:56:40   |   374:15:33   |
75450       |       -56860.7   |       -56632.9   |       -227.817   |   38:58:12   |   374:13:50   |
75500       |       -56850.4   |       -56612.1   |       -238.315   |   38:59:46   |   374:12:27   |
75550       |       -56845.2   |       -56613.7   |       -231.546   |   39:01:22   |   374:11:23   |
75600       |       -56873.3   |       -56621.8   |        -251.45   |   39:02:59   |   374:10:29   |
75650       |       -56872.7   |       -56614.6   |       -258.123   |   39:04:38   |   374:09:54   |
75700       |       -56870.6   |         -56619   |       -251.586   |   39:06:12   |   374:08:30   |
75750       |       -56838.4   |         -56627   |       -211.395   |   39:07:49   |   374:07:36   |
75800       |       -56880.7   |       -56624.6   |       -256.107   |   39:09:28   |   374:07:00   |
75850       |       -56897.4   |       -56631.1   |       -266.299   |   39:11:03   |   374:05:47   |
75900       |       -56833.3   |       -56619.3   |       -214.022   |   39:12:38   |   374:04:33   |
75950       |       -56895.2   |       -56619.1   |       -276.177   |   39:14:17   |   374:03:57   |


Iter        |      Posterior   |     Likelihood   |          Prior   |    elapsed   |        ETA   |
----------------------------------------------------------------------------------------------------
76000       |       -56887.3   |       -56621.5   |       -265.818   |   39:15:55   |   374:03:12   |
76050       |       -56882.9   |         -56620   |       -262.894   |   39:17:34   |   374:02:36   |
76100       |       -56811.5   |       -56615.8   |       -195.654   |   39:19:12   |   374:01:51   |
76150       |       -56885.6   |       -56628.2   |       -257.392   |   39:20:49   |   374:00:56   |
76200       |       -56863.1   |       -56620.4   |       -242.734   |   39:22:25   |   373:59:51   |
76250       |       -56854.1   |       -56621.8   |       -232.327   |   39:24:02   |   373:58:56   |
76300       |       -56843.2   |       -56610.3   |       -232.886   |   39:25:39   |   373:58:01   |
76350       |       -56833.3   |       -56634.9   |       -198.314   |   39:27:14   |   373:56:46   |
76400       |       -56846.9   |       -56607.2   |       -239.718   |   39:28:51   |   373:55:51   |
76450       |       -56896.3   |       -56615.3   |       -280.985   |   39:30:25   |   373:54:28   |
76500       |       -56866.8   |       -56622.7   |       -244.066   |   39:32:00   |   373:53:13   |
76550       |       -56885.6   |       -56616.5   |       -269.102   |   39:33:28   |   373:50:53   |
76600       |       -56901.8   |       -56621.4   |       -280.351   |   39:35:02   |   373:49:29   |
76650       |       -56904.6   |       -56622.5   |       -282.156   |   39:36:37   |   373:48:15   |
76700       |       -56885.4   |       -56616.9   |       -268.489   |   39:38:08   |   373:46:23   |
76750       |       -56896.4   |       -56609.9   |       -286.461   |   39:39:39   |   373:44:31   |
76800       |         -56883   |         -56617   |       -266.009   |   39:41:13   |   373:43:07   |
76850       |       -56847.1   |       -56601.9   |       -245.192   |   39:42:51   |   373:42:21   |
76900       |       -56900.3   |       -56626.1   |       -274.173   |   39:44:29   |   373:41:35   |
76950       |       -56903.3   |       -56609.4   |       -293.869   |   39:46:01   |   373:39:52   |


Iter        |      Posterior   |     Likelihood   |          Prior   |    elapsed   |        ETA   |
----------------------------------------------------------------------------------------------------
77000       |       -56870.9   |       -56611.5   |       -259.345   |   39:47:35   |   373:38:28   |
77050       |       -56910.6   |       -56606.2   |       -304.399   |   39:49:10   |   373:37:14   |
77100       |       -56850.5   |       -56616.8   |       -233.782   |   39:50:47   |   373:36:18   |
77150       |       -56856.8   |       -56607.2   |        -249.53   |   39:52:25   |   373:35:31   |
77200       |         -56887   |       -56624.7   |       -262.271   |   39:54:01   |   373:34:26   |
77250       |       -56875.4   |       -56626.5   |       -248.921   |   39:55:38   |   373:33:30   |
77300       |       -56846.8   |       -56614.1   |       -232.706   |   39:57:13   |   373:32:16   |
77350       |       -56871.8   |       -56618.4   |       -253.356   |   39:58:43   |   373:30:14   |
77400       |       -56893.5   |       -56620.6   |       -272.934   |   40:00:20   |   373:29:18   |
77450       |       -56915.8   |       -56611.8   |        -304.03   |   40:01:54   |   373:27:54   |
77500       |       -56845.1   |       -56631.6   |       -213.579   |   40:03:29   |   373:26:40   |
77550       |       -56890.8   |       -56638.4   |        -252.39   |   40:05:05   |   373:25:34   |
77600       |         -56872   |       -56637.6   |       -234.344   |   40:06:42   |   373:24:38   |
77650       |       -56894.3   |       -56637.5   |       -256.793   |   40:08:19   |   373:23:42   |
77700       |       -56919.2   |       -56630.1   |       -289.147   |   40:09:54   |   373:22:27   |
77750       |       -56881.4   |       -56643.4   |       -237.913   |   40:11:25   |   373:20:35   |
77800       |         -56892   |       -56645.4   |       -246.617   |   40:12:55   |   373:18:33   |
77850       |       -56864.4   |       -56627.9   |       -236.514   |   40:14:28   |   373:17:00   |
77900       |       -56874.8   |       -56633.3   |       -241.502   |   40:16:01   |   373:15:27   |
77950       |       -56862.3   |       -56621.7   |       -240.569   |   40:17:34   |   373:13:53   |


Iter        |      Posterior   |     Likelihood   |          Prior   |    elapsed   |        ETA   |
----------------------------------------------------------------------------------------------------
78000       |       -56869.2   |       -56637.2   |       -231.953   |   40:19:07   |   373:12:20   |
78050       |       -56900.2   |       -56638.1   |       -262.042   |   40:20:44   |   373:11:23   |
78100       |       -56864.3   |       -56624.7   |       -239.511   |   40:22:23   |   373:10:45   |
78150       |       -56871.6   |       -56628.2   |       -243.365   |   40:23:58   |   373:09:30   |
78200       |       -56875.9   |         -56627   |       -248.917   |   40:25:34   |   373:08:24   |
78250       |       -56864.4   |       -56632.3   |       -232.116   |   40:27:08   |   373:07:00   |
78300       |         -56874   |       -56628.1   |       -245.881   |   40:28:46   |   373:06:13   |
78350       |         -56835   |       -56639.1   |        -195.92   |   40:30:18   |   373:04:30   |
78400       |         -56854   |       -56614.5   |       -239.459   |   40:31:49   |   373:02:38   |
78450       |       -56818.5   |       -56622.2   |       -196.309   |   40:33:19   |   373:00:37   |
78500       |       -56868.6   |       -56626.7   |        -241.96   |   40:34:52   |   372:59:03   |
78550       |       -56863.6   |       -56625.3   |       -238.258   |   40:36:25   |   372:57:30   |
78600       |       -56873.3   |       -56627.3   |       -246.051   |   40:38:02   |   372:56:33   |
78650       |       -56906.7   |       -56618.5   |       -288.216   |   40:39:41   |   372:55:54   |
78700       |       -56864.5   |       -56627.1   |       -237.359   |   40:41:17   |   372:54:48   |
78750       |         -56865   |       -56616.3   |       -248.683   |   40:42:46   |   372:52:38   |
78800       |       -56860.6   |       -56615.9   |       -244.718   |   40:44:18   |   372:50:55   |
78850       |       -56859.9   |       -56604.5   |       -255.341   |   40:45:51   |   372:49:22   |
78900       |       -56859.5   |       -56607.5   |        -252.02   |   40:47:25   |   372:47:57   |
78950       |         -56891   |       -56602.6   |         -288.4   |   40:48:59   |   372:46:33   |


Iter        |      Posterior   |     Likelihood   |          Prior   |    elapsed   |        ETA   |
----------------------------------------------------------------------------------------------------
79000       |       -56859.3   |       -56597.4   |       -261.885   |   40:50:33   |   372:45:08   |
79050       |       -56828.6   |       -56604.5   |       -224.096   |   40:52:08   |   372:43:53   |
79100       |       -56886.7   |       -56612.4   |       -274.351   |   40:53:42   |   372:42:28   |
79150       |       -56880.6   |       -56609.7   |       -270.944   |   40:55:15   |   372:40:55   |
79200       |       -56892.5   |       -56618.1   |       -274.451   |   40:56:51   |   372:39:49   |
79250       |       -56919.3   |       -56608.2   |       -311.103   |   40:58:26   |   372:38:33   |
79300       |       -56896.4   |       -56625.4   |       -270.983   |   40:59:56   |   372:36:32   |
79350       |       -56875.3   |       -56626.6   |       -248.688   |   41:01:29   |   372:34:59   |
79400       |       -56882.5   |       -56615.9   |       -266.674   |   41:03:00   |   372:33:07   |
79450       |       -56910.5   |       -56603.5   |       -307.061   |   41:04:32   |   372:31:24   |
79500       |       -56836.6   |       -56609.5   |       -227.047   |   41:06:07   |   372:30:09   |
79550       |       -56906.2   |       -56629.2   |       -277.027   |   41:07:41   |   372:28:44   |
79600       |       -56922.2   |       -56627.3   |        -294.88   |   41:09:10   |   372:26:34   |
79650       |       -56852.6   |       -56638.5   |       -214.088   |   41:10:42   |   372:24:52   |
79700       |       -56894.8   |       -56616.3   |       -278.475   |   41:12:17   |   372:23:36   |
79750       |       -56891.7   |       -56601.8   |       -289.899   |   41:13:50   |   372:22:02   |
79800       |       -56891.3   |       -56604.5   |       -286.802   |   41:15:21   |   372:20:11   |
79850       |       -56902.1   |       -56611.3   |       -290.808   |   41:16:55   |   372:18:46   |
79900       |       -56897.1   |       -56616.7   |       -280.468   |   41:18:26   |   372:16:55   |
79950       |       -56881.5   |       -56611.2   |       -270.294   |   41:20:01   |   372:15:39   |


Iter        |      Posterior   |     Likelihood   |          Prior   |    elapsed   |        ETA   |
----------------------------------------------------------------------------------------------------
80000       |       -56837.9   |       -56604.4   |       -233.471   |   41:21:32   |   372:13:48   |
80050       |       -56850.6   |       -56602.6   |       -248.032   |   41:23:06   |   372:12:23   |
80100       |       -56904.2   |       -56624.7   |       -279.501   |   41:24:33   |   372:09:55   |
80150       |       -56860.4   |       -56611.5   |       -248.897   |   41:26:00   |   372:07:28   |
80200       |       -56833.9   |         -56608   |       -225.952   |   41:27:31   |   372:05:37   |
80250       |       -56852.5   |       -56618.4   |       -234.163   |   41:29:07   |   372:04:30   |
80300       |       -56850.4   |         -56612   |       -238.375   |   41:30:43   |   372:03:23   |
80350       |       -56846.7   |       -56609.2   |       -237.528   |   41:32:18   |   372:02:08   |
80400       |       -56889.5   |       -56616.7   |       -272.816   |   41:33:56   |   372:01:19   |
80450       |       -56872.2   |       -56611.1   |       -261.154   |   41:35:32   |   372:00:12   |
80500       |       -56848.6   |       -56615.9   |       -232.758   |   41:37:09   |   371:59:14   |
80550       |       -56873.8   |       -56606.7   |       -267.129   |   41:38:44   |   371:57:59   |
80600       |       -56798.4   |       -56597.8   |       -200.562   |   41:40:18   |   371:56:34   |
80650       |       -56828.9   |       -56601.7   |       -227.199   |   41:41:53   |   371:55:18   |
80700       |       -56820.2   |       -56617.4   |       -202.882   |   41:43:27   |   371:53:53   |
80750       |       -56854.1   |       -56608.8   |        -245.35   |   41:45:02   |   371:52:38   |
80800       |       -56866.1   |       -56595.5   |       -270.634   |   41:46:34   |   371:50:55   |
80850       |       -56836.2   |       -56602.5   |       -233.692   |   41:48:11   |   371:49:57   |
80900       |         -56883   |       -56612.1   |       -270.892   |   41:49:47   |   371:48:50   |
80950       |       -56860.3   |       -56606.8   |       -253.535   |   41:51:21   |   371:47:25   |


Iter        |      Posterior   |     Likelihood   |          Prior   |    elapsed   |        ETA   |
----------------------------------------------------------------------------------------------------
81000       |       -56855.9   |         -56608   |       -247.872   |   41:52:54   |   371:45:51   |
81050       |       -56881.1   |         -56604   |       -277.081   |   41:54:26   |   371:44:09   |
81100       |       -56853.2   |       -56615.6   |       -237.521   |   41:56:02   |   371:43:02   |
81150       |       -56876.7   |       -56603.3   |       -273.428   |   41:57:35   |   371:41:28   |
81200       |       -56847.8   |         -56601   |       -246.771   |   41:59:03   |   371:39:10   |
81250       |       -56835.9   |       -56606.1   |       -229.747   |   42:00:37   |   371:37:45   |
81300       |       -56892.7   |         -56620   |       -272.709   |   42:02:10   |   371:36:12   |
81350       |       -56852.9   |       -56612.4   |        -240.52   |   42:03:44   |   371:34:47   |
81400       |       -56847.6   |       -56631.6   |       -215.972   |   42:05:10   |   371:32:11   |
81450       |       -56876.4   |       -56620.3   |        -256.06   |   42:06:41   |   371:30:20   |
81500       |       -56848.3   |       -56619.7   |       -228.603   |   42:08:12   |   371:28:29   |
81550       |       -56871.1   |         -56613   |       -258.106   |   42:09:42   |   371:26:29   |
81600       |         -56869   |       -56620.9   |       -248.063   |   42:11:17   |   371:25:13   |
81650       |       -56868.5   |       -56610.4   |        -258.11   |   42:12:51   |   371:23:48   |
81700       |       -56837.9   |       -56615.1   |       -222.781   |   42:14:26   |   371:22:32   |
81750       |       -56877.2   |       -56607.5   |       -269.734   |   42:15:59   |   371:20:58   |
81800       |       -56857.9   |         -56614   |        -243.86   |   42:17:29   |   371:18:58   |
81850       |       -56849.6   |       -56614.6   |       -235.018   |   42:19:02   |   371:17:25   |
81900       |       -56873.5   |       -56621.7   |       -251.759   |   42:20:36   |   371:16:00   |
81950       |       -56881.2   |       -56628.3   |       -252.937   |   42:22:13   |   371:15:01   |


Iter        |      Posterior   |     Likelihood   |          Prior   |    elapsed   |        ETA   |
----------------------------------------------------------------------------------------------------
82000       |       -56842.6   |       -56618.3   |       -224.272   |   42:23:51   |   371:14:11   |
82050       |       -56837.3   |       -56615.8   |       -221.515   |   42:25:29   |   371:13:22   |
82100       |         -56854   |       -56615.3   |       -238.766   |   42:27:05   |   371:12:14   |
82150       |         -56860   |       -56618.7   |       -241.295   |   42:28:40   |   371:10:58   |
82200       |       -56880.5   |       -56617.5   |       -263.014   |   42:30:14   |   371:09:33   |
82250       |       -56883.8   |       -56613.7   |       -270.118   |   42:31:52   |   371:08:43   |
82300       |       -56851.3   |       -56615.5   |        -235.79   |   42:33:34   |   371:08:27   |
82350       |       -56864.8   |       -56608.9   |        -255.92   |   42:35:10   |   371:07:20   |
82400       |       -56836.4   |       -56607.9   |       -228.506   |   42:36:43   |   371:05:46   |
82450       |       -56870.8   |       -56615.8   |       -255.049   |   42:38:20   |   371:04:47   |
82500       |       -56848.1   |       -56619.4   |       -228.715   |   42:39:54   |   371:03:22   |
82550       |       -56862.2   |       -56605.8   |        -256.44   |   42:41:29   |   371:02:05   |
82600       |       -56830.2   |       -56615.6   |       -214.584   |   42:43:04   |   371:00:49   |
82650       |       -56900.5   |       -56642.7   |       -257.788   |   42:44:42   |   370:59:58   |
82700       |       -56864.1   |       -56625.7   |       -238.378   |   42:46:14   |   370:58:16   |
82750       |       -56854.1   |       -56612.6   |       -241.464   |   42:47:44   |   370:56:16   |
82800       |       -56888.7   |       -56624.7   |       -263.921   |   42:49:15   |   370:54:25   |
82850       |       -56870.8   |       -56611.3   |       -259.575   |   42:50:46   |   370:52:34   |
82900       |       -56879.6   |       -56616.7   |       -262.918   |   42:52:15   |   370:50:25   |
82950       |       -56866.7   |       -56626.6   |       -240.151   |   42:53:51   |   370:49:17   |


Iter        |      Posterior   |     Likelihood   |          Prior   |    elapsed   |        ETA   |
----------------------------------------------------------------------------------------------------
83000       |       -56896.1   |       -56625.6   |       -270.496   |   42:55:25   |   370:47:52   |
83050       |       -56874.5   |         -56625   |       -249.438   |   42:57:00   |   370:46:36   |
83100       |       -56871.2   |       -56602.9   |       -268.252   |   42:58:31   |   370:44:44   |
83150       |       -56858.4   |         -56621   |       -237.413   |   43:00:07   |   370:43:36   |
83200       |       -56880.8   |       -56610.1   |       -270.688   |   43:01:38   |   370:41:45   |
83250       |       -56865.1   |       -56624.7   |       -240.363   |   43:03:07   |   370:39:37   |
83300       |       -56869.5   |       -56615.1   |       -254.347   |   43:04:39   |   370:37:55   |
83350       |       -56837.9   |       -56598.9   |        -239.01   |   43:06:13   |   370:36:29   |
83400       |       -56854.9   |       -56621.3   |       -233.678   |   43:07:48   |   370:35:13   |
83450       |       -56865.5   |         -56623   |       -242.484   |   43:09:26   |   370:34:22   |
83500       |       -56848.2   |       -56604.1   |       -244.091   |   43:11:04   |   370:33:31   |
83550       |       -56888.2   |       -56609.9   |       -278.368   |   43:12:39   |   370:32:14   |
83600       |       -56866.5   |       -56617.4   |       -249.132   |   43:14:19   |   370:31:40   |
83650       |       -56891.4   |       -56626.1   |       -265.349   |   43:15:52   |   370:30:06   |
83700       |       -56826.2   |       -56626.9   |       -199.331   |   43:17:26   |   370:28:41   |
83750       |       -56853.1   |       -56623.6   |       -229.453   |   43:19:02   |   370:27:33   |
83800       |       -56865.8   |         -56620   |       -245.787   |   43:20:41   |   370:26:50   |
83850       |       -56866.5   |       -56615.5   |        -251.07   |   43:22:20   |   370:26:07   |
83900       |       -56863.2   |       -56621.6   |       -241.561   |   43:24:02   |   370:25:50   |
83950       |       -56881.8   |       -56614.2   |       -267.633   |   43:25:44   |   370:25:33   |


Iter        |      Posterior   |     Likelihood   |          Prior   |    elapsed   |        ETA   |
----------------------------------------------------------------------------------------------------
84000       |       -56877.7   |       -56621.5   |       -256.165   |   43:27:23   |   370:24:50   |
84050       |       -56881.7   |         -56612   |       -269.738   |   43:29:02   |   370:24:07   |
84100       |       -56879.4   |       -56613.6   |       -265.805   |   43:30:36   |   370:22:41   |
84150       |       -56844.1   |       -56614.8   |       -229.299   |   43:32:15   |   370:21:58   |
84200       |       -56875.8   |       -56612.5   |       -263.261   |   43:33:55   |   370:21:23   |
84250       |       -56882.2   |       -56635.5   |       -246.641   |   43:35:34   |   370:20:40   |
84300       |       -56867.5   |       -56614.6   |       -252.942   |   43:37:09   |   370:19:23   |
84350       |       -56852.3   |       -56616.5   |        -235.76   |   43:38:43   |   370:17:57   |
84400       |         -56855   |       -56609.6   |       -245.402   |   43:40:18   |   370:16:40   |
84450       |       -56874.9   |       -56611.1   |       -263.815   |   43:41:50   |   370:14:57   |
84500       |       -56806.8   |       -56594.9   |       -211.911   |   43:43:24   |   370:13:31   |
84550       |       -56829.3   |         -56618   |       -211.358   |   43:45:02   |   370:12:39   |
84600       |       -56839.5   |       -56621.3   |       -218.253   |   43:46:43   |   370:12:12   |
84650       |       -56851.8   |       -56630.7   |       -221.183   |   43:48:11   |   370:09:56   |
84700       |       -56840.9   |       -56617.9   |       -223.024   |   43:49:40   |   370:07:47   |
84750       |       -56853.2   |       -56613.9   |       -239.288   |   43:51:12   |   370:06:05   |
84800       |       -56875.5   |       -56614.3   |        -261.27   |   43:52:45   |   370:04:30   |
84850       |       -56897.2   |       -56613.1   |       -284.073   |   43:54:17   |   370:02:48   |
84900       |       -56852.4   |       -56615.7   |       -236.744   |   43:55:49   |   370:01:05   |
84950       |       -56900.4   |       -56630.6   |       -269.782   |   43:57:21   |   369:59:22   |


Iter        |      Posterior   |     Likelihood   |          Prior   |    elapsed   |        ETA   |
----------------------------------------------------------------------------------------------------
85000       |       -56881.9   |       -56618.5   |       -263.478   |   43:58:50   |   369:57:14   |
85050       |       -56857.5   |       -56619.6   |       -237.901   |   44:00:29   |   369:56:30   |
85100       |       -56867.5   |       -56624.4   |       -243.123   |   44:02:09   |   369:55:55   |
85150       |       -56845.4   |       -56627.4   |       -218.036   |   44:03:49   |   369:55:19   |
85200       |       -56844.2   |         -56624   |       -220.248   |   44:05:23   |   369:53:53   |
85250       |       -56865.8   |       -56625.7   |       -240.137   |   44:06:54   |   369:52:02   |
85300       |       -56847.8   |       -56627.8   |       -219.983   |   44:08:25   |   369:50:11   |
85350       |       -56881.2   |       -56615.9   |       -265.356   |   44:10:01   |   369:49:02   |
85400       |       -56808.7   |         -56624   |       -184.702   |   44:11:34   |   369:47:27   |
85450       |       -56870.3   |       -56618.7   |       -251.631   |   44:13:08   |   369:46:01   |
85500       |       -56901.5   |       -56626.6   |       -274.933   |   44:14:40   |   369:44:19   |
85550       |       -56853.4   |       -56626.2   |       -227.232   |   44:16:10   |   369:42:19   |
85600       |       -56861.8   |       -56618.2   |       -243.574   |   44:17:39   |   369:40:12   |
85650       |       -56822.2   |       -56624.4   |       -197.887   |   44:19:09   |   369:38:12   |
85700       |       -56868.9   |       -56625.4   |       -243.483   |   44:20:41   |   369:36:30   |
85750       |       -56878.3   |         -56626   |        -252.24   |   44:22:11   |   369:34:30   |
85800       |       -56864.8   |       -56605.9   |       -258.908   |   44:23:43   |   369:32:48   |
85850       |       -56845.3   |       -56598.5   |       -246.736   |   44:25:17   |   369:31:22   |
85900       |       -56871.2   |       -56612.7   |       -258.579   |   44:26:48   |   369:29:31   |
85950       |       -56924.9   |       -56609.6   |       -315.262   |   44:28:18   |   369:27:32   |


Iter        |      Posterior   |     Likelihood   |          Prior   |    elapsed   |        ETA   |
----------------------------------------------------------------------------------------------------
86000       |       -56887.9   |       -56611.8   |       -276.056   |   44:29:45   |   369:25:08   |
86050       |       -56857.6   |       -56613.7   |       -243.942   |   44:31:19   |   369:23:42   |
86100       |       -56870.4   |       -56612.2   |       -258.234   |   44:32:53   |   369:22:16   |
86150       |       -56822.1   |         -56610   |       -212.031   |   44:34:28   |   369:20:58   |
86200       |       -56847.3   |       -56619.4   |       -227.909   |   44:36:03   |   369:19:40   |
86250       |       -56845.1   |       -56610.7   |       -234.463   |   44:37:37   |   369:18:14   |
86300       |       -56862.4   |       -56620.6   |       -241.806   |   44:39:09   |   369:16:32   |
86350       |       -56858.6   |       -56608.7   |       -249.858   |   44:40:45   |   369:15:22   |
86400       |       -56867.3   |       -56604.9   |        -262.41   |   44:42:22   |   369:14:21   |
86450       |       -56874.6   |       -56618.2   |        -256.37   |   44:43:56   |   369:12:55   |
86500       |       -56848.5   |       -56618.9   |       -229.594   |   44:45:29   |   369:11:21   |
86550       |       -56853.8   |       -56627.3   |       -226.564   |   44:47:03   |   369:09:55   |
86600       |       -56880.9   |       -56619.1   |        -261.76   |   44:48:39   |   369:08:45   |
86650       |       -56797.5   |       -56612.8   |       -184.627   |   44:50:12   |   369:07:11   |
86700       |       -56850.2   |       -56622.1   |       -228.126   |   44:51:47   |   369:05:53   |
86750       |       -56863.2   |       -56608.9   |       -254.295   |   44:53:24   |   369:04:52   |
86800       |       -56842.9   |       -56641.4   |       -201.476   |   44:54:59   |   369:03:34   |
86850       |         -56903   |       -56634.5   |       -268.491   |   44:56:36   |   369:02:32   |
86900       |       -56849.8   |       -56635.3   |       -214.483   |   44:58:21   |   369:02:36   |
86950       |       -56866.9   |       -56616.7   |       -250.271   |   44:59:59   |   369:01:43   |


Iter        |      Posterior   |     Likelihood   |          Prior   |    elapsed   |        ETA   |
----------------------------------------------------------------------------------------------------
87000       |       -56865.2   |       -56625.6   |       -239.642   |   45:01:33   |   369:00:17   |
87050       |         -56856   |       -56623.3   |        -232.73   |   45:03:04   |   368:58:26   |
87100       |       -56903.6   |       -56615.1   |       -288.528   |   45:04:36   |   368:56:43   |
87150       |       -56874.9   |       -56620.5   |       -254.399   |   45:06:08   |   368:55:01   |
87200       |       -56840.7   |       -56616.2   |       -224.524   |   45:07:38   |   368:53:02   |
87250       |       -56859.5   |       -56616.8   |       -242.772   |   45:09:12   |   368:51:36   |
87300       |       -56850.2   |       -56601.6   |       -248.545   |   45:10:47   |   368:50:18   |
87350       |       -56905.3   |       -56609.2   |        -296.12   |   45:12:22   |   368:48:59   |
87400       |       -56847.3   |       -56640.1   |       -207.166   |   45:13:56   |   368:47:33   |
87450       |       -56874.2   |       -56615.2   |       -258.947   |   45:15:34   |   368:46:40   |
87500       |       -56890.6   |       -56613.4   |       -277.199   |   45:17:08   |   368:45:13   |
87550       |       -56892.1   |       -56630.9   |       -261.202   |   45:18:41   |   368:43:39   |
87600       |       -56876.8   |       -56630.6   |       -246.193   |   45:20:13   |   368:41:56   |
87650       |       -56897.5   |       -56612.8   |       -284.697   |   45:21:47   |   368:40:30   |
87700       |       -56863.4   |       -56618.2   |       -245.207   |   45:23:22   |   368:39:12   |
87750       |       -56884.8   |       -56610.1   |       -274.697   |   45:25:00   |   368:38:18   |
87800       |       -56837.6   |       -56619.6   |       -217.975   |   45:26:35   |   368:37:00   |
87850       |       -56888.9   |       -56623.6   |        -265.31   |   45:28:06   |   368:35:09   |
87900       |       -56925.5   |         -56620   |       -305.588   |   45:29:40   |   368:33:42   |
87950       |       -56923.7   |       -56628.9   |       -294.844   |   45:31:15   |   368:32:24   |


Iter        |      Posterior   |     Likelihood   |          Prior   |    elapsed   |        ETA   |
----------------------------------------------------------------------------------------------------
88000       |       -56905.8   |       -56632.5   |       -273.214   |   45:32:49   |   368:30:58   |
88050       |       -56885.7   |       -56629.7   |       -255.942   |   45:34:24   |   368:29:39   |
88100       |       -56893.6   |       -56633.8   |       -259.785   |   45:35:58   |   368:28:13   |
88150       |       -56886.8   |       -56626.3   |       -260.544   |   45:37:28   |   368:26:14   |
88200       |       -56880.8   |       -56625.9   |       -254.953   |   45:38:59   |   368:24:24   |
88250       |         -56860   |       -56617.4   |       -242.613   |   45:40:36   |   368:23:21   |
88300       |       -56877.6   |       -56617.7   |       -259.929   |   45:42:18   |   368:23:00   |
88350       |       -56881.6   |       -56629.4   |       -252.175   |   45:43:53   |   368:21:41   |
88400       |       -56851.2   |       -56629.3   |        -221.85   |   45:45:25   |   368:19:58   |
88450       |       -56874.8   |       -56616.3   |       -258.444   |   45:46:54   |   368:17:52   |
88500       |         -56867   |       -56612.1   |       -254.867   |   45:48:21   |   368:15:29   |
88550       |       -56880.6   |       -56628.9   |       -251.735   |   45:49:54   |   368:13:55   |
88600       |       -56823.6   |       -56607.5   |       -216.137   |   45:51:26   |   368:12:12   |
88650       |         -56817   |       -56604.4   |       -212.527   |   45:52:58   |   368:10:30   |
88700       |       -56826.2   |       -56617.3   |       -208.886   |   45:54:33   |   368:09:11   |
88750       |       -56859.6   |       -56609.2   |       -250.388   |   45:56:07   |   368:07:45   |
88800       |       -56848.8   |       -56606.5   |       -242.235   |   45:57:42   |   368:06:26   |
88850       |       -56866.4   |       -56599.2   |       -267.143   |   45:59:19   |   368:05:24   |
88900       |       -56867.3   |       -56590.6   |       -276.756   |   46:00:56   |   368:04:21   |
88950       |       -56876.8   |       -56603.5   |       -273.316   |   46:02:31   |   368:03:03   |


Iter        |      Posterior   |     Likelihood   |          Prior   |    elapsed   |        ETA   |
----------------------------------------------------------------------------------------------------
89000       |       -56873.3   |       -56592.8   |       -280.504   |   46:04:04   |   368:01:28   |
89050       |       -56821.3   |       -56595.8   |       -225.566   |   46:05:29   |   367:58:50   |
89100       |       -56859.3   |       -56607.5   |       -251.754   |   46:06:59   |   367:56:51   |
89150       |       -56870.8   |       -56611.5   |       -259.277   |   46:08:39   |   367:56:13   |
89200       |       -56835.1   |       -56614.6   |       -220.458   |   46:10:12   |   367:54:38   |
89250       |         -56860   |       -56609.5   |       -250.431   |   46:11:47   |   367:53:20   |
89300       |       -56862.1   |       -56606.9   |       -255.193   |   46:13:24   |   367:52:17   |
89350       |       -56839.6   |       -56597.6   |       -242.025   |   46:15:01   |   367:51:14   |
89400       |       -56855.2   |       -56619.2   |       -235.987   |   46:16:37   |   367:50:03   |
89450       |       -56831.4   |       -56599.3   |       -232.107   |   46:18:10   |   367:48:29   |
89500       |       -56823.5   |       -56615.2   |       -208.339   |   46:19:45   |   367:47:10   |
89550       |       -56848.8   |       -56617.6   |        -231.18   |   46:21:20   |   367:45:51   |
89600       |       -56882.4   |       -56610.4   |       -272.007   |   46:22:55   |   367:44:33   |
89650       |       -56856.6   |       -56601.9   |        -254.62   |   46:24:37   |   367:44:09   |
89700       |       -56864.1   |       -56605.5   |       -258.587   |   46:26:20   |   367:43:54   |
89750       |         -56881   |       -56611.8   |       -269.128   |   46:27:54   |   367:42:27   |
89800       |       -56870.5   |       -56608.9   |       -261.614   |   46:29:26   |   367:40:45   |
89850       |       -56859.1   |       -56620.2   |       -238.817   |   46:30:59   |   367:39:10   |
89900       |         -56875   |       -56611.1   |        -263.92   |   46:32:32   |   367:37:35   |
89950       |       -56853.9   |       -56621.6   |       -232.215   |   46:34:05   |   367:36:01   |


Iter        |      Posterior   |     Likelihood   |          Prior   |    elapsed   |        ETA   |
----------------------------------------------------------------------------------------------------
90000       |       -56854.5   |       -56605.5   |       -248.954   |   46:35:39   |   367:34:34   |
90050       |       -56869.7   |       -56619.2   |        -250.52   |   46:37:16   |   367:33:31   |
90100       |       -56839.1   |       -56627.4   |       -211.739   |   46:38:55   |   367:32:43   |
90150       |       -56834.9   |       -56628.5   |       -206.455   |   46:40:30   |   367:31:24   |
90200       |       -56880.6   |       -56608.8   |        -271.78   |   46:42:03   |   367:29:50   |
90250       |       -56857.4   |       -56621.4   |       -236.083   |   46:43:40   |   367:28:46   |
90300       |       -56847.8   |       -56617.9   |       -229.863   |   46:45:20   |   367:28:07   |
90350       |         -56861   |       -56616.2   |       -244.766   |   46:46:52   |   367:26:24   |
90400       |       -56868.5   |       -56616.2   |       -252.333   |   46:48:24   |   367:24:41   |
90450       |       -56855.4   |       -56609.4   |       -246.005   |   46:49:58   |   367:23:14   |
90500       |       -56879.7   |       -56610.4   |        -269.28   |   46:51:35   |   367:22:11   |
90550       |       -56908.9   |       -56622.4   |       -286.575   |   46:53:11   |   367:21:00   |
90600       |       -56884.2   |       -56611.5   |       -272.716   |   46:54:46   |   367:19:41   |
90650       |       -56900.8   |       -56634.4   |       -266.363   |   46:56:20   |   367:18:14   |
90700       |       -56832.7   |       -56624.7   |       -207.981   |   46:57:55   |   367:16:54   |
90750       |       -56831.4   |       -56611.9   |       -219.466   |   46:59:35   |   367:16:14   |
90800       |       -56905.4   |       -56632.7   |       -272.634   |   47:01:05   |   367:14:16   |
90850       |       -56863.4   |       -56629.4   |        -233.98   |   47:02:39   |   367:12:49   |
90900       |       -56859.6   |       -56612.8   |        -246.84   |   47:04:12   |   367:11:14   |
90950       |       -56844.5   |       -56608.1   |       -236.411   |   47:05:45   |   367:09:39   |


Iter        |      Posterior   |     Likelihood   |          Prior   |    elapsed   |        ETA   |
----------------------------------------------------------------------------------------------------
91000       |       -56841.5   |       -56616.8   |       -224.745   |   47:07:17   |   367:07:57   |
91050       |         -56869   |       -56618.5   |       -250.545   |   47:08:52   |   367:06:38   |
91100       |       -56861.5   |       -56605.3   |        -256.21   |   47:10:28   |   367:05:26   |
91150       |       -56837.8   |       -56607.3   |       -230.524   |   47:12:03   |   367:04:07   |
91200       |       -56840.6   |       -56612.8   |       -227.818   |   47:13:37   |   367:02:40   |
91250       |       -56899.2   |         -56606   |       -293.133   |   47:15:11   |   367:01:13   |
91300       |       -56908.2   |       -56615.6   |       -292.621   |   47:16:47   |   367:00:01   |
91350       |       -56828.4   |       -56603.9   |       -224.579   |   47:18:23   |   366:58:49   |
91400       |       -56867.9   |       -56604.8   |        -263.05   |   47:19:57   |   366:57:22   |
91450       |       -56839.2   |         -56605   |       -234.189   |   47:21:33   |   366:56:11   |
91500       |       -56889.8   |       -56613.6   |       -276.199   |   47:23:11   |   366:55:15   |
91550       |       -56837.1   |       -56604.5   |       -232.624   |   47:24:45   |   366:53:47   |
91600       |       -56821.8   |       -56611.8   |       -209.936   |   47:26:21   |   366:52:36   |
91650       |       -56884.2   |       -56603.8   |       -280.315   |   47:27:55   |   366:51:08   |
91700       |       -56866.6   |       -56626.8   |       -239.751   |   47:29:33   |   366:50:12   |
91750       |       -56845.2   |       -56617.4   |       -227.803   |   47:31:12   |   366:49:23   |
91800       |       -56854.5   |       -56618.9   |       -235.595   |   47:32:50   |   366:48:27   |
91850       |       -56895.8   |       -56649.2   |       -246.547   |   47:34:21   |   366:46:37   |
91900       |       -56857.9   |       -56632.9   |       -225.017   |   47:35:54   |   366:45:02   |
91950       |       -56860.3   |       -56615.5   |       -244.852   |   47:37:29   |   366:43:42   |


Iter        |      Posterior   |     Likelihood   |          Prior   |    elapsed   |        ETA   |
----------------------------------------------------------------------------------------------------
92000       |       -56913.4   |       -56619.9   |       -293.546   |   47:39:04   |   366:42:22   |
92050       |       -56833.9   |       -56610.3   |       -223.547   |   47:40:38   |   366:40:55   |
92100       |       -56862.1   |       -56603.8   |       -258.288   |   47:42:09   |   366:39:05   |
92150       |       -56819.5   |       -56602.1   |        -217.31   |   47:43:41   |   366:37:22   |
92200       |       -56822.1   |       -56609.7   |        -212.45   |   47:45:13   |   366:35:39   |
92250       |       -56844.2   |       -56612.4   |       -231.835   |   47:46:45   |   366:33:57   |
92300       |       -56834.3   |       -56606.9   |       -227.349   |   47:48:23   |   366:33:00   |
92350       |         -56814   |       -56606.1   |       -207.968   |   47:49:57   |   366:31:33   |
92400       |       -56845.2   |       -56613.6   |       -231.575   |   47:51:29   |   366:29:50   |
92450       |       -56834.2   |       -56612.5   |       -221.722   |   47:53:08   |   366:29:01   |
92500       |       -56848.8   |       -56619.9   |       -228.886   |   47:54:42   |   366:27:34   |
92550       |       -56868.1   |       -56612.9   |       -255.284   |   47:56:17   |   366:26:14   |
92600       |       -56872.5   |       -56623.7   |       -248.773   |   47:57:50   |   366:24:39   |
92650       |       -56838.5   |       -56609.1   |       -229.466   |   47:59:24   |   366:23:12   |
92700       |       -56862.1   |       -56623.8   |       -238.335   |   48:00:59   |   366:21:52   |
92750       |         -56870   |       -56611.5   |        -258.48   |   48:02:31   |   366:20:09   |
92800       |       -56891.3   |       -56614.4   |       -276.862   |   48:04:05   |   366:18:42   |
92850       |       -56894.8   |       -56601.6   |       -293.237   |   48:05:36   |   366:16:51   |
92900       |       -56873.8   |       -56618.6   |       -255.259   |   48:07:09   |   366:15:16   |
92950       |       -56867.3   |       -56624.5   |       -242.767   |   48:08:36   |   366:12:56   |


Iter        |      Posterior   |     Likelihood   |          Prior   |    elapsed   |        ETA   |
----------------------------------------------------------------------------------------------------
93000       |         -56833   |       -56602.9   |       -230.065   |   48:10:07   |   366:11:06   |
93050       |       -56852.8   |       -56631.7   |       -221.125   |   48:11:41   |   366:09:38   |
93100       |       -56907.8   |       -56618.1   |         -289.7   |   48:13:14   |   366:08:03   |
93150       |       -56929.8   |         -56625   |       -304.724   |   48:14:50   |   366:06:51   |
93200       |       -56898.1   |         -56620   |        -278.17   |   48:16:26   |   366:05:39   |
93250       |       -56860.4   |       -56607.7   |       -252.684   |   48:18:03   |   366:04:34   |
93300       |         -56847   |       -56624.8   |       -222.233   |   48:19:38   |   366:03:14   |
93350       |       -56873.8   |       -56619.1   |       -254.649   |   48:21:16   |   366:02:17   |
93400       |       -56848.9   |       -56630.8   |       -218.147   |   48:22:52   |   366:01:05   |
93450       |       -56850.5   |       -56616.7   |       -233.866   |   48:24:23   |   365:59:15   |
93500       |         -56855   |       -56594.7   |        -260.27   |   48:25:55   |   365:57:32   |
93550       |         -56861   |       -56606.7   |       -254.356   |   48:27:25   |   365:55:34   |
93600       |       -56843.5   |       -56627.9   |       -215.526   |   48:28:57   |   365:53:52   |
93650       |       -56870.3   |       -56625.4   |       -244.832   |   48:30:27   |   365:51:54   |
93700       |       -56901.9   |       -56632.3   |        -269.58   |   48:31:56   |   365:49:49   |
93750       |       -56850.6   |       -56609.6   |       -240.994   |   48:33:26   |   365:47:51   |
93800       |       -56913.4   |       -56626.1   |       -287.242   |   48:34:57   |   365:46:01   |
93850       |       -56810.4   |       -56624.5   |       -185.945   |   48:36:31   |   365:44:34   |
93900       |       -56876.9   |         -56628   |       -248.959   |   48:38:09   |   365:43:37   |
93950       |         -56834   |       -56626.2   |       -207.796   |   48:39:52   |   365:43:17   |


Iter        |      Posterior   |     Likelihood   |          Prior   |    elapsed   |        ETA   |
----------------------------------------------------------------------------------------------------
94000       |       -56864.2   |       -56619.1   |       -245.042   |   48:41:30   |   365:42:19   |
94050       |       -56914.8   |       -56637.2   |       -277.658   |   48:43:08   |   365:41:22   |
94100       |         -56874   |       -56634.9   |       -239.138   |   48:44:45   |   365:40:17   |
94150       |       -56906.4   |       -56637.1   |       -269.349   |   48:46:21   |   365:39:04   |
94200       |       -56860.2   |       -56644.4   |       -215.876   |   48:47:57   |   365:37:52   |
94250       |       -56914.2   |       -56631.7   |       -282.445   |   48:49:30   |   365:36:16   |
94300       |       -56897.1   |       -56620.3   |       -276.875   |   48:50:57   |   365:33:56   |
94350       |       -56868.2   |       -56621.5   |       -246.783   |   48:52:30   |   365:32:21   |
94400       |       -56878.6   |       -56618.2   |       -260.398   |   48:54:05   |   365:31:01   |
94450       |       -56854.2   |       -56621.6   |        -232.57   |   48:55:39   |   365:29:34   |
94500       |       -56871.8   |       -56622.6   |       -249.175   |   48:57:09   |   365:27:36   |
94550       |       -56834.1   |       -56609.7   |       -224.398   |   48:58:41   |   365:25:54   |
94600       |       -56835.2   |       -56622.7   |       -212.545   |   49:00:12   |   365:24:04   |
94650       |       -56858.4   |         -56635   |        -223.43   |   49:01:41   |   365:21:59   |
94700       |       -56813.4   |       -56632.4   |       -181.075   |   49:03:12   |   365:20:09   |
94750       |       -56825.8   |       -56626.2   |       -199.619   |   49:04:41   |   365:18:04   |
94800       |       -56846.1   |       -56612.6   |       -233.528   |   49:06:14   |   365:16:29   |
94850       |       -56853.4   |       -56612.4   |       -240.949   |   49:07:48   |   365:15:02   |
94900       |       -56842.3   |       -56626.9   |       -215.449   |   49:09:22   |   365:13:34   |
94950       |       -56837.6   |       -56602.9   |       -234.706   |   49:10:51   |   365:11:29   |


Iter        |      Posterior   |     Likelihood   |          Prior   |    elapsed   |        ETA   |
----------------------------------------------------------------------------------------------------
95000       |       -56831.3   |       -56614.5   |       -216.776   |   49:12:23   |   365:09:47   |
95050       |         -56869   |       -56614.2   |       -254.848   |   49:13:56   |   365:08:12   |
95100       |       -56858.4   |         -56621   |       -237.482   |   49:15:27   |   365:06:22   |
95150       |       -56908.5   |       -56623.3   |       -285.235   |   49:16:58   |   365:04:33   |
95200       |       -56832.8   |       -56618.4   |       -214.385   |   49:18:31   |   365:02:58   |
95250       |       -56818.2   |       -56628.5   |       -189.619   |   49:20:02   |   365:01:08   |
95300       |       -56874.7   |       -56633.7   |       -241.002   |   49:21:37   |   364:59:48   |
95350       |       -56892.7   |       -56637.8   |        -254.83   |   49:23:09   |   364:58:05   |
95400       |       -56854.6   |       -56620.9   |       -233.707   |   49:24:43   |   364:56:38   |
95450       |         -56867   |       -56608.1   |       -258.908   |   49:26:17   |   364:55:10   |
95500       |       -56863.6   |         -56643   |        -220.69   |   49:27:45   |   364:52:58   |
95550       |       -56875.9   |       -56636.5   |       -239.324   |   49:29:17   |   364:51:16   |
95600       |       -56866.3   |       -56639.3   |        -226.99   |   49:30:50   |   364:49:41   |
95650       |       -56885.9   |       -56631.3   |       -254.577   |   49:32:23   |   364:48:06   |
95700       |       -56810.4   |       -56636.9   |       -173.505   |   49:33:53   |   364:46:09   |
95750       |       -56871.2   |         -56615   |        -256.16   |   49:35:23   |   364:44:12   |
95800       |       -56862.6   |       -56614.3   |       -248.316   |   49:36:55   |   364:42:30   |
95850       |       -56813.7   |       -56621.2   |        -192.47   |   49:38:32   |   364:41:25   |
95900       |       -56852.9   |       -56607.5   |       -245.415   |   49:40:07   |   364:40:05   |
95950       |       -56836.5   |       -56614.3   |       -222.181   |   49:41:40   |   364:38:30   |


Iter        |      Posterior   |     Likelihood   |          Prior   |    elapsed   |        ETA   |
----------------------------------------------------------------------------------------------------
96000       |       -56921.2   |         -56632   |       -289.191   |   49:43:07   |   364:36:11   |
96050       |         -56828   |         -56618   |       -209.994   |   49:44:33   |   364:33:45   |
96100       |       -56845.9   |       -56606.7   |       -239.234   |   49:46:02   |   364:31:41   |
96150       |         -56849   |       -56621.4   |       -227.565   |   49:47:36   |   364:30:13   |
96200       |       -56872.4   |       -56620.7   |       -251.648   |   49:49:06   |   364:28:16   |
96250       |       -56860.6   |       -56604.2   |       -256.468   |   49:50:35   |   364:26:12   |
96300       |       -56887.7   |       -56596.9   |       -290.787   |   49:52:10   |   364:24:52   |
96350       |       -56846.1   |       -56604.8   |        -241.32   |   49:53:44   |   364:23:25   |
96400       |         -56844   |       -56614.6   |       -229.365   |   49:55:17   |   364:21:50   |
96450       |       -56857.6   |       -56608.7   |       -248.895   |   49:56:54   |   364:20:44   |
96500       |       -56857.7   |       -56614.5   |        -243.21   |   49:58:30   |   364:19:31   |
96550       |       -56842.6   |       -56604.4   |       -238.157   |   50:00:10   |   364:18:48   |
96600       |       -56857.3   |       -56613.9   |       -243.363   |   50:01:47   |   364:17:42   |
96650       |       -56860.6   |       -56613.8   |       -246.718   |   50:03:22   |   364:16:22   |
96700       |         -56854   |       -56607.6   |       -246.345   |   50:04:54   |   364:14:39   |
96750       |       -56824.6   |       -56613.1   |       -211.542   |   50:06:32   |   364:13:41   |
96800       |       -56911.5   |       -56610.8   |       -300.767   |   50:08:07   |   364:12:21   |
96850       |       -56822.9   |       -56614.6   |       -208.336   |   50:09:38   |   364:10:31   |
96900       |       -56845.9   |       -56620.4   |       -225.538   |   50:11:11   |   364:08:56   |
96950       |       -56866.6   |       -56608.2   |       -258.407   |   50:12:43   |   364:07:14   |


Iter        |      Posterior   |     Likelihood   |          Prior   |    elapsed   |        ETA   |
----------------------------------------------------------------------------------------------------
97000       |       -56848.7   |       -56605.9   |       -242.792   |   50:14:16   |   364:05:39   |
97050       |       -56854.7   |       -56616.9   |       -237.774   |   50:15:50   |   364:04:12   |
97100       |       -56921.5   |         -56624   |        -297.53   |   50:17:20   |   364:02:15   |
97150       |       -56884.5   |       -56613.7   |       -270.799   |   50:18:48   |   364:00:04   |
97200       |       -56860.4   |       -56607.2   |       -253.209   |   50:20:18   |   363:58:08   |
97250       |       -56844.8   |       -56609.5   |       -235.254   |   50:21:49   |   363:56:18   |
97300       |       -56878.1   |       -56613.4   |        -264.74   |   50:23:24   |   363:54:58   |
97350       |       -56864.4   |       -56604.2   |       -260.166   |   50:24:57   |   363:53:23   |
97400       |       -56890.4   |       -56611.8   |       -278.573   |   50:26:30   |   363:51:48   |
97450       |         -56908   |       -56602.2   |       -305.743   |   50:28:05   |   363:50:28   |
97500       |       -56828.2   |       -56609.4   |       -218.723   |   50:29:38   |   363:48:53   |
97550       |       -56869.7   |       -56613.9   |       -255.786   |   50:31:12   |   363:47:26   |
97600       |       -56881.9   |       -56601.7   |       -280.178   |   50:32:42   |   363:45:29   |
97650       |       -56869.8   |       -56610.1   |        -259.63   |   50:34:12   |   363:43:33   |
97700       |       -56866.1   |       -56619.6   |        -246.57   |   50:35:44   |   363:41:51   |
97750       |         -56838   |       -56626.8   |       -211.241   |   50:37:18   |   363:40:23   |
97800       |       -56875.5   |       -56613.7   |       -261.824   |   50:38:46   |   363:38:13   |
97850       |       -56851.4   |       -56626.6   |        -224.78   |   50:40:14   |   363:36:02   |
97900       |       -56854.2   |       -56613.7   |       -240.548   |   50:41:45   |   363:34:13   |
97950       |       -56802.4   |       -56611.7   |       -190.651   |   50:43:16   |   363:32:24   |


Iter        |      Posterior   |     Likelihood   |          Prior   |    elapsed   |        ETA   |
----------------------------------------------------------------------------------------------------
98000       |       -56839.3   |       -56598.7   |       -240.618   |   50:44:50   |   363:30:56   |
98050       |       -56855.3   |       -56606.2   |       -249.045   |   50:46:19   |   363:28:53   |
98100       |         -56842   |       -56597.5   |        -244.46   |   50:47:53   |   363:27:26   |
98150       |       -56831.9   |       -56596.9   |       -234.954   |   50:49:26   |   363:25:51   |
98200       |       -56858.7   |       -56600.1   |       -258.532   |   50:50:56   |   363:23:55   |
98250       |       -56832.9   |       -56618.5   |       -214.415   |   50:52:27   |   363:22:06   |
98300       |       -56884.7   |       -56618.4   |       -266.319   |   50:53:59   |   363:20:24   |
98350       |       -56874.4   |       -56619.1   |       -255.336   |   50:55:31   |   363:18:42   |
98400       |       -56897.8   |       -56620.9   |       -276.869   |   50:57:01   |   363:16:46   |
98450       |       -56877.3   |       -56629.1   |       -248.167   |   50:58:33   |   363:15:04   |
98500       |       -56881.7   |       -56630.2   |       -251.545   |   50:59:57   |   363:12:26   |
98550       |       -56898.8   |       -56611.9   |       -286.891   |   51:01:27   |   363:10:30   |
98600       |       -56875.3   |       -56612.2   |       -263.124   |   51:02:55   |   363:08:20   |
98650       |       -56851.7   |       -56608.2   |         -243.5   |   51:04:27   |   363:06:38   |
98700       |       -56883.2   |         -56604   |       -279.262   |   51:05:57   |   363:04:42   |
98750       |       -56908.2   |       -56609.4   |       -298.764   |   51:07:32   |   363:03:22   |
98800       |       -56820.9   |       -56615.4   |       -205.467   |   51:09:06   |   363:01:54   |
98850       |       -56900.3   |       -56607.8   |       -292.417   |   51:10:38   |   363:00:13   |
98900       |       -56854.6   |       -56620.5   |       -234.091   |   51:12:04   |   362:57:48   |
98950       |       -56893.2   |       -56609.3   |       -283.811   |   51:13:34   |   362:55:53   |


Iter        |      Posterior   |     Likelihood   |          Prior   |    elapsed   |        ETA   |
----------------------------------------------------------------------------------------------------
99000       |       -56879.5   |       -56592.7   |       -286.845   |   51:15:11   |   362:54:46   |
99050       |         -56860   |       -56595.8   |       -264.121   |   51:16:44   |   362:53:12   |
99100       |       -56873.2   |       -56611.3   |       -261.879   |   51:18:17   |   362:51:37   |
99150       |       -56856.4   |       -56603.3   |       -253.081   |   51:19:53   |   362:50:24   |
99200       |       -56852.8   |       -56621.4   |       -231.396   |   51:21:28   |   362:49:04   |
99250       |       -56882.3   |       -56604.4   |        -277.91   |   51:23:01   |   362:47:29   |
99300       |       -56848.6   |         -56615   |       -233.594   |   51:24:28   |   362:45:12   |
99350       |       -56868.5   |       -56625.2   |       -243.257   |   51:26:02   |   362:43:45   |
99400       |         -56850   |       -56615.2   |       -234.852   |   51:27:38   |   362:42:32   |
99450       |       -56833.4   |       -56607.5   |       -225.911   |   51:29:14   |   362:41:18   |
99500       |       -56840.5   |       -56614.3   |       -226.207   |   51:30:45   |   362:39:30   |
99550       |       -56879.7   |       -56614.7   |       -265.017   |   51:32:24   |   362:38:37   |
99600       |       -56873.8   |       -56612.5   |       -261.297   |   51:34:03   |   362:37:45   |
99650       |       -56837.6   |       -56605.6   |       -231.931   |   51:35:39   |   362:36:31   |
99700       |       -56872.7   |       -56617.9   |       -254.844   |   51:37:13   |   362:35:04   |
99750       |       -56871.3   |       -56620.7   |       -250.532   |   51:38:49   |   362:33:50   |
99800       |       -56850.1   |       -56612.1   |       -238.002   |   51:40:20   |   362:32:02   |
99850       |       -56863.1   |       -56605.5   |       -257.562   |   51:41:53   |   362:30:27   |
99900       |       -56878.2   |       -56612.2   |       -266.023   |   51:43:22   |   362:28:25   |
99950       |       -56831.3   |       -56605.1   |       -226.171   |   51:44:58   |   362:27:11   |


Iter        |      Posterior   |     Likelihood   |          Prior   |    elapsed   |        ETA   |
----------------------------------------------------------------------------------------------------
100000      |       -56864.7   |       -56618.9   |       -245.839   |   51:46:31   |   362:25:37   |
100050      |       -56821.4   |       -56623.1   |       -198.284   |   51:48:06   |   362:24:16   |
100100      |       -56833.3   |       -56614.1   |       -219.194   |   51:49:44   |   362:23:16   |
100150      |       -56907.1   |         -56623   |       -284.107   |   51:51:18   |   362:21:49   |
100200      |       -56890.5   |       -56622.7   |       -267.824   |   51:52:48   |   362:19:53   |
100250      |       -56866.9   |       -56609.3   |       -257.563   |   51:54:16   |   362:17:44   |
100300      |       -56842.5   |       -56623.3   |       -219.204   |   51:55:46   |   362:15:48   |
100350      |       -56895.3   |       -56617.8   |       -277.443   |   51:57:24   |   362:14:49   |
100400      |       -56875.4   |       -56623.7   |       -251.709   |   51:59:03   |   362:13:56   |
100450      |       -56874.2   |       -56611.9   |         -262.3   |   52:00:41   |   362:12:56   |
100500      |       -56922.7   |       -56619.5   |       -303.264   |   52:02:19   |   362:11:56   |
100550      |       -56902.5   |       -56621.8   |       -280.645   |   52:03:54   |   362:10:36   |
100600      |       -56937.1   |       -56633.6   |       -303.477   |   52:05:33   |   362:09:43   |
100650      |       -56888.1   |       -56625.5   |       -262.621   |   52:07:08   |   362:08:22   |
100700      |       -56908.4   |       -56643.4   |       -264.951   |   52:08:43   |   362:07:01   |
100750      |       -56901.8   |       -56623.7   |       -278.108   |   52:10:18   |   362:05:40   |
100800      |       -56869.5   |       -56613.2   |       -256.311   |   52:11:53   |   362:04:20   |
100850      |       -56866.6   |       -56622.7   |       -243.932   |   52:13:28   |   362:02:59   |
100900      |       -56868.4   |       -56632.7   |       -235.709   |   52:15:02   |   362:01:31   |
100950      |       -56841.9   |         -56628   |       -213.984   |   52:16:37   |   362:00:10   |


Iter        |      Posterior   |     Likelihood   |          Prior   |    elapsed   |        ETA   |
----------------------------------------------------------------------------------------------------
101000      |       -56835.1   |       -56618.2   |       -216.902   |   52:18:12   |   361:58:49   |
101050      |       -56800.3   |       -56616.7   |       -183.652   |   52:19:44   |   361:57:08   |
101100      |       -56870.4   |       -56640.2   |       -230.178   |   52:21:21   |   361:56:01   |
101150      |       -56902.8   |         -56640   |       -262.824   |   52:22:55   |   361:54:33   |
101200      |       -56908.9   |       -56627.1   |       -281.799   |   52:24:28   |   361:52:58   |
101250      |       -56907.1   |       -56628.6   |       -278.495   |   52:26:02   |   361:51:30   |
101300      |       -56836.2   |       -56616.5   |       -219.619   |   52:27:34   |   361:49:49   |
101350      |       -56842.3   |       -56598.4   |       -243.876   |   52:29:01   |   361:47:33   |
101400      |       -56864.2   |       -56614.5   |       -249.725   |   52:30:29   |   361:45:24   |
101450      |       -56858.6   |       -56607.5   |       -251.056   |   52:32:01   |   361:43:42   |
101500      |       -56849.3   |       -56598.7   |       -250.637   |   52:33:35   |   361:42:14   |
101550      |       -56851.9   |       -56617.1   |       -234.836   |   52:35:06   |   361:40:26   |
101600      |         -56853   |       -56605.3   |       -247.624   |   52:36:40   |   361:38:58   |
101650      |         -56860   |       -56605.1   |       -254.823   |   52:38:13   |   361:37:23   |
101700      |       -56942.5   |       -56610.5   |       -331.957   |   52:39:47   |   361:35:56   |
101750      |       -56870.9   |       -56613.6   |        -257.26   |   52:41:20   |   361:34:21   |
101800      |       -56839.2   |       -56596.4   |       -242.733   |   52:42:55   |   361:33:00   |
101850      |       -56866.4   |       -56611.7   |        -254.73   |   52:44:28   |   361:31:25   |
101900      |       -56890.3   |       -56633.2   |       -257.052   |   52:46:02   |   361:29:58   |
101950      |         -56875   |       -56631.9   |       -243.161   |   52:47:36   |   361:28:30   |


Iter        |      Posterior   |     Likelihood   |          Prior   |    elapsed   |        ETA   |
----------------------------------------------------------------------------------------------------
102000      |       -56862.7   |       -56613.4   |        -249.34   |   52:49:09   |   361:26:55   |
102050      |       -56854.9   |       -56607.9   |       -246.915   |   52:50:47   |   361:25:55   |
102100      |         -56898   |       -56612.6   |        -285.37   |   52:52:22   |   361:24:34   |
102150      |       -56893.2   |       -56612.7   |       -280.451   |   52:53:58   |   361:23:20   |
102200      |       -56841.4   |         -56606   |       -235.395   |   52:55:33   |   361:21:59   |
102250      |       -56883.2   |       -56603.8   |       -279.438   |   52:57:04   |   361:20:10   |
102300      |       -56909.5   |       -56606.7   |        -302.81   |   52:58:39   |   361:18:49   |
102350      |       -56858.3   |       -56602.8   |       -255.554   |   53:00:16   |   361:17:42   |
102400      |         -56863   |       -56603.7   |        -259.36   |   53:01:51   |   361:16:21   |
102450      |       -56892.7   |       -56607.5   |        -285.22   |   53:03:24   |   361:14:46   |
102500      |       -56851.1   |         -56607   |       -244.148   |   53:04:57   |   361:13:11   |
102550      |       -56873.6   |       -56612.7   |       -260.866   |   53:06:30   |   361:11:37   |
102600      |       -56848.5   |       -56608.4   |       -240.114   |   53:08:02   |   361:09:55   |
102650      |       -56877.8   |       -56612.9   |       -264.924   |   53:09:33   |   361:08:07   |
102700      |       -56872.8   |       -56609.4   |       -263.379   |   53:11:07   |   361:06:39   |
102750      |       -56878.3   |       -56633.2   |       -245.075   |   53:12:39   |   361:04:57   |
102800      |       -56843.9   |       -56610.6   |       -233.282   |   53:14:08   |   361:02:56   |
102850      |       -56827.4   |       -56606.6   |       -220.746   |   53:15:36   |   361:00:47   |
102900      |         -56866   |       -56622.8   |       -243.182   |   53:17:06   |   360:58:52   |
102950      |       -56859.9   |       -56608.2   |       -251.695   |   53:18:36   |   360:56:57   |


Iter        |      Posterior   |     Likelihood   |          Prior   |    elapsed   |        ETA   |
----------------------------------------------------------------------------------------------------
103000      |       -56823.8   |       -56610.2   |       -213.552   |   53:20:06   |   360:55:02   |
103050      |       -56887.3   |       -56600.1   |       -287.237   |   53:21:41   |   360:53:41   |
103100      |       -56803.4   |       -56608.8   |       -194.547   |   53:23:13   |   360:52:00   |
103150      |       -56883.4   |       -56609.2   |       -274.231   |   53:24:46   |   360:50:25   |
103200      |       -56856.7   |       -56598.3   |       -258.407   |   53:26:20   |   360:48:57   |
103250      |       -56872.3   |       -56594.2   |       -278.129   |   53:27:54   |   360:47:29   |
103300      |       -56835.8   |       -56592.5   |       -243.295   |   53:29:22   |   360:45:21   |
103350      |       -56845.3   |       -56608.8   |       -236.501   |   53:30:52   |   360:43:26   |
103400      |       -56842.7   |       -56606.6   |       -236.126   |   53:32:16   |   360:40:51   |
103450      |       -56870.4   |       -56596.3   |       -274.154   |   53:33:48   |   360:39:10   |
103500      |       -56867.6   |       -56608.3   |       -259.316   |   53:35:16   |   360:37:02   |
103550      |       -56846.9   |       -56600.7   |       -246.187   |   53:36:45   |   360:35:00   |
103600      |       -56806.6   |       -56603.8   |       -202.783   |   53:38:14   |   360:32:59   |
103650      |       -56845.7   |       -56608.2   |        -237.41   |   53:39:47   |   360:31:24   |
103700      |       -56866.8   |       -56609.1   |       -257.695   |   53:41:19   |   360:29:43   |
103750      |       -56846.2   |       -56613.4   |       -232.773   |   53:42:48   |   360:27:42   |
103800      |       -56877.9   |       -56630.1   |       -247.761   |   53:44:17   |   360:25:41   |
103850      |       -56886.5   |       -56603.3   |       -283.284   |   53:45:44   |   360:23:26   |
103900      |       -56859.9   |       -56604.1   |       -255.813   |   53:47:11   |   360:21:11   |
103950      |       -56857.7   |         -56606   |       -251.698   |   53:48:41   |   360:19:17   |


Iter        |      Posterior   |     Likelihood   |          Prior   |    elapsed   |        ETA   |
----------------------------------------------------------------------------------------------------
104000      |         -56894   |       -56618.7   |       -275.328   |   53:50:11   |   360:17:22   |
104050      |       -56878.6   |       -56602.4   |       -276.196   |   53:51:50   |   360:16:28   |
104100      |       -56880.6   |       -56607.3   |       -273.318   |   53:53:21   |   360:14:40   |
104150      |       -56889.6   |       -56618.1   |       -271.432   |   53:54:52   |   360:12:53   |
104200      |       -56909.5   |       -56604.9   |       -304.592   |   53:56:22   |   360:10:58   |
104250      |       -56883.4   |       -56610.4   |       -272.935   |   53:57:55   |   360:09:24   |
104300      |         -56914   |         -56618   |       -296.027   |   53:59:26   |   360:07:36   |
104350      |       -56823.2   |         -56590   |       -233.177   |   54:00:55   |   360:05:35   |
104400      |       -56890.7   |       -56615.3   |       -275.458   |   54:02:29   |   360:04:07   |
104450      |       -56842.2   |       -56593.1   |       -249.091   |   54:04:02   |   360:02:33   |
104500      |         -56849   |       -56602.4   |       -246.639   |   54:05:33   |   360:00:45   |
104550      |       -56821.2   |       -56577.5   |       -243.737   |   54:07:08   |   359:59:24   |
104600      |       -56861.3   |       -56598.6   |       -262.634   |   54:08:42   |   359:57:57   |
104650      |       -56850.1   |       -56602.4   |       -247.752   |   54:10:12   |   359:56:02   |
104700      |       -56875.7   |       -56613.6   |       -262.133   |   54:11:45   |   359:54:28   |
104750      |       -56831.8   |       -56619.2   |       -212.629   |   54:13:20   |   359:53:07   |
104800      |         -56825   |       -56606.1   |       -218.868   |   54:14:50   |   359:51:13   |
104850      |         -56883   |       -56611.1   |       -271.927   |   54:16:21   |   359:49:25   |
104900      |       -56873.9   |       -56628.8   |       -245.065   |   54:17:51   |   359:47:31   |
104950      |       -56864.3   |       -56616.7   |       -247.543   |   54:19:25   |   359:46:03   |


Iter        |      Posterior   |     Likelihood   |          Prior   |    elapsed   |        ETA   |
----------------------------------------------------------------------------------------------------
105000      |       -56831.7   |       -56614.6   |       -217.056   |   54:20:57   |   359:44:23   |
105050      |       -56855.8   |       -56615.4   |       -240.387   |   54:22:28   |   359:42:35   |
105100      |       -56848.3   |       -56607.7   |       -240.565   |   54:24:00   |   359:40:54   |
105150      |       -56870.7   |       -56613.3   |       -257.411   |   54:25:33   |   359:39:20   |
105200      |       -56841.9   |       -56603.1   |       -238.782   |   54:27:01   |   359:37:12   |
105250      |       -56879.4   |         -56624   |       -255.356   |   54:28:31   |   359:35:18   |
105300      |       -56850.5   |       -56614.5   |       -235.967   |   54:30:06   |   359:33:57   |
105350      |         -56851   |       -56603.3   |       -247.728   |   54:31:39   |   359:32:23   |
105400      |       -56831.5   |       -56607.9   |       -223.606   |   54:33:11   |   359:30:42   |
105450      |       -56884.7   |       -56600.3   |       -284.336   |   54:34:43   |   359:29:01   |
105500      |       -56828.7   |       -56606.4   |       -222.254   |   54:36:13   |   359:27:07   |
105550      |       -56810.9   |       -56616.9   |        -193.91   |   54:37:38   |   359:24:41   |
105600      |       -56865.8   |       -56597.7   |       -268.045   |   54:39:10   |   359:23:00   |
105650      |       -56826.9   |       -56614.1   |       -212.848   |   54:40:38   |   359:20:53   |
105700      |       -56863.9   |       -56617.9   |       -245.928   |   54:42:10   |   359:19:12   |
105750      |       -56833.2   |       -56608.7   |       -224.499   |   54:43:43   |   359:17:38   |
105800      |       -56877.3   |       -56595.4   |       -281.865   |   54:45:12   |   359:15:37   |
105850      |       -56914.9   |         -56619   |       -295.905   |   54:46:43   |   359:13:50   |
105900      |       -56828.5   |       -56608.4   |       -220.072   |   54:48:17   |   359:12:23   |
105950      |       -56836.6   |       -56610.9   |       -225.682   |   54:49:48   |   359:10:35   |


Iter        |      Posterior   |     Likelihood   |          Prior   |    elapsed   |        ETA   |
----------------------------------------------------------------------------------------------------
106000      |       -56853.2   |       -56614.6   |         -238.6   |   54:51:17   |   359:08:35   |
106050      |       -56846.6   |       -56622.5   |       -224.123   |   54:52:50   |   359:07:01   |
106100      |       -56842.8   |       -56600.3   |       -242.427   |   54:54:26   |   359:05:46   |
106150      |       -56866.4   |       -56612.9   |       -253.477   |   54:55:55   |   359:03:46   |
106200      |       -56902.7   |       -56604.6   |       -298.068   |   54:57:25   |   359:01:52   |
106250      |       -56830.2   |       -56605.6   |       -224.539   |   54:58:56   |   359:00:05   |
106300      |         -56834   |         -56609   |       -225.071   |   55:00:26   |   358:58:11   |
106350      |       -56820.5   |       -56604.6   |       -215.878   |   55:01:56   |   358:56:18   |
106400      |       -56830.4   |       -56610.6   |       -219.752   |   55:03:28   |   358:54:37   |
106450      |       -56878.9   |       -56598.6   |       -280.272   |   55:05:04   |   358:53:23   |
106500      |       -56846.3   |       -56607.9   |       -238.489   |   55:06:42   |   358:52:21   |
106550      |         -56863   |       -56608.1   |       -254.911   |   55:08:16   |   358:50:54   |
106600      |       -56847.9   |       -56620.7   |       -227.202   |   55:09:48   |   358:49:13   |
106650      |       -56864.7   |       -56622.5   |       -242.147   |   55:11:24   |   358:47:58   |
106700      |       -56910.4   |       -56616.1   |       -294.333   |   55:12:58   |   358:46:31   |
106750      |       -56871.9   |       -56626.9   |       -244.959   |   55:14:31   |   358:44:57   |
106800      |       -56824.9   |       -56609.7   |       -215.238   |   55:16:04   |   358:43:23   |
106850      |       -56878.3   |         -56595   |       -283.334   |   55:17:39   |   358:42:01   |
106900      |       -56847.2   |       -56594.3   |       -252.947   |   55:19:17   |   358:41:00   |
106950      |       -56841.8   |       -56610.1   |       -231.708   |   55:20:52   |   358:39:39   |


Iter        |      Posterior   |     Likelihood   |          Prior   |    elapsed   |        ETA   |
----------------------------------------------------------------------------------------------------
107000      |       -56857.5   |       -56610.6   |       -246.861   |   55:22:24   |   358:37:58   |
107050      |       -56857.9   |       -56596.4   |       -261.505   |   55:23:52   |   358:35:51   |
107100      |       -56822.9   |       -56606.6   |       -216.225   |   55:25:19   |   358:33:39   |
107150      |       -56904.6   |       -56610.4   |       -294.278   |   55:26:55   |   358:32:24   |
107200      |       -56849.7   |       -56594.7   |       -254.912   |   55:28:32   |   358:31:16   |
107250      |         -56873   |       -56624.4   |       -248.576   |   55:30:10   |   358:30:14   |
107300      |       -56848.4   |       -56616.6   |       -231.737   |   55:31:49   |   358:29:18   |
107350      |       -56836.4   |       -56606.3   |       -230.064   |   55:33:21   |   358:27:38   |
107400      |       -56828.5   |       -56615.1   |       -213.403   |   55:34:49   |   358:25:31   |
107450      |         -56835   |       -56612.8   |       -222.221   |   55:36:21   |   358:23:51   |
107500      |       -56869.8   |       -56626.2   |       -243.604   |   55:37:53   |   358:22:10   |
107550      |       -56854.2   |       -56625.2   |       -228.988   |   55:39:26   |   358:20:36   |
107600      |       -56882.5   |       -56648.1   |       -234.422   |   55:40:55   |   358:18:36   |
107650      |       -56866.3   |       -56619.4   |       -246.947   |   55:42:24   |   358:16:36   |
107700      |       -56878.7   |       -56620.9   |       -257.835   |   55:43:57   |   358:15:02   |
107750      |       -56873.6   |       -56614.3   |       -259.306   |   55:45:25   |   358:12:56   |
107800      |       -56862.3   |         -56610   |       -252.295   |   55:46:59   |   358:11:28   |
107850      |       -56873.3   |       -56619.1   |       -254.199   |   55:48:32   |   358:09:54   |
107900      |       -56846.1   |       -56613.2   |       -232.869   |   55:50:01   |   358:07:55   |
107950      |       -56848.7   |       -56604.3   |       -244.359   |   55:51:34   |   358:06:21   |


Iter        |      Posterior   |     Likelihood   |          Prior   |    elapsed   |        ETA   |
----------------------------------------------------------------------------------------------------
108000      |       -56855.8   |       -56601.7   |       -254.155   |   55:53:10   |   358:05:06   |
108050      |       -56885.3   |       -56630.2   |       -255.131   |   55:54:45   |   358:03:45   |
108100      |       -56897.7   |       -56609.5   |       -288.149   |   55:56:13   |   358:01:38   |
108150      |       -56897.3   |       -56643.5   |       -253.764   |   55:57:39   |   357:59:20   |
108200      |       -56871.3   |       -56622.4   |       -248.947   |   55:59:07   |   357:57:14   |
108250      |       -56845.4   |       -56617.3   |       -228.152   |   56:00:31   |   357:54:42   |
108300      |       -56882.9   |       -56620.5   |       -262.492   |   56:01:57   |   357:52:23   |
108350      |       -56888.6   |       -56610.4   |       -278.165   |   56:03:30   |   357:50:49   |
108400      |         -56901   |       -56611.1   |       -289.896   |   56:05:08   |   357:49:47   |
108450      |       -56851.1   |       -56602.5   |       -248.664   |   56:06:42   |   357:48:20   |
108500      |         -56874   |       -56613.2   |       -260.837   |   56:08:20   |   357:47:18   |
108550      |       -56877.4   |       -56637.7   |       -239.715   |   56:09:55   |   357:45:57   |
108600      |       -56909.4   |       -56643.7   |       -265.651   |   56:11:23   |   357:43:51   |
108650      |       -56865.8   |       -56617.4   |       -248.425   |   56:12:53   |   357:41:58   |
108700      |       -56886.1   |       -56610.5   |       -275.586   |   56:14:26   |   357:40:24   |
108750      |       -56870.8   |       -56619.2   |       -251.567   |   56:16:10   |   357:40:00   |
108800      |       -56918.5   |       -56630.6   |       -287.832   |   56:17:43   |   357:38:26   |
108850      |       -56909.5   |       -56632.4   |       -277.099   |   56:19:17   |   357:36:58   |
108900      |       -56890.2   |         -56629   |       -261.218   |   56:20:59   |   357:36:21   |
108950      |       -56943.9   |       -56643.4   |       -300.481   |   56:22:34   |   357:35:00   |


Iter        |      Posterior   |     Likelihood   |          Prior   |    elapsed   |        ETA   |
----------------------------------------------------------------------------------------------------
109000      |       -56866.2   |       -56620.9   |       -245.301   |   56:24:12   |   357:33:57   |
109050      |       -56874.9   |       -56622.7   |         -252.2   |   56:25:43   |   357:32:11   |
109100      |       -56887.1   |       -56635.7   |       -251.393   |   56:27:13   |   357:30:18   |
109150      |       -56892.8   |       -56618.6   |       -274.252   |   56:28:47   |   357:28:50   |
109200      |       -56842.9   |       -56612.5   |       -230.395   |   56:30:25   |   357:27:48   |
109250      |       -56872.5   |       -56630.1   |       -242.377   |   56:31:59   |   357:26:20   |
109300      |       -56871.9   |       -56616.1   |       -255.769   |   56:33:35   |   357:25:05   |
109350      |       -56897.5   |       -56627.4   |       -270.107   |   56:35:06   |   357:23:18   |
109400      |       -56875.6   |       -56632.9   |       -242.689   |   56:36:38   |   357:21:38   |
109450      |       -56895.6   |       -56644.7   |       -250.827   |   56:38:11   |   357:20:04   |
109500      |       -56876.2   |       -56632.3   |       -243.855   |   56:39:46   |   357:18:42   |
109550      |         -56912   |       -56647.1   |        -264.93   |   56:41:20   |   357:17:14   |
109600      |       -56932.5   |       -56655.3   |        -277.26   |   56:42:56   |   357:15:59   |
109650      |       -56892.4   |       -56633.9   |       -258.551   |   56:44:32   |   357:14:44   |
109700      |       -56904.3   |       -56638.6   |       -265.656   |   56:46:08   |   357:13:29   |
109750      |       -56868.3   |       -56627.5   |       -240.763   |   56:47:50   |   357:12:51   |
109800      |       -56890.3   |       -56628.5   |       -261.726   |   56:49:25   |   357:11:30   |
109850      |       -56907.7   |       -56635.9   |       -271.811   |   56:51:02   |   357:10:21   |
109900      |       -56845.6   |       -56625.9   |       -219.688   |   56:52:43   |   357:09:37   |
109950      |       -56870.4   |       -56616.4   |       -254.038   |   56:54:18   |   357:08:15   |


Iter        |      Posterior   |     Likelihood   |          Prior   |    elapsed   |        ETA   |
----------------------------------------------------------------------------------------------------
110000      |       -56896.9   |       -56641.1   |       -255.814   |   56:55:51   |   357:06:41   |
110050      |       -56910.7   |       -56628.8   |        -281.89   |   56:57:26   |   357:05:20   |
110100      |       -56888.4   |       -56638.2   |       -250.224   |   56:59:03   |   357:04:11   |
110150      |       -56875.8   |       -56619.2   |       -256.613   |   57:00:42   |   357:03:14   |
110200      |       -56900.2   |       -56647.1   |       -253.065   |   57:02:20   |   357:02:11   |
110250      |       -56900.2   |         -56639   |       -261.166   |   57:03:53   |   357:00:37   |
110300      |       -56897.8   |       -56628.6   |       -269.225   |   57:05:23   |   356:58:44   |
110350      |       -56853.4   |       -56620.5   |       -232.928   |   57:06:53   |   356:56:51   |
110400      |       -56857.5   |       -56626.6   |        -230.91   |   57:08:23   |   356:54:58   |
110450      |       -56874.5   |       -56620.2   |       -254.248   |   57:10:02   |   356:54:01   |
110500      |       -56917.6   |       -56622.8   |       -294.769   |   57:11:38   |   356:52:46   |
110550      |       -56857.1   |       -56633.1   |       -223.932   |   57:13:15   |   356:51:36   |
110600      |       -56870.6   |       -56621.1   |         -249.5   |   57:14:52   |   356:50:27   |
110650      |       -56876.1   |       -56625.4   |       -250.755   |   57:16:29   |   356:49:18   |
110700      |       -56867.8   |       -56625.4   |       -242.403   |   57:18:00   |   356:47:31   |
110750      |       -56861.3   |       -56617.8   |       -243.483   |   57:19:34   |   356:46:03   |
110800      |       -56863.1   |       -56624.3   |       -238.777   |   57:21:06   |   356:44:23   |
110850      |       -56904.8   |       -56624.9   |       -279.899   |   57:22:39   |   356:42:49   |
110900      |       -56855.2   |       -56637.8   |       -217.367   |   57:24:15   |   356:41:33   |
110950      |       -56876.7   |       -56629.7   |       -247.031   |   57:25:48   |   356:39:59   |


Iter        |      Posterior   |     Likelihood   |          Prior   |    elapsed   |        ETA   |
----------------------------------------------------------------------------------------------------
111000      |       -56867.1   |       -56626.9   |       -240.254   |   57:27:24   |   356:38:43   |
111050      |       -56852.8   |       -56638.2   |       -214.626   |   57:28:56   |   356:37:03   |
111100      |       -56891.9   |       -56646.6   |       -245.258   |   57:30:25   |   356:35:04   |
111150      |         -56873   |       -56621.5   |       -251.525   |   57:31:57   |   356:33:23   |
111200      |         -56874   |       -56625.5   |       -248.481   |   57:33:30   |   356:31:49   |
111250      |       -56884.9   |       -56632.7   |       -252.151   |   57:34:56   |   356:29:31   |
111300      |       -56886.3   |       -56641.1   |       -245.156   |   57:36:30   |   356:28:03   |
111350      |       -56878.6   |       -56623.7   |       -254.895   |   57:38:05   |   356:26:42   |
111400      |       -56858.7   |       -56632.2   |       -226.529   |   57:39:39   |   356:25:13   |
111450      |       -56848.3   |       -56619.8   |       -228.495   |   57:41:13   |   356:23:45   |
111500      |       -56905.4   |       -56640.5   |       -264.874   |   57:42:41   |   356:21:40   |
111550      |       -56859.2   |       -56608.9   |       -250.314   |   57:44:15   |   356:20:12   |
111600      |       -56874.4   |       -56635.6   |       -238.798   |   57:45:46   |   356:18:26   |
111650      |       -56920.5   |       -56613.1   |       -307.446   |   57:47:27   |   356:17:41   |
111700      |       -56893.9   |       -56637.9   |       -256.021   |   57:49:03   |   356:16:25   |
111750      |       -56899.1   |       -56630.2   |        -268.95   |   57:50:38   |   356:15:03   |
111800      |       -56847.2   |       -56616.8   |       -230.421   |   57:52:11   |   356:13:29   |
111850      |       -56872.5   |       -56623.2   |       -249.323   |   57:53:45   |   356:12:01   |
111900      |       -56864.8   |       -56628.3   |       -236.477   |   57:55:15   |   356:10:08   |
111950      |       -56875.9   |       -56616.4   |       -259.538   |   57:56:48   |   356:08:34   |


Iter        |      Posterior   |     Likelihood   |          Prior   |    elapsed   |        ETA   |
----------------------------------------------------------------------------------------------------
112000      |       -56856.1   |       -56620.3   |       -235.792   |   57:58:22   |   356:07:06   |
112050      |       -56914.2   |       -56623.8   |       -290.343   |   57:59:55   |   356:05:32   |
112100      |       -56881.4   |       -56616.8   |        -264.57   |   58:01:28   |   356:03:58   |
112150      |       -56894.8   |         -56650   |       -244.853   |   58:02:58   |   356:02:05   |
112200      |       -56866.8   |       -56615.5   |       -251.349   |   58:04:29   |   356:00:19   |
112250      |       -56858.5   |         -56618   |       -240.535   |   58:05:59   |   355:58:26   |
112300      |       -56860.6   |       -56613.6   |       -246.983   |   58:07:30   |   355:56:40   |
112350      |       -56875.7   |       -56633.9   |       -241.799   |   58:09:04   |   355:55:11   |
112400      |         -56865   |       -56615.5   |       -249.486   |   58:10:38   |   355:53:43   |
112450      |       -56862.3   |       -56623.1   |       -239.198   |   58:12:14   |   355:52:28   |
112500      |       -56895.2   |       -56621.1   |       -274.077   |   58:13:51   |   355:51:18   |
112550      |         -56854   |       -56612.3   |       -241.687   |   58:15:28   |   355:50:08   |
112600      |       -56868.4   |       -56617.2   |       -251.214   |   58:17:03   |   355:48:46   |
112650      |       -56862.5   |       -56631.3   |       -231.181   |   58:18:36   |   355:47:12   |
112700      |       -56854.1   |       -56612.1   |       -241.933   |   58:20:06   |   355:45:19   |
112750      |       -56887.2   |       -56625.5   |       -261.716   |   58:21:41   |   355:43:57   |
112800      |       -56865.4   |       -56609.7   |       -255.691   |   58:23:19   |   355:42:54   |
112850      |       -56882.1   |       -56622.2   |       -259.915   |   58:24:56   |   355:41:44   |
112900      |       -56838.6   |       -56626.4   |       -212.195   |   58:26:32   |   355:40:28   |
112950      |         -56867   |       -56642.3   |       -224.755   |   58:28:08   |   355:39:12   |


Iter        |      Posterior   |     Likelihood   |          Prior   |    elapsed   |        ETA   |
----------------------------------------------------------------------------------------------------
113000      |       -56859.1   |       -56620.2   |        -238.93   |   58:29:42   |   355:37:44   |
113050      |       -56895.3   |       -56623.1   |       -272.204   |   58:31:15   |   355:36:09   |
113100      |       -56947.2   |       -56647.3   |       -299.928   |   58:32:49   |   355:34:41   |
113150      |       -56875.1   |       -56620.8   |       -254.288   |   58:34:26   |   355:33:31   |
113200      |         -56832   |       -56626.5   |       -205.494   |   58:36:01   |   355:32:09   |
113250      |       -56867.9   |       -56627.7   |        -240.23   |   58:37:35   |   355:30:41   |
113300      |       -56843.4   |       -56636.2   |       -207.247   |   58:39:06   |   355:28:54   |
113350      |       -56884.9   |       -56611.7   |       -273.274   |   58:40:38   |   355:27:14   |
113400      |       -56876.8   |       -56630.2   |       -246.617   |   58:42:10   |   355:25:34   |
113450      |       -56907.9   |       -56641.1   |       -266.821   |   58:43:43   |   355:23:59   |
113500      |         -56871   |       -56633.3   |       -237.743   |   58:45:13   |   355:22:07   |
113550      |       -56876.6   |       -56623.8   |       -252.808   |   58:46:47   |   355:20:39   |
113600      |       -56832.6   |       -56627.5   |        -205.08   |   58:48:20   |   355:19:05   |
113650      |       -56892.8   |       -56621.3   |       -271.485   |   58:49:57   |   355:17:54   |
113700      |       -56863.5   |       -56643.7   |       -219.823   |   58:51:38   |   355:17:09   |
113750      |         -56872   |       -56638.5   |       -233.485   |   58:53:09   |   355:15:22   |
113800      |       -56866.3   |       -56627.5   |        -238.75   |   58:54:43   |   355:13:54   |
113850      |       -56866.9   |       -56624.6   |       -242.274   |   58:56:20   |   355:12:44   |
113900      |       -56887.9   |       -56635.1   |       -252.814   |   58:57:49   |   355:10:45   |
113950      |       -56886.2   |       -56631.3   |       -254.937   |   58:59:22   |   355:09:11   |


Iter        |      Posterior   |     Likelihood   |          Prior   |    elapsed   |        ETA   |
----------------------------------------------------------------------------------------------------
114000      |       -56880.7   |       -56633.1   |       -247.581   |   59:00:53   |   355:07:25   |
114050      |       -56892.5   |       -56631.5   |       -260.962   |   59:02:27   |   355:05:56   |
114100      |         -56882   |       -56633.5   |       -248.519   |   59:04:03   |   355:04:40   |
114150      |       -56924.9   |         -56632   |       -292.888   |   59:05:30   |   355:02:30   |
114200      |       -56851.2   |       -56636.1   |       -215.031   |   59:06:56   |   355:00:14   |
114250      |       -56874.5   |       -56635.7   |       -238.871   |   59:08:24   |   354:58:09   |
114300      |       -56880.9   |       -56632.8   |       -248.149   |   59:09:54   |   354:56:17   |
114350      |       -56891.7   |       -56625.4   |       -266.358   |   59:11:27   |   354:54:43   |
114400      |       -56896.6   |       -56634.3   |       -262.242   |   59:13:03   |   354:53:27   |
114450      |       -56870.2   |       -56634.8   |       -235.377   |   59:14:39   |   354:52:10   |
114500      |       -56901.7   |       -56632.1   |       -269.628   |   59:16:14   |   354:50:48   |
114550      |       -56952.3   |       -56633.4   |       -318.809   |   59:17:45   |   354:49:02   |
114600      |       -56855.3   |       -56627.7   |       -227.581   |   59:19:16   |   354:47:16   |
114650      |       -56892.9   |       -56645.1   |       -247.771   |   59:20:52   |   354:46:00   |
114700      |         -56871   |       -56648.7   |       -222.319   |   59:22:24   |   354:44:19   |
114750      |       -56850.4   |       -56632.2   |       -218.224   |   59:23:59   |   354:42:57   |
114800      |       -56839.9   |       -56616.6   |       -223.303   |   59:25:34   |   354:41:35   |
114850      |       -56905.4   |       -56631.4   |       -273.966   |   59:27:10   |   354:40:18   |
114900      |       -56886.3   |       -56635.5   |       -250.803   |   59:28:42   |   354:38:38   |
114950      |       -56836.7   |         -56612   |       -224.733   |   59:30:12   |   354:36:46   |


Iter        |      Posterior   |     Likelihood   |          Prior   |    elapsed   |        ETA   |
----------------------------------------------------------------------------------------------------
115000      |       -56907.6   |       -56615.2   |       -292.377   |   59:31:41   |   354:34:48   |
115050      |       -56865.7   |         -56611   |       -254.682   |   59:33:13   |   354:33:08   |
115100      |         -56879   |       -56615.6   |        -263.42   |   59:34:49   |   354:31:52   |
115150      |       -56866.6   |       -56597.3   |       -269.278   |   59:36:26   |   354:30:41   |
115200      |       -56841.2   |       -56617.7   |       -223.524   |   59:38:02   |   354:29:25   |
115250      |         -56871   |       -56610.5   |       -260.526   |   59:39:41   |   354:28:26   |
115300      |       -56835.4   |       -56618.1   |       -217.278   |   59:41:11   |   354:26:34   |
115350      |       -56869.3   |       -56624.2   |       -245.106   |   59:42:44   |   354:25:00   |
115400      |       -56854.7   |         -56618   |       -236.672   |   59:44:18   |   354:23:32   |
115450      |       -56900.3   |       -56611.6   |       -288.706   |   59:45:53   |   354:22:09   |
115500      |       -56909.9   |       -56625.2   |       -284.723   |   59:47:27   |   354:20:41   |
115550      |       -56843.5   |       -56614.5   |       -228.981   |   59:48:55   |   354:18:37   |
115600      |       -56826.3   |       -56606.5   |       -219.881   |   59:50:24   |   354:16:39   |
115650      |       -56872.3   |       -56616.7   |       -255.533   |   59:51:57   |   354:15:05   |
115700      |       -56867.9   |       -56623.6   |       -244.227   |   59:53:30   |   354:13:31   |
115750      |       -56875.3   |       -56613.9   |        -261.42   |   59:54:57   |   354:11:21   |
115800      |         -56873   |       -56616.4   |        -256.61   |   59:56:30   |   354:09:47   |
115850      |       -56874.5   |       -56613.1   |        -261.42   |   59:58:13   |   354:09:12   |
115900      |       -56885.5   |       -56616.1   |        -269.34   |   59:59:48   |   354:07:49   |
115950      |       -56890.9   |       -56612.7   |       -278.226   |   60:01:18   |   354:05:57   |


Iter        |      Posterior   |     Likelihood   |          Prior   |    elapsed   |        ETA   |
----------------------------------------------------------------------------------------------------
116000      |       -56913.6   |       -56610.8   |       -302.759   |   60:02:50   |   354:04:17   |
116050      |       -56855.1   |       -56604.8   |       -250.274   |   60:04:21   |   354:02:31   |
116100      |       -56902.6   |       -56625.6   |       -276.977   |   60:05:56   |   354:01:09   |
116150      |       -56856.2   |       -56617.3   |       -238.955   |   60:07:25   |   353:59:11   |
116200      |       -56836.9   |         -56617   |       -219.852   |   60:08:51   |   353:56:55   |
116250      |       -56866.5   |       -56599.6   |       -266.822   |   60:10:19   |   353:54:52   |
116300      |       -56850.7   |       -56600.1   |       -250.569   |   60:11:50   |   353:53:06   |
116350      |       -56835.3   |       -56605.4   |       -229.869   |   60:13:20   |   353:51:14   |
116400      |       -56816.6   |       -56615.1   |       -201.555   |   60:14:51   |   353:49:28   |
116450      |       -56898.2   |         -56627   |       -271.147   |   60:16:27   |   353:48:12   |
116500      |       -56828.2   |       -56608.4   |       -219.838   |   60:18:04   |   353:47:01   |
116550      |       -56858.2   |       -56630.5   |       -227.697   |   60:19:39   |   353:45:39   |
116600      |       -56821.5   |       -56605.3   |        -216.22   |   60:21:14   |   353:44:16   |
116650      |       -56849.2   |       -56620.2   |        -228.98   |   60:22:49   |   353:42:54   |
116700      |       -56847.9   |       -56610.9   |       -236.959   |   60:24:23   |   353:41:25   |
116750      |       -56865.1   |       -56630.2   |       -234.887   |   60:25:56   |   353:39:51   |
116800      |       -56890.4   |       -56622.8   |       -267.569   |   60:27:32   |   353:38:35   |
116850      |       -56876.5   |       -56622.7   |       -253.873   |   60:29:06   |   353:37:06   |
116900      |       -56897.4   |       -56630.8   |       -266.639   |   60:30:42   |   353:35:50   |
116950      |       -56873.7   |         -56612   |       -261.773   |   60:32:30   |   353:35:43   |


Iter        |      Posterior   |     Likelihood   |          Prior   |    elapsed   |        ETA   |
----------------------------------------------------------------------------------------------------
117000      |       -56887.1   |       -56617.1   |       -270.002   |   60:34:06   |   353:34:26   |
117050      |       -56875.8   |       -56619.4   |       -256.331   |   60:35:39   |   353:32:52   |
117100      |       -56858.7   |       -56618.2   |       -240.516   |   60:37:11   |   353:31:12   |
117150      |         -56922   |       -56616.3   |        -305.64   |   60:38:42   |   353:29:26   |
117200      |       -56847.6   |       -56609.1   |       -238.491   |   60:40:15   |   353:27:52   |
117250      |       -56897.9   |       -56619.1   |       -278.723   |   60:41:45   |   353:26:00   |
117300      |       -56891.1   |       -56608.7   |       -282.389   |   60:43:14   |   353:24:03   |
117350      |       -56891.1   |       -56619.2   |       -271.901   |   60:44:43   |   353:22:05   |
117400      |       -56894.8   |       -56621.1   |       -273.665   |   60:46:14   |   353:20:19   |
117450      |       -56873.7   |       -56610.1   |       -263.607   |   60:47:48   |   353:18:51   |
117500      |       -56816.6   |       -56610.2   |       -206.427   |   60:49:18   |   353:16:59   |
117550      |         -56889   |       -56616.5   |        -272.46   |   60:50:50   |   353:15:19   |
117600      |       -56851.4   |       -56618.7   |       -232.706   |   60:52:25   |   353:13:57   |
117650      |       -56884.8   |       -56608.4   |       -276.382   |   60:53:58   |   353:12:23   |
117700      |       -56879.5   |       -56621.1   |       -258.413   |   60:55:30   |   353:10:43   |
117750      |       -56830.3   |       -56602.6   |       -227.698   |   60:57:01   |   353:08:57   |
117800      |       -56836.4   |       -56619.7   |       -216.631   |   60:58:37   |   353:07:40   |
117850      |       -56848.1   |       -56613.4   |       -234.697   |   61:00:08   |   353:05:54   |
117900      |       -56835.1   |       -56616.6   |       -218.475   |   61:01:43   |   353:04:32   |
117950      |       -56843.1   |       -56610.7   |       -232.358   |   61:03:15   |   353:02:52   |


Iter        |      Posterior   |     Likelihood   |          Prior   |    elapsed   |        ETA   |
----------------------------------------------------------------------------------------------------
118000      |       -56851.9   |       -56613.2   |       -238.668   |   61:04:47   |   353:01:12   |
118050      |       -56886.7   |       -56605.5   |       -281.217   |   61:06:20   |   352:59:38   |
118100      |       -56847.4   |       -56613.2   |       -234.115   |   61:07:56   |   352:58:21   |
118150      |       -56836.1   |       -56619.5   |       -216.637   |   61:09:32   |   352:57:04   |
118200      |       -56857.9   |       -56624.2   |       -233.713   |   61:11:04   |   352:55:24   |
118250      |       -56895.2   |       -56634.1   |       -261.129   |   61:12:38   |   352:53:56   |
118300      |       -56886.1   |       -56633.1   |       -252.976   |   61:14:11   |   352:52:21   |
118350      |       -56923.3   |       -56622.1   |       -301.131   |   61:15:45   |   352:50:53   |
118400      |       -56853.9   |       -56622.4   |       -231.511   |   61:17:18   |   352:49:19   |
118450      |       -56883.9   |       -56630.6   |       -253.317   |   61:18:49   |   352:47:33   |
118500      |       -56880.8   |       -56611.4   |       -269.331   |   61:20:24   |   352:46:10   |
118550      |         -56871   |       -56620.3   |       -250.662   |   61:21:59   |   352:44:48   |
118600      |       -56874.7   |       -56618.5   |       -256.157   |   61:23:36   |   352:43:37   |
118650      |       -56857.2   |       -56608.8   |       -248.404   |   61:25:11   |   352:42:14   |
118700      |       -56909.7   |       -56633.7   |       -276.058   |   61:26:44   |   352:40:40   |
118750      |         -56870   |         -56623   |       -246.964   |   61:28:11   |   352:38:31   |
118800      |       -56870.1   |       -56617.3   |       -252.833   |   61:29:44   |   352:36:57   |
118850      |       -56850.3   |       -56628.2   |       -222.064   |   61:31:23   |   352:35:57   |
118900      |       -56854.4   |       -56607.9   |       -246.454   |   61:33:01   |   352:34:52   |
118950      |       -56879.3   |       -56618.7   |       -260.593   |   61:34:36   |   352:33:29   |


Iter        |      Posterior   |     Likelihood   |          Prior   |    elapsed   |        ETA   |
----------------------------------------------------------------------------------------------------
119000      |       -56860.8   |         -56637   |       -223.827   |   61:36:10   |   352:32:00   |
119050      |       -56894.5   |       -56620.4   |       -274.139   |   61:37:45   |   352:30:37   |
119100      |       -56872.6   |       -56629.3   |       -243.288   |   61:39:19   |   352:29:09   |
119150      |         -56887   |       -56622.8   |       -264.154   |   61:40:50   |   352:27:23   |
119200      |       -56858.8   |       -56626.6   |       -232.142   |   61:42:21   |   352:25:38   |
119250      |       -56880.9   |       -56616.9   |       -264.011   |   61:43:54   |   352:24:03   |
119300      |       -56863.7   |       -56624.4   |        -239.39   |   61:45:27   |   352:22:29   |
119350      |       -56890.8   |       -56625.2   |       -265.645   |   61:46:59   |   352:20:49   |
119400      |       -56863.7   |       -56627.3   |       -236.412   |   61:48:29   |   352:18:58   |
119450      |         -56903   |       -56639.9   |       -263.095   |   61:50:02   |   352:17:24   |
119500      |       -56873.1   |       -56635.5   |        -237.56   |   61:51:33   |   352:15:38   |
119550      |         -56888   |       -56624.6   |       -263.356   |   61:53:03   |   352:13:47   |
119600      |       -56887.3   |       -56637.1   |       -250.184   |   61:54:34   |   352:12:01   |
119650      |       -56864.5   |       -56646.7   |       -217.782   |   61:56:06   |   352:10:22   |
119700      |       -56887.8   |       -56634.4   |       -253.386   |   61:57:41   |   352:08:59   |
119750      |       -56896.5   |       -56639.1   |       -257.353   |   61:59:16   |   352:07:36   |
119800      |       -56880.2   |       -56646.2   |        -234.01   |   62:00:45   |   352:05:39   |
119850      |       -56892.2   |       -56640.2   |       -252.045   |   62:02:22   |   352:04:28   |
119900      |       -56876.2   |         -56637   |       -239.207   |   62:03:55   |   352:02:54   |
119950      |       -56885.1   |       -56635.2   |       -249.866   |   62:05:28   |   352:01:19   |


Iter        |      Posterior   |     Likelihood   |          Prior   |    elapsed   |        ETA   |
----------------------------------------------------------------------------------------------------
120000      |       -56898.1   |       -56628.5   |       -269.582   |   62:07:01   |   351:59:45   |
120050      |       -56897.1   |       -56619.5   |       -277.584   |   62:08:33   |   351:58:05   |
120100      |       -56873.2   |       -56620.6   |       -252.555   |   62:10:06   |   351:56:31   |
120150      |       -56873.6   |       -56636.6   |       -236.985   |   62:11:36   |   351:54:40   |
120200      |       -56910.6   |       -56615.6   |       -294.994   |   62:13:07   |   351:52:55   |
120250      |       -56884.9   |       -56639.7   |       -245.181   |   62:14:40   |   351:51:20   |
120300      |         -56851   |       -56616.9   |       -234.191   |   62:16:10   |   351:49:29   |
120350      |       -56904.4   |       -56648.2   |       -256.223   |   62:17:40   |   351:47:38   |
120400      |       -56856.8   |       -56613.4   |       -243.441   |   62:19:14   |   351:46:10   |
120450      |       -56855.5   |         -56630   |       -225.504   |   62:20:49   |   351:44:47   |
120500      |       -56901.9   |       -56661.1   |       -240.775   |   62:22:19   |   351:42:56   |
120550      |       -56861.6   |       -56625.7   |       -235.911   |   62:23:53   |   351:41:27   |
120600      |       -56881.2   |       -56634.5   |       -246.665   |   62:25:25   |   351:39:48   |
120650      |       -56893.1   |       -56640.1   |       -253.051   |   62:26:54   |   351:37:51   |
120700      |       -56875.9   |       -56638.4   |        -237.52   |   62:28:22   |   351:35:49   |
120750      |       -56865.8   |       -56638.9   |       -226.868   |   62:29:54   |   351:34:09   |
120800      |       -56858.1   |       -56622.3   |       -235.807   |   62:31:24   |   351:32:18   |
120850      |       -56838.7   |       -56623.2   |       -215.544   |   62:32:50   |   351:30:05   |
120900      |       -56902.9   |       -56641.8   |       -261.076   |   62:34:23   |   351:28:31   |
120950      |       -56863.6   |       -56620.3   |       -243.316   |   62:36:08   |   351:28:04   |


Iter        |      Posterior   |     Likelihood   |          Prior   |    elapsed   |        ETA   |
----------------------------------------------------------------------------------------------------
121000      |       -56926.1   |       -56620.4   |       -305.774   |   62:37:49   |   351:27:15   |
121050      |       -56919.7   |       -56621.8   |       -297.902   |   62:39:26   |   351:26:03   |
121100      |       -56902.5   |       -56622.7   |       -279.773   |   62:40:57   |   351:24:18   |
121150      |         -56875   |       -56619.6   |       -255.416   |   62:42:29   |   351:22:38   |
121200      |       -56858.1   |         -56618   |       -240.071   |   62:44:03   |   351:21:09   |
121250      |       -56845.7   |       -56618.5   |       -227.182   |   62:45:39   |   351:19:52   |
121300      |       -56892.8   |       -56633.6   |       -259.182   |   62:47:13   |   351:18:24   |
121350      |       -56884.7   |       -56631.6   |       -253.152   |   62:48:47   |   351:16:55   |
121400      |       -56855.1   |       -56610.9   |       -244.201   |   62:50:23   |   351:15:38   |
121450      |       -56859.2   |       -56625.9   |       -233.311   |   62:51:55   |   351:13:58   |
121500      |       -56847.6   |         -56629   |       -218.583   |   62:53:30   |   351:12:35   |
121550      |         -56851   |       -56618.2   |       -232.733   |   62:55:04   |   351:11:06   |
121600      |         -56872   |       -56608.4   |       -263.607   |   62:56:36   |   351:09:27   |
121650      |       -56885.3   |       -56616.5   |       -268.769   |   62:58:10   |   351:07:58   |
121700      |       -56905.6   |       -56625.3   |       -280.296   |   62:59:38   |   351:05:56   |
121750      |       -56861.9   |       -56623.5   |       -238.451   |   63:01:15   |   351:04:44   |
121800      |       -56858.2   |       -56626.3   |       -231.878   |   63:02:53   |   351:03:38   |
121850      |       -56870.3   |       -56614.5   |       -255.825   |   63:04:27   |   351:02:09   |
121900      |       -56883.7   |       -56611.5   |       -272.249   |   63:06:01   |   351:00:41   |
121950      |       -56906.9   |       -56627.9   |       -278.962   |   63:07:42   |   350:59:51   |


Iter        |      Posterior   |     Likelihood   |          Prior   |    elapsed   |        ETA   |
----------------------------------------------------------------------------------------------------
122000      |         -56897   |       -56635.3   |       -261.723   |   63:09:22   |   350:58:56   |
122050      |       -56850.3   |       -56638.2   |       -212.102   |   63:10:59   |   350:57:44   |
122100      |       -56907.3   |       -56643.8   |       -263.548   |   63:12:34   |   350:56:21   |
122150      |       -56868.8   |       -56627.4   |       -241.421   |   63:14:18   |   350:55:48   |
122200      |       -56896.6   |       -56636.8   |       -259.738   |   63:15:57   |   350:54:47   |
122250      |       -56884.2   |       -56636.6   |       -247.511   |   63:17:31   |   350:53:18   |
122300      |       -56903.3   |       -56635.4   |       -267.935   |   63:19:05   |   350:51:49   |
122350      |       -56890.6   |       -56638.3   |       -252.297   |   63:20:44   |   350:50:48   |
122400      |       -56873.4   |       -56630.7   |       -242.698   |   63:22:20   |   350:49:31   |
122450      |       -56916.8   |       -56631.7   |       -285.069   |   63:23:55   |   350:48:07   |
122500      |       -56844.3   |       -56621.2   |       -223.134   |   63:25:34   |   350:47:06   |
122550      |         -56859   |         -56627   |       -231.943   |   63:27:09   |   350:45:43   |
122600      |       -56879.9   |       -56618.3   |       -261.542   |   63:28:41   |   350:44:03   |
122650      |       -56849.6   |       -56612.1   |       -237.492   |   63:30:17   |   350:42:46   |
122700      |       -56849.7   |       -56609.8   |       -239.941   |   63:31:53   |   350:41:28   |
122750      |       -56889.8   |       -56624.4   |       -265.435   |   63:33:24   |   350:39:42   |
122800      |       -56892.1   |       -56634.4   |       -257.686   |   63:34:55   |   350:37:57   |
122850      |       -56863.4   |       -56624.7   |        -238.65   |   63:36:26   |   350:36:12   |
122900      |       -56878.3   |       -56631.4   |       -246.884   |   63:37:55   |   350:34:16   |
122950      |         -56919   |       -56636.1   |       -282.895   |   63:39:24   |   350:32:19   |


Iter        |      Posterior   |     Likelihood   |          Prior   |    elapsed   |        ETA   |
----------------------------------------------------------------------------------------------------
123000      |       -56898.5   |       -56620.8   |       -277.628   |   63:40:55   |   350:30:34   |
123050      |       -56896.3   |       -56632.2   |       -264.052   |   63:42:27   |   350:28:54   |
123100      |       -56867.7   |       -56619.9   |       -247.798   |   63:44:01   |   350:27:25   |
123150      |       -56887.1   |       -56624.5   |       -262.599   |   63:45:33   |   350:25:46   |
123200      |       -56882.2   |       -56629.4   |       -252.868   |   63:47:05   |   350:24:06   |
123250      |       -56901.1   |       -56615.9   |       -285.198   |   63:48:36   |   350:22:21   |
123300      |       -56899.9   |       -56630.8   |       -269.076   |   63:50:10   |   350:20:52   |
123350      |       -56877.2   |       -56630.3   |       -246.907   |   63:51:40   |   350:19:01   |
123400      |       -56912.9   |       -56637.5   |       -275.422   |   63:53:13   |   350:17:27   |
123450      |       -56880.6   |       -56638.7   |       -241.897   |   63:54:48   |   350:16:04   |
123500      |       -56897.2   |       -56637.3   |       -259.919   |   63:56:21   |   350:14:30   |
123550      |       -56864.7   |       -56626.1   |       -238.605   |   63:57:54   |   350:12:55   |
123600      |       -56864.2   |       -56633.8   |        -230.32   |   63:59:30   |   350:11:37   |
123650      |       -56900.5   |       -56634.7   |       -265.813   |   64:01:07   |   350:10:25   |
123700      |       -56900.8   |       -56631.9   |       -268.881   |   64:02:41   |   350:08:56   |
123750      |       -56875.5   |       -56620.4   |       -255.038   |   64:04:14   |   350:07:22   |
123800      |       -56885.6   |       -56619.8   |       -265.812   |   64:05:42   |   350:05:21   |
123850      |       -56864.4   |       -56636.6   |         -227.8   |   64:07:11   |   350:03:24   |
123900      |       -56865.2   |       -56632.9   |       -232.272   |   64:08:42   |   350:01:39   |
123950      |       -56861.4   |       -56637.3   |       -224.143   |   64:10:17   |   350:00:16   |


Iter        |      Posterior   |     Likelihood   |          Prior   |    elapsed   |        ETA   |
----------------------------------------------------------------------------------------------------
124000      |       -56834.7   |       -56626.7   |       -207.997   |   64:11:52   |   349:58:53   |
124050      |       -56854.3   |       -56631.1   |       -223.184   |   64:13:23   |   349:57:08   |
124100      |       -56902.9   |         -56643   |       -259.911   |   64:14:56   |   349:55:33   |
124150      |       -56895.4   |       -56641.1   |       -254.274   |   64:16:30   |   349:54:05   |
124200      |       -56861.9   |       -56636.5   |       -225.357   |   64:18:03   |   349:52:30   |
124250      |       -56904.9   |       -56634.5   |       -270.418   |   64:19:38   |   349:51:07   |
124300      |       -56915.5   |       -56635.8   |       -279.714   |   64:21:15   |   349:49:54   |
124350      |       -56905.8   |       -56651.8   |       -254.051   |   64:22:46   |   349:48:09   |
124400      |       -56914.4   |       -56644.5   |       -269.886   |   64:24:17   |   349:46:24   |
124450      |       -56856.4   |       -56632.7   |       -223.635   |   64:25:48   |   349:44:39   |
124500      |       -56860.3   |       -56633.5   |        -226.78   |   64:27:27   |   349:43:38   |
124550      |       -56916.2   |       -56637.5   |        -278.65   |   64:29:07   |   349:42:41   |
124600      |       -56894.6   |       -56644.5   |       -250.123   |   64:30:45   |   349:41:34   |
124650      |       -56875.4   |       -56650.1   |       -225.317   |   64:32:21   |   349:40:16   |
124700      |       -56894.3   |       -56649.8   |       -244.548   |   64:34:07   |   349:39:52   |
124750      |       -56903.9   |       -56630.4   |       -273.555   |   64:35:41   |   349:38:23   |
124800      |       -56851.4   |       -56654.1   |        -197.34   |   64:37:14   |   349:36:49   |
124850      |       -56830.2   |       -56636.5   |       -193.691   |   64:38:49   |   349:35:26   |
124900      |       -56894.3   |       -56634.5   |       -259.767   |   64:40:26   |   349:34:13   |
124950      |       -56845.3   |       -56636.3   |       -209.049   |   64:42:09   |   349:33:33   |


Iter        |      Posterior   |     Likelihood   |          Prior   |    elapsed   |        ETA   |
----------------------------------------------------------------------------------------------------
125000      |       -56910.3   |       -56633.2   |       -277.101   |   64:43:55   |   349:33:09   |
125050      |       -56906.1   |       -56644.1   |       -262.018   |   64:45:36   |   349:32:17   |
125100      |       -56909.6   |       -56654.1   |       -255.485   |   64:47:14   |   349:31:10   |
125150      |       -56886.3   |       -56645.6   |        -240.67   |   64:48:49   |   349:29:46   |
125200      |       -56861.9   |       -56634.1   |       -227.831   |   64:50:22   |   349:28:12   |
125250      |       -56883.5   |       -56627.9   |       -255.654   |   64:51:56   |   349:26:43   |
125300      |       -56903.5   |       -56627.8   |        -275.76   |   64:53:34   |   349:25:35   |
125350      |       -56906.7   |       -56631.9   |       -274.733   |   64:55:11   |   349:24:22   |
125400      |       -56903.1   |       -56635.9   |       -267.196   |   64:56:48   |   349:23:10   |
125450      |       -56886.6   |       -56636.1   |       -250.523   |   64:58:24   |   349:21:51   |
125500      |       -56944.8   |       -56642.1   |       -302.677   |   65:00:02   |   349:20:44   |
125550      |       -56909.6   |       -56639.3   |       -270.323   |   65:01:37   |   349:19:20   |
125600      |       -56892.7   |       -56627.6   |       -265.113   |   65:03:14   |   349:18:07   |
125650      |       -56913.6   |         -56657   |       -256.625   |   65:04:47   |   349:16:33   |
125700      |       -56952.3   |       -56648.9   |       -303.363   |   65:06:23   |   349:15:14   |
125750      |       -56929.7   |       -56655.7   |       -274.014   |   65:07:58   |   349:13:50   |
125800      |         -56891   |       -56650.4   |       -240.627   |   65:09:33   |   349:12:27   |
125850      |       -56911.6   |       -56638.9   |       -272.735   |   65:11:14   |   349:11:35   |
125900      |       -56904.1   |       -56641.6   |       -262.477   |   65:12:52   |   349:10:27   |
125950      |       -56890.5   |       -56643.7   |       -246.751   |   65:14:26   |   349:08:58   |


Iter        |      Posterior   |     Likelihood   |          Prior   |    elapsed   |        ETA   |
----------------------------------------------------------------------------------------------------
126000      |       -56891.4   |       -56642.9   |       -248.535   |   65:16:02   |   349:07:40   |
126050      |       -56834.7   |       -56621.3   |       -213.398   |   65:17:36   |   349:06:11   |
126100      |       -56884.2   |       -56650.5   |       -233.665   |   65:19:08   |   349:04:31   |
126150      |       -56890.9   |       -56636.2   |       -254.686   |   65:20:41   |   349:02:56   |
126200      |       -56888.4   |       -56632.5   |       -255.817   |   65:22:15   |   349:01:27   |
126250      |       -56878.5   |       -56616.8   |       -261.658   |   65:23:50   |   349:00:03   |
126300      |       -56905.4   |       -56631.6   |        -273.81   |   65:25:24   |   348:58:34   |
126350      |       -56903.1   |       -56627.4   |       -275.763   |   65:26:58   |   348:57:05   |
126400      |       -56877.5   |       -56619.1   |       -258.371   |   65:28:32   |   348:55:36   |
126450      |       -56833.2   |       -56634.4   |       -198.876   |   65:30:07   |   348:54:12   |
126500      |       -56848.6   |       -56627.3   |       -221.273   |   65:31:45   |   348:53:04   |
126550      |       -56878.3   |         -56621   |       -257.259   |   65:33:24   |   348:52:01   |
126600      |       -56855.6   |       -56631.5   |       -224.096   |   65:34:57   |   348:50:27   |
126650      |       -56870.7   |       -56639.2   |       -231.535   |   65:36:32   |   348:49:03   |
126700      |       -56844.7   |       -56641.1   |       -203.547   |   65:38:08   |   348:47:44   |
126750      |       -56904.5   |       -56630.3   |       -274.204   |   65:39:47   |   348:46:41   |
126800      |       -56874.4   |       -56634.6   |       -239.812   |   65:41:24   |   348:45:28   |
126850      |       -56874.5   |       -56634.1   |       -240.331   |   65:43:05   |   348:44:36   |
126900      |       -56914.5   |       -56639.9   |        -274.59   |   65:44:42   |   348:43:23   |
126950      |       -56904.6   |       -56642.2   |       -262.448   |   65:46:16   |   348:41:53   |


Iter        |      Posterior   |     Likelihood   |          Prior   |    elapsed   |        ETA   |
----------------------------------------------------------------------------------------------------
127000      |         -56894   |       -56618.6   |       -275.424   |   65:47:50   |   348:40:24   |
127050      |       -56875.5   |         -56631   |       -244.461   |   65:49:24   |   348:38:55   |
127100      |       -56860.6   |       -56636.5   |       -224.089   |   65:50:58   |   348:37:25   |
127150      |       -56846.2   |       -56613.1   |       -233.049   |   65:52:35   |   348:36:12   |
127200      |       -56903.4   |       -56614.8   |       -288.629   |   65:54:10   |   348:34:48   |
127250      |       -56884.4   |       -56613.8   |       -270.633   |   65:55:42   |   348:33:08   |
127300      |       -56893.2   |       -56623.3   |       -269.868   |   65:57:17   |   348:31:44   |
127350      |         -56858   |         -56612   |       -246.056   |   65:58:54   |   348:30:30   |
127400      |       -56855.7   |       -56611.2   |       -244.527   |   66:00:29   |   348:29:06   |
127450      |       -56908.6   |       -56631.2   |       -277.468   |   66:02:01   |   348:27:26   |
127500      |       -56869.5   |       -56623.7   |       -245.823   |   66:03:37   |   348:26:08   |
127550      |       -56865.2   |       -56615.5   |       -249.701   |   66:05:16   |   348:25:05   |
127600      |       -56908.6   |       -56615.3   |       -293.227   |   66:06:54   |   348:23:56   |
127650      |       -56931.6   |       -56635.4   |       -296.275   |   66:08:31   |   348:22:43   |
127700      |         -56880   |       -56629.3   |       -250.686   |   66:10:09   |   348:21:34   |
127750      |       -56865.2   |         -56628   |       -237.147   |   66:11:48   |   348:20:31   |
127800      |         -56907   |         -56635   |       -272.062   |   66:13:27   |   348:19:28   |
127850      |       -56910.5   |       -56628.7   |         -281.8   |   66:15:03   |   348:18:09   |
127900      |       -56883.1   |       -56639.9   |       -243.266   |   66:16:38   |   348:16:45   |
127950      |       -56865.2   |       -56634.9   |       -230.271   |   66:18:13   |   348:15:21   |


Iter        |      Posterior   |     Likelihood   |          Prior   |    elapsed   |        ETA   |
----------------------------------------------------------------------------------------------------
128000      |       -56902.6   |       -56631.4   |       -271.106   |   66:19:45   |   348:13:41   |
128050      |       -56872.7   |       -56628.1   |       -244.655   |   66:21:20   |   348:12:17   |
128100      |       -56876.9   |       -56626.5   |       -250.397   |   66:22:55   |   348:10:52   |
128150      |       -56862.8   |       -56630.5   |       -232.327   |   66:24:33   |   348:09:44   |
128200      |       -56862.1   |       -56622.5   |       -239.586   |   66:26:09   |   348:08:25   |
128250      |       -56922.7   |       -56623.5   |       -299.223   |   66:27:46   |   348:07:11   |
128300      |       -56898.3   |       -56633.5   |       -264.772   |   66:29:21   |   348:05:47   |
128350      |       -56839.7   |       -56617.8   |       -221.891   |   66:30:57   |   348:04:28   |
128400      |       -56901.3   |       -56630.3   |       -271.011   |   66:32:34   |   348:03:14   |
128450      |       -56900.9   |       -56642.6   |       -258.246   |   66:34:10   |   348:01:55   |
128500      |       -56909.9   |       -56639.5   |       -270.341   |   66:35:44   |   348:00:25   |
128550      |       -56907.9   |       -56622.7   |       -285.219   |   66:37:21   |   347:59:11   |
128600      |       -56901.3   |       -56630.6   |       -270.792   |   66:38:56   |   347:57:47   |
128650      |       -56886.6   |         -56636   |       -250.553   |   66:40:34   |   347:56:38   |
128700      |       -56847.8   |       -56622.6   |       -225.138   |   66:42:08   |   347:55:09   |
128750      |       -56870.3   |       -56633.6   |       -236.713   |   66:43:44   |   347:53:49   |
128800      |       -56896.7   |         -56620   |       -276.699   |   66:45:20   |   347:52:30   |
128850      |       -56856.1   |       -56631.7   |       -224.402   |   66:46:58   |   347:51:22   |
128900      |       -56865.3   |       -56634.4   |       -230.919   |   66:48:36   |   347:50:13   |
128950      |         -56887   |         -56626   |       -260.985   |   66:50:12   |   347:48:54   |


Iter        |      Posterior   |     Likelihood   |          Prior   |    elapsed   |        ETA   |
----------------------------------------------------------------------------------------------------
129000      |       -56845.7   |       -56640.9   |       -204.825   |   66:51:47   |   347:47:29   |
129050      |       -56854.4   |       -56636.9   |       -217.457   |   66:53:20   |   347:45:54   |
129100      |       -56847.6   |       -56631.5   |       -216.071   |   66:54:56   |   347:44:35   |
129150      |       -56834.5   |         -56630   |       -204.531   |   66:56:34   |   347:43:26   |
129200      |         -56868   |       -56646.5   |       -221.505   |   66:58:10   |   347:42:07   |
129250      |       -56867.9   |       -56630.1   |       -237.829   |   66:59:48   |   347:40:58   |
129300      |       -56851.2   |       -56631.4   |       -219.796   |   67:01:23   |   347:39:33   |
129350      |       -56848.3   |       -56645.1   |       -203.222   |   67:02:58   |   347:38:09   |
129400      |       -56865.1   |         -56625   |        -240.06   |   67:04:35   |   347:36:55   |
129450      |       -56857.5   |       -56640.8   |       -216.712   |   67:06:12   |   347:35:41   |
129500      |       -56919.8   |       -56626.6   |        -293.21   |   67:07:46   |   347:34:11   |
129550      |       -56894.1   |       -56624.5   |       -269.635   |   67:09:20   |   347:32:41   |
129600      |       -56870.4   |       -56620.2   |        -250.28   |   67:10:54   |   347:31:11   |
129650      |       -56880.2   |       -56637.4   |       -242.811   |   67:12:30   |   347:29:52   |
129700      |       -56867.5   |       -56626.4   |       -241.071   |   67:14:06   |   347:28:33   |
129750      |       -56853.6   |       -56631.9   |       -221.643   |   67:15:40   |   347:27:03   |
129800      |       -56828.1   |       -56613.5   |       -214.658   |   67:17:17   |   347:25:49   |
129850      |         -56832   |       -56611.9   |       -220.054   |   67:18:54   |   347:24:34   |
129900      |       -56825.4   |       -56618.8   |       -206.566   |   67:20:33   |   347:23:30   |
129950      |         -56868   |       -56624.8   |       -243.181   |   67:22:13   |   347:22:32   |


Iter        |      Posterior   |     Likelihood   |          Prior   |    elapsed   |        ETA   |
----------------------------------------------------------------------------------------------------
130000      |       -56884.3   |       -56619.3   |       -264.966   |   67:23:49   |   347:21:12   |
130050      |       -56842.9   |       -56622.9   |       -220.038   |   67:25:27   |   347:20:03   |
130100      |       -56885.8   |       -56621.6   |       -264.267   |   67:27:05   |   347:18:54   |
130150      |       -56914.4   |       -56617.7   |       -296.646   |   67:28:38   |   347:17:19   |
130200      |         -56889   |       -56614.7   |       -274.234   |   67:30:12   |   347:15:49   |
130250      |       -56932.4   |       -56630.6   |       -301.874   |   67:31:48   |   347:14:29   |
130300      |       -56906.9   |       -56620.4   |       -286.429   |   67:33:25   |   347:13:15   |
130350      |       -56856.6   |       -56617.3   |       -239.305   |   67:35:01   |   347:11:55   |
130400      |       -56848.5   |       -56600.4   |       -248.121   |   67:36:36   |   347:10:30   |
130450      |       -56839.7   |       -56604.8   |       -234.887   |   67:38:15   |   347:09:26   |
130500      |       -56884.5   |       -56606.5   |       -278.021   |   67:39:51   |   347:08:07   |
130550      |       -56896.7   |         -56618   |       -278.712   |   67:41:22   |   347:06:21   |
130600      |       -56824.3   |       -56609.2   |       -215.105   |   67:42:54   |   347:04:41   |
130650      |       -56834.8   |       -56620.2   |        -214.61   |   67:44:26   |   347:03:01   |
130700      |       -56859.8   |       -56608.9   |       -250.879   |   67:45:59   |   347:01:26   |
130750      |       -56884.2   |       -56616.9   |       -267.298   |   67:47:31   |   346:59:46   |
130800      |       -56892.3   |       -56624.4   |       -267.838   |   67:49:01   |   346:57:56   |
130850      |       -56899.9   |       -56632.2   |       -267.663   |   67:50:31   |   346:56:05   |
130900      |       -56858.8   |       -56618.2   |       -240.629   |   67:52:05   |   346:54:35   |
130950      |       -56880.3   |       -56617.8   |       -262.524   |   67:53:42   |   346:53:21   |


Iter        |      Posterior   |     Likelihood   |          Prior   |    elapsed   |        ETA   |
----------------------------------------------------------------------------------------------------
131000      |       -56847.5   |       -56614.2   |       -233.281   |   67:55:18   |   346:52:01   |
131050      |       -56831.1   |       -56621.6   |        -209.56   |   67:56:51   |   346:50:26   |
131100      |       -56873.2   |       -56631.4   |       -241.871   |   67:58:24   |   346:48:51   |
131150      |       -56905.3   |       -56628.2   |       -277.037   |   67:59:55   |   346:47:06   |
131200      |       -56866.8   |       -56616.2   |       -250.625   |   68:01:30   |   346:45:41   |
131250      |       -56872.9   |       -56626.5   |       -246.398   |   68:03:00   |   346:43:51   |
131300      |       -56910.5   |       -56630.7   |        -279.74   |   68:04:28   |   346:41:50   |
131350      |       -56866.1   |       -56616.8   |       -249.329   |   68:05:57   |   346:39:55   |
131400      |       -56904.6   |       -56623.3   |       -281.304   |   68:07:28   |   346:38:10   |
131450      |       -56846.3   |       -56626.5   |       -219.757   |   68:08:59   |   346:36:25   |
131500      |       -56818.5   |       -56624.5   |       -194.032   |   68:10:34   |   346:35:00   |
131550      |       -56852.1   |       -56637.4   |       -214.778   |   68:12:02   |   346:33:00   |
131600      |       -56834.9   |       -56629.2   |       -205.682   |   68:13:37   |   346:31:35   |
131650      |       -56836.8   |       -56616.3   |       -220.494   |   68:15:08   |   346:29:50   |
131700      |       -56907.9   |       -56616.8   |       -291.063   |   68:16:38   |   346:28:00   |
131750      |       -56897.2   |         -56627   |        -270.23   |   68:18:13   |   346:26:35   |
131800      |       -56846.7   |       -56619.9   |        -226.72   |   68:19:45   |   346:24:55   |
131850      |       -56864.4   |       -56621.2   |       -243.162   |   68:21:12   |   346:22:50   |
131900      |       -56853.9   |       -56625.8   |       -228.015   |   68:22:38   |   346:20:39   |
131950      |       -56869.9   |       -56636.5   |       -233.402   |   68:24:07   |   346:18:44   |


Iter        |      Posterior   |     Likelihood   |          Prior   |    elapsed   |        ETA   |
----------------------------------------------------------------------------------------------------
132000      |       -56909.8   |         -56632   |       -277.758   |   68:25:39   |   346:17:04   |
132050      |       -56854.4   |       -56613.2   |       -241.222   |   68:27:12   |   346:15:29   |
132100      |       -56889.4   |       -56631.8   |       -257.572   |   68:28:48   |   346:14:10   |
132150      |       -56884.5   |       -56609.8   |       -274.706   |   68:30:23   |   346:12:45   |
132200      |       -56895.8   |       -56624.3   |       -271.461   |   68:32:01   |   346:11:35   |
132250      |       -56851.4   |       -56614.9   |       -236.454   |   68:33:39   |   346:10:25   |
132300      |       -56891.9   |       -56622.8   |       -269.123   |   68:35:10   |   346:08:40   |
132350      |       -56960.4   |       -56626.8   |       -333.583   |   68:36:39   |   346:06:45   |
132400      |       -56855.5   |         -56622   |       -233.532   |   68:38:09   |   346:04:55   |
132450      |       -56848.8   |       -56624.4   |       -224.439   |   68:39:38   |   346:03:00   |
132500      |       -56890.9   |       -56622.8   |        -268.03   |   68:41:09   |   346:01:15   |
132550      |       -56855.2   |       -56633.3   |        -221.85   |   68:42:39   |   345:59:25   |
132600      |       -56918.6   |       -56633.7   |       -284.949   |   68:44:10   |   345:57:41   |
132650      |       -56853.1   |       -56631.7   |       -221.334   |   68:45:44   |   345:56:11   |
132700      |       -56900.7   |       -56637.6   |       -263.093   |   68:47:18   |   345:54:41   |
132750      |       -56836.7   |       -56640.1   |       -196.622   |   68:48:51   |   345:53:06   |
132800      |       -56855.7   |       -56624.8   |       -230.882   |   68:50:26   |   345:51:41   |
132850      |       -56842.7   |       -56635.7   |       -207.041   |   68:52:01   |   345:50:16   |
132900      |         -56872   |       -56633.8   |       -238.153   |   68:53:34   |   345:48:42   |
132950      |       -56835.2   |       -56631.4   |       -203.846   |   68:55:04   |   345:46:52   |


Iter        |      Posterior   |     Likelihood   |          Prior   |    elapsed   |        ETA   |
----------------------------------------------------------------------------------------------------
133000      |       -56869.3   |       -56637.9   |       -231.434   |   68:56:38   |   345:45:22   |
133050      |       -56858.5   |       -56643.1   |        -215.38   |   68:58:16   |   345:44:12   |
133100      |       -56836.7   |       -56616.5   |       -220.123   |   68:59:50   |   345:42:42   |
133150      |       -56903.2   |         -56649   |       -254.246   |   69:01:23   |   345:41:07   |
133200      |       -56863.7   |       -56634.2   |       -229.573   |   69:02:54   |   345:39:22   |
133250      |       -56876.1   |       -56639.8   |       -236.271   |   69:04:31   |   345:38:08   |
133300      |       -56866.6   |         -56636   |       -230.603   |   69:06:10   |   345:37:03   |
133350      |       -56887.3   |       -56634.5   |       -252.837   |   69:07:47   |   345:35:48   |
133400      |       -56860.4   |       -56632.2   |       -228.242   |   69:09:23   |   345:34:28   |
133450      |       -56864.8   |       -56629.6   |       -235.205   |   69:11:02   |   345:33:23   |
133500      |       -56880.2   |       -56623.9   |       -256.294   |   69:12:40   |   345:32:13   |
133550      |       -56880.2   |       -56634.1   |       -246.071   |   69:14:16   |   345:30:53   |
133600      |       -56898.1   |       -56630.3   |       -267.768   |   69:15:57   |   345:29:58   |
133650      |       -56866.3   |       -56622.1   |       -244.168   |   69:17:37   |   345:28:58   |
133700      |       -56857.2   |       -56630.7   |       -226.565   |   69:19:21   |   345:28:18   |
133750      |       -56879.4   |       -56636.5   |       -242.877   |   69:21:01   |   345:27:18   |
133800      |       -56843.2   |       -56629.3   |       -213.923   |   69:22:40   |   345:26:13   |
133850      |       -56855.3   |       -56624.5   |        -230.84   |   69:24:18   |   345:25:03   |
133900      |       -56886.5   |       -56644.1   |       -242.336   |   69:25:51   |   345:23:28   |
133950      |       -56866.1   |       -56634.6   |       -231.434   |   69:27:27   |   345:22:08   |


Iter        |      Posterior   |     Likelihood   |          Prior   |    elapsed   |        ETA   |
----------------------------------------------------------------------------------------------------
134000      |         -56906   |       -56625.2   |       -280.792   |   69:29:02   |   345:20:43   |
134050      |       -56847.5   |       -56621.3   |       -226.239   |   69:30:36   |   345:19:13   |
134100      |       -56870.2   |       -56615.9   |       -254.259   |   69:32:13   |   345:17:57   |
134150      |       -56863.2   |       -56629.1   |       -234.084   |   69:33:52   |   345:16:52   |
134200      |       -56859.8   |       -56621.3   |       -238.449   |   69:35:32   |   345:15:52   |
134250      |         -56880   |       -56628.3   |       -251.674   |   69:37:11   |   345:14:47   |
134300      |         -56856   |       -56626.6   |       -229.317   |   69:38:48   |   345:13:31   |
134350      |       -56866.2   |       -56614.9   |       -251.295   |   69:40:23   |   345:12:06   |
134400      |       -56883.6   |       -56628.8   |       -254.813   |   69:42:01   |   345:10:56   |
134450      |       -56867.9   |       -56617.1   |       -250.743   |   69:43:39   |   345:09:46   |
134500      |         -56903   |       -56622.2   |       -280.833   |   69:45:16   |   345:08:30   |
134550      |       -56882.6   |       -56638.8   |        -243.88   |   69:46:51   |   345:07:05   |
134600      |       -56876.4   |       -56620.6   |       -255.728   |   69:48:25   |   345:05:35   |
134650      |       -56874.9   |       -56630.4   |       -244.505   |   69:50:02   |   345:04:20   |
134700      |         -56855   |       -56630.4   |       -224.592   |   69:51:39   |   345:03:04   |
134750      |       -56871.8   |       -56625.2   |       -246.608   |   69:53:15   |   345:01:44   |
134800      |       -56838.6   |         -56630   |       -208.528   |   69:54:47   |   345:00:04   |
134850      |       -56872.9   |       -56632.2   |       -240.638   |   69:56:18   |   344:58:19   |
134900      |       -56883.5   |       -56633.4   |       -250.062   |   69:57:49   |   344:56:34   |
134950      |       -56853.6   |       -56612.6   |       -241.068   |   69:59:21   |   344:54:54   |


Iter        |      Posterior   |     Likelihood   |          Prior   |    elapsed   |        ETA   |
----------------------------------------------------------------------------------------------------
135000      |       -56908.3   |       -56634.9   |       -273.438   |   70:00:59   |   344:53:43   |
135050      |       -56886.6   |       -56639.4   |       -247.211   |   70:02:37   |   344:52:33   |
135100      |       -56853.2   |       -56625.6   |       -227.578   |   70:04:14   |   344:51:18   |
135150      |       -56850.7   |         -56624   |       -226.709   |   70:05:47   |   344:49:42   |
135200      |       -56841.7   |       -56635.4   |       -206.341   |   70:07:20   |   344:48:07   |
135250      |       -56852.9   |       -56634.8   |       -218.077   |   70:08:56   |   344:46:47   |
135300      |       -56861.9   |       -56632.6   |       -229.262   |   70:10:30   |   344:45:17   |
135350      |       -56859.2   |         -56621   |        -238.26   |   70:11:59   |   344:43:22   |
135400      |       -56868.8   |       -56625.1   |       -243.718   |   70:13:31   |   344:41:42   |
135450      |       -56832.6   |       -56626.5   |       -206.108   |   70:15:01   |   344:39:52   |
135500      |       -56862.7   |       -56624.5   |       -238.123   |   70:16:33   |   344:38:12   |
135550      |       -56880.6   |       -56633.9   |       -246.624   |   70:18:12   |   344:37:06   |
135600      |       -56862.4   |       -56624.1   |       -238.261   |   70:19:49   |   344:35:51   |
135650      |       -56881.9   |       -56626.3   |       -255.584   |   70:21:28   |   344:34:45   |
135700      |       -56843.4   |       -56619.2   |       -224.191   |   70:23:03   |   344:33:20   |
135750      |       -56876.9   |       -56623.7   |       -253.212   |   70:24:38   |   344:31:55   |
135800      |       -56864.8   |       -56628.6   |       -236.232   |   70:26:10   |   344:30:14   |
135850      |       -56866.4   |       -56611.2   |       -255.198   |   70:27:41   |   344:28:30   |
135900      |       -56899.8   |         -56650   |       -249.753   |   70:29:14   |   344:26:54   |
135950      |       -56848.3   |       -56615.3   |        -232.97   |   70:30:47   |   344:25:19   |


Iter        |      Posterior   |     Likelihood   |          Prior   |    elapsed   |        ETA   |
----------------------------------------------------------------------------------------------------
136000      |       -56870.8   |         -56636   |       -234.771   |   70:32:18   |   344:23:34   |
136050      |       -56873.6   |       -56620.9   |       -252.757   |   70:33:49   |   344:21:50   |
136100      |       -56880.7   |       -56637.9   |       -242.824   |   70:35:21   |   344:20:10   |
136150      |       -56894.9   |       -56622.5   |        -272.38   |   70:36:56   |   344:18:44   |
136200      |       -56865.4   |       -56615.3   |       -250.142   |   70:38:32   |   344:17:24   |
136250      |       -56862.3   |       -56620.2   |       -242.118   |   70:40:07   |   344:15:58   |
136300      |       -56908.1   |       -56625.3   |       -282.771   |   70:41:41   |   344:14:28   |
136350      |       -56874.2   |       -56636.2   |        -238.02   |   70:43:13   |   344:12:48   |
136400      |       -56890.8   |       -56635.1   |       -255.675   |   70:44:47   |   344:11:18   |
136450      |       -56879.7   |       -56643.3   |       -236.411   |   70:46:19   |   344:09:38   |
136500      |       -56884.6   |       -56639.6   |       -245.003   |   70:47:48   |   344:07:43   |
136550      |       -56837.7   |       -56627.4   |       -210.309   |   70:49:21   |   344:06:08   |
136600      |       -56864.5   |       -56629.1   |       -235.397   |   70:50:56   |   344:04:43   |
136650      |       -56873.3   |       -56626.1   |       -247.165   |   70:52:39   |   344:03:56   |
136700      |       -56871.2   |       -56620.5   |       -250.649   |   70:54:14   |   344:02:31   |
136750      |       -56816.5   |       -56601.7   |       -214.749   |   70:55:43   |   344:00:36   |
136800      |       -56890.3   |         -56606   |       -284.266   |   70:57:17   |   343:59:06   |
136850      |       -56868.7   |       -56634.7   |       -234.015   |   70:58:53   |   343:57:46   |
136900      |       -56899.5   |       -56624.9   |       -274.546   |   71:00:27   |   343:56:15   |
136950      |       -56915.4   |       -56625.4   |       -290.018   |   71:02:00   |   343:54:40   |


Iter        |      Posterior   |     Likelihood   |          Prior   |    elapsed   |        ETA   |
----------------------------------------------------------------------------------------------------
137000      |       -56903.9   |       -56647.3   |       -256.561   |   71:03:35   |   343:53:15   |
137050      |       -56900.6   |       -56644.7   |        -255.91   |   71:05:12   |   343:51:59   |
137100      |       -56846.1   |       -56628.3   |       -217.815   |   71:06:47   |   343:50:33   |
137150      |         -56840   |       -56638.1   |       -201.937   |   71:08:17   |   343:48:44   |
137200      |       -56868.7   |       -56631.9   |       -236.788   |   71:09:46   |   343:46:49   |
137250      |       -56894.3   |       -56623.6   |       -270.725   |   71:11:17   |   343:45:05   |
137300      |       -56880.9   |       -56627.1   |       -253.812   |   71:12:50   |   343:43:30   |
137350      |       -56860.5   |       -56630.9   |       -229.524   |   71:14:23   |   343:41:54   |
137400      |         -56880   |       -56622.9   |       -257.134   |   71:15:58   |   343:40:29   |
137450      |       -56892.5   |       -56632.9   |        -259.57   |   71:17:31   |   343:38:54   |
137500      |       -56872.6   |       -56629.5   |       -243.059   |   71:19:06   |   343:37:28   |
137550      |       -56926.2   |       -56617.8   |       -308.456   |   71:20:40   |   343:35:58   |
137600      |       -56885.2   |       -56620.2   |       -265.019   |   71:22:10   |   343:34:09   |
137650      |       -56868.7   |       -56624.3   |       -244.388   |   71:23:39   |   343:32:14   |
137700      |         -56866   |         -56618   |       -248.063   |   71:25:10   |   343:30:30   |
137750      |       -56910.4   |       -56654.4   |        -256.03   |   71:26:43   |   343:28:54   |
137800      |       -56853.7   |       -56630.5   |       -223.277   |   71:28:18   |   343:27:29   |
137850      |       -56868.9   |       -56615.6   |       -253.359   |   71:29:50   |   343:25:49   |
137900      |       -56874.3   |       -56632.1   |       -242.129   |   71:31:18   |   343:23:50   |
137950      |       -56907.1   |       -56632.1   |       -275.031   |   71:32:47   |   343:21:56   |


Iter        |      Posterior   |     Likelihood   |          Prior   |    elapsed   |        ETA   |
----------------------------------------------------------------------------------------------------
138000      |       -56883.5   |       -56624.6   |        -258.86   |   71:34:20   |   343:20:21   |
138050      |       -56885.7   |       -56621.6   |       -264.129   |   71:35:58   |   343:19:10   |
138100      |       -56938.2   |       -56630.7   |       -307.543   |   71:37:31   |   343:17:35   |
138150      |       -56884.6   |       -56625.8   |       -258.864   |   71:39:07   |   343:16:14   |
138200      |         -56914   |       -56629.1   |       -284.934   |   71:40:45   |   343:15:03   |
138250      |       -56866.3   |       -56626.4   |       -239.961   |   71:42:16   |   343:13:18   |
138300      |       -56910.2   |       -56620.2   |       -289.995   |   71:43:49   |   343:11:43   |
138350      |       -56891.3   |       -56637.3   |       -254.021   |   71:45:26   |   343:10:27   |
138400      |       -56885.1   |       -56632.1   |       -253.007   |   71:47:04   |   343:09:16   |
138450      |       -56868.3   |       -56630.6   |       -237.778   |   71:48:42   |   343:08:05   |
138500      |       -56902.9   |       -56622.2   |       -280.674   |   71:50:21   |   343:06:58   |
138550      |       -56868.6   |       -56632.7   |       -235.852   |   71:51:57   |   343:05:37   |
138600      |       -56900.5   |       -56616.9   |       -283.585   |   71:53:29   |   343:03:58   |
138650      |       -56888.3   |       -56630.8   |       -257.513   |   71:55:01   |   343:02:18   |
138700      |       -56889.2   |       -56633.4   |       -255.812   |   71:56:35   |   343:00:47   |
138750      |       -56899.2   |       -56619.1   |       -280.113   |   71:58:08   |   342:59:12   |
138800      |       -56854.9   |       -56627.2   |       -227.736   |   71:59:45   |   342:57:56   |
138850      |       -56890.6   |       -56625.4   |       -265.171   |   72:01:20   |   342:56:31   |
138900      |       -56899.6   |       -56622.1   |       -277.514   |   72:02:56   |   342:55:10   |
138950      |       -56877.8   |       -56621.7   |        -256.03   |   72:04:38   |   342:54:17   |


Iter        |      Posterior   |     Likelihood   |          Prior   |    elapsed   |        ETA   |
----------------------------------------------------------------------------------------------------
139000      |       -56847.1   |       -56614.9   |       -232.163   |   72:06:15   |   342:53:01   |
139050      |         -56874   |       -56631.3   |       -242.719   |   72:07:52   |   342:51:45   |
139100      |       -56869.8   |       -56621.3   |       -248.588   |   72:09:32   |   342:50:43   |
139150      |       -56913.6   |       -56629.3   |       -284.338   |   72:11:15   |   342:49:56   |
139200      |       -56861.1   |       -56631.2   |       -229.882   |   72:12:52   |   342:48:39   |
139250      |       -56869.3   |       -56620.9   |       -248.407   |   72:14:25   |   342:47:04   |
139300      |       -56881.7   |       -56625.1   |       -256.632   |   72:16:02   |   342:45:48   |
139350      |       -56873.2   |       -56628.3   |       -244.886   |   72:17:40   |   342:44:37   |
139400      |       -56875.5   |       -56609.5   |        -266.01   |   72:19:16   |   342:43:16   |
139450      |       -56869.6   |       -56635.9   |        -233.74   |   72:20:45   |   342:41:21   |
139500      |       -56850.4   |       -56628.4   |        -221.98   |   72:22:17   |   342:39:41   |
139550      |       -56875.2   |       -56634.1   |       -241.181   |   72:23:49   |   342:38:02   |
139600      |       -56886.7   |       -56639.6   |       -247.135   |   72:25:23   |   342:36:31   |
139650      |       -56864.9   |         -56619   |       -245.821   |   72:27:00   |   342:35:15   |
139700      |       -56831.1   |       -56624.2   |       -206.993   |   72:28:30   |   342:33:25   |
139750      |       -56823.3   |       -56635.4   |       -187.963   |   72:30:05   |   342:32:00   |
139800      |       -56900.4   |       -56639.8   |       -260.572   |   72:31:41   |   342:30:39   |
139850      |       -56851.8   |         -56627   |       -224.848   |   72:33:10   |   342:28:45   |
139900      |       -56902.4   |       -56626.4   |       -276.061   |   72:34:43   |   342:27:09   |
139950      |       -56893.3   |       -56642.6   |       -250.748   |   72:36:17   |   342:25:39   |


Iter        |      Posterior   |     Likelihood   |          Prior   |    elapsed   |        ETA   |
----------------------------------------------------------------------------------------------------
140000      |       -56896.3   |       -56640.8   |        -255.48   |   72:37:49   |   342:23:59   |
140050      |       -56924.3   |       -56629.7   |       -294.606   |   72:39:22   |   342:22:24   |
140100      |       -56864.6   |       -56639.4   |       -225.272   |   72:40:51   |   342:20:30   |
140150      |       -56909.7   |       -56624.1   |       -285.603   |   72:42:20   |   342:18:36   |
140200      |       -56900.9   |       -56631.9   |       -269.069   |   72:43:52   |   342:16:56   |
140250      |       -56867.7   |       -56629.8   |       -237.831   |   72:45:15   |   342:14:34   |
140300      |       -56890.7   |       -56628.1   |       -262.612   |   72:46:45   |   342:12:45   |
140350      |       -56873.3   |       -56633.3   |        -239.95   |   72:48:16   |   342:11:00   |
140400      |       -56876.8   |       -56627.3   |       -249.481   |   72:49:51   |   342:09:34   |
140450      |         -56879   |       -56631.4   |       -247.561   |   72:51:28   |   342:08:18   |
140500      |       -56846.2   |       -56629.9   |       -216.286   |   72:53:06   |   342:07:06   |
140550      |       -56899.1   |       -56654.5   |       -244.576   |   72:54:43   |   342:05:50   |
140600      |       -56881.5   |       -56636.4   |       -245.039   |   72:56:19   |   342:04:29   |
140650      |       -56857.2   |       -56624.8   |       -232.315   |   72:57:57   |   342:03:17   |
140700      |       -56855.4   |       -56629.8   |       -225.593   |   72:59:35   |   342:02:05   |
140750      |       -56918.3   |       -56627.2   |       -291.137   |   73:01:13   |   342:00:54   |
140800      |       -56869.7   |       -56631.7   |       -237.985   |   73:02:51   |   341:59:42   |
140850      |       -56840.8   |       -56628.2   |       -212.598   |   73:04:29   |   341:58:30   |
140900      |       -56831.6   |       -56617.3   |       -214.369   |   73:06:11   |   341:57:37   |
140950      |       -56862.1   |       -56625.9   |       -236.141   |   73:07:49   |   341:56:25   |


Iter        |      Posterior   |     Likelihood   |          Prior   |    elapsed   |        ETA   |
----------------------------------------------------------------------------------------------------
141000      |         -56887   |       -56633.7   |       -253.327   |   73:09:19   |   341:54:36   |
141050      |       -56881.1   |       -56636.5   |       -244.585   |   73:10:53   |   341:53:05   |
141100      |       -56867.4   |       -56618.3   |       -249.108   |   73:12:28   |   341:51:40   |
141150      |       -56897.1   |       -56631.6   |       -265.529   |   73:14:01   |   341:50:04   |
141200      |       -56859.1   |       -56638.7   |        -220.46   |   73:15:33   |   341:48:24   |
141250      |       -56855.2   |       -56622.6   |       -232.619   |   73:17:05   |   341:46:45   |
141300      |       -56828.9   |         -56614   |       -214.897   |   73:18:40   |   341:45:19   |
141350      |       -56849.3   |       -56637.5   |       -211.838   |   73:20:15   |   341:43:53   |
141400      |       -56853.5   |       -56618.3   |       -235.175   |   73:21:45   |   341:42:04   |
141450      |       -56813.1   |       -56617.3   |       -195.813   |   73:23:20   |   341:40:38   |
141500      |       -56860.9   |       -56629.5   |       -231.378   |   73:24:54   |   341:39:07   |
141550      |       -56834.7   |       -56615.2   |       -219.546   |   73:26:29   |   341:37:41   |
141600      |       -56915.1   |       -56633.9   |       -281.197   |   73:28:02   |   341:36:06   |
141650      |       -56872.3   |       -56626.1   |       -246.204   |   73:29:32   |   341:34:17   |
141700      |       -56902.5   |       -56621.4   |       -281.128   |   73:31:00   |   341:32:19   |
141750      |       -56821.3   |       -56627.9   |       -193.418   |   73:32:28   |   341:30:20   |
141800      |       -56888.7   |       -56620.9   |       -267.844   |   73:34:01   |   341:28:45   |
141850      |         -56844   |       -56609.5   |       -234.568   |   73:35:37   |   341:27:24   |
141900      |       -56870.8   |       -56618.9   |       -251.887   |   73:37:12   |   341:25:58   |
141950      |       -56905.5   |       -56622.9   |       -282.618   |   73:38:50   |   341:24:46   |


Iter        |      Posterior   |     Likelihood   |          Prior   |    elapsed   |        ETA   |
----------------------------------------------------------------------------------------------------
142000      |       -56867.1   |       -56606.8   |       -260.327   |   73:40:28   |   341:23:34   |
142050      |       -56892.7   |       -56624.5   |       -268.209   |   73:42:02   |   341:22:03   |
142100      |       -56871.9   |       -56623.3   |       -248.574   |   73:43:36   |   341:20:33   |
142150      |       -56857.6   |       -56612.7   |       -244.862   |   73:45:13   |   341:19:16   |
142200      |       -56863.8   |         -56616   |       -247.815   |   73:46:46   |   341:17:41   |
142250      |       -56848.6   |       -56618.2   |       -230.367   |   73:48:22   |   341:16:19   |
142300      |       -56863.8   |       -56608.7   |       -255.129   |   73:49:54   |   341:14:40   |
142350      |       -56860.6   |       -56615.8   |       -244.753   |   73:51:30   |   341:13:18   |
142400      |       -56884.7   |       -56629.2   |       -255.522   |   73:53:08   |   341:12:06   |
142450      |       -56833.3   |       -56608.1   |       -225.174   |   73:54:43   |   341:10:40   |
142500      |       -56860.7   |       -56614.7   |       -246.015   |   73:56:15   |   341:09:00   |
142550      |         -56844   |       -56622.9   |       -221.068   |   73:57:51   |   341:07:39   |
142600      |       -56854.9   |       -56606.8   |       -248.084   |   73:59:25   |   341:06:08   |
142650      |       -56879.7   |       -56624.5   |       -255.174   |   74:01:01   |   341:04:47   |
142700      |       -56873.2   |       -56613.2   |       -260.014   |   74:02:36   |   341:03:21   |
142750      |       -56831.8   |       -56613.4   |       -218.385   |   74:04:12   |   341:01:59   |
142800      |       -56868.5   |       -56611.2   |       -257.301   |   74:05:49   |   341:00:43   |
142850      |       -56854.1   |       -56608.9   |       -245.166   |   74:07:26   |   340:59:26   |
142900      |       -56817.5   |       -56598.4   |       -219.176   |   74:09:01   |   340:58:00   |
142950      |       -56856.8   |       -56611.5   |       -245.366   |   74:10:37   |   340:56:38   |


Iter        |      Posterior   |     Likelihood   |          Prior   |    elapsed   |        ETA   |
----------------------------------------------------------------------------------------------------
143000      |       -56847.9   |       -56619.5   |       -228.466   |   74:12:12   |   340:55:12   |
143050      |       -56824.7   |       -56612.4   |       -212.216   |   74:13:47   |   340:53:46   |
143100      |       -56869.3   |       -56612.5   |       -256.858   |   74:15:21   |   340:52:16   |
143150      |       -56888.5   |         -56620   |       -268.496   |   74:16:52   |   340:50:31   |
143200      |       -56831.6   |       -56625.5   |       -206.146   |   74:18:24   |   340:48:51   |
143250      |         -56838   |       -56611.3   |       -226.752   |   74:19:58   |   340:47:21   |
143300      |       -56854.3   |       -56612.4   |       -241.855   |   74:21:28   |   340:45:32   |
143350      |       -56834.3   |       -56630.8   |       -203.496   |   74:23:00   |   340:43:52   |
143400      |       -56859.3   |         -56614   |        -245.33   |   74:24:32   |   340:42:12   |
143450      |       -56842.8   |       -56612.4   |       -230.334   |   74:26:04   |   340:40:32   |
143500      |       -56820.5   |       -56612.2   |       -208.323   |   74:27:38   |   340:39:02   |
143550      |         -56853   |         -56614   |       -238.931   |   74:29:11   |   340:37:26   |
143600      |       -56871.3   |         -56608   |       -263.278   |   74:30:44   |   340:35:51   |
143650      |       -56911.6   |       -56608.3   |       -303.308   |   74:32:16   |   340:34:11   |
143700      |         -56864   |       -56604.6   |       -259.427   |   74:33:52   |   340:32:50   |
143750      |       -56863.9   |         -56617   |       -246.975   |   74:35:23   |   340:31:05   |
143800      |       -56852.1   |       -56609.4   |         -242.7   |   74:36:55   |   340:29:26   |
143850      |       -56855.5   |       -56604.4   |       -251.031   |   74:38:31   |   340:28:04   |
143900      |       -56929.4   |       -56623.7   |       -305.763   |   74:40:06   |   340:26:38   |
143950      |         -56853   |       -56612.1   |       -240.954   |   74:41:39   |   340:25:03   |


Iter        |      Posterior   |     Likelihood   |          Prior   |    elapsed   |        ETA   |
----------------------------------------------------------------------------------------------------
144000      |       -56858.8   |       -56602.3   |       -256.498   |   74:43:08   |   340:23:09   |
144050      |       -56829.3   |       -56589.4   |       -239.883   |   74:44:39   |   340:21:25   |
144100      |       -56879.7   |         -56610   |        -269.75   |   74:46:10   |   340:19:41   |
144150      |       -56850.1   |       -56607.8   |       -242.313   |   74:47:43   |   340:18:05   |
144200      |       -56880.7   |       -56611.2   |        -269.49   |   74:49:17   |   340:16:35   |
144250      |       -56868.4   |       -56621.8   |       -246.602   |   74:50:48   |   340:14:50   |
144300      |       -56861.5   |       -56625.4   |       -236.041   |   74:52:25   |   340:13:33   |
144350      |         -56892   |       -56629.3   |       -262.737   |   74:54:03   |   340:12:21   |
144400      |       -56887.3   |       -56619.6   |       -267.753   |   74:55:35   |   340:10:41   |
144450      |       -56860.4   |       -56610.8   |         -249.6   |   74:57:08   |   340:09:06   |
144500      |       -56832.5   |       -56608.8   |       -223.619   |   74:58:42   |   340:07:35   |
144550      |       -56849.9   |         -56623   |       -226.956   |   75:00:16   |   340:06:05   |
144600      |       -56881.6   |       -56607.4   |       -274.236   |   75:01:51   |   340:04:39   |
144650      |       -56895.2   |       -56624.6   |       -270.655   |   75:03:24   |   340:03:03   |
144700      |       -56908.4   |         -56629   |       -279.336   |   75:04:57   |   340:01:28   |
144750      |       -56841.5   |       -56608.6   |       -232.903   |   75:06:29   |   339:59:48   |
144800      |       -56888.7   |       -56624.2   |       -264.431   |   75:07:57   |   339:57:51   |
144850      |       -56895.7   |       -56621.1   |       -274.569   |   75:09:25   |   339:55:53   |
144900      |       -56910.2   |       -56643.3   |       -266.919   |   75:10:54   |   339:53:59   |
144950      |       -56902.6   |       -56622.3   |       -280.359   |   75:12:24   |   339:52:11   |


Iter        |      Posterior   |     Likelihood   |          Prior   |    elapsed   |        ETA   |
----------------------------------------------------------------------------------------------------
145000      |       -56902.8   |       -56627.8   |       -274.982   |   75:13:55   |   339:50:27   |
145050      |       -56907.7   |       -56619.7   |       -287.972   |   75:15:27   |   339:48:47   |
145100      |       -56879.9   |       -56617.7   |       -262.222   |   75:17:01   |   339:47:16   |
145150      |       -56886.3   |         -56616   |       -270.296   |   75:18:32   |   339:45:32   |
145200      |       -56879.6   |       -56625.1   |       -254.514   |   75:20:06   |   339:44:01   |
145250      |       -56877.6   |       -56639.5   |       -238.109   |   75:21:35   |   339:42:08   |
145300      |       -56906.5   |       -56634.6   |       -271.928   |   75:23:09   |   339:40:38   |
145350      |       -56831.6   |       -56621.8   |       -209.741   |   75:24:41   |   339:38:58   |
145400      |       -56859.9   |       -56629.2   |       -230.717   |   75:26:09   |   339:37:00   |
145450      |       -56889.5   |       -56621.5   |        -267.99   |   75:27:40   |   339:35:16   |
145500      |       -56854.7   |       -56616.8   |       -237.912   |   75:29:12   |   339:33:37   |
145550      |       -56830.1   |         -56607   |       -223.089   |   75:30:43   |   339:31:52   |
145600      |       -56871.5   |       -56616.3   |       -255.257   |   75:32:14   |   339:30:08   |
145650      |       -56878.6   |       -56619.8   |       -258.804   |   75:33:44   |   339:28:20   |
145700      |       -56877.2   |         -56632   |       -245.215   |   75:35:20   |   339:26:58   |
145750      |       -56881.1   |       -56624.6   |       -256.538   |   75:36:58   |   339:25:45   |
145800      |       -56916.9   |         -56625   |       -291.891   |   75:38:29   |   339:24:01   |
145850      |       -56864.7   |       -56633.4   |       -231.264   |   75:40:01   |   339:22:22   |
145900      |       -56853.4   |       -56614.7   |       -238.656   |   75:41:35   |   339:20:51   |
145950      |       -56858.3   |       -56616.9   |       -241.428   |   75:43:11   |   339:19:30   |


Iter        |      Posterior   |     Likelihood   |          Prior   |    elapsed   |        ETA   |
----------------------------------------------------------------------------------------------------
146000      |       -56839.9   |       -56624.5   |       -215.417   |   75:44:46   |   339:18:03   |
146050      |       -56887.4   |       -56614.4   |       -273.016   |   75:46:20   |   339:16:33   |
146100      |       -56896.6   |       -56621.4   |       -275.227   |   75:47:54   |   339:15:02   |
146150      |       -56859.5   |       -56613.3   |       -246.131   |   75:49:28   |   339:13:31   |
146200      |       -56871.8   |       -56611.6   |       -260.267   |   75:51:01   |   339:11:56   |
146250      |       -56867.6   |       -56618.9   |       -248.763   |   75:52:35   |   339:10:26   |
146300      |       -56865.1   |       -56617.7   |       -247.322   |   75:54:09   |   339:08:55   |
146350      |       -56846.2   |       -56622.4   |       -223.871   |   75:55:46   |   339:07:38   |
146400      |       -56883.4   |         -56621   |       -262.344   |   75:57:21   |   339:06:12   |
146450      |         -56877   |       -56619.9   |       -257.068   |   75:58:59   |   339:04:59   |
146500      |       -56861.2   |       -56622.7   |       -238.451   |   76:00:38   |   339:03:50   |
146550      |       -56845.7   |       -56625.2   |       -220.513   |   76:02:11   |   339:02:15   |
146600      |       -56849.2   |       -56623.3   |        -225.93   |   76:03:45   |   339:00:45   |
146650      |       -56842.7   |       -56616.1   |        -226.62   |   76:05:16   |   338:59:01   |
146700      |         -56910   |       -56634.3   |       -275.724   |   76:06:48   |   338:57:21   |
146750      |       -56853.9   |       -56623.1   |       -230.793   |   76:08:20   |   338:55:41   |
146800      |       -56845.3   |       -56618.7   |       -226.656   |   76:09:53   |   338:54:06   |
146850      |       -56903.3   |       -56624.1   |       -279.283   |   76:11:27   |   338:52:36   |
146900      |       -56902.3   |         -56628   |       -274.327   |   76:13:01   |   338:51:05   |
146950      |       -56880.2   |       -56619.6   |       -260.599   |   76:14:38   |   338:49:48   |


Iter        |      Posterior   |     Likelihood   |          Prior   |    elapsed   |        ETA   |
----------------------------------------------------------------------------------------------------
147000      |       -56899.1   |       -56620.2   |       -278.933   |   76:16:14   |   338:48:26   |
147050      |       -56852.3   |       -56621.1   |       -231.185   |   76:17:49   |   338:47:00   |
147100      |       -56870.3   |       -56605.8   |        -264.43   |   76:19:18   |   338:45:07   |
147150      |       -56906.4   |       -56625.1   |       -281.249   |   76:20:49   |   338:43:23   |
147200      |       -56858.1   |       -56610.8   |       -247.377   |   76:22:18   |   338:41:30   |
147250      |       -56825.3   |       -56611.3   |       -214.021   |   76:23:48   |   338:39:41   |
147300      |       -56855.5   |       -56622.1   |       -233.321   |   76:25:20   |   338:38:02   |
147350      |       -56865.4   |       -56611.8   |       -253.629   |   76:26:51   |   338:36:18   |
147400      |       -56811.8   |       -56600.5   |       -211.296   |   76:28:25   |   338:34:47   |
147450      |       -56828.3   |       -56620.9   |       -207.483   |   76:29:56   |   338:33:03   |
147500      |       -56851.8   |       -56617.4   |       -234.384   |   76:31:24   |   338:31:06   |
147550      |       -56822.7   |       -56622.9   |       -199.726   |   76:32:59   |   338:29:40   |
147600      |       -56865.7   |       -56617.2   |       -248.441   |   76:34:32   |   338:28:05   |
147650      |       -56875.1   |       -56617.9   |       -257.269   |   76:36:05   |   338:26:30   |
147700      |         -56870   |       -56608.2   |       -261.853   |   76:37:42   |   338:25:12   |
147750      |       -56874.5   |       -56611.1   |       -263.448   |   76:39:17   |   338:23:46   |
147800      |       -56882.6   |       -56613.1   |       -269.437   |   76:40:55   |   338:22:33   |
147850      |       -56898.5   |       -56606.4   |       -292.085   |   76:42:25   |   338:20:45   |
147900      |         -56878   |       -56617.2   |       -260.748   |   76:43:54   |   338:18:52   |
147950      |       -56898.7   |       -56623.2   |       -275.541   |   76:45:27   |   338:17:17   |


Iter        |      Posterior   |     Likelihood   |          Prior   |    elapsed   |        ETA   |
----------------------------------------------------------------------------------------------------
148000      |       -56912.3   |       -56635.1   |       -277.158   |   76:46:56   |   338:15:24   |
148050      |       -56892.8   |       -56619.4   |       -273.412   |   76:48:20   |   338:13:09   |
148100      |       -56856.1   |       -56623.8   |       -232.229   |   76:49:48   |   338:11:12   |
148150      |       -56911.3   |       -56624.3   |       -286.975   |   76:51:14   |   338:09:06   |
148200      |       -56919.3   |       -56636.5   |       -282.831   |   76:52:47   |   338:07:31   |
148250      |       -56904.9   |       -56617.4   |       -287.549   |   76:54:17   |   338:05:43   |
148300      |       -56916.8   |       -56622.7   |       -294.104   |   76:55:52   |   338:04:17   |
148350      |       -56903.5   |       -56605.6   |       -297.959   |   76:57:25   |   338:02:42   |
148400      |         -56907   |       -56599.3   |       -307.626   |   76:58:56   |   338:00:58   |
148450      |       -56864.8   |       -56601.4   |       -263.376   |   77:00:28   |   337:59:19   |
148500      |       -56900.7   |       -56632.5   |       -268.156   |   77:02:02   |   337:57:48   |
148550      |       -56825.2   |       -56607.6   |       -217.581   |   77:03:37   |   337:56:22   |
148600      |       -56844.3   |       -56620.9   |       -223.422   |   77:05:11   |   337:54:51   |
148650      |       -56889.7   |       -56612.7   |       -277.003   |   77:06:44   |   337:53:16   |
148700      |       -56884.5   |       -56618.4   |       -266.157   |   77:08:19   |   337:51:50   |
148750      |       -56841.5   |       -56612.2   |       -229.286   |   77:09:55   |   337:50:28   |
148800      |       -56857.3   |       -56627.5   |        -229.87   |   77:11:28   |   337:48:53   |
148850      |       -56855.4   |       -56613.9   |        -241.49   |   77:13:04   |   337:47:31   |
148900      |       -56846.7   |       -56608.4   |       -238.291   |   77:14:32   |   337:45:34   |
148950      |       -56860.3   |       -56611.3   |       -249.044   |   77:16:01   |   337:43:42   |


Iter        |      Posterior   |     Likelihood   |          Prior   |    elapsed   |        ETA   |
----------------------------------------------------------------------------------------------------
149000      |       -56893.3   |       -56618.1   |       -275.229   |   77:17:34   |   337:42:07   |
149050      |       -56858.4   |       -56607.9   |       -250.508   |   77:19:10   |   337:40:45   |
149100      |       -56874.2   |       -56615.7   |       -258.557   |   77:20:41   |   337:39:01   |
149150      |       -56887.6   |       -56609.9   |       -277.741   |   77:22:13   |   337:37:22   |
149200      |       -56860.8   |       -56621.2   |       -239.636   |   77:23:45   |   337:35:42   |
149250      |       -56911.1   |         -56627   |       -284.089   |   77:25:15   |   337:33:54   |
149300      |       -56846.6   |       -56615.7   |       -230.905   |   77:26:48   |   337:32:19   |
149350      |       -56911.7   |       -56631.8   |       -279.892   |   77:28:22   |   337:30:49   |
149400      |       -56910.1   |       -56639.1   |       -270.952   |   77:29:55   |   337:29:14   |
149450      |       -56905.9   |       -56632.5   |       -273.374   |   77:31:26   |   337:27:30   |
149500      |       -56845.9   |       -56618.6   |       -227.327   |   77:32:58   |   337:25:51   |
149550      |       -56870.7   |       -56640.6   |       -230.089   |   77:34:33   |   337:24:24   |
149600      |       -56892.1   |       -56640.4   |       -251.733   |   77:36:08   |   337:22:58   |
149650      |       -56839.3   |       -56632.8   |       -206.502   |   77:37:49   |   337:21:58   |
149700      |       -56881.5   |         -56632   |       -249.487   |   77:39:24   |   337:20:31   |
149750      |         -56914   |       -56628.1   |       -285.899   |   77:41:03   |   337:19:23   |
149800      |       -56910.6   |       -56640.5   |       -270.133   |   77:42:44   |   337:18:22   |
149850      |       -56848.4   |       -56620.9   |       -227.568   |   77:44:25   |   337:17:22   |
149900      |       -56893.5   |       -56620.8   |       -272.723   |   77:46:04   |   337:16:13   |
149950      |       -56868.3   |       -56623.7   |       -244.577   |   77:47:41   |   337:14:55   |


Iter        |      Posterior   |     Likelihood   |          Prior   |    elapsed   |        ETA   |
----------------------------------------------------------------------------------------------------
150000      |       -56858.3   |       -56619.8   |        -238.53   |   77:49:14   |   337:13:20   |
150050      |       -56878.4   |       -56621.4   |       -257.014   |   77:50:47   |   337:11:45   |
150100      |       -56884.4   |       -56596.2   |         -288.2   |   77:52:17   |   337:09:57   |
150150      |       -56844.8   |         -56615   |       -229.814   |   77:53:50   |   337:08:22   |
150200      |       -56868.8   |         -56597   |        -271.74   |   77:55:23   |   337:06:47   |
150250      |       -56841.6   |       -56608.7   |       -232.935   |   77:56:57   |   337:05:16   |
150300      |       -56882.7   |       -56613.4   |       -269.286   |   77:58:34   |   337:03:59   |
150350      |       -56872.1   |       -56602.5   |       -269.596   |   78:00:12   |   337:02:45   |
150400      |       -56862.4   |         -56600   |       -262.469   |   78:01:47   |   337:01:19   |
150450      |       -56848.2   |       -56616.7   |       -231.551   |   78:03:23   |   336:59:57   |
150500      |       -56861.8   |         -56606   |        -255.81   |   78:04:56   |   336:58:22   |
150550      |       -56861.3   |       -56606.6   |       -254.677   |   78:06:30   |   336:56:51   |
150600      |       -56889.5   |       -56617.6   |       -271.828   |   78:08:01   |   336:55:07   |
150650      |       -56911.2   |       -56616.5   |       -294.752   |   78:09:32   |   336:53:23   |
150700      |       -56851.4   |       -56610.9   |       -240.463   |   78:11:00   |   336:51:27   |
150750      |       -56838.8   |       -56622.9   |       -215.872   |   78:12:30   |   336:49:39   |
150800      |       -56837.8   |       -56606.7   |       -231.113   |   78:14:00   |   336:47:51   |
150850      |       -56864.9   |       -56608.8   |       -256.114   |   78:15:31   |   336:46:07   |
150900      |       -56833.1   |       -56603.9   |        -229.22   |   78:17:03   |   336:44:28   |
150950      |       -56857.5   |       -56609.9   |        -247.63   |   78:18:31   |   336:42:31   |


Iter        |      Posterior   |     Likelihood   |          Prior   |    elapsed   |        ETA   |
----------------------------------------------------------------------------------------------------
151000      |       -56841.8   |       -56625.1   |       -216.676   |   78:19:59   |   336:40:35   |
151050      |       -56849.6   |       -56617.7   |        -231.91   |   78:21:29   |   336:38:47   |
151100      |       -56819.7   |         -56609   |       -210.702   |   78:23:01   |   336:37:08   |
151150      |       -56850.7   |       -56628.2   |       -222.436   |   78:24:33   |   336:35:28   |
151200      |       -56821.8   |       -56608.6   |       -213.247   |   78:26:06   |   336:33:54   |
151250      |       -56852.8   |       -56622.7   |        -230.07   |   78:27:39   |   336:32:19   |
151300      |         -56856   |       -56621.2   |       -234.834   |   78:29:13   |   336:30:48   |
151350      |       -56902.3   |       -56609.4   |        -292.87   |   78:30:45   |   336:29:09   |
151400      |       -56888.4   |       -56612.2   |       -276.232   |   78:32:21   |   336:27:46   |
151450      |       -56911.2   |         -56626   |       -285.178   |   78:33:54   |   336:26:11   |
151500      |       -56948.8   |       -56628.9   |       -319.917   |   78:35:27   |   336:24:36   |
151550      |       -56897.4   |       -56620.1   |       -277.317   |   78:37:02   |   336:23:10   |
151600      |       -56869.6   |       -56619.4   |       -250.189   |   78:38:39   |   336:21:52   |
151650      |       -56870.7   |       -56617.6   |       -253.133   |   78:40:13   |   336:20:21   |
151700      |       -56821.5   |       -56629.5   |       -191.914   |   78:41:47   |   336:18:51   |
151750      |       -56810.3   |       -56604.5   |       -205.738   |   78:43:20   |   336:17:16   |
151800      |       -56880.6   |       -56613.3   |        -267.32   |   78:44:58   |   336:16:02   |
151850      |       -56840.6   |       -56608.5   |       -232.141   |   78:46:31   |   336:14:27   |
151900      |       -56841.2   |       -56621.6   |       -219.612   |   78:48:05   |   336:12:56   |
151950      |       -56836.4   |       -56615.2   |       -221.261   |   78:49:40   |   336:11:30   |


Iter        |      Posterior   |     Likelihood   |          Prior   |    elapsed   |        ETA   |
----------------------------------------------------------------------------------------------------
152000      |       -56870.2   |       -56622.2   |       -248.019   |   78:51:15   |   336:10:03   |
152050      |       -56871.6   |       -56624.9   |       -246.677   |   78:52:47   |   336:08:24   |
152100      |       -56892.2   |       -56620.4   |       -271.758   |   78:54:25   |   336:07:10   |
152150      |       -56870.4   |       -56631.5   |       -238.925   |   78:56:00   |   336:05:44   |
152200      |       -56872.9   |       -56617.6   |       -255.305   |   78:57:32   |   336:04:05   |
152250      |       -56856.8   |       -56621.5   |       -235.316   |   78:59:05   |   336:02:30   |
152300      |       -56866.5   |       -56625.6   |       -240.966   |   79:00:40   |   336:01:03   |
152350      |       -56849.2   |       -56630.7   |       -218.472   |   79:02:15   |   335:59:37   |
152400      |       -56855.5   |       -56617.8   |       -237.675   |   79:03:52   |   335:58:19   |
152450      |       -56847.6   |       -56619.8   |       -227.803   |   79:05:26   |   335:56:48   |
152500      |       -56839.7   |       -56617.7   |       -222.007   |   79:07:00   |   335:55:17   |
152550      |       -56827.6   |       -56631.4   |       -196.109   |   79:08:37   |   335:53:59   |
152600      |       -56857.5   |       -56627.9   |       -229.585   |   79:10:17   |   335:52:54   |
152650      |       -56882.1   |       -56620.3   |       -261.727   |   79:11:51   |   335:51:23   |
152700      |       -56869.7   |       -56622.1   |       -247.595   |   79:13:24   |   335:49:48   |
152750      |       -56900.1   |         -56632   |       -268.088   |   79:15:01   |   335:48:30   |
152800      |       -56868.8   |       -56625.7   |       -243.185   |   79:16:30   |   335:46:38   |
152850      |       -56873.4   |       -56630.8   |       -242.611   |   79:18:01   |   335:44:54   |
152900      |       -56835.1   |       -56622.1   |       -213.033   |   79:19:34   |   335:43:19   |
152950      |       -56873.2   |         -56630   |       -243.139   |   79:21:08   |   335:41:49   |


Iter        |      Posterior   |     Likelihood   |          Prior   |    elapsed   |        ETA   |
----------------------------------------------------------------------------------------------------
153000      |       -56869.3   |       -56622.9   |       -246.339   |   79:22:41   |   335:40:14   |
153050      |       -56893.9   |       -56612.9   |       -280.965   |   79:24:16   |   335:38:47   |
153100      |       -56884.6   |       -56611.8   |       -272.782   |   79:25:50   |   335:37:16   |
153150      |       -56852.1   |         -56621   |        -231.09   |   79:27:20   |   335:35:29   |
153200      |       -56829.2   |       -56620.8   |       -208.341   |   79:28:49   |   335:33:37   |
153250      |       -56875.5   |       -56618.3   |       -257.185   |   79:30:20   |   335:31:53   |
153300      |       -56850.8   |       -56633.6   |       -217.193   |   79:31:53   |   335:30:18   |
153350      |       -56843.6   |       -56628.3   |       -215.274   |   79:33:26   |   335:28:43   |
153400      |       -56888.4   |       -56631.8   |       -256.591   |   79:34:58   |   335:27:04   |
153450      |       -56892.8   |       -56626.6   |       -266.259   |   79:36:32   |   335:25:33   |
153500      |       -56843.3   |       -56626.6   |       -216.642   |   79:38:06   |   335:24:02   |
153550      |       -56834.1   |       -56616.7   |       -217.347   |   79:39:38   |   335:22:23   |
153600      |       -56854.2   |       -56620.4   |        -233.87   |   79:41:12   |   335:20:53   |
153650      |       -56911.6   |       -56619.4   |       -292.255   |   79:42:46   |   335:19:22   |
153700      |         -56874   |       -56603.2   |       -270.763   |   79:44:18   |   335:17:43   |
153750      |       -56888.6   |       -56619.9   |       -268.671   |   79:45:46   |   335:15:47   |
153800      |       -56860.2   |       -56611.4   |        -248.84   |   79:47:15   |   335:13:55   |
153850      |       -56843.3   |       -56601.5   |       -241.717   |   79:48:42   |   335:11:55   |
153900      |       -56883.5   |       -56619.7   |       -263.754   |   79:50:09   |   335:09:54   |
153950      |       -56844.9   |       -56621.9   |       -223.016   |   79:51:40   |   335:08:11   |


Iter        |      Posterior   |     Likelihood   |          Prior   |    elapsed   |        ETA   |
----------------------------------------------------------------------------------------------------
154000      |       -56923.6   |       -56617.9   |       -305.715   |   79:53:14   |   335:06:40   |
154050      |         -56868   |       -56603.8   |       -264.164   |   79:54:46   |   335:05:01   |
154100      |       -56862.2   |       -56623.5   |       -238.748   |   79:56:19   |   335:03:26   |
154150      |       -56874.5   |       -56628.9   |       -245.507   |   79:57:52   |   335:01:51   |
154200      |       -56862.6   |       -56624.5   |       -238.136   |   79:59:28   |   335:00:29   |
154250      |       -56886.9   |       -56619.2   |       -267.697   |   80:01:00   |   334:58:50   |
154300      |       -56875.4   |       -56622.2   |       -253.209   |   80:02:31   |   334:57:06   |
154350      |         -56883   |       -56620.9   |       -262.137   |   80:04:01   |   334:55:19   |
154400      |       -56865.4   |       -56615.8   |       -249.537   |   80:05:33   |   334:53:40   |
154450      |       -56899.2   |       -56608.6   |       -290.586   |   80:07:00   |   334:51:40   |
154500      |       -56837.9   |       -56620.1   |       -217.791   |   80:08:30   |   334:49:52   |
154550      |       -56860.7   |       -56608.4   |       -252.274   |   80:10:01   |   334:48:09   |
154600      |       -56915.4   |       -56631.2   |       -284.272   |   80:11:30   |   334:46:18   |
154650      |       -56849.1   |       -56619.7   |       -229.358   |   80:13:02   |   334:44:38   |
154700      |       -56863.8   |       -56595.1   |       -268.665   |   80:14:34   |   334:42:59   |
154750      |       -56815.4   |       -56619.9   |       -195.494   |   80:16:04   |   334:41:12   |
154800      |       -56834.9   |       -56624.2   |       -210.712   |   80:17:34   |   334:39:25   |
154850      |       -56888.7   |       -56614.6   |       -274.108   |   80:19:01   |   334:37:25   |
154900      |         -56832   |       -56597.6   |       -234.437   |   80:20:31   |   334:35:37   |
154950      |       -56852.9   |       -56616.3   |       -236.635   |   80:22:00   |   334:33:46   |


Iter        |      Posterior   |     Likelihood   |          Prior   |    elapsed   |        ETA   |
----------------------------------------------------------------------------------------------------
155000      |       -56855.8   |       -56613.1   |       -242.738   |   80:23:34   |   334:32:15   |
155050      |       -56850.8   |       -56627.9   |       -222.874   |   80:25:06   |   334:30:36   |
155100      |       -56849.1   |       -56624.2   |       -224.955   |   80:26:41   |   334:29:10   |
155150      |       -56843.9   |       -56608.3   |       -235.604   |   80:28:19   |   334:27:56   |
155200      |       -56899.1   |       -56616.2   |       -282.899   |   80:29:52   |   334:26:21   |
155250      |       -56830.1   |       -56609.2   |       -220.891   |   80:31:25   |   334:24:46   |
155300      |         -56869   |       -56632.9   |       -236.045   |   80:32:55   |   334:22:59   |
155350      |       -56855.3   |       -56614.1   |        -241.15   |   80:34:32   |   334:21:40   |
155400      |       -56873.2   |       -56614.7   |       -258.475   |   80:36:09   |   334:20:22   |
155450      |       -56867.5   |       -56611.8   |       -255.685   |   80:37:42   |   334:18:47   |
155500      |       -56867.1   |       -56623.8   |       -243.235   |   80:39:11   |   334:16:56   |
155550      |       -56859.1   |       -56618.2   |       -240.879   |   80:40:40   |   334:15:04   |
155600      |       -56871.5   |       -56621.8   |       -249.682   |   80:42:11   |   334:13:21   |
155650      |       -56913.5   |       -56606.5   |       -306.945   |   80:43:38   |   334:11:21   |
155700      |       -56868.3   |         -56609   |       -259.304   |   80:45:05   |   334:09:22   |
155750      |       -56851.2   |       -56610.5   |       -240.681   |   80:46:37   |   334:07:43   |
155800      |       -56840.2   |       -56627.8   |       -212.459   |   80:48:13   |   334:06:20   |
155850      |       -56869.3   |       -56612.3   |       -256.936   |   80:49:49   |   334:04:58   |
155900      |       -56872.4   |       -56610.9   |       -261.509   |   80:51:25   |   334:03:36   |
155950      |       -56879.8   |       -56615.9   |       -263.867   |   80:53:01   |   334:02:13   |


Iter        |      Posterior   |     Likelihood   |          Prior   |    elapsed   |        ETA   |
----------------------------------------------------------------------------------------------------
156000      |       -56861.1   |       -56617.4   |       -243.659   |   80:54:34   |   334:00:38   |
156050      |         -56871   |       -56625.8   |       -245.174   |   80:56:07   |   333:59:03   |
156100      |       -56924.7   |       -56623.5   |       -301.213   |   80:57:32   |   333:56:56   |
156150      |         -56817   |       -56600.2   |       -216.807   |   80:59:05   |   333:55:21   |
156200      |       -56847.8   |       -56613.4   |       -234.448   |   81:00:37   |   333:53:42   |
156250      |       -56848.1   |       -56607.3   |       -240.777   |   81:02:08   |   333:51:59   |
156300      |       -56844.7   |       -56603.1   |        -241.62   |   81:03:49   |   333:50:57   |
156350      |       -56854.6   |       -56618.5   |       -236.135   |   81:05:26   |   333:49:39   |
156400      |       -56884.4   |       -56615.4   |       -269.034   |   81:07:02   |   333:48:16   |
156450      |       -56852.9   |         -56612   |       -240.919   |   81:08:36   |   333:46:45   |
156500      |       -56834.5   |         -56602   |        -232.59   |   81:10:14   |   333:45:31   |
156550      |         -56842   |       -56623.3   |       -218.699   |   81:11:48   |   333:44:00   |
156600      |       -56868.3   |       -56617.7   |       -250.591   |   81:13:19   |   333:42:17   |
156650      |       -56863.2   |       -56618.1   |       -245.053   |   81:14:50   |   333:40:34   |
156700      |       -56874.6   |       -56615.7   |       -258.813   |   81:16:23   |   333:39:00   |
156750      |       -56848.5   |       -56617.8   |       -230.623   |   81:17:56   |   333:37:25   |
156800      |       -56879.6   |       -56624.1   |       -255.518   |   81:19:30   |   333:35:54   |
156850      |       -56817.4   |       -56608.3   |        -209.09   |   81:21:08   |   333:34:40   |
156900      |       -56874.7   |       -56614.3   |       -260.367   |   81:22:39   |   333:32:57   |
156950      |       -56841.9   |       -56626.8   |        -215.08   |   81:24:09   |   333:31:10   |


Iter        |      Posterior   |     Likelihood   |          Prior   |    elapsed   |        ETA   |
----------------------------------------------------------------------------------------------------
157000      |       -56857.1   |       -56614.7   |       -242.397   |   81:25:43   |   333:29:39   |
157050      |         -56866   |       -56603.9   |       -262.058   |   81:27:16   |   333:28:04   |
157100      |       -56867.1   |       -56630.5   |       -236.632   |   81:28:50   |   333:26:33   |
157150      |       -56900.3   |       -56618.8   |       -281.543   |   81:30:22   |   333:24:54   |
157200      |       -56846.7   |       -56616.6   |       -230.037   |   81:32:00   |   333:23:40   |
157250      |       -56867.9   |       -56619.6   |       -248.311   |   81:33:37   |   333:22:21   |
157300      |       -56850.7   |       -56621.1   |       -229.633   |   81:35:14   |   333:21:03   |
157350      |       -56839.3   |       -56617.9   |       -221.326   |   81:36:51   |   333:19:44   |
157400      |       -56891.6   |       -56622.1   |       -269.503   |   81:38:23   |   333:18:06   |
157450      |       -56879.3   |       -56622.8   |       -256.476   |   81:39:54   |   333:16:23   |
157500      |         -56880   |       -56620.1   |       -259.865   |   81:41:33   |   333:15:12   |
157550      |       -56888.1   |       -56613.2   |       -274.872   |   81:43:06   |   333:13:37   |
157600      |       -56880.8   |         -56618   |       -262.847   |   81:44:38   |   333:11:58   |
157650      |       -56887.9   |       -56608.9   |       -279.009   |   81:46:15   |   333:10:40   |
157700      |         -56864   |       -56598.8   |       -265.216   |   81:47:43   |   333:08:45   |
157750      |       -56830.6   |       -56608.4   |       -222.232   |   81:49:11   |   333:06:50   |
157800      |         -56867   |       -56619.2   |       -247.758   |   81:50:40   |   333:04:58   |
157850      |       -56833.3   |       -56608.4   |       -224.884   |   81:52:13   |   333:03:24   |
157900      |       -56871.8   |       -56619.3   |       -252.546   |   81:53:45   |   333:01:45   |
157950      |       -56835.5   |       -56619.6   |       -215.901   |   81:55:12   |   332:59:46   |


Iter        |      Posterior   |     Likelihood   |          Prior   |    elapsed   |        ETA   |
----------------------------------------------------------------------------------------------------
158000      |       -56864.3   |       -56622.2   |       -242.035   |   81:56:47   |   332:58:19   |
158050      |       -56885.9   |       -56633.8   |       -252.084   |   81:58:27   |   332:57:12   |
158100      |       -56878.6   |       -56625.6   |       -252.974   |   81:59:55   |   332:55:17   |
158150      |       -56894.4   |       -56638.2   |       -256.237   |   82:01:29   |   332:53:47   |
158200      |       -56883.9   |       -56624.6   |       -259.331   |   82:03:05   |   332:52:24   |
158250      |         -56883   |       -56620.4   |       -262.687   |   82:04:39   |   332:50:53   |
158300      |       -56817.1   |       -56626.3   |       -190.743   |   82:06:14   |   332:49:26   |
158350      |       -56871.2   |         -56628   |       -243.205   |   82:07:50   |   332:48:04   |
158400      |       -56874.7   |       -56635.8   |       -238.882   |   82:09:23   |   332:46:29   |
158450      |       -56900.7   |       -56645.1   |       -255.696   |   82:10:57   |   332:44:58   |
158500      |       -56906.5   |       -56633.4   |       -273.138   |   82:12:28   |   332:43:15   |
158550      |       -56898.9   |       -56647.9   |       -251.067   |   82:14:01   |   332:41:41   |
158600      |       -56936.2   |       -56630.5   |       -305.722   |   82:15:38   |   332:40:22   |
158650      |       -56833.2   |       -56628.2   |       -205.001   |   82:17:13   |   332:38:55   |
158700      |       -56867.7   |       -56631.4   |        -236.28   |   82:18:47   |   332:37:24   |
158750      |       -56904.6   |       -56636.5   |       -268.146   |   82:20:24   |   332:36:06   |
158800      |       -56873.6   |       -56645.9   |       -227.667   |   82:22:01   |   332:34:47   |
158850      |       -56847.8   |       -56619.4   |        -228.47   |   82:23:31   |   332:33:00   |
158900      |       -56852.7   |       -56617.8   |       -234.951   |   82:25:02   |   332:31:17   |
158950      |       -56876.4   |       -56624.9   |       -251.561   |   82:26:32   |   332:29:30   |


Iter        |      Posterior   |     Likelihood   |          Prior   |    elapsed   |        ETA   |
----------------------------------------------------------------------------------------------------
159000      |       -56815.3   |       -56610.5   |       -204.785   |   82:28:06   |   332:28:00   |
159050      |         -56863   |       -56610.6   |       -252.359   |   82:29:41   |   332:26:33   |
159100      |       -56840.1   |       -56622.8   |       -217.296   |   82:31:14   |   332:24:58   |
159150      |       -56811.9   |       -56624.1   |       -187.783   |   82:32:48   |   332:23:27   |
159200      |       -56862.5   |       -56612.9   |       -249.626   |   82:34:21   |   332:21:52   |
159250      |       -56904.6   |       -56616.2   |       -288.427   |   82:35:53   |   332:20:14   |
159300      |       -56868.4   |       -56615.7   |       -252.658   |   82:37:22   |   332:18:23   |
159350      |       -56861.6   |       -56609.6   |       -252.049   |   82:38:52   |   332:16:36   |
159400      |       -56902.2   |       -56627.4   |        -274.84   |   82:40:27   |   332:15:09   |
159450      |         -56888   |       -56620.2   |       -267.866   |   82:41:59   |   332:13:30   |
159500      |       -56873.3   |       -56606.4   |       -266.877   |   82:43:34   |   332:12:03   |
159550      |         -56837   |       -56606.4   |        -230.65   |   82:45:06   |   332:10:25   |
159600      |       -56917.8   |       -56631.4   |       -286.409   |   82:46:41   |   332:08:58   |
159650      |         -56874   |         -56620   |       -254.043   |   82:48:16   |   332:07:31   |
159700      |         -56883   |       -56626.3   |       -256.681   |   82:49:49   |   332:05:56   |
159750      |       -56854.2   |       -56612.4   |       -241.865   |   82:51:23   |   332:04:25   |
159800      |       -56823.6   |       -56613.5   |       -210.076   |   82:53:01   |   332:03:11   |
159850      |       -56881.1   |         -56625   |       -256.152   |   82:54:36   |   332:01:44   |
159900      |       -56889.2   |         -56618   |        -271.22   |   82:56:11   |   332:00:17   |
159950      |       -56890.1   |       -56631.1   |       -258.992   |   82:57:47   |   331:58:54   |


Iter        |      Posterior   |     Likelihood   |          Prior   |    elapsed   |        ETA   |
----------------------------------------------------------------------------------------------------
160000      |       -56889.2   |       -56629.8   |       -259.458   |   82:59:21   |   331:57:24   |
160050      |         -56882   |       -56623.3   |       -258.706   |   83:00:57   |   331:56:01   |
160100      |       -56848.9   |       -56627.2   |       -221.671   |   83:02:37   |   331:54:54   |
160150      |       -56854.3   |       -56619.1   |       -235.181   |   83:04:13   |   331:53:31   |
160200      |       -56879.5   |       -56604.5   |       -275.054   |   83:05:46   |   331:51:56   |
160250      |       -56856.1   |       -56617.2   |       -238.919   |   83:07:20   |   331:50:25   |
160300      |       -56875.6   |       -56611.9   |         -263.7   |   83:08:58   |   331:49:10   |
160350      |       -56856.8   |       -56606.2   |       -250.597   |   83:10:36   |   331:47:56   |
160400      |       -56858.4   |       -56615.3   |       -243.041   |   83:12:11   |   331:46:29   |
160450      |         -56902   |       -56615.5   |       -286.532   |   83:13:49   |   331:45:14   |
160500      |       -56883.4   |       -56612.3   |        -271.11   |   83:15:22   |   331:43:39   |
160550      |       -56869.1   |       -56617.5   |       -251.558   |   83:16:56   |   331:42:08   |
160600      |       -56890.1   |       -56619.2   |       -270.889   |   83:18:29   |   331:40:33   |
160650      |       -56805.7   |       -56609.8   |       -195.865   |   83:20:00   |   331:38:50   |
160700      |       -56847.5   |       -56619.1   |       -228.413   |   83:21:33   |   331:37:16   |
160750      |       -56853.8   |       -56625.7   |       -228.117   |   83:23:11   |   331:36:01   |
160800      |       -56857.4   |       -56602.2   |       -255.193   |   83:24:45   |   331:34:30   |
160850      |         -56884   |       -56608.2   |       -275.774   |   83:26:20   |   331:33:03   |
160900      |       -56861.5   |       -56609.9   |       -251.601   |   83:27:54   |   331:31:32   |
160950      |       -56880.2   |       -56602.4   |       -277.757   |   83:29:31   |   331:30:13   |


Iter        |      Posterior   |     Likelihood   |          Prior   |    elapsed   |        ETA   |
----------------------------------------------------------------------------------------------------
161000      |       -56842.3   |       -56603.7   |       -238.616   |   83:31:04   |   331:28:38   |
161050      |       -56820.7   |       -56611.3   |       -209.393   |   83:32:38   |   331:27:07   |
161100      |       -56832.3   |       -56609.4   |       -222.816   |   83:34:08   |   331:25:20   |
161150      |       -56807.4   |       -56595.3   |       -212.176   |   83:35:41   |   331:23:46   |
161200      |       -56833.1   |       -56598.7   |       -234.339   |   83:37:14   |   331:22:11   |
161250      |       -56838.3   |       -56601.5   |       -236.714   |   83:38:50   |   331:20:48   |
161300      |       -56872.9   |       -56608.2   |       -264.685   |   83:40:24   |   331:19:17   |
161350      |       -56858.3   |         -56612   |       -246.242   |   83:41:57   |   331:17:42   |
161400      |       -56857.4   |       -56598.1   |       -259.251   |   83:43:31   |   331:16:11   |
161450      |         -56861   |       -56609.8   |       -251.246   |   83:45:00   |   331:14:20   |
161500      |       -56862.5   |       -56601.2   |       -261.222   |   83:46:31   |   331:12:38   |
161550      |         -56864   |       -56616.9   |       -247.083   |   83:48:03   |   331:10:59   |
161600      |       -56851.1   |       -56614.5   |       -236.628   |   83:49:36   |   331:09:24   |
161650      |       -56843.7   |       -56621.2   |       -222.426   |   83:51:06   |   331:07:37   |
161700      |       -56892.1   |       -56639.3   |       -252.775   |   83:52:35   |   331:05:47   |
161750      |       -56851.3   |         -56627   |       -224.315   |   83:54:03   |   331:03:52   |
161800      |       -56870.6   |       -56617.4   |       -253.261   |   83:55:35   |   331:02:13   |
161850      |       -56887.5   |       -56623.1   |       -264.411   |   83:57:08   |   331:00:39   |
161900      |         -56855   |       -56616.5   |       -238.461   |   83:58:41   |   330:59:04   |
161950      |       -56848.8   |       -56603.5   |       -245.335   |   84:00:10   |   330:57:13   |


Iter        |      Posterior   |     Likelihood   |          Prior   |    elapsed   |        ETA   |
----------------------------------------------------------------------------------------------------
162000      |       -56850.2   |       -56614.1   |       -236.089   |   84:01:43   |   330:55:38   |
162050      |       -56858.2   |       -56592.2   |       -265.997   |   84:03:16   |   330:54:04   |
162100      |       -56903.3   |       -56608.7   |       -294.649   |   84:04:49   |   330:52:29   |
162150      |       -56897.1   |       -56606.6   |       -290.523   |   84:06:25   |   330:51:06   |
162200      |       -56823.3   |         -56596   |       -227.269   |   84:08:01   |   330:49:43   |
162250      |       -56863.5   |       -56615.9   |       -247.618   |   84:09:37   |   330:48:20   |
162300      |         -56851   |       -56612.3   |       -238.671   |   84:11:09   |   330:46:41   |
162350      |         -56855   |         -56614   |       -241.028   |   84:12:47   |   330:45:26   |
162400      |       -56860.7   |       -56609.1   |       -251.552   |   84:14:22   |   330:43:59   |
162450      |       -56898.6   |       -56628.3   |       -270.256   |   84:15:55   |   330:42:24   |
162500      |       -56889.6   |       -56618.5   |       -271.114   |   84:17:24   |   330:40:34   |
162550      |       -56843.7   |       -56592.9   |       -250.893   |   84:18:54   |   330:38:47   |
162600      |       -56878.2   |       -56616.8   |       -261.325   |   84:20:29   |   330:37:20   |
162650      |       -56822.3   |       -56608.3   |       -214.016   |   84:22:05   |   330:35:57   |
162700      |       -56853.5   |       -56620.9   |       -232.565   |   84:23:38   |   330:34:22   |
162750      |       -56891.7   |         -56615   |       -276.691   |   84:25:10   |   330:32:44   |
162800      |       -56879.4   |       -56628.8   |       -250.666   |   84:26:42   |   330:31:05   |
162850      |       -56858.5   |       -56609.6   |       -248.859   |   84:28:16   |   330:29:34   |
162900      |       -56886.5   |       -56628.7   |       -257.864   |   84:29:50   |   330:28:03   |
162950      |       -56904.1   |       -56620.8   |       -283.282   |   84:31:19   |   330:26:13   |


Iter        |      Posterior   |     Likelihood   |          Prior   |    elapsed   |        ETA   |
----------------------------------------------------------------------------------------------------
163000      |       -56837.9   |         -56619   |       -218.855   |   84:32:49   |   330:24:26   |
163050      |       -56876.1   |       -56603.8   |       -272.341   |   84:34:18   |   330:22:36   |
163100      |       -56869.7   |       -56615.4   |       -254.306   |   84:35:50   |   330:20:57   |
163150      |       -56879.1   |         -56611   |       -268.097   |   84:37:21   |   330:19:14   |
163200      |         -56853   |       -56605.5   |       -247.504   |   84:38:51   |   330:17:28   |
163250      |       -56831.3   |       -56612.7   |        -218.56   |   84:40:24   |   330:15:53   |
163300      |       -56869.1   |         -56621   |       -248.068   |   84:41:57   |   330:14:18   |
163350      |       -56897.2   |       -56617.5   |       -279.698   |   84:43:32   |   330:12:51   |
163400      |       -56828.5   |       -56615.5   |       -212.962   |   84:45:07   |   330:11:24   |
163450      |       -56849.1   |       -56624.7   |       -224.375   |   84:46:44   |   330:10:05   |
163500      |       -56834.2   |       -56615.9   |       -218.245   |   84:48:18   |   330:08:34   |
163550      |       -56876.2   |       -56628.1   |       -248.031   |   84:49:51   |   330:07:00   |
163600      |       -56860.7   |       -56630.5   |       -230.193   |   84:51:26   |   330:05:33   |
163650      |       -56894.9   |       -56621.2   |       -273.687   |   84:53:03   |   330:04:13   |
163700      |       -56849.4   |       -56592.3   |       -257.023   |   84:54:42   |   330:03:02   |
163750      |       -56879.5   |       -56609.3   |       -270.163   |   84:56:19   |   330:01:43   |
163800      |       -56868.5   |       -56609.7   |       -258.772   |   84:57:53   |   330:00:12   |
163850      |       -56903.7   |       -56619.4   |       -284.295   |   84:59:24   |   329:58:29   |
163900      |       -56856.4   |       -56596.6   |       -259.809   |   85:00:58   |   329:56:58   |
163950      |       -56884.3   |       -56591.1   |       -293.232   |   85:02:32   |   329:55:27   |


Iter        |      Posterior   |     Likelihood   |          Prior   |    elapsed   |        ETA   |
----------------------------------------------------------------------------------------------------
164000      |       -56894.2   |       -56603.4   |       -290.792   |   85:04:03   |   329:53:45   |
164050      |       -56847.1   |       -56597.1   |       -249.993   |   85:05:37   |   329:52:14   |
164100      |         -56877   |       -56605.5   |       -271.506   |   85:07:13   |   329:50:51   |
164150      |         -56911   |       -56611.5   |       -299.411   |   85:08:45   |   329:49:12   |
164200      |       -56867.4   |       -56602.3   |       -265.146   |   85:10:22   |   329:47:53   |
164250      |       -56882.6   |       -56613.8   |       -268.751   |   85:11:57   |   329:46:26   |
164300      |       -56870.3   |       -56610.1   |       -260.223   |   85:13:31   |   329:44:55   |
164350      |       -56874.3   |       -56611.1   |       -263.231   |   85:15:02   |   329:43:12   |
164400      |       -56898.4   |       -56621.1   |       -277.274   |   85:16:34   |   329:41:34   |
164450      |       -56858.5   |       -56610.7   |       -247.769   |   85:18:06   |   329:39:55   |
164500      |       -56874.1   |       -56604.4   |       -269.721   |   85:19:39   |   329:38:20   |
164550      |       -56892.7   |       -56618.4   |        -274.29   |   85:21:09   |   329:36:34   |
164600      |       -56909.3   |       -56613.9   |       -295.402   |   85:22:38   |   329:34:44   |
164650      |       -56861.1   |       -56604.7   |       -256.394   |   85:24:11   |   329:33:09   |
164700      |         -56865   |       -56607.5   |        -257.53   |   85:25:45   |   329:31:38   |
164750      |       -56883.9   |       -56613.4   |       -270.502   |   85:27:16   |   329:29:55   |
164800      |       -56844.5   |       -56613.6   |        -230.89   |   85:28:49   |   329:28:21   |
164850      |       -56805.8   |       -56603.6   |        -202.15   |   85:30:16   |   329:26:23   |
164900      |       -56867.2   |         -56616   |       -251.135   |   85:31:47   |   329:24:40   |
164950      |       -56888.3   |       -56636.4   |       -251.864   |   85:33:18   |   329:22:58   |


Iter        |      Posterior   |     Likelihood   |          Prior   |    elapsed   |        ETA   |
----------------------------------------------------------------------------------------------------
165000      |       -56869.7   |       -56620.2   |       -249.547   |   85:34:51   |   329:21:23   |
165050      |       -56856.7   |       -56626.1   |       -230.538   |   85:36:19   |   329:19:29   |
165100      |       -56877.3   |       -56614.5   |         -262.8   |   85:37:54   |   329:18:02   |
165150      |       -56841.9   |       -56604.4   |       -237.438   |   85:39:27   |   329:16:27   |
165200      |       -56880.2   |       -56622.4   |       -257.726   |   85:41:02   |   329:15:00   |
165250      |       -56897.7   |       -56612.7   |       -285.088   |   85:42:38   |   329:13:37   |
165300      |       -56864.3   |       -56622.2   |        -242.05   |   85:44:10   |   329:11:58   |
165350      |       -56830.8   |       -56623.3   |       -207.473   |   85:45:38   |   329:10:04   |
165400      |       -56888.9   |       -56635.1   |       -253.784   |   85:47:11   |   329:08:30   |
165450      |       -56823.9   |       -56616.4   |       -207.484   |   85:48:45   |   329:06:59   |
165500      |       -56827.6   |       -56634.9   |       -192.714   |   85:50:18   |   329:05:24   |
165550      |       -56856.2   |       -56624.3   |       -231.927   |   85:51:53   |   329:03:57   |
165600      |       -56859.4   |       -56627.6   |       -231.885   |   85:53:28   |   329:02:30   |
165650      |       -56858.9   |       -56629.2   |       -229.651   |   85:55:05   |   329:01:11   |
165700      |       -56820.4   |       -56622.4   |       -198.006   |   85:56:41   |   328:59:47   |
165750      |       -56891.1   |       -56629.5   |       -261.568   |   85:58:16   |   328:58:20   |
165800      |       -56847.6   |       -56623.9   |       -223.622   |   85:59:51   |   328:56:53   |
165850      |       -56856.4   |       -56618.3   |       -238.142   |   86:01:25   |   328:55:22   |
165900      |       -56866.6   |       -56614.2   |       -252.349   |   86:03:04   |   328:54:10   |
165950      |       -56884.3   |         -56615   |        -269.35   |   86:04:39   |   328:52:43   |


Iter        |      Posterior   |     Likelihood   |          Prior   |    elapsed   |        ETA   |
----------------------------------------------------------------------------------------------------
166000      |       -56867.1   |       -56634.2   |       -232.954   |   86:06:12   |   328:51:08   |
166050      |       -56841.4   |       -56609.1   |       -232.295   |   86:07:42   |   328:49:22   |
166100      |       -56886.7   |       -56622.6   |        -264.05   |   86:09:12   |   328:47:36   |
166150      |       -56893.6   |       -56624.9   |       -268.674   |   86:10:39   |   328:45:38   |
166200      |       -56876.7   |         -56608   |         -268.7   |   86:12:12   |   328:44:04   |
166250      |       -56890.4   |       -56601.6   |         -288.8   |   86:13:49   |   328:42:44   |
166300      |       -56862.6   |       -56632.4   |       -230.196   |   86:15:27   |   328:41:28   |
166350      |       -56827.5   |       -56614.5   |       -212.936   |   86:17:03   |   328:40:05   |
166400      |         -56850   |       -56612.7   |        -237.32   |   86:18:33   |   328:38:19   |
166450      |       -56830.2   |       -56609.2   |       -220.942   |   86:20:02   |   328:36:29   |
166500      |       -56858.9   |       -56621.6   |       -237.322   |   86:21:33   |   328:34:47   |
166550      |       -56854.4   |         -56615   |       -239.378   |   86:23:05   |   328:33:08   |
166600      |       -56860.3   |       -56613.8   |       -246.559   |   86:24:37   |   328:31:30   |
166650      |       -56859.4   |       -56618.1   |       -241.245   |   86:26:16   |   328:30:18   |
166700      |       -56862.4   |       -56605.2   |       -257.193   |   86:27:49   |   328:28:43   |
166750      |         -56901   |       -56618.4   |       -282.647   |   86:29:23   |   328:27:12   |
166800      |       -56859.4   |       -56615.1   |       -244.322   |   86:31:01   |   328:25:56   |
166850      |         -56929   |       -56623.6   |       -305.483   |   86:32:42   |   328:24:52   |
166900      |       -56892.3   |       -56615.3   |       -277.036   |   86:34:16   |   328:23:21   |
166950      |       -56873.8   |       -56613.1   |       -260.652   |   86:35:54   |   328:22:05   |


Iter        |      Posterior   |     Likelihood   |          Prior   |    elapsed   |        ETA   |
----------------------------------------------------------------------------------------------------
167000      |       -56835.1   |       -56607.3   |       -227.794   |   86:37:30   |   328:20:42   |
167050      |         -56881   |       -56614.3   |       -266.674   |   86:39:05   |   328:19:15   |
167100      |       -56848.4   |       -56608.8   |       -239.665   |   86:40:43   |   328:17:59   |
167150      |       -56893.6   |       -56626.4   |       -267.201   |   86:42:19   |   328:16:35   |
167200      |       -56910.5   |       -56612.8   |       -297.653   |   86:43:54   |   328:15:08   |
167250      |       -56886.3   |       -56615.4   |       -270.925   |   86:45:30   |   328:13:45   |
167300      |       -56887.7   |         -56613   |       -274.776   |   86:47:04   |   328:12:14   |
167350      |         -56877   |       -56615.5   |       -261.557   |   86:48:39   |   328:10:46   |
167400      |         -56890   |         -56625   |       -265.047   |   86:50:13   |   328:09:15   |
167450      |       -56867.8   |       -56622.4   |       -245.407   |   86:51:45   |   328:07:37   |
167500      |       -56877.9   |       -56622.1   |       -255.721   |   86:53:17   |   328:05:58   |
167550      |       -56828.8   |       -56605.9   |       -222.854   |   86:54:45   |   328:04:05   |
167600      |       -56873.5   |       -56612.1   |       -261.357   |   86:56:14   |   328:02:15   |
167650      |       -56873.4   |       -56617.1   |       -256.308   |   86:57:46   |   328:00:36   |
167700      |       -56895.4   |       -56617.8   |       -277.629   |   86:59:22   |   327:59:13   |
167750      |         -56891   |       -56612.8   |       -278.186   |   87:00:58   |   327:57:49   |
167800      |       -56915.2   |       -56621.8   |       -293.385   |   87:02:33   |   327:56:22   |
167850      |       -56910.9   |       -56612.2   |       -298.686   |   87:04:04   |   327:54:40   |
167900      |       -56863.6   |       -56617.8   |       -245.769   |   87:05:37   |   327:53:05   |
167950      |         -56879   |         -56634   |       -244.964   |   87:07:10   |   327:51:30   |


Iter        |      Posterior   |     Likelihood   |          Prior   |    elapsed   |        ETA   |
----------------------------------------------------------------------------------------------------
168000      |       -56861.4   |       -56625.7   |       -235.647   |   87:08:48   |   327:50:14   |
168050      |       -56881.7   |       -56621.7   |       -260.028   |   87:10:19   |   327:48:32   |
168100      |       -56879.6   |       -56637.9   |       -241.717   |   87:11:52   |   327:46:57   |
168150      |       -56904.6   |       -56626.6   |       -277.952   |   87:13:30   |   327:45:41   |
168200      |       -56856.4   |       -56618.2   |       -238.152   |   87:15:03   |   327:44:07   |
168250      |       -56918.5   |         -56616   |       -302.437   |   87:16:37   |   327:42:36   |
168300      |       -56893.7   |       -56629.8   |       -263.866   |   87:18:13   |   327:41:12   |
168350      |       -56831.6   |       -56630.1   |        -201.44   |   87:19:50   |   327:39:52   |
168400      |         -56833   |       -56637.1   |       -195.966   |   87:21:26   |   327:38:29   |
168450      |       -56892.4   |       -56629.2   |       -263.273   |   87:23:00   |   327:36:58   |
168500      |       -56880.2   |       -56639.8   |       -240.405   |   87:24:34   |   327:35:27   |
168550      |       -56900.8   |       -56640.1   |       -260.738   |   87:26:07   |   327:33:52   |
168600      |       -56865.8   |       -56657.6   |       -208.215   |   87:27:36   |   327:32:02   |
168650      |       -56864.4   |       -56631.6   |       -232.732   |   87:29:03   |   327:30:05   |
168700      |       -56860.7   |       -56629.4   |       -231.255   |   87:30:34   |   327:28:23   |
168750      |       -56868.8   |       -56625.2   |       -243.612   |   87:32:03   |   327:26:33   |
168800      |         -56938   |       -56630.3   |       -307.707   |   87:33:35   |   327:24:54   |
168850      |       -56885.7   |         -56621   |        -264.72   |   87:35:09   |   327:23:23   |
168900      |       -56866.2   |       -56624.3   |       -241.854   |   87:36:39   |   327:21:37   |
168950      |       -56909.3   |       -56629.5   |        -279.76   |   87:38:08   |   327:19:48   |


Iter        |      Posterior   |     Likelihood   |          Prior   |    elapsed   |        ETA   |
----------------------------------------------------------------------------------------------------
169000      |       -56887.5   |       -56634.8   |       -252.696   |   87:39:40   |   327:18:09   |
169050      |       -56865.6   |       -56628.7   |       -236.963   |   87:41:13   |   327:16:35   |
169100      |       -56864.5   |       -56620.7   |        -243.83   |   87:42:49   |   327:15:11   |
169150      |       -56851.6   |       -56613.2   |       -238.353   |   87:44:24   |   327:13:44   |
169200      |       -56823.4   |       -56613.2   |       -210.261   |   87:46:00   |   327:12:20   |
169250      |       -56882.8   |       -56616.1   |       -266.678   |   87:47:36   |   327:10:57   |
169300      |       -56909.4   |       -56639.3   |       -270.021   |   87:49:11   |   327:09:29   |
169350      |       -56891.1   |         -56641   |       -250.095   |   87:50:46   |   327:08:02   |
169400      |       -56831.3   |       -56618.1   |       -213.289   |   87:52:21   |   327:06:35   |
169450      |         -56870   |       -56634.1   |       -235.937   |   87:53:54   |   327:05:00   |
169500      |       -56858.6   |         -56613   |       -245.622   |   87:55:32   |   327:03:44   |
169550      |         -56860   |       -56614.2   |       -245.852   |   87:57:07   |   327:02:17   |
169600      |       -56861.2   |         -56630   |        -231.23   |   87:58:46   |   327:01:04   |
169650      |       -56927.7   |       -56626.6   |       -301.054   |   88:00:21   |   326:59:37   |
169700      |       -56838.7   |       -56607.4   |       -231.253   |   88:01:55   |   326:58:06   |
169750      |       -56850.7   |       -56613.6   |       -237.111   |   88:03:24   |   326:56:16   |
169800      |       -56861.9   |       -56618.9   |       -243.022   |   88:04:53   |   326:54:26   |
169850      |       -56887.9   |       -56625.4   |       -262.501   |   88:06:26   |   326:52:52   |
169900      |       -56860.6   |       -56625.3   |         -235.3   |   88:07:58   |   326:51:13   |
169950      |         -56850   |       -56615.8   |       -234.197   |   88:09:32   |   326:49:42   |


Iter        |      Posterior   |     Likelihood   |          Prior   |    elapsed   |        ETA   |
----------------------------------------------------------------------------------------------------
170000      |       -56861.5   |       -56610.5   |       -250.964   |   88:11:03   |   326:48:00   |
170050      |       -56854.4   |       -56611.2   |       -243.184   |   88:12:36   |   326:46:25   |
170100      |       -56923.3   |       -56628.3   |       -295.072   |   88:14:14   |   326:45:09   |
170150      |       -56861.9   |       -56616.4   |       -245.528   |   88:15:49   |   326:43:42   |
170200      |       -56862.9   |       -56601.3   |       -261.636   |   88:17:23   |   326:42:11   |
170250      |       -56893.9   |       -56609.7   |       -284.222   |   88:18:59   |   326:40:47   |
170300      |       -56890.4   |       -56628.7   |       -261.754   |   88:20:36   |   326:39:27   |
170350      |       -56882.1   |       -56624.4   |       -257.697   |   88:22:06   |   326:37:41   |
170400      |       -56848.3   |       -56615.5   |       -232.741   |   88:23:35   |   326:35:52   |
170450      |         -56858   |       -56604.6   |       -253.403   |   88:25:06   |   326:34:09   |
170500      |       -56853.7   |       -56609.5   |       -244.157   |   88:26:35   |   326:32:20   |
170550      |       -56863.4   |       -56617.6   |       -245.804   |   88:28:06   |   326:30:38   |
170600      |       -56837.7   |       -56609.7   |       -227.953   |   88:29:37   |   326:28:56   |
170650      |       -56867.9   |       -56606.9   |       -260.927   |   88:31:12   |   326:27:28   |
170700      |       -56831.2   |       -56607.6   |       -223.614   |   88:32:44   |   326:25:50   |
170750      |       -56851.7   |       -56625.3   |       -226.488   |   88:34:16   |   326:24:12   |
170800      |       -56895.7   |       -56623.2   |         -272.5   |   88:35:49   |   326:22:37   |
170850      |       -56866.4   |       -56617.1   |       -249.349   |   88:37:21   |   326:20:58   |
170900      |         -56890   |       -56619.1   |       -270.937   |   88:38:51   |   326:19:13   |
170950      |       -56856.4   |         -56624   |       -232.399   |   88:40:24   |   326:17:38   |


Iter        |      Posterior   |     Likelihood   |          Prior   |    elapsed   |        ETA   |
----------------------------------------------------------------------------------------------------
171000      |       -56825.2   |       -56621.1   |       -204.146   |   88:42:01   |   326:16:18   |
171050      |       -56910.1   |       -56637.7   |       -272.386   |   88:43:34   |   326:14:43   |
171100      |       -56891.6   |       -56638.6   |       -253.004   |   88:45:04   |   326:12:57   |
171150      |       -56848.4   |       -56627.8   |       -220.552   |   88:46:35   |   326:11:15   |
171200      |       -56890.3   |       -56625.7   |       -264.567   |   88:48:08   |   326:09:41   |
171250      |       -56910.3   |         -56640   |       -270.217   |   88:49:41   |   326:08:06   |
171300      |       -56901.7   |         -56625   |       -276.641   |   88:51:18   |   326:06:46   |
171350      |       -56862.3   |         -56622   |       -240.273   |   88:52:52   |   326:05:15   |
171400      |       -56907.5   |       -56621.9   |       -285.625   |   88:54:30   |   326:03:58   |
171450      |       -56871.8   |       -56625.4   |        -246.41   |   88:56:02   |   326:02:20   |
171500      |       -56906.6   |       -56627.2   |       -279.475   |   88:57:36   |   326:00:49   |
171550      |       -56897.9   |       -56626.7   |       -271.122   |   88:59:13   |   325:59:29   |
171600      |         -56845   |       -56607.8   |       -237.172   |   89:00:51   |   325:58:13   |
171650      |       -56856.5   |       -56613.5   |       -243.004   |   89:02:21   |   325:56:27   |
171700      |       -56862.4   |       -56641.1   |       -221.361   |   89:03:56   |   325:54:59   |
171750      |       -56856.5   |       -56627.8   |        -228.79   |   89:05:32   |   325:53:36   |
171800      |       -56898.4   |       -56642.7   |       -255.723   |   89:07:07   |   325:52:08   |
171850      |       -56891.8   |       -56638.6   |       -253.207   |   89:08:41   |   325:50:37   |
171900      |       -56866.6   |       -56635.5   |       -231.074   |   89:10:15   |   325:49:06   |
171950      |       -56920.4   |       -56641.9   |       -278.497   |   89:11:45   |   325:47:20   |


Iter        |      Posterior   |     Likelihood   |          Prior   |    elapsed   |        ETA   |
----------------------------------------------------------------------------------------------------
172000      |       -56864.7   |         -56625   |        -239.68   |   89:13:16   |   325:45:38   |
172050      |       -56899.7   |       -56647.7   |       -251.956   |   89:14:47   |   325:43:56   |
172100      |       -56899.1   |       -56642.1   |       -257.085   |   89:16:17   |   325:42:11   |
172150      |       -56861.7   |       -56628.6   |       -233.049   |   89:17:48   |   325:40:29   |
172200      |       -56810.6   |       -56613.7   |        -196.93   |   89:19:19   |   325:38:47   |
172250      |       -56870.8   |       -56627.1   |       -243.705   |   89:20:51   |   325:37:08   |
172300      |       -56817.7   |       -56610.1   |       -207.544   |   89:22:24   |   325:35:34   |
172350      |       -56872.1   |       -56613.9   |       -258.213   |   89:23:53   |   325:33:44   |
172400      |         -56883   |       -56619.3   |        -263.67   |   89:25:22   |   325:31:55   |
172450      |       -56869.8   |       -56612.1   |       -257.665   |   89:26:58   |   325:30:31   |
172500      |       -56882.6   |       -56624.2   |       -258.369   |   89:28:31   |   325:28:57   |
172550      |       -56851.6   |       -56629.6   |       -222.029   |   89:30:00   |   325:27:07   |
172600      |       -56860.2   |       -56618.6   |        -241.67   |   89:31:29   |   325:25:18   |
172650      |       -56839.7   |       -56616.8   |       -222.883   |   89:32:57   |   325:23:25   |
172700      |       -56889.9   |       -56611.9   |       -277.956   |   89:34:27   |   325:21:40   |
172750      |       -56861.7   |       -56611.1   |       -250.671   |   89:36:02   |   325:20:12   |
172800      |       -56865.6   |       -56622.4   |        -243.18   |   89:37:39   |   325:18:52   |
172850      |       -56894.7   |       -56617.3   |       -277.442   |   89:39:10   |   325:17:10   |
172900      |       -56905.6   |       -56625.3   |       -280.302   |   89:40:42   |   325:15:32   |
172950      |       -56893.1   |       -56610.5   |       -282.643   |   89:42:15   |   325:13:57   |


Iter        |      Posterior   |     Likelihood   |          Prior   |    elapsed   |        ETA   |
----------------------------------------------------------------------------------------------------
173000      |         -56899   |       -56625.7   |       -273.366   |   89:43:45   |   325:12:12   |
173050      |         -56958   |       -56633.1   |       -324.819   |   89:45:27   |   325:11:10   |
173100      |       -56933.1   |       -56626.8   |       -306.333   |   89:47:00   |   325:09:35   |
173150      |       -56896.6   |       -56630.6   |       -266.055   |   89:48:33   |   325:08:00   |
173200      |       -56892.7   |       -56623.9   |       -268.886   |   89:50:05   |   325:06:22   |
173250      |       -56894.6   |       -56635.3   |       -259.292   |   89:51:40   |   325:04:55   |
173300      |       -56882.4   |       -56633.1   |       -249.302   |   89:53:11   |   325:03:13   |
173350      |         -56941   |       -56634.5   |       -306.461   |   89:54:40   |   325:01:24   |
173400      |       -56963.5   |       -56633.2   |       -330.278   |   89:56:11   |   324:59:42   |
173450      |         -56889   |       -56646.5   |         -242.5   |   89:57:40   |   324:57:53   |
173500      |       -56869.2   |         -56616   |        -253.22   |   89:59:15   |   324:56:25   |
173550      |       -56889.4   |       -56623.5   |       -265.853   |   90:00:44   |   324:54:36   |
173600      |       -56924.2   |       -56625.5   |       -298.634   |   90:02:12   |   324:52:43   |
173650      |       -56875.3   |       -56629.8   |       -245.501   |   90:03:44   |   324:51:05   |
173700      |       -56908.7   |       -56642.4   |       -266.349   |   90:05:19   |   324:49:38   |
173750      |       -56906.6   |       -56649.1   |       -257.569   |   90:06:52   |   324:48:03   |
173800      |       -56870.4   |       -56624.6   |       -245.811   |   90:08:27   |   324:46:36   |
173850      |       -56859.6   |         -56621   |        -238.66   |   90:10:00   |   324:45:01   |
173900      |       -56856.5   |         -56614   |       -242.522   |   90:11:34   |   324:43:30   |
173950      |       -56878.5   |       -56630.6   |       -247.839   |   90:13:06   |   324:41:52   |


Iter        |      Posterior   |     Likelihood   |          Prior   |    elapsed   |        ETA   |
----------------------------------------------------------------------------------------------------
174000      |       -56836.1   |       -56622.9   |         -213.2   |   90:14:36   |   324:40:06   |
174050      |       -56864.4   |       -56627.5   |       -236.866   |   90:16:08   |   324:38:28   |
174100      |         -56926   |       -56631.2   |       -294.849   |   90:17:40   |   324:36:50   |
174150      |       -56911.1   |       -56637.2   |       -273.935   |   90:19:14   |   324:35:19   |
174200      |       -56868.2   |       -56627.4   |       -240.789   |   90:20:44   |   324:33:33   |
174250      |       -56875.6   |       -56635.9   |       -239.663   |   90:22:16   |   324:31:55   |
174300      |       -56852.4   |       -56626.8   |       -225.659   |   90:23:48   |   324:30:17   |
174350      |       -56840.5   |       -56632.2   |       -208.258   |   90:25:21   |   324:28:42   |
174400      |       -56845.8   |       -56619.9   |       -225.881   |   90:26:50   |   324:26:53   |
174450      |       -56860.9   |       -56637.1   |       -223.718   |   90:28:22   |   324:25:15   |
174500      |       -56881.1   |       -56622.5   |       -258.571   |   90:29:54   |   324:23:37   |
174550      |       -56893.1   |       -56630.8   |       -262.301   |   90:31:25   |   324:21:55   |
174600      |       -56893.8   |       -56638.8   |       -254.989   |   90:32:55   |   324:20:10   |
174650      |       -56869.1   |       -56625.9   |        -243.15   |   90:34:28   |   324:18:35   |
174700      |       -56905.5   |       -56638.4   |       -267.093   |   90:36:00   |   324:16:57   |
174750      |       -56852.4   |       -56638.6   |       -213.847   |   90:37:31   |   324:15:15   |
174800      |       -56878.9   |       -56628.2   |        -250.68   |   90:39:00   |   324:13:26   |
174850      |       -56859.2   |       -56609.5   |       -249.654   |   90:40:31   |   324:11:45   |
174900      |       -56852.5   |       -56612.2   |       -240.301   |   90:42:01   |   324:09:59   |
174950      |       -56865.4   |       -56622.4   |       -243.052   |   90:43:32   |   324:08:18   |


Iter        |      Posterior   |     Likelihood   |          Prior   |    elapsed   |        ETA   |
----------------------------------------------------------------------------------------------------
175000      |       -56869.5   |       -56615.7   |       -253.836   |   90:45:02   |   324:06:32   |
175050      |       -56905.7   |       -56612.6   |       -293.096   |   90:46:31   |   324:04:44   |
175100      |       -56893.7   |       -56615.3   |       -278.433   |   90:48:01   |   324:02:58   |
175150      |       -56874.6   |       -56611.4   |       -263.172   |   90:49:32   |   324:01:17   |
175200      |       -56854.8   |       -56621.5   |       -233.281   |   90:51:05   |   323:59:42   |
175250      |       -56879.2   |       -56628.1   |       -251.143   |   90:52:39   |   323:58:11   |
175300      |       -56900.2   |         -56616   |       -284.219   |   90:54:14   |   323:56:44   |
175350      |       -56859.7   |       -56613.5   |       -246.232   |   90:55:47   |   323:55:09   |
175400      |       -56884.4   |       -56606.3   |       -278.086   |   90:57:18   |   323:53:27   |
175450      |       -56835.3   |       -56603.9   |       -231.353   |   90:58:48   |   323:51:42   |
175500      |       -56886.5   |       -56606.1   |       -280.458   |   91:00:16   |   323:49:50   |
175550      |       -56855.3   |       -56609.7   |       -245.571   |   91:01:46   |   323:48:05   |
175600      |       -56833.7   |       -56617.2   |       -216.553   |   91:03:22   |   323:46:41   |
175650      |       -56910.9   |       -56619.7   |         -291.2   |   91:04:52   |   323:44:55   |
175700      |       -56904.7   |       -56619.3   |       -285.395   |   91:06:25   |   323:43:21   |
175750      |       -56878.3   |       -56635.7   |       -242.596   |   91:07:51   |   323:41:22   |
175800      |       -56830.9   |       -56608.8   |       -222.075   |   91:09:19   |   323:39:29   |
175850      |       -56870.1   |       -56628.4   |       -241.718   |   91:10:50   |   323:37:48   |
175900      |       -56891.2   |       -56626.2   |       -265.021   |   91:12:21   |   323:36:06   |
175950      |       -56859.5   |       -56615.6   |       -243.877   |   91:14:01   |   323:34:56   |


Iter        |      Posterior   |     Likelihood   |          Prior   |    elapsed   |        ETA   |
----------------------------------------------------------------------------------------------------
176000      |       -56819.7   |       -56603.4   |       -216.334   |   91:15:38   |   323:33:36   |
176050      |       -56817.1   |       -56593.3   |       -223.751   |   91:17:09   |   323:31:54   |
176100      |       -56880.7   |         -56597   |       -283.708   |   91:18:41   |   323:30:16   |
176150      |       -56875.6   |       -56602.1   |       -273.555   |   91:20:07   |   323:28:17   |
176200      |       -56857.1   |         -56609   |       -248.141   |   91:21:41   |   323:26:46   |
176250      |       -56846.7   |       -56619.7   |       -226.994   |   91:23:17   |   323:25:22   |
176300      |       -56839.4   |       -56608.1   |       -231.231   |   91:24:52   |   323:23:55   |
176350      |       -56858.4   |       -56612.5   |       -245.956   |   91:26:29   |   323:22:34   |
176400      |       -56852.2   |       -56609.8   |       -242.356   |   91:28:06   |   323:21:14   |
176450      |       -56872.2   |       -56618.2   |       -254.055   |   91:29:39   |   323:19:40   |
176500      |       -56864.3   |       -56615.1   |       -249.208   |   91:31:11   |   323:18:01   |
176550      |       -56844.2   |       -56613.1   |       -231.081   |   91:32:44   |   323:16:27   |
176600      |       -56877.5   |       -56624.8   |       -252.735   |   91:34:17   |   323:14:52   |
176650      |         -56839   |       -56624.3   |       -214.682   |   91:35:50   |   323:13:18   |
176700      |       -56893.7   |       -56631.4   |       -262.301   |   91:37:21   |   323:11:36   |
176750      |       -56881.7   |       -56617.3   |       -264.311   |   91:38:55   |   323:10:05   |
176800      |         -56853   |       -56614.7   |       -238.323   |   91:40:28   |   323:08:31   |
176850      |       -56935.4   |       -56616.4   |       -318.935   |   91:42:00   |   323:06:53   |
176900      |       -56885.9   |       -56627.4   |       -258.515   |   91:43:35   |   323:05:25   |
176950      |       -56883.6   |       -56623.4   |       -260.257   |   91:45:05   |   323:03:40   |


Iter        |      Posterior   |     Likelihood   |          Prior   |    elapsed   |        ETA   |
----------------------------------------------------------------------------------------------------
177000      |       -56885.8   |       -56621.2   |       -264.653   |   91:46:40   |   323:02:13   |
177050      |       -56835.8   |       -56624.3   |       -211.557   |   91:48:18   |   323:00:56   |
177100      |       -56875.6   |       -56614.4   |        -261.27   |   91:49:53   |   322:59:28   |
177150      |       -56903.8   |       -56615.3   |       -288.539   |   91:51:30   |   322:58:08   |
177200      |       -56877.6   |       -56619.3   |       -258.313   |   91:53:03   |   322:56:33   |
177250      |         -56898   |       -56617.7   |       -280.271   |   91:54:33   |   322:54:48   |
177300      |         -56834   |       -56626.5   |       -207.545   |   91:56:06   |   322:53:14   |
177350      |       -56849.7   |       -56611.9   |        -237.88   |   91:57:43   |   322:51:53   |
177400      |       -56887.9   |       -56630.4   |       -257.436   |   91:59:17   |   322:50:22   |
177450      |       -56864.9   |       -56623.3   |       -241.604   |   92:00:55   |   322:49:05   |
177500      |       -56888.4   |         -56629   |       -259.351   |   92:02:31   |   322:47:41   |
177550      |       -56882.9   |       -56626.3   |       -256.666   |   92:04:01   |   322:45:56   |
177600      |       -56895.6   |       -56641.1   |       -254.485   |   92:05:33   |   322:44:18   |
177650      |       -56912.8   |       -56625.1   |       -287.739   |   92:07:08   |   322:42:51   |
177700      |       -56929.4   |       -56640.8   |       -288.532   |   92:08:44   |   322:41:27   |
177750      |       -56919.9   |       -56622.6   |       -297.305   |   92:10:19   |   322:39:59   |
177800      |       -56889.3   |       -56639.4   |        -249.87   |   92:11:49   |   322:38:14   |
177850      |       -56888.1   |         -56622   |       -266.071   |   92:13:24   |   322:36:47   |
177900      |       -56930.1   |       -56645.4   |       -284.721   |   92:14:58   |   322:35:16   |
177950      |       -56875.4   |         -56631   |       -244.413   |   92:16:34   |   322:33:52   |


Iter        |      Posterior   |     Likelihood   |          Prior   |    elapsed   |        ETA   |
----------------------------------------------------------------------------------------------------
178000      |       -56859.9   |       -56624.1   |       -235.751   |   92:18:11   |   322:32:31   |
178050      |       -56860.6   |       -56626.8   |       -233.811   |   92:19:42   |   322:30:50   |
178100      |       -56884.9   |       -56624.1   |       -260.764   |   92:21:10   |   322:28:58   |
178150      |       -56888.6   |       -56614.9   |       -273.673   |   92:22:41   |   322:27:16   |
178200      |       -56865.4   |       -56608.3   |        -257.08   |   92:24:19   |   322:25:59   |
178250      |       -56860.1   |       -56615.2   |       -244.987   |   92:25:55   |   322:24:35   |
178300      |       -56885.7   |       -56624.7   |       -261.027   |   92:27:33   |   322:23:18   |
178350      |       -56868.5   |         -56634   |       -234.552   |   92:29:06   |   322:21:43   |
178400      |       -56899.4   |       -56624.4   |        -275.04   |   92:30:40   |   322:20:12   |
178450      |         -56876   |       -56613.7   |       -262.289   |   92:32:11   |   322:18:31   |
178500      |         -56880   |       -56633.3   |       -246.651   |   92:33:41   |   322:16:46   |
178550      |       -56849.9   |         -56624   |       -225.888   |   92:35:13   |   322:15:08   |
178600      |       -56836.7   |       -56624.9   |       -211.856   |   92:36:48   |   322:13:40   |
178650      |       -56837.5   |       -56620.6   |       -216.943   |   92:38:21   |   322:12:06   |
178700      |         -56870   |       -56617.8   |        -252.14   |   92:39:56   |   322:10:38   |
178750      |       -56902.6   |       -56632.9   |       -269.642   |   92:41:24   |   322:08:46   |
178800      |       -56837.5   |       -56621.9   |       -215.606   |   92:42:57   |   322:07:12   |
178850      |       -56891.4   |       -56627.8   |       -263.637   |   92:44:32   |   322:05:44   |
178900      |       -56858.5   |       -56624.3   |         -234.2   |   92:46:05   |   322:04:10   |
178950      |         -56867   |       -56620.8   |       -246.251   |   92:47:39   |   322:02:39   |


Iter        |      Posterior   |     Likelihood   |          Prior   |    elapsed   |        ETA   |
----------------------------------------------------------------------------------------------------
179000      |       -56875.9   |       -56630.5   |       -245.443   |   92:49:12   |   322:01:04   |
179050      |       -56871.7   |         -56633   |        -238.64   |   92:50:47   |   321:59:37   |
179100      |         -56917   |       -56629.1   |        -287.91   |   92:52:25   |   321:58:20   |
179150      |       -56925.1   |       -56636.7   |       -288.434   |   92:54:02   |   321:56:59   |
179200      |       -56935.4   |       -56630.3   |       -305.141   |   92:55:40   |   321:55:42   |
179250      |       -56884.8   |       -56628.6   |       -256.225   |   92:57:18   |   321:54:24   |
179300      |       -56916.2   |       -56638.8   |       -277.436   |   92:58:59   |   321:53:18   |
179350      |       -56842.1   |       -56621.2   |       -220.865   |   93:00:37   |   321:52:00   |
179400      |       -56847.4   |       -56643.6   |        -203.87   |   93:02:07   |   321:50:15   |
179450      |       -56856.6   |       -56629.3   |       -227.228   |   93:03:42   |   321:48:48   |
179500      |         -56890   |       -56634.6   |       -255.487   |   93:05:16   |   321:47:17   |
179550      |       -56885.9   |       -56632.8   |       -253.135   |   93:06:54   |   321:45:59   |
179600      |       -56887.2   |       -56639.3   |       -247.837   |   93:08:32   |   321:44:42   |
179650      |       -56906.6   |       -56627.5   |       -279.176   |   93:10:05   |   321:43:08   |
179700      |       -56898.4   |       -56617.6   |       -280.813   |   93:11:40   |   321:41:40   |
179750      |       -56869.8   |       -56619.3   |       -250.458   |   93:13:16   |   321:40:16   |
179800      |       -56848.9   |       -56627.8   |       -221.034   |   93:14:50   |   321:38:45   |
179850      |       -56912.2   |       -56638.7   |       -273.565   |   93:16:15   |   321:36:42   |
179900      |       -56867.8   |       -56633.5   |       -234.336   |   93:17:44   |   321:34:54   |
179950      |       -56893.5   |       -56633.1   |       -260.373   |   93:19:16   |   321:33:16   |


Iter        |      Posterior   |     Likelihood   |          Prior   |    elapsed   |        ETA   |
----------------------------------------------------------------------------------------------------
180000      |       -56861.1   |       -56618.2   |       -242.882   |   93:20:50   |   321:31:45   |
180050      |       -56863.9   |       -56633.9   |       -229.907   |   93:22:24   |   321:30:14   |
180100      |       -56826.4   |       -56616.1   |       -210.284   |   93:23:58   |   321:28:43   |
180150      |       -56876.9   |       -56629.1   |       -247.851   |   93:25:37   |   321:27:29   |
180200      |       -56910.6   |       -56631.3   |       -279.368   |   93:27:14   |   321:26:08   |
180250      |       -56876.4   |         -56630   |       -246.399   |   93:28:49   |   321:24:40   |
180300      |         -56862   |       -56627.9   |       -234.133   |   93:30:22   |   321:23:06   |
180350      |       -56891.6   |       -56626.6   |       -264.997   |   93:31:54   |   321:21:28   |
180400      |       -56876.7   |       -56633.1   |       -243.572   |   93:33:27   |   321:19:53   |
180450      |       -56873.1   |       -56623.8   |       -249.277   |   93:35:03   |   321:18:29   |
180500      |       -56846.4   |       -56624.7   |       -221.779   |   93:36:38   |   321:17:01   |
180550      |       -56901.4   |       -56633.6   |       -267.829   |   93:38:11   |   321:15:27   |
180600      |       -56867.9   |       -56639.3   |       -228.647   |   93:39:43   |   321:13:49   |
180650      |       -56850.2   |       -56637.7   |       -212.546   |   93:41:16   |   321:12:14   |
180700      |       -56890.8   |       -56644.2   |       -246.502   |   93:42:45   |   321:10:26   |
180750      |       -56895.5   |       -56640.5   |       -255.017   |   93:44:19   |   321:08:55   |
180800      |       -56856.6   |       -56628.8   |       -227.765   |   93:45:56   |   321:07:34   |
180850      |       -56853.7   |         -56632   |       -221.715   |   93:47:30   |   321:06:03   |
180900      |       -56913.9   |       -56633.7   |       -280.147   |   93:49:02   |   321:04:25   |
180950      |         -56928   |       -56626.8   |       -301.225   |   93:50:38   |   321:03:01   |


Iter        |      Posterior   |     Likelihood   |          Prior   |    elapsed   |        ETA   |
----------------------------------------------------------------------------------------------------
181000      |       -56839.3   |       -56635.1   |        -204.21   |   93:52:12   |   321:01:30   |
181050      |       -56862.8   |       -56626.7   |       -236.134   |   93:53:44   |   320:59:52   |
181100      |       -56855.7   |       -56631.7   |       -223.991   |   93:55:17   |   320:58:17   |
181150      |       -56854.9   |       -56617.1   |       -237.775   |   93:56:50   |   320:56:43   |
181200      |       -56889.6   |       -56627.6   |       -262.009   |   93:58:20   |   320:54:58   |
181250      |       -56869.2   |       -56628.6   |       -240.583   |   93:59:54   |   320:53:27   |
181300      |       -56872.6   |       -56614.2   |       -258.449   |   94:01:30   |   320:52:02   |
181350      |         -56883   |       -56623.2   |       -259.766   |   94:03:07   |   320:50:41   |
181400      |       -56883.1   |       -56618.2   |       -264.908   |   94:04:38   |   320:49:00   |
181450      |       -56848.8   |       -56620.4   |       -228.444   |   94:06:11   |   320:47:25   |
181500      |       -56890.3   |       -56641.2   |       -249.096   |   94:07:44   |   320:45:51   |
181550      |       -56875.9   |       -56628.5   |        -247.33   |   94:09:19   |   320:44:23   |
181600      |       -56868.6   |       -56637.2   |       -231.321   |   94:10:55   |   320:42:59   |
181650      |         -56897   |       -56635.2   |       -261.824   |   94:12:27   |   320:41:21   |
181700      |       -56855.9   |       -56629.9   |       -226.028   |   94:14:00   |   320:39:46   |
181750      |       -56815.7   |       -56623.7   |       -192.017   |   94:15:36   |   320:38:22   |
181800      |       -56872.2   |       -56640.8   |       -231.417   |   94:17:14   |   320:37:04   |
181850      |       -56848.5   |       -56629.2   |       -219.285   |   94:18:53   |   320:35:50   |
181900      |       -56882.6   |       -56627.2   |       -255.343   |   94:20:30   |   320:34:29   |
181950      |       -56837.5   |         -56633   |       -204.488   |   94:22:06   |   320:33:05   |


Iter        |      Posterior   |     Likelihood   |          Prior   |    elapsed   |        ETA   |
----------------------------------------------------------------------------------------------------
182000      |       -56840.2   |       -56618.4   |       -221.746   |   94:23:48   |   320:32:01   |
182050      |         -56846   |       -56620.3   |       -225.691   |   94:25:25   |   320:30:40   |
182100      |         -56888   |       -56625.3   |       -262.726   |   94:27:03   |   320:29:22   |
182150      |       -56920.8   |       -56625.5   |       -295.288   |   94:28:39   |   320:27:58   |
182200      |       -56886.2   |         -56626   |       -260.166   |   94:30:12   |   320:26:23   |
182250      |       -56836.7   |       -56604.5   |         -232.2   |   94:31:46   |   320:24:52   |
182300      |       -56888.4   |       -56621.8   |       -266.561   |   94:33:18   |   320:23:14   |
182350      |       -56863.3   |       -56619.6   |        -243.64   |   94:34:50   |   320:21:36   |
182400      |       -56818.6   |       -56624.5   |       -194.109   |   94:36:30   |   320:20:25   |
182450      |       -56854.6   |       -56624.7   |       -229.829   |   94:38:06   |   320:19:01   |
182500      |       -56885.3   |       -56626.9   |       -258.444   |   94:39:39   |   320:17:26   |
182550      |         -56871   |       -56618.3   |       -252.749   |   94:41:09   |   320:15:42   |
182600      |       -56862.2   |         -56617   |       -245.225   |   94:42:38   |   320:13:53   |
182650      |       -56834.4   |         -56617   |       -217.344   |   94:44:10   |   320:12:15   |
182700      |       -56846.8   |       -56643.3   |       -203.518   |   94:45:40   |   320:10:31   |
182750      |       -56871.2   |       -56644.6   |       -226.647   |   94:47:11   |   320:08:49   |
182800      |       -56873.4   |       -56629.2   |       -244.178   |   94:48:42   |   320:07:08   |
182850      |       -56904.4   |       -56624.3   |       -280.063   |   94:50:12   |   320:05:23   |
182900      |       -56870.4   |       -56632.1   |       -238.342   |   94:51:46   |   320:03:52   |
182950      |       -56869.5   |       -56643.1   |       -226.373   |   94:53:20   |   320:02:21   |


Iter        |      Posterior   |     Likelihood   |          Prior   |    elapsed   |        ETA   |
----------------------------------------------------------------------------------------------------
183000      |       -56857.1   |       -56634.7   |       -222.374   |   94:54:52   |   320:00:43   |
183050      |       -56866.5   |       -56634.9   |       -231.517   |   94:56:21   |   319:58:55   |
183100      |       -56869.7   |       -56635.3   |       -234.391   |   94:57:52   |   319:57:14   |
183150      |       -56868.1   |       -56640.3   |       -227.772   |   94:59:22   |   319:55:29   |
183200      |       -56868.8   |       -56639.9   |       -228.846   |   95:00:57   |   319:54:01   |
183250      |         -56853   |       -56624.2   |       -228.829   |   95:02:32   |   319:52:33   |
183300      |       -56895.6   |       -56641.1   |       -254.542   |   95:04:06   |   319:51:02   |
183350      |       -56853.4   |       -56613.3   |       -240.078   |   95:05:34   |   319:49:11   |
183400      |         -56873   |       -56615.3   |       -257.733   |   95:07:02   |   319:47:19   |
183450      |       -56883.7   |       -56612.9   |       -270.768   |   95:08:34   |   319:45:42   |
183500      |         -56874   |       -56621.6   |       -252.372   |   95:10:04   |   319:43:57   |
183550      |       -56837.5   |       -56612.2   |       -225.313   |   95:11:35   |   319:42:16   |
183600      |       -56839.1   |       -56626.8   |       -212.372   |   95:13:01   |   319:40:18   |
183650      |       -56866.3   |       -56615.6   |       -250.691   |   95:14:32   |   319:38:36   |
183700      |       -56924.1   |       -56617.1   |       -307.047   |   95:16:04   |   319:36:59   |
183750      |       -56841.8   |         -56617   |       -224.807   |   95:17:33   |   319:35:11   |
183800      |       -56826.3   |       -56599.9   |       -226.409   |   95:19:01   |   319:33:19   |
183850      |       -56907.1   |       -56613.8   |         -293.3   |   95:20:29   |   319:31:28   |
183900      |       -56896.9   |       -56619.5   |       -277.377   |   95:21:59   |   319:29:43   |
183950      |       -56872.2   |       -56624.4   |       -247.867   |   95:23:32   |   319:28:09   |


Iter        |      Posterior   |     Likelihood   |          Prior   |    elapsed   |        ETA   |
----------------------------------------------------------------------------------------------------
184000      |       -56879.3   |       -56620.9   |       -258.389   |   95:25:07   |   319:26:41   |
184050      |       -56879.2   |       -56610.8   |       -268.371   |   95:26:42   |   319:25:13   |
184100      |       -56893.6   |       -56618.9   |       -274.686   |   95:28:15   |   319:23:39   |
184150      |         -56807   |       -56612.8   |       -194.251   |   95:29:48   |   319:22:04   |
184200      |       -56828.7   |       -56611.7   |       -216.931   |   95:31:22   |   319:20:33   |
184250      |       -56839.1   |       -56625.4   |       -213.753   |   95:32:51   |   319:18:45   |
184300      |       -56865.9   |       -56612.5   |       -253.321   |   95:34:22   |   319:17:04   |
184350      |       -56861.4   |       -56603.1   |       -258.207   |   95:35:53   |   319:15:23   |
184400      |       -56817.6   |       -56622.9   |       -194.689   |   95:37:27   |   319:13:52   |
184450      |       -56871.5   |       -56623.4   |       -248.168   |   95:39:02   |   319:12:24   |
184500      |       -56863.1   |       -56614.8   |       -248.295   |   95:40:33   |   319:10:43   |
184550      |       -56885.8   |       -56628.1   |       -257.696   |   95:42:04   |   319:09:02   |
184600      |         -56864   |       -56615.5   |       -248.506   |   95:43:36   |   319:07:24   |
184650      |         -56826   |       -56604.2   |       -221.799   |   95:45:05   |   319:05:36   |
184700      |       -56849.9   |       -56608.4   |       -241.508   |   95:46:34   |   319:03:48   |
184750      |       -56879.4   |       -56642.9   |       -236.459   |   95:48:00   |   319:01:51   |
184800      |       -56865.1   |       -56617.1   |        -248.01   |   95:49:28   |   318:59:59   |
184850      |       -56860.8   |       -56616.1   |       -244.752   |   95:51:03   |   318:58:32   |
184900      |       -56861.6   |       -56610.1   |       -251.555   |   95:52:34   |   318:56:51   |
184950      |       -56838.4   |       -56613.7   |       -224.739   |   95:54:05   |   318:55:09   |


Iter        |      Posterior   |     Likelihood   |          Prior   |    elapsed   |        ETA   |
----------------------------------------------------------------------------------------------------
185000      |       -56880.5   |       -56628.1   |       -252.389   |   95:55:38   |   318:53:35   |
185050      |         -56874   |       -56631.3   |       -242.649   |   95:57:12   |   318:52:04   |
185100      |       -56874.7   |       -56612.4   |        -262.26   |   95:58:45   |   318:50:29   |
185150      |         -56871   |       -56619.1   |       -251.937   |   96:00:16   |   318:48:48   |
185200      |       -56853.9   |       -56621.7   |       -232.193   |   96:01:48   |   318:47:11   |
185250      |       -56832.4   |       -56632.8   |        -199.66   |   96:03:22   |   318:45:39   |
185300      |       -56828.3   |       -56613.3   |       -214.979   |   96:04:55   |   318:44:05   |
185350      |         -56859   |         -56626   |       -233.024   |   96:06:31   |   318:42:41   |
185400      |       -56858.2   |       -56611.3   |       -246.895   |   96:08:06   |   318:41:13   |
185450      |       -56849.9   |       -56615.5   |       -234.423   |   96:09:38   |   318:39:35   |
185500      |       -56849.5   |       -56605.7   |       -243.858   |   96:11:08   |   318:37:51   |
185550      |       -56918.3   |       -56621.2   |       -297.092   |   96:12:38   |   318:36:06   |
185600      |       -56847.9   |       -56628.2   |       -219.668   |   96:14:11   |   318:34:32   |
185650      |       -56885.8   |       -56627.2   |       -258.686   |   96:15:39   |   318:32:41   |
185700      |       -56867.2   |       -56634.6   |       -232.538   |   96:17:09   |   318:30:56   |
185750      |       -56840.4   |         -56618   |       -222.404   |   96:18:41   |   318:29:19   |
185800      |         -56862   |       -56614.9   |       -247.104   |   96:20:14   |   318:27:44   |
185850      |       -56856.7   |       -56608.4   |       -248.326   |   96:21:45   |   318:26:03   |
185900      |       -56899.2   |       -56621.4   |       -277.751   |   96:23:15   |   318:24:19   |
185950      |       -56886.8   |       -56607.7   |       -279.038   |   96:24:45   |   318:22:35   |


Iter        |      Posterior   |     Likelihood   |          Prior   |    elapsed   |        ETA   |
----------------------------------------------------------------------------------------------------
186000      |       -56856.6   |       -56615.5   |       -241.058   |   96:26:19   |   318:21:04   |
186050      |       -56831.6   |       -56613.8   |       -217.853   |   96:27:51   |   318:19:26   |
186100      |       -56835.1   |       -56603.3   |       -231.771   |   96:29:27   |   318:18:01   |
186150      |       -56853.7   |       -56625.8   |       -227.872   |   96:31:05   |   318:16:43   |
186200      |       -56872.4   |       -56616.1   |        -256.29   |   96:32:46   |   318:15:35   |
186250      |       -56837.7   |       -56605.8   |       -231.913   |   96:34:23   |   318:14:14   |
186300      |       -56886.2   |       -56603.1   |       -283.128   |   96:36:02   |   318:12:59   |
186350      |       -56866.8   |       -56605.8   |        -260.96   |   96:37:39   |   318:11:38   |
186400      |       -56865.5   |       -56623.5   |       -241.941   |   96:39:18   |   318:10:23   |
186450      |         -56804   |       -56619.6   |       -184.405   |   96:40:51   |   318:08:49   |
186500      |       -56842.4   |       -56611.1   |       -231.326   |   96:42:25   |   318:07:18   |
186550      |       -56867.5   |         -56619   |       -248.535   |   96:43:58   |   318:05:43   |
186600      |       -56883.6   |       -56644.6   |       -239.054   |   96:45:33   |   318:04:16   |
186650      |       -56880.8   |       -56620.8   |       -260.023   |   96:47:09   |   318:02:51   |
186700      |       -56846.9   |       -56622.7   |       -224.152   |   96:48:45   |   318:01:26   |
186750      |       -56842.6   |       -56625.6   |       -217.014   |   96:50:19   |   317:59:55   |
186800      |       -56882.7   |       -56634.5   |       -248.176   |   96:51:52   |   317:58:21   |
186850      |       -56856.5   |       -56638.5   |       -218.021   |   96:53:30   |   317:57:03   |
186900      |       -56843.3   |       -56620.1   |       -223.156   |   96:55:07   |   317:55:41   |
186950      |       -56851.5   |       -56613.9   |       -237.581   |   96:56:45   |   317:54:23   |


Iter        |      Posterior   |     Likelihood   |          Prior   |    elapsed   |        ETA   |
----------------------------------------------------------------------------------------------------
187000      |       -56864.4   |         -56623   |         -241.4   |   96:58:25   |   317:53:12   |
187050      |       -56890.3   |       -56628.7   |       -261.654   |   97:00:03   |   317:51:54   |
187100      |       -56857.9   |       -56626.6   |       -231.235   |   97:01:40   |   317:50:32   |
187150      |       -56860.9   |       -56625.3   |       -235.697   |   97:03:11   |   317:48:51   |
187200      |         -56891   |       -56627.9   |        -263.08   |   97:04:50   |   317:47:37   |
187250      |       -56861.9   |         -56626   |       -235.899   |   97:06:27   |   317:46:15   |
187300      |       -56866.1   |       -56637.4   |       -228.665   |   97:08:04   |   317:44:54   |
187350      |       -56925.7   |       -56619.1   |       -306.631   |   97:09:39   |   317:43:26   |
187400      |       -56884.5   |       -56630.1   |       -254.386   |   97:11:15   |   317:42:01   |
187450      |       -56859.5   |       -56623.7   |       -235.759   |   97:12:47   |   317:40:23   |
187500      |       -56848.8   |       -56637.7   |       -211.127   |   97:14:20   |   317:38:49   |
187550      |       -56886.9   |       -56634.8   |        -252.02   |   97:15:51   |   317:37:08   |
187600      |       -56852.8   |       -56631.4   |       -221.364   |   97:17:25   |   317:35:37   |
187650      |       -56864.9   |       -56630.6   |       -234.347   |   97:19:01   |   317:34:12   |
187700      |       -56848.2   |       -56643.7   |       -204.484   |   97:20:36   |   317:32:44   |
187750      |         -56836   |       -56635.1   |       -200.914   |   97:22:13   |   317:31:22   |
187800      |       -56840.3   |       -56627.4   |       -212.922   |   97:23:47   |   317:29:51   |
187850      |       -56872.7   |       -56626.6   |       -246.117   |   97:25:25   |   317:28:33   |
187900      |       -56863.2   |       -56642.1   |       -221.127   |   97:27:07   |   317:27:28   |
187950      |       -56848.2   |       -56624.5   |       -223.624   |   97:28:42   |   317:26:00   |


Iter        |      Posterior   |     Likelihood   |          Prior   |    elapsed   |        ETA   |
----------------------------------------------------------------------------------------------------
188000      |         -56883   |       -56643.6   |       -239.383   |   97:30:18   |   317:24:35   |
188050      |       -56887.9   |       -56631.1   |       -256.792   |   97:31:52   |   317:23:04   |
188100      |       -56825.6   |       -56629.1   |       -196.486   |   97:33:28   |   317:21:39   |
188150      |       -56853.1   |       -56643.5   |       -209.544   |   97:35:01   |   317:20:05   |
188200      |       -56872.8   |       -56635.4   |       -237.417   |   97:36:33   |   317:18:27   |
188250      |       -56863.1   |       -56636.9   |       -226.148   |   97:38:05   |   317:16:49   |
188300      |       -56856.1   |       -56643.5   |       -212.635   |   97:39:37   |   317:15:11   |
188350      |       -56859.9   |       -56633.3   |       -226.613   |   97:41:07   |   317:13:27   |
188400      |       -56838.2   |       -56643.5   |         -194.7   |   97:42:38   |   317:11:46   |
188450      |       -56848.2   |       -56634.2   |       -213.985   |   97:44:08   |   317:10:02   |
188500      |       -56876.5   |       -56629.9   |       -246.672   |   97:45:41   |   317:08:27   |
188550      |       -56879.3   |       -56636.8   |       -242.451   |   97:47:18   |   317:07:06   |
188600      |       -56906.3   |       -56628.8   |       -277.547   |   97:48:52   |   317:05:35   |
188650      |       -56921.2   |       -56636.6   |       -284.523   |   97:50:30   |   317:04:16   |
188700      |       -56885.5   |         -56627   |       -258.498   |   97:52:00   |   317:02:32   |
188750      |       -56859.3   |         -56634   |       -225.257   |   97:53:30   |   317:00:48   |
188800      |       -56870.1   |       -56637.3   |       -232.803   |   97:55:05   |   316:59:20   |
188850      |       -56874.4   |       -56632.3   |       -242.176   |   97:56:41   |   316:57:55   |
188900      |         -56870   |       -56632.8   |       -237.198   |   97:58:17   |   316:56:30   |
188950      |       -56866.1   |         -56619   |       -247.033   |   97:59:55   |   316:55:12   |


Iter        |      Posterior   |     Likelihood   |          Prior   |    elapsed   |        ETA   |
----------------------------------------------------------------------------------------------------
189000      |       -56834.7   |       -56624.1   |       -210.572   |   98:01:31   |   316:53:47   |
189050      |       -56863.3   |         -56618   |       -245.245   |   98:03:06   |   316:52:19   |
189100      |         -56872   |       -56621.3   |       -250.678   |   98:04:42   |   316:50:54   |
189150      |         -56856   |       -56610.8   |       -245.211   |   98:06:19   |   316:49:33   |
189200      |       -56833.6   |       -56629.1   |       -204.566   |   98:07:53   |   316:48:01   |
189250      |       -56830.7   |       -56618.7   |       -212.004   |   98:09:25   |   316:46:24   |
189300      |       -56868.8   |       -56633.4   |       -235.362   |   98:11:00   |   316:44:55   |
189350      |       -56880.4   |       -56610.5   |       -269.874   |   98:12:31   |   316:43:14   |
189400      |       -56878.9   |         -56616   |       -262.916   |   98:14:04   |   316:41:40   |
189450      |       -56856.3   |       -56623.5   |       -232.821   |   98:15:33   |   316:39:53   |
189500      |         -56880   |         -56627   |        -253.06   |   98:17:09   |   316:38:28   |
189550      |       -56908.2   |       -56634.2   |       -274.003   |   98:18:36   |   316:36:34   |
189600      |       -56908.5   |       -56641.4   |       -267.134   |   98:20:08   |   316:34:56   |
189650      |       -56876.6   |       -56632.8   |       -243.777   |   98:21:41   |   316:33:22   |
189700      |       -56892.7   |       -56616.8   |       -275.911   |   98:23:11   |   316:31:37   |
189750      |       -56859.4   |       -56621.8   |       -237.545   |   98:24:44   |   316:30:03   |
189800      |       -56874.7   |       -56613.9   |       -260.777   |   98:26:18   |   316:28:32   |
189850      |       -56837.5   |       -56629.9   |       -207.596   |   98:27:50   |   316:26:54   |
189900      |       -56855.8   |       -56617.7   |       -238.138   |   98:29:24   |   316:25:23   |
189950      |       -56853.8   |       -56624.2   |       -229.534   |   98:30:57   |   316:23:48   |


Iter        |      Posterior   |     Likelihood   |          Prior   |    elapsed   |        ETA   |
----------------------------------------------------------------------------------------------------
190000      |       -56855.9   |       -56619.8   |       -236.139   |   98:32:28   |   316:22:07   |
190050      |       -56862.8   |       -56611.8   |       -251.037   |   98:34:00   |   316:20:30   |
190100      |       -56825.1   |       -56622.8   |       -202.271   |   98:35:33   |   316:18:55   |
190150      |         -56875   |       -56627.8   |       -247.242   |   98:37:08   |   316:17:27   |
190200      |       -56863.2   |       -56621.8   |       -241.415   |   98:38:39   |   316:15:46   |
190250      |       -56845.8   |       -56599.4   |       -246.355   |   98:40:10   |   316:14:05   |
190300      |       -56875.5   |       -56601.6   |       -273.904   |   98:41:44   |   316:12:34   |
190350      |       -56819.4   |       -56606.6   |       -212.821   |   98:43:16   |   316:10:56   |
190400      |       -56901.6   |       -56618.4   |        -283.27   |   98:44:49   |   316:09:22   |
190450      |       -56853.9   |         -56613   |       -240.938   |   98:46:17   |   316:07:31   |
190500      |       -56839.6   |       -56609.1   |       -230.546   |   98:47:49   |   316:05:54   |
190550      |         -56903   |       -56612.9   |        -290.14   |   98:49:22   |   316:04:19   |
190600      |         -56862   |       -56612.5   |       -249.417   |   98:50:52   |   316:02:35   |
190650      |       -56851.3   |       -56610.3   |       -241.002   |   98:52:24   |   316:00:57   |
190700      |       -56857.1   |       -56635.7   |        -221.41   |   98:54:01   |   315:59:36   |
190750      |       -56852.1   |       -56621.6   |       -230.574   |   98:55:36   |   315:58:08   |
190800      |       -56886.3   |       -56643.8   |       -242.447   |   98:57:08   |   315:56:30   |
190850      |       -56884.1   |       -56633.6   |       -250.456   |   98:58:40   |   315:54:52   |
190900      |       -56831.7   |       -56619.2   |       -212.501   |   99:00:17   |   315:53:31   |
190950      |       -56846.6   |       -56607.6   |       -239.004   |   99:01:50   |   315:51:56   |


Iter        |      Posterior   |     Likelihood   |          Prior   |    elapsed   |        ETA   |
----------------------------------------------------------------------------------------------------
191000      |       -56885.7   |       -56627.6   |       -258.082   |   99:03:21   |   315:50:15   |
191050      |         -56875   |       -56612.3   |       -262.704   |   99:04:54   |   315:48:41   |
191100      |       -56905.8   |       -56619.7   |       -286.092   |   99:06:25   |   315:47:00   |
191150      |       -56845.9   |       -56600.6   |       -245.309   |   99:07:59   |   315:45:29   |
191200      |       -56864.6   |       -56615.6   |       -248.981   |   99:09:36   |   315:44:07   |
191250      |       -56873.6   |       -56616.2   |       -257.377   |   99:11:11   |   315:42:39   |
191300      |       -56874.3   |       -56613.3   |       -260.981   |   99:12:42   |   315:40:58   |
191350      |       -56896.3   |       -56613.6   |       -282.781   |   99:14:17   |   315:39:30   |
191400      |       -56907.7   |       -56635.6   |       -272.117   |   99:15:51   |   315:37:59   |
191450      |       -56863.1   |       -56604.9   |        -258.28   |   99:17:26   |   315:36:30   |
191500      |       -56851.7   |       -56608.9   |       -242.795   |   99:19:05   |   315:35:15   |
191550      |       -56870.3   |       -56620.7   |       -249.637   |   99:20:43   |   315:33:56   |
191600      |       -56817.1   |       -56611.6   |       -205.491   |   99:22:23   |   315:32:44   |
191650      |       -56889.9   |       -56617.8   |       -272.089   |   99:23:59   |   315:31:19   |
191700      |       -56898.8   |       -56629.4   |       -269.391   |   99:25:35   |   315:29:54   |
191750      |       -56861.9   |       -56610.4   |       -251.538   |   99:27:15   |   315:28:42   |
191800      |       -56867.8   |       -56615.5   |       -252.353   |   99:28:48   |   315:27:07   |
191850      |       -56877.9   |       -56612.9   |       -264.928   |   99:30:27   |   315:25:52   |
191900      |         -56835   |       -56623.3   |       -211.663   |   99:32:05   |   315:24:33   |
191950      |       -56874.7   |       -56620.7   |        -253.97   |   99:33:40   |   315:23:05   |


Iter        |      Posterior   |     Likelihood   |          Prior   |    elapsed   |        ETA   |
----------------------------------------------------------------------------------------------------
192000      |         -56890   |       -56619.9   |        -270.08   |   99:35:15   |   315:21:37   |
192050      |       -56885.9   |       -56620.8   |       -265.133   |   99:36:49   |   315:20:06   |
192100      |       -56930.7   |       -56628.6   |       -302.123   |   99:38:20   |   315:18:25   |
192150      |       -56888.4   |       -56633.1   |       -255.359   |   99:39:55   |   315:16:57   |
192200      |       -56895.9   |       -56638.6   |       -257.328   |   99:41:27   |   315:15:19   |
192250      |       -56847.7   |       -56633.1   |       -214.561   |   99:42:55   |   315:13:29   |
192300      |       -56900.1   |       -56629.5   |       -270.581   |   99:44:25   |   315:11:45   |
192350      |       -56889.5   |       -56619.6   |       -269.906   |   99:46:01   |   315:10:20   |
192400      |       -56884.5   |       -56619.2   |       -265.226   |   99:47:40   |   315:09:04   |
192450      |       -56888.1   |       -56628.9   |       -259.143   |   99:49:18   |   315:07:45   |
192500      |       -56857.7   |       -56625.9   |       -231.844   |   99:50:56   |   315:06:27   |
192550      |       -56890.8   |       -56642.5   |       -248.291   |   99:52:32   |   315:05:02   |
192600      |       -56932.6   |       -56626.4   |       -306.181   |   99:54:11   |   315:03:46   |
192650      |       -56866.1   |       -56630.4   |       -235.684   |   99:55:49   |   315:02:27   |
192700      |       -56898.8   |       -56637.3   |         -261.5   |   99:57:25   |   315:01:02   |
192750      |       -56834.9   |         -56622   |       -212.893   |   99:59:00   |   314:59:34   |
192800      |       -56847.7   |       -56621.2   |       -226.464   |   100:00:37   |   314:58:12   |
192850      |       -56911.8   |       -56636.2   |       -275.635   |   100:02:12   |   314:56:44   |
192900      |       -56862.8   |       -56622.5   |       -240.295   |   100:03:47   |   314:55:15   |
192950      |       -56886.9   |       -56636.1   |       -250.812   |   100:05:21   |   314:53:44   |


Iter        |      Posterior   |     Likelihood   |          Prior   |    elapsed   |        ETA   |
----------------------------------------------------------------------------------------------------
193000      |       -56874.9   |       -56631.8   |       -243.166   |   100:06:56   |   314:52:16   |
193050      |       -56956.4   |       -56649.8   |         -306.6   |   100:08:31   |   314:50:48   |
193100      |       -56877.1   |       -56626.2   |       -250.934   |   100:10:10   |   314:49:32   |
193150      |       -56851.9   |       -56635.6   |       -216.317   |   100:11:46   |   314:48:07   |
193200      |       -56876.7   |         -56638   |       -238.709   |   100:13:20   |   314:46:35   |
193250      |       -56881.9   |         -56626   |       -255.875   |   100:14:55   |   314:45:07   |
193300      |       -56862.1   |       -56641.5   |       -220.617   |   100:16:35   |   314:43:55   |
193350      |       -56866.6   |       -56636.3   |       -230.321   |   100:18:10   |   314:42:26   |
193400      |       -56876.1   |       -56632.6   |       -243.426   |   100:19:44   |   314:40:55   |
193450      |       -56888.2   |       -56639.9   |       -248.265   |   100:21:18   |   314:39:23   |
193500      |       -56835.6   |       -56630.5   |       -205.067   |   100:22:56   |   314:38:04   |
193550      |       -56861.3   |         -56638   |       -223.308   |   100:24:33   |   314:36:42   |
193600      |       -56865.6   |       -56639.4   |       -226.199   |   100:26:10   |   314:35:20   |
193650      |       -56868.6   |       -56646.7   |       -221.968   |   100:27:46   |   314:33:55   |
193700      |       -56874.5   |         -56623   |       -251.576   |   100:29:20   |   314:32:24   |
193750      |       -56818.7   |       -56627.4   |       -191.249   |   100:30:53   |   314:30:49   |
193800      |       -56912.3   |       -56640.3   |       -272.026   |   100:32:24   |   314:29:08   |
193850      |       -56871.2   |       -56614.2   |       -257.015   |   100:33:59   |   314:27:40   |
193900      |       -56871.8   |       -56629.7   |       -242.105   |   100:35:34   |   314:26:12   |
193950      |       -56848.6   |       -56624.6   |       -224.055   |   100:37:07   |   314:24:37   |


Iter        |      Posterior   |     Likelihood   |          Prior   |    elapsed   |        ETA   |
----------------------------------------------------------------------------------------------------
194000      |       -56860.5   |       -56640.7   |       -219.792   |   100:38:33   |   314:22:41   |
194050      |       -56839.8   |       -56634.7   |       -205.094   |   100:40:00   |   314:20:47   |
194100      |         -56838   |       -56621.2   |       -216.786   |   100:41:35   |   314:19:19   |
194150      |       -56890.5   |       -56634.1   |        -256.32   |   100:43:09   |   314:17:48   |
194200      |       -56835.4   |       -56620.6   |       -214.774   |   100:44:38   |   314:16:01   |
194250      |       -56850.7   |       -56624.9   |       -225.779   |   100:46:07   |   314:14:14   |
194300      |       -56874.5   |       -56624.1   |       -250.414   |   100:47:39   |   314:12:36   |
194350      |       -56829.1   |       -56630.6   |       -198.528   |   100:49:15   |   314:11:11   |
194400      |       -56895.8   |       -56625.1   |       -270.757   |   100:50:44   |   314:09:24   |
194450      |       -56845.3   |       -56620.6   |        -224.78   |   100:52:15   |   314:07:43   |
194500      |       -56869.8   |       -56619.6   |       -250.254   |   100:53:48   |   314:06:08   |
194550      |       -56860.2   |       -56614.3   |       -245.856   |   100:55:22   |   314:04:37   |
194600      |       -56903.8   |       -56632.4   |       -271.356   |   100:56:52   |   314:02:53   |
194650      |       -56853.9   |       -56618.3   |       -235.587   |   100:58:24   |   314:01:15   |
194700      |       -56886.8   |       -56637.7   |       -249.083   |   100:59:54   |   313:59:32   |
194750      |       -56886.9   |       -56630.4   |       -256.513   |   101:01:24   |   313:57:48   |
194800      |       -56885.3   |       -56638.5   |       -246.737   |   101:02:52   |   313:55:58   |
194850      |       -56876.8   |       -56630.9   |       -245.958   |   101:04:24   |   313:54:20   |
194900      |       -56870.5   |       -56633.5   |       -236.994   |   101:06:03   |   313:53:04   |
194950      |       -56936.7   |       -56632.9   |       -303.844   |   101:07:40   |   313:51:42   |


Iter        |      Posterior   |     Likelihood   |          Prior   |    elapsed   |        ETA   |
----------------------------------------------------------------------------------------------------
195000      |       -56912.2   |       -56652.7   |       -259.503   |   101:09:14   |   313:50:11   |
195050      |       -56892.8   |       -56643.4   |       -249.401   |   101:10:46   |   313:48:33   |
195100      |       -56826.8   |       -56639.1   |       -187.702   |   101:12:17   |   313:46:52   |
195150      |       -56863.4   |         -56640   |        -223.43   |   101:13:49   |   313:45:15   |
195200      |       -56873.1   |       -56619.6   |       -253.559   |   101:15:27   |   313:43:56   |
195250      |       -56845.8   |       -56608.6   |       -237.278   |   101:17:03   |   313:42:30   |
195300      |         -56835   |       -56618.5   |       -216.554   |   101:18:41   |   313:41:11   |
195350      |       -56895.7   |       -56635.8   |       -259.896   |   101:20:15   |   313:39:40   |
195400      |       -56847.7   |       -56619.5   |       -228.276   |   101:21:46   |   313:37:59   |
195450      |       -56899.9   |       -56631.6   |       -268.299   |   101:23:17   |   313:36:18   |
195500      |       -56887.7   |       -56616.9   |       -270.877   |   101:24:51   |   313:34:47   |
195550      |       -56843.1   |       -56601.8   |       -241.299   |   101:26:22   |   313:33:06   |
195600      |       -56882.3   |       -56616.6   |       -265.668   |   101:27:56   |   313:31:35   |
195650      |       -56869.3   |       -56610.3   |       -259.008   |   101:29:36   |   313:30:22   |
195700      |       -56895.4   |       -56610.1   |       -285.276   |   101:31:13   |   313:29:00   |
195750      |       -56860.9   |       -56621.6   |       -239.318   |   101:32:50   |   313:27:38   |
195800      |         -56855   |       -56604.8   |       -250.225   |   101:34:27   |   313:26:15   |
195850      |       -56859.3   |       -56618.4   |       -240.889   |   101:36:01   |   313:24:44   |
195900      |       -56809.3   |       -56610.9   |       -198.363   |   101:37:34   |   313:23:09   |
195950      |       -56906.7   |         -56602   |       -304.742   |   101:39:06   |   313:21:32   |


Iter        |      Posterior   |     Likelihood   |          Prior   |    elapsed   |        ETA   |
----------------------------------------------------------------------------------------------------
196000      |       -56852.9   |         -56613   |       -239.969   |   101:40:39   |   313:19:57   |
196050      |         -56853   |       -56618.9   |       -234.028   |   101:42:15   |   313:18:32   |
196100      |       -56902.1   |       -56629.5   |        -272.62   |   101:43:49   |   313:17:00   |
196150      |       -56848.4   |       -56615.3   |       -233.132   |   101:45:21   |   313:15:23   |
196200      |       -56937.7   |       -56629.8   |       -307.889   |   101:46:55   |   313:13:51   |
196250      |       -56826.4   |       -56626.6   |       -199.863   |   101:48:32   |   313:12:29   |
196300      |       -56874.2   |       -56616.7   |       -257.474   |   101:50:06   |   313:10:58   |
196350      |       -56878.9   |       -56611.7   |       -267.162   |   101:51:31   |   313:08:59   |
196400      |       -56819.1   |       -56597.4   |       -221.726   |   101:53:00   |   313:07:12   |
196450      |       -56900.6   |       -56616.4   |       -284.234   |   101:54:38   |   313:05:53   |
196500      |       -56890.3   |       -56618.9   |        -271.36   |   101:56:20   |   313:04:46   |
196550      |       -56845.7   |       -56605.9   |       -239.832   |   101:57:57   |   313:03:23   |
196600      |       -56899.2   |       -56609.9   |       -289.268   |   101:59:34   |   313:02:01   |
196650      |       -56908.8   |       -56614.1   |        -294.67   |   102:01:10   |   313:00:36   |
196700      |       -56902.4   |       -56616.4   |       -285.914   |   102:02:47   |   312:59:13   |
196750      |       -56856.9   |       -56611.5   |       -245.407   |   102:04:21   |   312:57:42   |
196800      |       -56855.8   |       -56612.4   |       -243.448   |   102:05:56   |   312:56:14   |
196850      |       -56859.9   |       -56627.2   |       -232.678   |   102:07:27   |   312:54:33   |
196900      |       -56911.4   |       -56620.3   |       -291.129   |   102:09:04   |   312:53:11   |
196950      |       -56905.1   |       -56614.8   |       -290.257   |   102:10:38   |   312:51:39   |


Iter        |      Posterior   |     Likelihood   |          Prior   |    elapsed   |        ETA   |
----------------------------------------------------------------------------------------------------
197000      |       -56896.9   |       -56624.3   |       -272.531   |   102:12:13   |   312:50:11   |
197050      |       -56843.7   |       -56631.9   |       -211.803   |   102:13:48   |   312:48:42   |
197100      |       -56878.2   |       -56616.1   |       -262.053   |   102:15:23   |   312:47:14   |
197150      |       -56869.7   |       -56635.1   |       -234.591   |   102:16:55   |   312:45:36   |
197200      |       -56842.4   |       -56609.9   |       -232.506   |   102:18:29   |   312:44:05   |
197250      |       -56856.1   |         -56615   |       -241.105   |   102:20:07   |   312:42:45   |
197300      |       -56896.6   |         -56625   |       -271.644   |   102:21:43   |   312:41:20   |
197350      |       -56860.5   |       -56609.9   |       -250.669   |   102:23:16   |   312:39:45   |
197400      |         -56874   |       -56630.2   |       -243.769   |   102:24:53   |   312:38:23   |
197450      |       -56837.3   |         -56615   |       -222.354   |   102:26:28   |   312:36:55   |
197500      |       -56860.5   |       -56613.6   |       -246.874   |   102:28:01   |   312:35:20   |
197550      |       -56846.3   |       -56620.2   |        -226.11   |   102:29:38   |   312:33:58   |
197600      |       -56864.1   |       -56610.5   |       -253.648   |   102:31:11   |   312:32:23   |
197650      |       -56863.5   |       -56611.3   |       -252.208   |   102:32:41   |   312:30:39   |
197700      |       -56852.3   |       -56620.2   |       -232.121   |   102:34:17   |   312:29:14   |
197750      |       -56854.2   |       -56631.5   |       -222.672   |   102:35:53   |   312:27:48   |
197800      |       -56908.5   |         -56615   |       -293.558   |   102:37:26   |   312:26:14   |
197850      |       -56889.7   |       -56620.5   |       -269.183   |   102:38:59   |   312:24:39   |
197900      |       -56911.5   |       -56618.8   |       -292.659   |   102:40:32   |   312:23:05   |
197950      |       -56907.8   |       -56625.1   |       -282.695   |   102:42:04   |   312:21:27   |


Iter        |      Posterior   |     Likelihood   |          Prior   |    elapsed   |        ETA   |
----------------------------------------------------------------------------------------------------
198000      |       -56902.1   |       -56622.9   |       -279.282   |   102:43:34   |   312:19:43   |
198050      |       -56868.5   |       -56615.3   |        -253.22   |   102:45:05   |   312:18:03   |
198100      |       -56895.2   |         -56621   |       -274.119   |   102:46:40   |   312:16:34   |
198150      |       -56876.4   |       -56610.2   |       -266.195   |   102:48:16   |   312:15:09   |
198200      |       -56897.4   |       -56619.5   |       -277.839   |   102:49:51   |   312:13:40   |
198250      |         -56849   |       -56605.6   |       -243.422   |   102:51:26   |   312:12:12   |
198300      |       -56821.5   |       -56598.8   |       -222.647   |   102:52:58   |   312:10:34   |
198350      |       -56867.5   |       -56606.6   |       -260.976   |   102:54:40   |   312:09:27   |
198400      |       -56876.3   |       -56621.6   |       -254.673   |   102:56:17   |   312:08:05   |
198450      |       -56842.6   |         -56621   |       -221.648   |   102:57:45   |   312:06:15   |
198500      |       -56860.6   |       -56607.5   |       -253.138   |   102:59:21   |   312:04:49   |
198550      |         -56921   |       -56617.6   |        -303.38   |   103:00:54   |   312:03:15   |
198600      |       -56883.2   |       -56616.9   |       -266.246   |   103:02:27   |   312:01:40   |
198650      |       -56844.8   |       -56602.7   |       -242.062   |   103:03:59   |   312:00:03   |
198700      |       -56867.1   |       -56617.8   |       -249.281   |   103:05:27   |   311:58:13   |
198750      |       -56895.9   |       -56611.6   |       -284.326   |   103:06:59   |   311:56:35   |
198800      |       -56859.2   |       -56614.4   |       -244.873   |   103:08:35   |   311:55:10   |
198850      |       -56875.5   |       -56614.1   |       -261.313   |   103:10:08   |   311:53:35   |
198900      |       -56890.8   |       -56607.2   |       -283.627   |   103:11:40   |   311:51:58   |
198950      |       -56889.1   |       -56609.6   |       -279.511   |   103:13:11   |   311:50:17   |


Iter        |      Posterior   |     Likelihood   |          Prior   |    elapsed   |        ETA   |
----------------------------------------------------------------------------------------------------
199000      |       -56845.5   |       -56614.6   |       -230.894   |   103:14:41   |   311:48:33   |
199050      |       -56886.3   |       -56609.9   |       -276.386   |   103:16:15   |   311:47:02   |
199100      |       -56875.3   |       -56617.2   |       -258.076   |   103:17:58   |   311:45:58   |
199150      |       -56878.6   |       -56610.4   |       -268.263   |   103:19:42   |   311:44:56   |
199200      |       -56877.4   |       -56614.6   |       -262.727   |   103:21:24   |   311:43:49   |
199250      |       -56837.2   |       -56602.4   |       -234.841   |   103:23:10   |   311:42:53   |
199300      |       -56866.5   |       -56610.7   |       -255.779   |   103:24:52   |   311:41:46   |
199350      |       -56888.5   |       -56606.4   |       -282.066   |   103:26:31   |   311:40:29   |
199400      |       -56888.4   |       -56608.4   |       -279.954   |   103:28:14   |   311:39:25   |
199450      |       -56852.5   |       -56619.7   |       -232.802   |   103:29:56   |   311:38:17   |
199500      |       -56878.8   |       -56608.5   |       -270.253   |   103:31:40   |   311:37:16   |
199550      |       -56888.3   |         -56610   |       -278.319   |   103:33:25   |   311:36:17   |
199600      |       -56878.7   |       -56615.7   |       -262.992   |   103:35:10   |   311:35:19   |
199650      |       -56848.8   |       -56611.8   |        -236.99   |   103:36:53   |   311:34:14   |
199700      |       -56858.4   |       -56613.4   |       -245.028   |   103:38:36   |   311:33:10   |
199750      |       -56851.7   |       -56603.8   |       -247.841   |   103:40:18   |   311:32:02   |
199800      |       -56860.6   |       -56611.6   |       -249.073   |   103:42:03   |   311:31:03   |
199850      |       -56845.4   |       -56592.7   |       -252.643   |   103:43:41   |   311:29:44   |
199900      |       -56869.6   |       -56611.3   |       -258.256   |   103:45:18   |   311:28:21   |
199950      |       -56854.3   |         -56617   |       -237.391   |   103:46:53   |   311:26:52   |


Iter        |      Posterior   |     Likelihood   |          Prior   |    elapsed   |        ETA   |
----------------------------------------------------------------------------------------------------
200000      |       -56857.6   |       -56605.9   |       -251.712   |   103:48:29   |   311:25:27   |
200050      |       -56853.4   |       -56605.3   |       -248.168   |   103:50:07   |   311:24:07   |
200100      |       -56858.5   |       -56624.9   |       -233.556   |   103:51:52   |   311:23:08   |
200150      |       -56865.2   |       -56609.2   |       -255.988   |   103:53:30   |   311:21:48   |
200200      |         -56852   |       -56623.4   |       -228.528   |   103:55:08   |   311:20:29   |
200250      |       -56828.3   |       -56609.8   |       -218.517   |   103:56:52   |   311:19:27   |
200300      |       -56913.4   |       -56637.7   |        -275.68   |   103:58:35   |   311:18:22   |
200350      |         -56903   |       -56615.4   |       -287.564   |   104:00:14   |   311:17:05   |
200400      |       -56841.3   |       -56606.6   |       -234.671   |   104:02:00   |   311:16:09   |
200450      |       -56859.2   |       -56613.5   |       -245.668   |   104:03:46   |   311:15:13   |
200500      |         -56841   |       -56607.4   |        -233.65   |   104:05:37   |   311:14:32   |
200550      |       -56891.3   |       -56620.3   |       -270.986   |   104:07:16   |   311:13:16   |
200600      |       -56868.3   |       -56618.4   |        -249.89   |   104:08:57   |   311:12:05   |
200650      |       -56931.5   |       -56613.5   |       -317.991   |   104:10:39   |   311:10:57   |
200700      |       -56869.2   |       -56612.4   |       -256.838   |   104:12:25   |   311:10:01   |
200750      |       -56874.2   |       -56613.5   |       -260.706   |   104:14:09   |   311:08:59   |
200800      |       -56853.5   |       -56604.6   |       -248.921   |   104:15:49   |   311:07:45   |
200850      |       -56870.9   |       -56607.4   |       -263.512   |   104:17:28   |   311:06:28   |
200900      |       -56835.3   |       -56609.9   |       -225.394   |   104:19:08   |   311:05:14   |
200950      |       -56843.2   |       -56602.7   |       -240.419   |   104:20:47   |   311:03:57   |


Iter        |      Posterior   |     Likelihood   |          Prior   |    elapsed   |        ETA   |
----------------------------------------------------------------------------------------------------
201000      |       -56875.7   |       -56613.4   |       -262.315   |   104:22:27   |   311:02:43   |
201050      |       -56877.4   |         -56591   |       -286.382   |   104:24:09   |   311:01:35   |
201100      |       -56878.2   |       -56611.6   |       -266.555   |   104:25:52   |   311:00:30   |
201150      |       -56844.6   |       -56595.2   |       -249.377   |   104:27:31   |   310:59:13   |
201200      |       -56843.3   |       -56617.4   |       -225.874   |   104:29:11   |   310:57:59   |
201250      |       -56879.5   |       -56612.7   |       -266.764   |   104:30:49   |   310:56:39   |
201300      |       -56850.1   |         -56596   |       -254.082   |   104:32:34   |   310:55:39   |
201350      |       -56871.5   |       -56603.7   |       -267.772   |   104:34:16   |   310:54:31   |
201400      |       -56871.9   |       -56615.7   |       -256.105   |   104:35:50   |   310:52:59   |
201450      |       -56880.6   |       -56613.9   |       -266.726   |   104:37:35   |   310:52:00   |
201500      |       -56820.6   |         -56601   |       -219.599   |   104:39:18   |   310:50:55   |
201550      |       -56871.4   |       -56624.4   |        -246.98   |   104:41:06   |   310:50:04   |
201600      |       -56881.1   |       -56623.2   |       -257.895   |   104:42:50   |   310:49:02   |
201650      |       -56878.8   |       -56611.3   |        -267.48   |   104:44:35   |   310:48:03   |
201700      |       -56870.9   |       -56624.8   |       -246.091   |   104:46:23   |   310:47:12   |
201750      |       -56891.7   |       -56605.8   |       -285.885   |   104:48:10   |   310:46:19   |
201800      |         -56862   |       -56602.4   |       -259.634   |   104:49:54   |   310:45:17   |
201850      |       -56871.1   |       -56608.6   |       -262.523   |   104:51:37   |   310:44:11   |
201900      |       -56883.7   |       -56600.4   |       -283.246   |   104:53:20   |   310:43:06   |
201950      |         -56886   |       -56606.6   |       -279.341   |   104:55:07   |   310:42:12   |


Iter        |      Posterior   |     Likelihood   |          Prior   |    elapsed   |        ETA   |
----------------------------------------------------------------------------------------------------
202000      |         -56871   |       -56620.7   |       -250.255   |   104:56:48   |   310:41:01   |
202050      |       -56886.2   |         -56609   |        -277.22   |   104:58:28   |   310:39:46   |
202100      |       -56857.4   |       -56597.4   |       -259.957   |   105:00:07   |   310:38:29   |
202150      |       -56858.4   |       -56599.6   |       -258.894   |   105:01:43   |   310:37:03   |
202200      |       -56843.4   |         -56607   |       -236.336   |   105:03:22   |   310:35:46   |
202250      |       -56925.7   |       -56602.4   |       -323.296   |   105:05:05   |   310:34:40   |
202300      |       -56843.1   |       -56601.3   |        -241.78   |   105:06:48   |   310:33:35   |
202350      |       -56860.8   |       -56602.1   |       -258.697   |   105:08:30   |   310:32:26   |
202400      |       -56890.2   |         -56617   |       -273.244   |   105:10:07   |   310:31:03   |
202450      |       -56867.8   |       -56605.9   |        -261.96   |   105:11:48   |   310:29:51   |
202500      |       -56883.1   |       -56603.8   |       -279.313   |   105:13:31   |   310:28:46   |
202550      |       -56876.2   |       -56610.2   |       -265.993   |   105:15:18   |   310:27:52   |
202600      |       -56838.6   |       -56603.2   |       -235.418   |   105:17:05   |   310:26:58   |
202650      |         -56869   |       -56613.6   |       -255.316   |   105:18:53   |   310:26:07   |
202700      |       -56833.5   |       -56620.6   |       -212.898   |   105:20:31   |   310:24:47   |
202750      |         -56848   |       -56599.4   |       -248.591   |   105:22:11   |   310:23:32   |
202800      |       -56845.9   |       -56594.5   |       -251.412   |   105:23:51   |   310:22:18   |
202850      |         -56885   |       -56609.7   |       -275.341   |   105:25:36   |   310:21:18   |
202900      |       -56839.4   |         -56607   |       -232.368   |   105:27:16   |   310:20:03   |
202950      |       -56814.7   |       -56592.1   |       -222.622   |   105:28:58   |   310:18:55   |


Iter        |      Posterior   |     Likelihood   |          Prior   |    elapsed   |        ETA   |
----------------------------------------------------------------------------------------------------
203000      |       -56856.1   |       -56604.5   |        -251.53   |   105:30:43   |   310:17:55   |
203050      |       -56855.8   |       -56613.6   |       -242.256   |   105:32:27   |   310:16:52   |
203100      |       -56907.2   |       -56609.4   |       -297.799   |   105:34:10   |   310:15:46   |
203150      |       -56889.9   |       -56605.9   |       -284.004   |   105:35:53   |   310:14:40   |
203200      |       -56897.4   |       -56595.2   |       -302.239   |   105:37:30   |   310:13:17   |
203250      |       -56832.3   |       -56591.9   |        -240.35   |   105:39:06   |   310:11:50   |
203300      |       -56844.7   |       -56586.1   |       -258.657   |   105:40:44   |   310:10:30   |
203350      |       -56864.7   |       -56592.3   |       -272.465   |   105:42:23   |   310:09:12   |
203400      |       -56869.8   |       -56598.6   |       -271.213   |   105:44:06   |   310:08:06   |
203450      |       -56857.3   |       -56607.5   |       -249.874   |   105:45:48   |   310:06:57   |
203500      |       -56870.5   |       -56607.3   |       -263.235   |   105:47:30   |   310:05:49   |
203550      |       -56834.5   |       -56596.2   |       -238.299   |   105:49:12   |   310:04:40   |
203600      |       -56847.8   |       -56602.7   |        -245.04   |   105:50:52   |   310:03:25   |
203650      |       -56844.4   |       -56592.4   |       -252.063   |   105:52:30   |   310:02:04   |
203700      |         -56853   |       -56590.7   |       -262.266   |   105:54:11   |   310:00:52   |
203750      |       -56882.2   |       -56611.1   |       -271.058   |   105:55:54   |   309:59:46   |
203800      |       -56917.8   |       -56609.8   |       -307.987   |   105:57:36   |   309:58:37   |
203850      |       -56854.4   |       -56593.2   |       -261.232   |   105:59:13   |   309:57:14   |
203900      |         -56861   |       -56607.1   |       -253.909   |   106:00:53   |   309:55:59   |
203950      |       -56867.8   |       -56599.5   |       -268.325   |   106:02:32   |   309:54:41   |


Iter        |      Posterior   |     Likelihood   |          Prior   |    elapsed   |        ETA   |
----------------------------------------------------------------------------------------------------
204000      |         -56843   |       -56603.5   |       -239.471   |   106:04:15   |   309:53:35   |
204050      |       -56833.7   |       -56604.1   |       -229.565   |   106:05:59   |   309:52:32   |
204100      |       -56816.4   |         -56606   |       -210.352   |   106:07:38   |   309:51:14   |
204150      |       -56872.7   |       -56615.1   |       -257.647   |   106:09:21   |   309:50:08   |
204200      |       -56861.3   |       -56612.9   |       -248.341   |   106:10:52   |   309:48:27   |
204250      |       -56858.3   |       -56620.4   |       -237.908   |   106:12:25   |   309:46:51   |
204300      |       -56862.9   |       -56628.5   |       -234.408   |   106:13:55   |   309:45:07   |
204350      |       -56868.7   |       -56617.6   |       -251.035   |   106:15:24   |   309:43:20   |
204400      |         -56873   |       -56613.3   |       -259.629   |   106:17:00   |   309:41:54   |
204450      |       -56902.9   |       -56606.2   |       -296.728   |   106:18:38   |   309:40:33   |
204500      |       -56919.3   |         -56607   |       -312.208   |   106:20:16   |   309:39:12   |
204550      |       -56871.1   |       -56614.4   |       -256.686   |   106:21:50   |   309:37:40   |
204600      |       -56864.7   |       -56608.5   |       -256.202   |   106:23:24   |   309:36:07   |
204650      |       -56838.3   |       -56598.8   |       -239.459   |   106:25:00   |   309:34:41   |
204700      |       -56825.2   |       -56594.9   |       -230.352   |   106:26:32   |   309:33:02   |
204750      |       -56837.9   |         -56621   |        -216.86   |   106:27:59   |   309:31:10   |
204800      |         -56829   |         -56601   |       -227.992   |   106:29:34   |   309:29:40   |
204850      |       -56813.5   |       -56599.7   |       -213.772   |   106:31:10   |   309:28:14   |
204900      |       -56815.4   |       -56598.5   |       -216.846   |   106:32:40   |   309:26:30   |
204950      |       -56881.2   |         -56613   |       -268.288   |   106:34:08   |   309:24:40   |


Iter        |      Posterior   |     Likelihood   |          Prior   |    elapsed   |        ETA   |
----------------------------------------------------------------------------------------------------
205000      |       -56843.7   |       -56593.2   |       -250.548   |   106:35:40   |   309:23:01   |
205050      |       -56872.3   |       -56611.4   |       -260.978   |   106:37:15   |   309:21:32   |
205100      |       -56833.9   |         -56596   |       -237.861   |   106:38:49   |   309:20:00   |
205150      |       -56842.3   |       -56598.9   |       -243.425   |   106:40:25   |   309:18:33   |
205200      |       -56842.8   |       -56619.3   |       -223.471   |   106:42:00   |   309:17:03   |
205250      |       -56862.1   |       -56602.5   |       -259.692   |   106:43:32   |   309:15:25   |
205300      |       -56888.6   |       -56614.4   |        -274.15   |   106:45:07   |   309:13:56   |
205350      |       -56866.8   |       -56609.1   |       -257.797   |   106:46:44   |   309:12:32   |
205400      |       -56840.5   |       -56609.6   |       -230.829   |   106:48:22   |   309:11:11   |
205450      |         -56888   |       -56610.9   |       -277.065   |   106:49:59   |   309:09:47   |
205500      |       -56878.1   |       -56607.9   |       -270.256   |   106:51:34   |   309:08:18   |
205550      |       -56881.2   |         -56624   |       -257.153   |   106:53:18   |   309:07:14   |
205600      |       -56835.8   |       -56612.5   |       -223.292   |   106:54:48   |   309:05:30   |
205650      |       -56843.6   |       -56617.3   |       -226.287   |   106:56:25   |   309:04:06   |
205700      |       -56883.7   |       -56607.3   |       -276.332   |   106:58:04   |   309:02:48   |
205750      |       -56872.1   |       -56617.8   |       -254.232   |   106:59:40   |   309:01:22   |
205800      |       -56909.7   |       -56604.8   |       -304.956   |   107:01:10   |   308:59:38   |
205850      |       -56841.2   |         -56604   |       -237.221   |   107:02:44   |   308:58:05   |
205900      |       -56904.1   |       -56614.4   |       -289.672   |   107:04:15   |   308:56:24   |
205950      |       -56839.2   |       -56614.5   |       -224.646   |   107:05:47   |   308:54:46   |


Iter        |      Posterior   |     Likelihood   |          Prior   |    elapsed   |        ETA   |
----------------------------------------------------------------------------------------------------
206000      |       -56851.7   |       -56619.2   |       -232.476   |   107:07:18   |   308:53:05   |
206050      |       -56860.4   |       -56612.8   |       -247.597   |   107:08:48   |   308:51:21   |
206100      |       -56853.1   |       -56606.7   |       -246.398   |   107:10:20   |   308:49:43   |
206150      |       -56887.4   |       -56617.1   |       -270.306   |   107:12:01   |   308:48:30   |
206200      |       -56877.3   |       -56609.1   |       -268.174   |   107:13:42   |   308:47:18   |
206250      |       -56891.1   |       -56633.4   |       -257.606   |   107:15:24   |   308:46:09   |
206300      |       -56846.8   |       -56604.3   |       -242.545   |   107:17:11   |   308:45:14   |
206350      |       -56832.9   |       -56608.1   |        -224.86   |   107:18:56   |   308:44:13   |
206400      |       -56837.5   |       -56620.5   |       -216.957   |   107:20:42   |   308:43:15   |
206450      |       -56878.1   |       -56631.8   |        -246.36   |   107:22:22   |   308:41:59   |
206500      |         -56869   |       -56612.4   |       -256.679   |   107:24:00   |   308:40:38   |
206550      |       -56865.3   |         -56623   |       -242.271   |   107:25:31   |   308:38:57   |
206600      |       -56867.9   |       -56619.1   |       -248.791   |   107:27:07   |   308:37:31   |
206650      |       -56881.7   |       -56630.4   |       -251.229   |   107:28:44   |   308:36:07   |
206700      |       -56851.2   |       -56610.8   |         -240.4   |   107:30:19   |   308:34:37   |
206750      |       -56874.2   |       -56610.6   |       -263.605   |   107:31:58   |   308:33:19   |
206800      |       -56878.6   |       -56609.6   |       -268.978   |   107:33:41   |   308:32:12   |
206850      |       -56844.9   |       -56593.1   |       -251.767   |   107:35:23   |   308:31:02   |
206900      |       -56899.8   |       -56609.3   |       -290.553   |   107:37:02   |   308:29:44   |
206950      |       -56907.5   |       -56634.7   |       -272.895   |   107:38:33   |   308:28:03   |


Iter        |      Posterior   |     Likelihood   |          Prior   |    elapsed   |        ETA   |
----------------------------------------------------------------------------------------------------
207000      |       -56881.8   |       -56623.5   |       -258.301   |   107:40:06   |   308:26:28   |
207050      |       -56876.1   |         -56614   |        -262.14   |   107:41:40   |   308:24:55   |
207100      |       -56853.2   |       -56605.8   |       -247.419   |   107:43:12   |   308:23:17   |
207150      |       -56860.7   |       -56609.4   |       -251.325   |   107:44:45   |   308:21:41   |
207200      |       -56862.5   |       -56627.2   |       -235.255   |   107:46:20   |   308:20:12   |
207250      |       -56848.5   |       -56623.4   |       -225.046   |   107:47:56   |   308:18:45   |
207300      |       -56906.3   |       -56614.4   |       -291.841   |   107:49:30   |   308:17:12   |
207350      |       -56829.3   |       -56608.5   |       -220.818   |   107:51:00   |   308:15:28   |
207400      |       -56859.8   |       -56615.7   |        -244.11   |   107:52:30   |   308:13:44   |
207450      |       -56865.4   |       -56619.7   |       -245.737   |   107:54:00   |   308:12:00   |
207500      |       -56890.6   |       -56621.8   |       -268.714   |   107:55:34   |   308:10:28   |
207550      |       -56868.8   |       -56626.2   |       -242.576   |   107:57:06   |   308:08:50   |
207600      |       -56867.2   |       -56625.6   |       -241.591   |   107:58:34   |   308:07:00   |
207650      |       -56833.4   |       -56627.7   |       -205.622   |   107:59:59   |   308:05:02   |
207700      |       -56910.6   |       -56631.7   |       -278.956   |   108:01:28   |   308:03:15   |
207750      |       -56818.1   |       -56619.8   |       -198.328   |   108:03:01   |   308:01:40   |
207800      |       -56858.4   |       -56630.3   |       -228.167   |   108:04:35   |   308:00:07   |
207850      |       -56899.7   |       -56621.3   |       -278.468   |   108:06:08   |   307:58:32   |
207900      |       -56868.1   |       -56635.1   |       -233.067   |   108:07:41   |   307:56:56   |
207950      |         -56881   |       -56627.7   |       -253.259   |   108:09:18   |   307:55:32   |


Iter        |      Posterior   |     Likelihood   |          Prior   |    elapsed   |        ETA   |
----------------------------------------------------------------------------------------------------
208000      |       -56881.9   |       -56623.6   |        -258.33   |   108:10:54   |   307:54:06   |
208050      |       -56856.2   |       -56636.5   |       -219.746   |   108:12:27   |   307:52:30   |
208100      |       -56862.1   |       -56637.1   |       -224.971   |   108:13:59   |   307:50:52   |
208150      |       -56903.5   |       -56630.3   |       -273.239   |   108:15:35   |   307:49:25   |
208200      |       -56867.3   |       -56656.8   |       -210.463   |   108:17:08   |   307:47:50   |
208250      |       -56888.5   |         -56646   |       -242.518   |   108:18:39   |   307:46:09   |
208300      |       -56900.8   |       -56638.2   |       -262.594   |   108:20:07   |   307:44:19   |
208350      |       -56862.1   |       -56613.9   |       -248.122   |   108:21:38   |   307:42:38   |
208400      |         -56890   |       -56629.9   |       -260.074   |   108:23:11   |   307:41:03   |
208450      |       -56852.4   |       -56613.7   |       -238.782   |   108:24:46   |   307:39:33   |
208500      |         -56878   |       -56605.8   |       -272.151   |   108:26:19   |   307:37:58   |
208550      |       -56861.8   |       -56625.2   |       -236.599   |   108:27:54   |   307:36:28   |
208600      |       -56867.7   |       -56622.5   |       -245.186   |   108:29:30   |   307:35:01   |
208650      |       -56884.5   |       -56611.2   |       -273.278   |   108:31:04   |   307:33:28   |
208700      |       -56898.4   |       -56626.7   |       -271.693   |   108:32:38   |   307:31:56   |
208750      |       -56880.1   |       -56618.3   |       -261.828   |   108:34:13   |   307:30:26   |
208800      |       -56886.7   |       -56625.4   |       -261.244   |   108:35:50   |   307:29:02   |
208850      |       -56845.9   |       -56622.1   |       -223.836   |   108:37:20   |   307:27:18   |
208900      |       -56875.4   |       -56627.5   |       -247.932   |   108:38:52   |   307:25:40   |
208950      |       -56838.4   |       -56622.9   |       -215.461   |   108:40:29   |   307:24:16   |


Iter        |      Posterior   |     Likelihood   |          Prior   |    elapsed   |        ETA   |
----------------------------------------------------------------------------------------------------
209000      |       -56816.4   |       -56617.7   |       -198.662   |   108:42:09   |   307:23:01   |
209050      |       -56868.4   |       -56617.9   |       -250.444   |   108:43:43   |   307:21:28   |
209100      |       -56869.1   |       -56619.5   |       -249.613   |   108:45:23   |   307:20:12   |
209150      |       -56884.4   |       -56614.9   |       -269.485   |   108:47:03   |   307:18:57   |
209200      |       -56865.9   |         -56610   |       -255.848   |   108:48:36   |   307:17:21   |
209250      |       -56859.1   |         -56616   |       -243.154   |   108:50:08   |   307:15:43   |
209300      |       -56899.2   |       -56622.6   |       -276.676   |   108:51:40   |   307:14:05   |
209350      |       -56865.5   |       -56620.2   |       -245.252   |   108:53:12   |   307:12:27   |
209400      |       -56846.7   |       -56603.1   |       -243.562   |   108:54:42   |   307:10:43   |
209450      |       -56833.3   |       -56608.4   |       -224.883   |   108:56:15   |   307:09:08   |
209500      |       -56845.8   |       -56610.9   |        -234.91   |   108:57:46   |   307:07:27   |
209550      |       -56837.1   |       -56603.6   |       -233.548   |   108:59:15   |   307:05:40   |
209600      |       -56867.7   |       -56612.4   |       -255.331   |   109:00:47   |   307:04:02   |
209650      |       -56848.9   |       -56595.5   |       -253.358   |   109:02:22   |   307:02:32   |
209700      |       -56860.7   |       -56626.1   |       -234.626   |   109:03:59   |   307:01:08   |
209750      |       -56846.5   |       -56609.4   |       -237.133   |   109:05:35   |   306:59:41   |
209800      |         -56882   |       -56614.4   |       -267.609   |   109:07:07   |   306:58:03   |
209850      |         -56863   |       -56608.2   |       -254.798   |   109:08:40   |   306:56:28   |
209900      |       -56858.1   |       -56611.9   |       -246.207   |   109:10:11   |   306:54:47   |
209950      |       -56879.7   |       -56627.7   |       -251.973   |   109:11:43   |   306:53:08   |


Iter        |      Posterior   |     Likelihood   |          Prior   |    elapsed   |        ETA   |
----------------------------------------------------------------------------------------------------
210000      |       -56896.2   |       -56617.9   |       -278.373   |   109:13:15   |   306:51:30   |
210050      |       -56909.8   |       -56625.6   |       -284.267   |   109:14:46   |   306:49:49   |
210100      |       -56890.1   |       -56625.7   |       -264.402   |   109:16:16   |   306:48:05   |
210150      |       -56901.1   |       -56615.8   |        -285.35   |   109:17:45   |   306:46:19   |
210200      |       -56920.2   |       -56637.3   |       -282.834   |   109:19:20   |   306:44:49   |
210250      |       -56870.5   |         -56631   |       -239.466   |   109:20:52   |   306:43:11   |
210300      |       -56898.9   |       -56623.5   |       -275.361   |   109:22:30   |   306:41:50   |
210350      |       -56894.7   |       -56619.4   |       -275.212   |   109:24:07   |   306:40:26   |
210400      |       -56849.9   |       -56620.1   |       -229.711   |   109:25:40   |   306:38:50   |
210450      |       -56878.2   |       -56623.4   |       -254.812   |   109:27:11   |   306:37:09   |
210500      |         -56888   |       -56635.7   |       -252.281   |   109:28:48   |   306:35:45   |
210550      |       -56885.7   |       -56618.7   |       -266.985   |   109:30:19   |   306:34:04   |
210600      |       -56861.8   |       -56626.3   |       -235.465   |   109:31:52   |   306:32:29   |
210650      |       -56833.3   |       -56610.9   |       -222.334   |   109:33:23   |   306:30:48   |
210700      |       -56872.1   |       -56622.8   |       -249.327   |   109:34:56   |   306:29:13   |
210750      |       -56859.5   |       -56638.7   |       -220.851   |   109:36:25   |   306:27:26   |
210800      |         -56849   |       -56632.2   |       -216.894   |   109:37:56   |   306:25:45   |
210850      |         -56905   |       -56646.3   |       -258.712   |   109:39:28   |   306:24:07   |
210900      |       -56844.5   |       -56618.9   |       -225.558   |   109:40:56   |   306:22:18   |
210950      |       -56878.6   |       -56632.9   |       -245.754   |   109:42:25   |   306:20:31   |


Iter        |      Posterior   |     Likelihood   |          Prior   |    elapsed   |        ETA   |
----------------------------------------------------------------------------------------------------
211000      |       -56865.6   |       -56639.9   |       -225.702   |   109:43:55   |   306:18:48   |
211050      |       -56896.9   |       -56626.5   |       -270.384   |   109:45:29   |   306:17:15   |
211100      |       -56896.2   |       -56633.3   |       -262.925   |   109:47:00   |   306:15:34   |
211150      |         -56909   |       -56639.6   |       -269.411   |   109:48:32   |   306:13:56   |
211200      |       -56878.7   |       -56627.1   |       -251.585   |   109:50:16   |   306:12:51   |
211250      |         -56872   |       -56627.7   |       -244.342   |   109:51:49   |   306:11:16   |
211300      |       -56857.2   |       -56625.5   |       -231.662   |   109:53:19   |   306:09:32   |
211350      |       -56859.7   |       -56627.6   |       -232.113   |   109:54:48   |   306:07:46   |
211400      |       -56864.5   |       -56638.6   |       -225.869   |   109:56:14   |   306:05:51   |
211450      |       -56894.7   |       -56632.7   |       -261.957   |   109:57:46   |   306:04:13   |
211500      |       -56908.2   |       -56624.8   |       -283.401   |   109:59:19   |   306:02:38   |
211550      |       -56916.9   |       -56630.6   |       -286.282   |   110:00:53   |   306:01:05   |
211600      |       -56887.4   |       -56626.6   |       -260.854   |   110:02:27   |   305:59:33   |
211650      |         -56968   |       -56635.3   |       -332.696   |   110:04:01   |   305:58:00   |
211700      |       -56912.5   |         -56627   |       -285.488   |   110:05:33   |   305:56:22   |
211750      |         -56916   |       -56612.8   |       -303.261   |   110:07:01   |   305:54:33   |
211800      |       -56889.2   |       -56618.1   |       -271.126   |   110:08:29   |   305:52:44   |
211850      |       -56922.5   |         -56621   |       -301.479   |   110:10:00   |   305:51:03   |
211900      |       -56919.5   |       -56638.7   |       -280.797   |   110:11:31   |   305:49:22   |
211950      |       -56894.3   |       -56636.3   |       -258.037   |   110:13:04   |   305:47:47   |


Iter        |      Posterior   |     Likelihood   |          Prior   |    elapsed   |        ETA   |
----------------------------------------------------------------------------------------------------
212000      |       -56893.2   |       -56635.5   |       -257.687   |   110:14:39   |   305:46:17   |
212050      |         -56878   |       -56627.9   |       -250.065   |   110:16:12   |   305:44:42   |
212100      |       -56893.1   |       -56633.2   |       -259.925   |   110:17:45   |   305:43:07   |
212150      |       -56913.6   |       -56647.3   |       -266.325   |   110:19:13   |   305:41:17   |
212200      |       -56851.1   |       -56636.3   |       -214.785   |   110:20:42   |   305:39:31   |
212250      |       -56859.1   |       -56638.1   |       -220.967   |   110:22:13   |   305:37:50   |
212300      |       -56854.1   |       -56617.9   |       -236.191   |   110:23:43   |   305:36:07   |
212350      |         -56908   |       -56634.4   |       -273.629   |   110:25:12   |   305:34:20   |
212400      |       -56912.1   |       -56642.4   |       -269.667   |   110:26:45   |   305:32:45   |
212450      |       -56868.4   |       -56629.9   |        -238.51   |   110:28:15   |   305:31:02   |
212500      |       -56932.6   |       -56627.8   |       -304.762   |   110:29:47   |   305:29:24   |
212550      |         -56867   |       -56633.8   |       -233.194   |   110:31:22   |   305:27:54   |
212600      |       -56919.7   |         -56647   |       -272.767   |   110:32:51   |   305:26:08   |
212650      |         -56832   |       -56621.1   |       -210.825   |   110:34:24   |   305:24:32   |
212700      |         -56879   |       -56627.4   |       -251.635   |   110:36:02   |   305:23:11   |
212750      |       -56866.2   |       -56626.2   |       -239.942   |   110:37:34   |   305:21:33   |
212800      |       -56854.1   |         -56618   |       -236.085   |   110:39:09   |   305:20:03   |
212850      |       -56867.1   |       -56623.7   |        -243.37   |   110:40:43   |   305:18:31   |
212900      |       -56861.7   |       -56626.3   |       -235.392   |   110:42:14   |   305:16:50   |
212950      |       -56847.3   |       -56611.9   |       -235.424   |   110:43:48   |   305:15:17   |


Iter        |      Posterior   |     Likelihood   |          Prior   |    elapsed   |        ETA   |
----------------------------------------------------------------------------------------------------
213000      |       -56867.8   |       -56625.8   |        -242.02   |   110:45:23   |   305:13:48   |
213050      |       -56888.5   |       -56621.1   |       -267.362   |   110:46:55   |   305:12:10   |
213100      |       -56891.1   |       -56613.9   |       -277.168   |   110:48:31   |   305:10:43   |
213150      |       -56882.5   |       -56622.7   |       -259.718   |   110:50:08   |   305:09:18   |
213200      |       -56870.2   |       -56612.1   |       -258.018   |   110:51:43   |   305:07:49   |
213250      |         -56923   |         -56622   |       -300.946   |   110:53:14   |   305:06:08   |
213300      |         -56888   |       -56619.8   |       -268.117   |   110:54:46   |   305:04:30   |
213350      |       -56846.1   |       -56615.8   |       -230.292   |   110:56:26   |   305:03:14   |
213400      |       -56859.7   |       -56635.2   |       -224.467   |   110:58:01   |   305:01:44   |
213450      |       -56827.7   |       -56610.7   |        -216.99   |   110:59:29   |   304:59:55   |
213500      |       -56821.3   |       -56606.9   |       -214.413   |   111:00:55   |   304:58:01   |
213550      |       -56830.4   |       -56596.4   |       -234.019   |   111:02:25   |   304:56:17   |
213600      |       -56890.1   |       -56618.5   |       -271.561   |   111:03:56   |   304:54:37   |
213650      |       -56862.2   |       -56601.5   |       -260.725   |   111:05:27   |   304:52:56   |
213700      |       -56822.6   |       -56600.4   |       -222.206   |   111:06:55   |   304:51:07   |
213750      |       -56877.7   |       -56596.7   |       -281.004   |   111:08:23   |   304:49:18   |
213800      |         -56864   |       -56603.4   |       -260.619   |   111:09:52   |   304:47:32   |
213850      |       -56879.3   |       -56609.1   |       -270.116   |   111:11:20   |   304:45:43   |
213900      |       -56833.2   |         -56610   |       -223.153   |   111:12:47   |   304:43:51   |
213950      |         -56927   |       -56608.5   |       -318.432   |   111:14:13   |   304:41:57   |


Iter        |      Posterior   |     Likelihood   |          Prior   |    elapsed   |        ETA   |
----------------------------------------------------------------------------------------------------
214000      |       -56846.1   |       -56591.8   |       -254.289   |   111:15:45   |   304:40:19   |
214050      |       -56855.2   |         -56602   |       -253.181   |   111:17:16   |   304:38:38   |
214100      |       -56904.4   |       -56617.5   |       -286.937   |   111:18:45   |   304:36:52   |
214150      |       -56889.6   |       -56607.1   |       -282.437   |   111:20:16   |   304:35:12   |
214200      |       -56850.5   |         -56605   |       -245.472   |   111:21:49   |   304:33:36   |
214250      |       -56849.5   |       -56586.3   |       -263.163   |   111:23:26   |   304:32:12   |
214300      |       -56858.4   |       -56589.3   |       -269.089   |   111:25:05   |   304:30:53   |
214350      |       -56867.1   |       -56591.5   |       -275.602   |   111:26:44   |   304:29:35   |
214400      |         -56858   |       -56610.9   |       -247.097   |   111:28:21   |   304:28:10   |
214450      |       -56865.4   |       -56593.5   |       -271.828   |   111:29:53   |   304:26:32   |
214500      |       -56887.4   |       -56606.9   |       -280.491   |   111:31:28   |   304:25:03   |
214550      |         -56845   |       -56588.9   |       -256.146   |   111:33:03   |   304:23:33   |
214600      |       -56841.1   |       -56617.4   |       -223.735   |   111:34:38   |   304:22:03   |
214650      |       -56913.8   |       -56604.4   |       -309.399   |   111:36:16   |   304:20:42   |
214700      |         -56852   |       -56605.1   |       -246.859   |   111:37:53   |   304:19:17   |
214750      |       -56900.7   |       -56615.6   |       -285.107   |   111:39:30   |   304:17:53   |
214800      |       -56875.8   |       -56601.9   |       -273.844   |   111:40:59   |   304:16:07   |
214850      |       -56895.4   |       -56616.4   |       -279.049   |   111:42:32   |   304:14:32   |
214900      |       -56863.9   |         -56612   |       -251.866   |   111:44:03   |   304:12:51   |
214950      |       -56878.6   |       -56603.2   |       -275.347   |   111:45:39   |   304:11:24   |


Iter        |      Posterior   |     Likelihood   |          Prior   |    elapsed   |        ETA   |
----------------------------------------------------------------------------------------------------
215000      |         -56824   |       -56599.1   |       -224.835   |   111:47:11   |   304:09:46   |
215050      |       -56862.3   |       -56624.6   |       -237.647   |   111:48:38   |   304:07:55   |
215100      |       -56892.2   |       -56619.2   |        -272.96   |   111:50:09   |   304:06:14   |
215150      |       -56816.5   |       -56614.4   |       -202.086   |   111:51:44   |   304:04:44   |
215200      |       -56840.8   |       -56615.5   |       -225.343   |   111:53:21   |   304:03:20   |
215250      |       -56843.9   |       -56611.1   |       -232.833   |   111:54:56   |   304:01:50   |
215300      |       -56841.5   |       -56609.9   |       -231.683   |   111:56:32   |   304:00:23   |
215350      |       -56849.8   |       -56602.8   |       -246.949   |   111:58:09   |   303:58:59   |
215400      |       -56883.2   |       -56601.9   |       -281.352   |   111:59:41   |   303:57:21   |
215450      |       -56831.7   |         -56610   |       -221.749   |   112:01:14   |   303:55:46   |
215500      |       -56848.7   |       -56615.7   |       -232.963   |   112:02:49   |   303:54:16   |
215550      |       -56818.4   |       -56600.5   |        -217.99   |   112:04:23   |   303:52:44   |
215600      |       -56831.3   |       -56596.8   |         -234.5   |   112:05:59   |   303:51:16   |
215650      |       -56865.7   |       -56599.1   |       -266.555   |   112:07:34   |   303:49:47   |
215700      |       -56839.4   |       -56606.9   |       -232.509   |   112:09:10   |   303:48:20   |
215750      |       -56831.8   |       -56599.9   |       -231.935   |   112:10:45   |   303:46:50   |
215800      |       -56850.7   |       -56595.8   |       -254.954   |   112:12:19   |   303:45:17   |
215850      |       -56921.5   |       -56624.4   |       -297.073   |   112:13:55   |   303:43:50   |
215900      |       -56876.2   |       -56601.2   |       -274.939   |   112:15:29   |   303:42:18   |
215950      |       -56869.8   |       -56605.7   |       -264.054   |   112:17:07   |   303:40:56   |


Iter        |      Posterior   |     Likelihood   |          Prior   |    elapsed   |        ETA   |
----------------------------------------------------------------------------------------------------
216000      |       -56838.5   |       -56603.7   |       -234.759   |   112:18:43   |   303:39:29   |
216050      |       -56865.3   |       -56617.5   |       -247.761   |   112:20:19   |   303:38:02   |
216100      |       -56839.6   |       -56614.8   |       -224.759   |   112:21:57   |   303:36:40   |
216150      |       -56875.7   |       -56620.4   |       -255.355   |   112:23:37   |   303:35:24   |
216200      |         -56859   |       -56601.7   |       -257.353   |   112:25:13   |   303:33:57   |
216250      |       -56832.3   |       -56598.7   |       -233.586   |   112:26:47   |   303:32:24   |
216300      |       -56840.5   |       -56615.4   |       -225.143   |   112:28:21   |   303:30:52   |
216350      |       -56830.2   |       -56605.4   |       -224.735   |   112:29:59   |   303:29:30   |
216400      |       -56853.2   |       -56613.2   |       -240.012   |   112:31:32   |   303:27:55   |
216450      |       -56872.7   |       -56616.1   |       -256.567   |   112:33:00   |   303:26:06   |
216500      |         -56907   |       -56621.4   |       -285.592   |   112:34:29   |   303:24:20   |
216550      |       -56880.3   |       -56632.2   |       -248.096   |   112:36:06   |   303:22:56   |
216600      |       -56850.2   |       -56613.9   |       -236.315   |   112:37:40   |   303:21:23   |
216650      |       -56856.4   |       -56602.4   |       -254.016   |   112:39:13   |   303:19:48   |
216700      |       -56865.3   |       -56613.8   |       -251.573   |   112:40:44   |   303:18:08   |
216750      |       -56903.8   |       -56622.4   |       -281.336   |   112:42:15   |   303:16:27   |
216800      |       -56894.2   |       -56611.8   |       -282.408   |   112:43:47   |   303:14:49   |
216850      |       -56889.1   |       -56615.7   |       -273.425   |   112:45:20   |   303:13:14   |
216900      |       -56833.5   |       -56611.4   |        -222.06   |   112:46:51   |   303:11:33   |
216950      |       -56852.1   |       -56615.1   |       -237.014   |   112:48:28   |   303:10:09   |


Iter        |      Posterior   |     Likelihood   |          Prior   |    elapsed   |        ETA   |
----------------------------------------------------------------------------------------------------
217000      |       -56849.8   |       -56611.5   |       -238.249   |   112:50:04   |   303:08:42   |
217050      |       -56879.5   |       -56615.5   |       -264.047   |   112:51:41   |   303:07:17   |
217100      |       -56874.3   |       -56625.3   |       -248.913   |   112:53:18   |   303:05:53   |
217150      |       -56838.4   |       -56617.8   |       -220.656   |   112:54:52   |   303:04:20   |
217200      |       -56834.9   |         -56613   |       -221.953   |   112:56:27   |   303:02:51   |
217250      |       -56838.1   |         -56620   |        -218.15   |   112:58:01   |   303:01:18   |
217300      |       -56855.7   |       -56606.9   |       -248.808   |   112:59:31   |   302:59:35   |
217350      |       -56847.6   |         -56608   |       -239.523   |   113:01:06   |   302:58:05   |
217400      |       -56840.7   |       -56626.7   |       -214.045   |   113:02:45   |   302:56:46   |
217450      |       -56872.5   |       -56607.6   |       -264.858   |   113:04:20   |   302:55:16   |
217500      |       -56825.2   |       -56609.1   |        -216.19   |   113:05:55   |   302:53:46   |
217550      |       -56822.5   |       -56617.1   |       -205.358   |   113:07:27   |   302:52:08   |
217600      |         -56806   |       -56597.2   |       -208.815   |   113:09:01   |   302:50:36   |
217650      |         -56838   |       -56615.9   |       -222.149   |   113:10:34   |   302:49:01   |
217700      |       -56878.2   |       -56599.7   |       -278.521   |   113:12:06   |   302:47:23   |
217750      |       -56864.4   |       -56616.7   |       -247.684   |   113:13:37   |   302:45:42   |
217800      |       -56861.7   |       -56593.2   |       -268.414   |   113:15:10   |   302:44:07   |
217850      |       -56864.9   |         -56601   |       -263.902   |   113:16:40   |   302:42:24   |
217900      |       -56874.7   |       -56606.9   |       -267.765   |   113:18:13   |   302:40:48   |
217950      |       -56826.4   |       -56610.7   |       -215.703   |   113:19:50   |   302:39:24   |


Iter        |      Posterior   |     Likelihood   |          Prior   |    elapsed   |        ETA   |
----------------------------------------------------------------------------------------------------
218000      |       -56849.5   |       -56613.7   |       -235.793   |   113:21:28   |   302:38:02   |
218050      |       -56860.7   |       -56610.4   |       -250.302   |   113:22:59   |   302:36:22   |
218100      |       -56834.3   |       -56626.2   |       -208.093   |   113:24:32   |   302:34:46   |
218150      |       -56852.5   |       -56618.1   |       -234.382   |   113:26:06   |   302:33:14   |
218200      |       -56866.6   |       -56609.9   |       -256.673   |   113:27:35   |   302:31:28   |
218250      |       -56848.4   |       -56612.6   |       -235.823   |   113:29:09   |   302:29:56   |
218300      |       -56853.9   |       -56605.2   |       -248.696   |   113:30:45   |   302:28:28   |
218350      |       -56834.2   |       -56603.9   |       -230.354   |   113:32:19   |   302:26:56   |
218400      |       -56900.4   |       -56606.9   |       -293.568   |   113:33:52   |   302:25:21   |
218450      |       -56882.9   |       -56600.2   |       -282.733   |   113:35:23   |   302:23:40   |
218500      |       -56878.5   |         -56605   |       -273.553   |   113:36:49   |   302:21:46   |
218550      |         -56872   |       -56607.8   |       -264.141   |   113:38:23   |   302:20:14   |
218600      |       -56844.3   |       -56596.5   |       -247.843   |   113:39:57   |   302:18:41   |
218650      |       -56876.2   |       -56618.4   |        -257.71   |   113:41:30   |   302:17:06   |
218700      |       -56884.4   |       -56607.5   |       -276.923   |   113:43:03   |   302:15:31   |
218750      |         -56865   |       -56627.9   |       -237.062   |   113:44:37   |   302:13:58   |
218800      |       -56837.8   |       -56611.4   |       -226.467   |   113:46:07   |   302:12:15   |
218850      |         -56879   |       -56620.2   |       -258.803   |   113:47:37   |   302:10:32   |
218900      |         -56855   |       -56612.3   |       -242.744   |   113:49:08   |   302:08:52   |
218950      |       -56824.7   |       -56604.6   |        -220.08   |   113:50:37   |   302:07:06   |


Iter        |      Posterior   |     Likelihood   |          Prior   |    elapsed   |        ETA   |
----------------------------------------------------------------------------------------------------
219000      |       -56876.7   |       -56609.9   |       -266.817   |   113:52:11   |   302:05:33   |
219050      |       -56863.2   |       -56610.5   |        -252.76   |   113:53:45   |   302:04:01   |
219100      |       -56853.7   |       -56604.5   |       -249.184   |   113:55:22   |   302:02:36   |
219150      |       -56875.3   |         -56616   |       -259.275   |   113:56:51   |   302:00:51   |
219200      |       -56835.5   |       -56606.3   |       -229.197   |   113:58:19   |   301:59:02   |
219250      |       -56839.1   |       -56613.5   |       -225.575   |   113:59:50   |   301:57:22   |
219300      |       -56819.7   |       -56622.7   |       -196.986   |   114:01:20   |   301:55:39   |
219350      |         -56848   |       -56603.1   |       -244.948   |   114:02:55   |   301:54:09   |
219400      |       -56885.5   |       -56623.1   |       -262.402   |   114:04:26   |   301:52:28   |
219450      |       -56831.1   |       -56607.6   |       -223.524   |   114:05:59   |   301:50:53   |
219500      |       -56881.3   |       -56614.4   |       -266.847   |   114:07:32   |   301:49:18   |
219550      |         -56810   |       -56601.1   |       -208.944   |   114:09:01   |   301:47:32   |
219600      |       -56887.7   |       -56609.2   |       -278.497   |   114:10:36   |   301:46:02   |
219650      |       -56903.3   |       -56605.4   |       -297.893   |   114:12:17   |   301:44:48   |
219700      |       -56859.5   |       -56622.9   |       -236.655   |   114:13:53   |   301:43:21   |
219750      |       -56883.8   |       -56617.1   |       -266.644   |   114:15:29   |   301:41:54   |
219800      |       -56850.8   |       -56606.7   |       -244.092   |   114:17:07   |   301:40:32   |
219850      |       -56857.7   |       -56605.8   |       -251.901   |   114:18:43   |   301:39:05   |
219900      |       -56819.1   |       -56602.9   |       -216.186   |   114:20:16   |   301:37:30   |
219950      |       -56866.7   |         -56616   |       -250.709   |   114:21:49   |   301:35:54   |


Iter        |      Posterior   |     Likelihood   |          Prior   |    elapsed   |        ETA   |
----------------------------------------------------------------------------------------------------
220000      |       -56829.5   |       -56605.2   |       -224.313   |   114:23:21   |   301:34:17   |
220050      |       -56861.9   |       -56605.4   |       -256.518   |   114:24:56   |   301:32:47   |
220100      |       -56853.1   |       -56608.1   |       -244.979   |   114:26:32   |   301:31:20   |
220150      |       -56864.8   |       -56616.7   |        -248.08   |   114:28:06   |   301:29:47   |
220200      |       -56878.1   |       -56612.8   |       -265.274   |   114:29:39   |   301:28:12   |
220250      |       -56859.4   |       -56603.8   |       -255.604   |   114:31:08   |   301:26:26   |
220300      |       -56835.3   |       -56603.4   |       -231.933   |   114:32:39   |   301:24:46   |
220350      |       -56840.6   |       -56610.1   |       -230.455   |   114:34:11   |   301:23:08   |
220400      |       -56895.8   |       -56598.6   |        -297.24   |   114:35:44   |   301:21:33   |
220450      |       -56866.2   |       -56601.4   |       -264.866   |   114:37:19   |   301:20:03   |
220500      |       -56883.5   |       -56621.8   |       -261.688   |   114:38:54   |   301:18:33   |
220550      |       -56827.5   |       -56614.6   |       -212.858   |   114:40:29   |   301:17:03   |
220600      |       -56846.2   |       -56611.4   |       -234.849   |   114:42:07   |   301:15:41   |
220650      |       -56824.6   |       -56604.2   |       -220.361   |   114:43:42   |   301:14:11   |
220700      |       -56897.2   |       -56605.1   |         -292.1   |   114:45:14   |   301:12:34   |
220750      |       -56844.2   |       -56613.5   |       -230.701   |   114:46:46   |   301:10:56   |
220800      |       -56885.9   |       -56608.9   |       -277.007   |   114:48:21   |   301:09:26   |
220850      |       -56890.9   |       -56606.7   |       -284.241   |   114:49:57   |   301:07:59   |
220900      |         -56838   |       -56603.3   |       -234.721   |   114:51:33   |   301:06:31   |
220950      |       -56844.7   |       -56608.3   |       -236.305   |   114:53:06   |   301:04:56   |


Iter        |      Posterior   |     Likelihood   |          Prior   |    elapsed   |        ETA   |
----------------------------------------------------------------------------------------------------
221000      |       -56861.5   |       -56605.9   |       -255.589   |   114:54:37   |   301:03:16   |
221050      |       -56895.3   |       -56612.2   |       -283.048   |   114:56:02   |   301:01:20   |
221100      |       -56847.3   |       -56614.8   |       -232.501   |   114:57:32   |   300:59:37   |
221150      |       -56854.3   |         -56610   |       -244.241   |   114:59:06   |   300:58:04   |
221200      |       -56849.3   |         -56605   |        -244.35   |   115:00:40   |   300:56:32   |
221250      |       -56853.8   |       -56620.7   |       -233.152   |   115:02:10   |   300:54:49   |
221300      |       -56859.8   |       -56618.3   |       -241.549   |   115:03:44   |   300:53:16   |
221350      |       -56862.8   |       -56606.4   |       -256.436   |   115:05:17   |   300:51:41   |
221400      |       -56838.2   |       -56621.8   |       -216.397   |   115:06:47   |   300:49:58   |
221450      |       -56802.9   |       -56616.8   |       -186.116   |   115:08:16   |   300:48:13   |
221500      |       -56887.2   |       -56629.9   |       -257.302   |   115:09:44   |   300:46:24   |
221550      |       -56822.6   |       -56632.1   |       -190.445   |   115:11:14   |   300:44:41   |
221600      |       -56905.5   |       -56606.2   |       -299.295   |   115:12:46   |   300:43:04   |
221650      |       -56835.2   |       -56606.2   |       -229.004   |   115:14:13   |   300:41:13   |
221700      |       -56844.9   |       -56611.2   |       -233.711   |   115:15:47   |   300:39:40   |
221750      |       -56831.6   |       -56612.9   |       -218.679   |   115:17:21   |   300:38:08   |
221800      |       -56883.8   |       -56632.3   |       -251.474   |   115:18:57   |   300:36:41   |
221850      |       -56903.9   |       -56616.4   |       -287.492   |   115:20:32   |   300:35:11   |
221900      |       -56864.3   |       -56609.4   |       -254.944   |   115:22:04   |   300:33:33   |
221950      |       -56877.5   |       -56615.9   |       -261.643   |   115:23:40   |   300:32:06   |


Iter        |      Posterior   |     Likelihood   |          Prior   |    elapsed   |        ETA   |
----------------------------------------------------------------------------------------------------
222000      |       -56853.6   |       -56609.5   |       -244.144   |   115:25:11   |   300:30:25   |
222050      |       -56824.4   |       -56600.6   |       -223.718   |   115:26:47   |   300:28:58   |
222100      |       -56837.2   |       -56600.3   |       -236.914   |   115:28:21   |   300:27:26   |
222150      |       -56811.6   |       -56592.5   |        -219.12   |   115:29:55   |   300:25:53   |
222200      |         -56862   |       -56624.4   |       -237.629   |   115:31:29   |   300:24:21   |
222250      |       -56867.1   |       -56604.7   |       -262.374   |   115:33:03   |   300:22:48   |
222300      |       -56885.9   |         -56624   |       -261.969   |   115:34:32   |   300:21:03   |
222350      |         -56837   |       -56607.5   |       -229.448   |   115:36:04   |   300:19:25   |
222400      |       -56850.8   |         -56605   |       -245.841   |   115:37:36   |   300:17:47   |
222450      |       -56898.1   |       -56610.7   |       -287.484   |   115:39:16   |   300:16:30   |
222500      |       -56885.6   |       -56621.1   |       -264.533   |   115:40:50   |   300:14:58   |
222550      |       -56857.4   |       -56615.1   |       -242.263   |   115:42:23   |   300:13:23   |
222600      |       -56847.8   |         -56602   |       -245.817   |   115:43:59   |   300:11:55   |
222650      |         -56866   |       -56611.7   |       -254.313   |   115:45:33   |   300:10:23   |
222700      |       -56880.9   |       -56608.5   |       -272.443   |   115:47:05   |   300:08:45   |
222750      |       -56874.4   |         -56618   |       -256.426   |   115:48:35   |   300:07:02   |
222800      |       -56882.9   |       -56615.9   |       -266.953   |   115:50:10   |   300:05:32   |
222850      |       -56902.7   |       -56613.2   |       -289.492   |   115:51:44   |   300:04:00   |
222900      |       -56856.8   |       -56622.1   |       -234.695   |   115:53:13   |   300:02:14   |
222950      |       -56855.5   |       -56643.1   |       -212.341   |   115:54:48   |   300:00:45   |


Iter        |      Posterior   |     Likelihood   |          Prior   |    elapsed   |        ETA   |
----------------------------------------------------------------------------------------------------
223000      |       -56868.6   |       -56634.9   |       -233.767   |   115:56:19   |   299:59:04   |
223050      |       -56841.8   |       -56634.2   |       -207.613   |   115:57:52   |   299:57:29   |
223100      |       -56834.5   |       -56625.3   |       -209.248   |   115:59:29   |   299:56:04   |
223150      |       -56837.1   |       -56621.1   |        -216.04   |   116:01:06   |   299:54:40   |
223200      |       -56841.1   |       -56612.5   |        -228.56   |   116:02:41   |   299:53:10   |
223250      |       -56904.4   |       -56625.7   |       -278.632   |   116:04:19   |   299:51:48   |
223300      |       -56831.2   |       -56619.8   |       -211.383   |   116:05:56   |   299:50:23   |
223350      |       -56821.3   |       -56612.2   |       -209.115   |   116:07:29   |   299:48:48   |
223400      |       -56823.1   |       -56605.2   |       -217.928   |   116:08:59   |   299:47:05   |
223450      |       -56858.6   |       -56620.4   |        -238.22   |   116:10:30   |   299:45:25   |
223500      |       -56900.7   |       -56616.8   |       -283.877   |   116:12:04   |   299:43:52   |
223550      |       -56842.6   |       -56603.6   |       -239.012   |   116:13:40   |   299:42:25   |
223600      |       -56876.3   |       -56594.2   |       -282.142   |   116:15:15   |   299:40:55   |
223650      |       -56857.9   |       -56614.1   |       -243.827   |   116:16:47   |   299:39:17   |
223700      |       -56863.4   |       -56611.4   |       -251.962   |   116:18:22   |   299:37:47   |
223750      |       -56843.4   |       -56602.1   |       -241.298   |   116:19:54   |   299:36:10   |
223800      |       -56866.4   |       -56599.8   |       -266.581   |   116:21:29   |   299:34:40   |
223850      |       -56843.1   |       -56615.3   |       -227.832   |   116:23:04   |   299:33:10   |
223900      |       -56864.5   |       -56612.4   |       -252.117   |   116:24:41   |   299:31:45   |
223950      |         -56829   |         -56611   |       -218.006   |   116:26:13   |   299:30:07   |


Iter        |      Posterior   |     Likelihood   |          Prior   |    elapsed   |        ETA   |
----------------------------------------------------------------------------------------------------
224000      |         -56850   |       -56609.1   |       -240.908   |   116:27:44   |   299:28:27   |
224050      |         -56896   |       -56613.5   |       -282.413   |   116:29:15   |   299:26:47   |
224100      |       -56836.1   |         -56615   |       -221.054   |   116:30:46   |   299:25:06   |
224150      |       -56858.9   |       -56633.1   |       -225.849   |   116:32:18   |   299:23:29   |
224200      |         -56838   |       -56628.7   |       -209.315   |   116:33:50   |   299:21:51   |
224250      |       -56859.2   |       -56611.8   |       -247.432   |   116:35:22   |   299:20:14   |
224300      |       -56909.2   |         -56603   |       -306.193   |   116:36:52   |   299:18:31   |
224350      |       -56844.8   |       -56606.2   |       -238.621   |   116:38:28   |   299:17:03   |
224400      |       -56866.8   |         -56617   |       -249.748   |   116:39:57   |   299:15:18   |
224450      |       -56893.5   |       -56614.5   |       -279.001   |   116:41:31   |   299:13:45   |
224500      |       -56862.3   |       -56590.1   |       -272.222   |   116:43:06   |   299:12:16   |
224550      |       -56917.2   |       -56596.5   |       -320.755   |   116:44:44   |   299:10:53   |
224600      |         -56929   |       -56602.6   |       -326.336   |   116:46:20   |   299:09:26   |
224650      |       -56881.7   |       -56604.6   |       -277.106   |   116:47:53   |   299:07:51   |
224700      |       -56879.8   |         -56598   |       -281.889   |   116:49:24   |   299:06:11   |
224750      |       -56853.5   |       -56618.1   |       -235.386   |   116:50:54   |   299:04:28   |
224800      |       -56903.9   |       -56634.3   |       -269.589   |   116:52:26   |   299:02:50   |
224850      |       -56928.1   |       -56638.1   |       -290.047   |   116:54:02   |   299:01:23   |
224900      |       -56860.9   |         -56612   |       -248.835   |   116:55:38   |   298:59:55   |
224950      |         -56891   |       -56606.2   |        -284.87   |   116:57:16   |   298:58:33   |


Iter        |      Posterior   |     Likelihood   |          Prior   |    elapsed   |        ETA   |
----------------------------------------------------------------------------------------------------
225000      |       -56854.2   |       -56603.9   |       -250.216   |   116:58:52   |   298:57:06   |
225050      |       -56842.7   |       -56601.1   |       -241.618   |   117:00:27   |   298:55:36   |
225100      |       -56831.9   |       -56594.4   |       -237.514   |   117:02:03   |   298:54:08   |
225150      |       -56835.8   |       -56600.3   |       -235.507   |   117:03:42   |   298:52:49   |
225200      |       -56829.2   |       -56597.9   |       -231.215   |   117:05:27   |   298:51:44   |
225250      |       -56874.4   |       -56609.9   |       -264.509   |   117:07:03   |   298:50:17   |
225300      |         -56827   |       -56607.6   |        -219.35   |   117:08:38   |   298:48:47   |
225350      |       -56869.4   |       -56608.6   |        -260.75   |   117:10:13   |   298:47:17   |
225400      |       -56879.8   |       -56613.3   |       -266.429   |   117:11:47   |   298:45:44   |
225450      |       -56862.7   |       -56601.3   |       -261.454   |   117:13:19   |   298:44:06   |
225500      |       -56857.3   |         -56607   |       -250.284   |   117:14:49   |   298:42:24   |
225550      |       -56879.3   |       -56618.8   |       -260.467   |   117:16:18   |   298:40:38   |
225600      |       -56846.3   |       -56599.3   |       -247.033   |   117:17:46   |   298:38:51   |
225650      |       -56831.4   |       -56600.9   |       -230.484   |   117:19:19   |   298:37:16   |
225700      |       -56828.3   |       -56597.2   |       -231.129   |   117:20:51   |   298:35:38   |
225750      |         -56883   |       -56605.2   |       -277.772   |   117:22:27   |   298:34:11   |
225800      |         -56880   |       -56611.3   |       -268.672   |   117:23:55   |   298:32:23   |
225850      |       -56859.4   |       -56592.1   |       -267.319   |   117:25:28   |   298:30:48   |
225900      |       -56839.2   |       -56601.4   |       -237.795   |   117:26:59   |   298:29:07   |
225950      |       -56846.1   |       -56614.6   |       -231.538   |   117:28:31   |   298:27:30   |


Iter        |      Posterior   |     Likelihood   |          Prior   |    elapsed   |        ETA   |
----------------------------------------------------------------------------------------------------
226000      |       -56872.2   |       -56618.1   |       -254.069   |   117:29:59   |   298:25:42   |
226050      |       -56823.4   |       -56620.8   |       -202.549   |   117:31:30   |   298:24:02   |
226100      |       -56900.1   |       -56604.3   |       -295.742   |   117:33:02   |   298:22:24   |
226150      |       -56854.6   |       -56596.7   |       -257.916   |   117:34:32   |   298:20:42   |
226200      |       -56891.6   |       -56619.3   |       -272.252   |   117:35:58   |   298:18:49   |
226250      |       -56864.9   |       -56608.5   |       -256.337   |   117:37:30   |   298:17:11   |
226300      |       -56890.4   |       -56586.7   |       -303.695   |   117:38:59   |   298:15:26   |
226350      |       -56828.5   |       -56596.2   |       -232.374   |   117:40:29   |   298:13:43   |
226400      |       -56829.1   |       -56596.9   |       -232.204   |   117:42:02   |   298:12:08   |
226450      |       -56850.5   |       -56600.9   |       -249.613   |   117:43:30   |   298:10:21   |
226500      |       -56866.6   |       -56609.9   |        -256.65   |   117:45:05   |   298:08:51   |
226550      |       -56828.1   |       -56588.5   |       -239.584   |   117:46:37   |   298:07:13   |
226600      |         -56846   |         -56600   |       -245.998   |   117:48:07   |   298:05:31   |
226650      |       -56841.3   |       -56593.7   |        -247.65   |   117:49:36   |   298:03:45   |
226700      |         -56886   |       -56608.2   |       -277.782   |   117:51:03   |   298:01:55   |
226750      |       -56841.6   |       -56613.7   |       -227.862   |   117:52:32   |   298:00:10   |
226800      |       -56865.6   |       -56605.1   |       -260.559   |   117:54:05   |   297:58:35   |
226850      |       -56845.6   |       -56598.6   |       -247.026   |   117:55:35   |   297:56:52   |
226900      |       -56877.9   |       -56596.8   |       -281.107   |   117:57:09   |   297:55:20   |
226950      |       -56842.8   |         -56592   |       -250.717   |   117:58:47   |   297:53:58   |


Iter        |      Posterior   |     Likelihood   |          Prior   |    elapsed   |        ETA   |
----------------------------------------------------------------------------------------------------
227000      |       -56852.9   |       -56600.5   |       -252.456   |   118:00:23   |   297:52:30   |
227050      |       -56847.7   |       -56606.5   |       -241.193   |   118:01:56   |   297:50:55   |
227100      |       -56848.7   |       -56595.1   |       -253.585   |   118:03:29   |   297:49:20   |
227150      |       -56826.6   |       -56611.7   |       -214.948   |   118:05:00   |   297:47:40   |
227200      |       -56815.3   |       -56606.8   |       -208.524   |   118:06:34   |   297:46:07   |
227250      |       -56865.6   |       -56607.4   |       -258.162   |   118:08:03   |   297:44:22   |
227300      |       -56852.8   |       -56605.8   |       -247.047   |   118:09:34   |   297:42:42   |
227350      |       -56876.4   |       -56600.3   |       -276.076   |   118:11:07   |   297:41:07   |
227400      |       -56872.8   |       -56605.7   |       -267.171   |   118:12:44   |   297:39:42   |
227450      |       -56865.8   |       -56605.6   |       -260.171   |   118:14:17   |   297:38:07   |
227500      |         -56866   |       -56602.8   |       -263.273   |   118:15:51   |   297:36:35   |
227550      |       -56827.7   |       -56621.4   |       -206.352   |   118:17:24   |   297:35:00   |
227600      |       -56888.5   |       -56618.6   |       -269.911   |   118:18:56   |   297:33:22   |
227650      |       -56801.9   |       -56616.6   |       -185.338   |   118:20:27   |   297:31:42   |
227700      |       -56888.7   |       -56610.7   |       -278.058   |   118:21:53   |   297:29:50   |
227750      |       -56839.7   |       -56603.8   |       -235.908   |   118:23:22   |   297:28:05   |
227800      |       -56841.7   |         -56605   |       -236.736   |   118:24:53   |   297:26:25   |
227850      |       -56850.1   |         -56614   |       -236.122   |   118:26:26   |   297:24:50   |
227900      |       -56845.8   |       -56604.2   |       -241.653   |   118:28:16   |   297:23:57   |
227950      |       -56869.9   |       -56597.3   |       -272.553   |   118:29:46   |   297:22:15   |


Iter        |      Posterior   |     Likelihood   |          Prior   |    elapsed   |        ETA   |
----------------------------------------------------------------------------------------------------
228000      |       -56875.8   |       -56602.2   |        -273.63   |   118:31:18   |   297:20:37   |
228050      |       -56855.4   |       -56611.6   |       -243.791   |   118:32:54   |   297:19:10   |
228100      |       -56897.3   |       -56616.4   |       -280.854   |   118:34:24   |   297:17:27   |
228150      |       -56851.6   |       -56603.7   |       -247.842   |   118:35:56   |   297:15:50   |
228200      |       -56843.5   |       -56599.9   |        -243.67   |   118:37:27   |   297:14:10   |
228250      |       -56806.7   |       -56590.9   |        -215.87   |   118:39:00   |   297:12:35   |
228300      |       -56873.6   |       -56603.1   |       -270.468   |   118:40:33   |   297:11:00   |
228350      |       -56825.2   |       -56602.8   |       -222.428   |   118:42:03   |   297:09:17   |
228400      |       -56843.6   |       -56606.3   |       -237.337   |   118:43:29   |   297:07:25   |
228450      |         -56849   |       -56610.4   |       -238.653   |   118:44:56   |   297:05:35   |
228500      |       -56858.8   |         -56612   |       -246.783   |   118:46:30   |   297:04:02   |
228550      |       -56850.4   |       -56615.8   |       -234.605   |   118:48:00   |   297:02:20   |
228600      |       -56839.1   |       -56613.3   |       -225.764   |   118:49:27   |   297:00:30   |
228650      |       -56840.7   |       -56598.4   |       -242.265   |   118:50:58   |   296:58:50   |
228700      |       -56866.9   |         -56618   |       -248.927   |   118:52:28   |   296:57:07   |
228750      |       -56860.5   |       -56616.8   |       -243.743   |   118:54:01   |   296:55:32   |
228800      |         -56864   |       -56599.7   |       -264.344   |   118:55:35   |   296:54:00   |
228850      |       -56902.8   |       -56615.1   |       -287.622   |   118:57:08   |   296:52:25   |
228900      |       -56886.3   |       -56599.3   |       -286.986   |   118:58:42   |   296:50:53   |
228950      |       -56836.1   |       -56603.2   |       -232.906   |   119:00:16   |   296:49:20   |


Iter        |      Posterior   |     Likelihood   |          Prior   |    elapsed   |        ETA   |
----------------------------------------------------------------------------------------------------
229000      |       -56842.9   |       -56607.9   |       -234.947   |   119:01:53   |   296:47:55   |
229050      |         -56857   |       -56610.2   |       -246.802   |   119:03:27   |   296:46:23   |
229100      |       -56883.1   |       -56619.1   |       -263.994   |   119:04:58   |   296:44:43   |
229150      |         -56873   |       -56601.7   |       -271.379   |   119:06:26   |   296:42:55   |
229200      |       -56841.6   |       -56592.7   |       -248.922   |   119:07:56   |   296:41:13   |
229250      |       -56877.3   |       -56619.6   |       -257.745   |   119:09:27   |   296:39:33   |
229300      |       -56871.8   |         -56602   |       -269.743   |   119:10:57   |   296:37:51   |
229350      |       -56886.1   |         -56633   |       -253.022   |   119:12:30   |   296:36:16   |
229400      |       -56880.8   |       -56613.8   |       -266.947   |   119:14:05   |   296:34:46   |
229450      |       -56841.7   |       -56615.6   |       -226.105   |   119:15:36   |   296:33:06   |
229500      |       -56855.9   |       -56597.1   |         -258.8   |   119:17:14   |   296:31:43   |
229550      |       -56839.1   |       -56612.7   |        -226.44   |   119:18:49   |   296:30:13   |
229600      |       -56873.6   |       -56605.9   |       -267.631   |   119:20:21   |   296:28:36   |
229650      |       -56842.5   |       -56599.2   |       -243.312   |   119:21:49   |   296:26:48   |
229700      |       -56798.2   |       -56597.5   |       -200.651   |   119:23:15   |   296:24:56   |
229750      |       -56847.5   |       -56601.2   |       -246.275   |   119:24:42   |   296:23:06   |
229800      |       -56845.7   |       -56610.5   |       -235.229   |   119:26:12   |   296:21:24   |
229850      |       -56824.2   |       -56610.9   |       -213.229   |   119:27:44   |   296:19:46   |
229900      |       -56866.3   |       -56617.1   |       -249.225   |   119:29:16   |   296:18:09   |
229950      |       -56855.2   |       -56600.3   |       -254.878   |   119:30:50   |   296:16:37   |


Iter        |      Posterior   |     Likelihood   |          Prior   |    elapsed   |        ETA   |
----------------------------------------------------------------------------------------------------
230000      |       -56855.6   |       -56601.4   |       -254.129   |   119:32:21   |   296:14:57   |
230050      |       -56854.5   |       -56594.5   |       -260.053   |   119:33:52   |   296:13:17   |
230100      |       -56862.4   |       -56623.7   |       -238.658   |   119:35:24   |   296:11:39   |
230150      |       -56883.6   |       -56621.9   |        -261.69   |   119:36:56   |   296:10:02   |
230200      |       -56823.5   |       -56599.1   |       -224.408   |   119:38:26   |   296:08:20   |
230250      |       -56850.5   |       -56602.4   |        -248.07   |   119:40:03   |   296:06:55   |
230300      |       -56858.1   |       -56610.9   |       -247.215   |   119:41:38   |   296:05:25   |
230350      |         -56882   |       -56607.9   |        -274.13   |   119:43:15   |   296:04:00   |
230400      |       -56892.8   |       -56610.6   |       -282.201   |   119:44:50   |   296:02:30   |
230450      |       -56864.2   |       -56606.1   |        -258.06   |   119:46:18   |   296:00:43   |
230500      |       -56822.9   |       -56604.2   |       -218.612   |   119:47:47   |   295:58:58   |
230550      |       -56879.4   |       -56616.6   |       -262.763   |   119:49:17   |   295:57:15   |
230600      |         -56878   |       -56601.2   |       -276.744   |   119:50:55   |   295:55:53   |
230650      |       -56894.5   |       -56613.4   |        -281.03   |   119:52:26   |   295:54:13   |
230700      |       -56876.9   |       -56621.4   |       -255.447   |   119:53:54   |   295:52:26   |
230750      |       -56866.6   |       -56617.4   |       -249.235   |   119:55:20   |   295:50:34   |
230800      |         -56893   |       -56598.3   |       -294.718   |   119:56:51   |   295:48:54   |
230850      |       -56861.2   |       -56601.1   |       -260.128   |   119:58:23   |   295:47:16   |
230900      |       -56803.6   |       -56592.1   |        -211.51   |   119:59:55   |   295:45:39   |
230950      |       -56832.6   |       -56597.1   |       -235.454   |   120:01:25   |   295:43:57   |


Iter        |      Posterior   |     Likelihood   |          Prior   |    elapsed   |        ETA   |
----------------------------------------------------------------------------------------------------
231000      |       -56843.4   |       -56604.8   |        -238.59   |   120:02:52   |   295:42:07   |
231050      |       -56874.7   |       -56605.4   |       -269.295   |   120:04:19   |   295:40:17   |
231100      |       -56859.9   |       -56612.3   |       -247.555   |   120:05:41   |   295:38:15   |
231150      |       -56896.7   |       -56611.5   |       -285.164   |   120:07:09   |   295:36:28   |
231200      |       -56836.2   |       -56593.7   |       -242.501   |   120:08:40   |   295:34:48   |
231250      |       -56845.3   |       -56614.1   |       -231.215   |   120:10:09   |   295:33:04   |
231300      |       -56840.8   |         -56612   |       -228.717   |   120:11:42   |   295:31:29   |
231350      |       -56922.3   |       -56620.7   |        -301.66   |   120:13:10   |   295:29:42   |
231400      |       -56872.2   |       -56608.1   |       -264.107   |   120:14:47   |   295:28:17   |
231450      |       -56845.1   |       -56616.5   |       -228.557   |   120:16:23   |   295:26:49   |
231500      |         -56824   |       -56600.8   |       -223.138   |   120:17:53   |   295:25:07   |
231550      |       -56825.5   |       -56595.2   |       -230.289   |   120:19:21   |   295:23:20   |
231600      |       -56856.4   |       -56600.6   |       -255.784   |   120:20:49   |   295:21:33   |
231650      |       -56828.4   |       -56595.8   |       -232.581   |   120:22:14   |   295:19:38   |
231700      |       -56844.9   |       -56616.9   |        -228.05   |   120:23:42   |   295:17:51   |
231750      |       -56879.2   |       -56606.4   |       -272.771   |   120:25:14   |   295:16:14   |
231800      |         -56825   |       -56608.6   |       -216.364   |   120:26:42   |   295:14:27   |
231850      |       -56836.8   |       -56591.2   |       -245.629   |   120:28:14   |   295:12:50   |
231900      |       -56814.7   |       -56609.2   |        -205.56   |   120:29:40   |   295:10:58   |
231950      |       -56842.2   |       -56601.5   |        -240.71   |   120:31:09   |   295:09:13   |


Iter        |      Posterior   |     Likelihood   |          Prior   |    elapsed   |        ETA   |
----------------------------------------------------------------------------------------------------
232000      |       -56860.7   |       -56607.7   |       -253.038   |   120:32:40   |   295:07:33   |
232050      |       -56842.5   |       -56593.6   |       -248.916   |   120:34:12   |   295:05:56   |
232100      |       -56834.7   |       -56598.2   |       -236.493   |   120:35:42   |   295:04:14   |
232150      |       -56871.3   |       -56601.9   |       -269.382   |   120:37:09   |   295:02:24   |
232200      |       -56831.1   |       -56600.6   |       -230.525   |   120:38:37   |   295:00:37   |
232250      |       -56841.9   |       -56616.3   |       -225.568   |   120:40:03   |   294:58:45   |
232300      |       -56854.4   |       -56619.8   |       -234.589   |   120:41:33   |   294:57:03   |
232350      |       -56865.5   |         -56610   |       -255.515   |   120:43:03   |   294:55:21   |
232400      |       -56864.4   |       -56623.1   |       -241.334   |   120:44:28   |   294:53:27   |
232450      |       -56860.6   |       -56600.2   |       -260.366   |   120:45:53   |   294:51:33   |
232500      |       -56851.3   |       -56614.2   |        -237.09   |   120:47:22   |   294:49:48   |
232550      |       -56860.8   |       -56635.4   |       -225.358   |   120:48:55   |   294:48:13   |
232600      |       -56871.5   |       -56616.9   |       -254.594   |   120:50:24   |   294:46:29   |
232650      |       -56905.5   |         -56607   |       -298.518   |   120:51:56   |   294:44:52   |
232700      |       -56854.6   |       -56609.1   |       -245.581   |   120:53:32   |   294:43:24   |
232750      |       -56886.3   |       -56612.4   |       -273.871   |   120:55:04   |   294:41:47   |
232800      |       -56889.8   |       -56603.5   |       -286.313   |   120:56:34   |   294:40:05   |
232850      |       -56861.6   |       -56611.7   |       -249.935   |   120:58:06   |   294:38:28   |
232900      |       -56824.6   |       -56596.4   |       -228.211   |   120:59:38   |   294:36:50   |
232950      |         -56830   |       -56602.6   |       -227.458   |   121:01:10   |   294:35:13   |


Iter        |      Posterior   |     Likelihood   |          Prior   |    elapsed   |        ETA   |
----------------------------------------------------------------------------------------------------
233000      |       -56844.6   |       -56605.3   |       -239.327   |   121:02:41   |   294:33:34   |
233050      |       -56835.4   |       -56610.8   |       -224.583   |   121:04:12   |   294:31:54   |
233100      |       -56831.5   |       -56608.7   |       -222.833   |   121:05:43   |   294:30:14   |
233150      |       -56865.8   |       -56610.3   |       -255.491   |   121:07:13   |   294:28:32   |
233200      |       -56839.4   |       -56610.2   |       -229.132   |   121:08:42   |   294:26:48   |
233250      |       -56866.8   |       -56610.1   |       -256.732   |   121:10:11   |   294:25:03   |
233300      |       -56858.1   |       -56604.2   |        -253.87   |   121:11:41   |   294:23:21   |
233350      |       -56830.9   |       -56615.2   |       -215.755   |   121:13:15   |   294:21:49   |
233400      |       -56836.4   |         -56605   |        -231.41   |   121:14:49   |   294:20:17   |
233450      |       -56854.3   |       -56606.1   |       -248.254   |   121:16:24   |   294:18:47   |
233500      |       -56894.2   |       -56613.5   |        -280.66   |   121:18:00   |   294:17:19   |
233550      |       -56828.9   |       -56601.2   |       -227.695   |   121:19:38   |   294:15:57   |
233600      |       -56862.1   |         -56603   |        -259.17   |   121:21:16   |   294:14:34   |
233650      |       -56855.9   |       -56618.6   |       -237.258   |   121:22:49   |   294:12:59   |
233700      |       -56810.7   |         -56604   |       -206.698   |   121:24:24   |   294:11:30   |
233750      |       -56821.3   |       -56607.6   |       -213.642   |   121:25:58   |   294:09:57   |
233800      |       -56795.7   |       -56590.7   |       -205.021   |   121:27:30   |   294:08:20   |
233850      |       -56848.2   |       -56608.5   |       -239.624   |   121:29:00   |   294:06:38   |
233900      |       -56878.4   |       -56603.8   |       -274.557   |   121:30:25   |   294:04:44   |
233950      |         -56881   |       -56598.4   |       -282.602   |   121:31:56   |   294:03:04   |


Iter        |      Posterior   |     Likelihood   |          Prior   |    elapsed   |        ETA   |
----------------------------------------------------------------------------------------------------
234000      |       -56836.5   |       -56609.9   |       -226.536   |   121:33:26   |   294:01:22   |
234050      |       -56866.2   |       -56604.9   |        -261.27   |   121:35:01   |   293:59:52   |
234100      |       -56883.2   |         -56594   |       -289.149   |   121:36:37   |   293:58:25   |
234150      |       -56861.4   |         -56603   |       -258.377   |   121:38:16   |   293:57:05   |
234200      |       -56856.2   |       -56593.6   |        -262.58   |   121:39:50   |   293:55:32   |
234250      |       -56866.5   |       -56588.2   |       -278.322   |   121:41:23   |   293:53:58   |
234300      |         -56872   |         -56614   |       -258.061   |   121:43:01   |   293:52:35   |
234350      |       -56847.3   |       -56612.9   |        -234.41   |   121:44:32   |   293:50:56   |
234400      |       -56843.8   |       -56609.2   |       -234.572   |   121:46:08   |   293:49:28   |
234450      |       -56868.6   |       -56592.4   |       -276.177   |   121:47:45   |   293:48:03   |
234500      |       -56848.2   |       -56592.6   |       -255.633   |   121:49:17   |   293:46:26   |
234550      |       -56846.8   |       -56609.5   |       -237.316   |   121:50:48   |   293:44:46   |
234600      |         -56859   |       -56603.6   |       -255.433   |   121:52:23   |   293:43:16   |
234650      |       -56848.2   |       -56593.3   |       -254.943   |   121:53:59   |   293:41:49   |
234700      |       -56845.9   |       -56599.5   |       -246.415   |   121:55:33   |   293:40:16   |
234750      |       -56835.6   |       -56594.3   |       -241.311   |   121:57:08   |   293:38:47   |
234800      |         -56818   |       -56605.9   |       -212.123   |   121:58:41   |   293:37:12   |
234850      |       -56857.1   |       -56611.3   |       -245.805   |   122:00:10   |   293:35:27   |
234900      |       -56829.1   |       -56601.6   |       -227.499   |   122:01:36   |   293:33:36   |
234950      |       -56839.6   |       -56606.9   |       -232.746   |   122:03:08   |   293:31:59   |


Iter        |      Posterior   |     Likelihood   |          Prior   |    elapsed   |        ETA   |
----------------------------------------------------------------------------------------------------
235000      |       -56851.5   |         -56597   |       -254.503   |   122:04:42   |   293:30:26   |
235050      |       -56842.8   |       -56605.9   |       -236.839   |   122:06:12   |   293:28:45   |
235100      |       -56878.5   |       -56613.2   |       -265.238   |   122:07:41   |   293:27:00   |
235150      |       -56866.1   |       -56585.3   |       -280.731   |   122:09:16   |   293:25:30   |
235200      |       -56886.4   |       -56599.7   |       -286.738   |   122:10:52   |   293:24:03   |
235250      |         -56837   |       -56604.3   |       -232.725   |   122:12:27   |   293:22:33   |
235300      |       -56855.6   |       -56617.9   |        -237.66   |   122:14:03   |   293:21:05   |
235350      |       -56864.3   |         -56611   |       -253.292   |   122:15:31   |   293:19:19   |
235400      |       -56831.8   |       -56607.9   |       -223.895   |   122:17:05   |   293:17:46   |
235450      |       -56839.3   |       -56612.3   |       -226.987   |   122:18:43   |   293:16:24   |
235500      |       -56885.3   |       -56610.5   |       -274.805   |   122:20:21   |   293:15:01   |
235550      |       -56870.8   |       -56624.4   |       -246.399   |   122:21:54   |   293:13:26   |
235600      |       -56839.7   |       -56602.5   |       -237.163   |   122:23:24   |   293:11:44   |
235650      |       -56881.1   |       -56602.3   |       -278.825   |   122:24:55   |   293:10:05   |
235700      |       -56888.2   |       -56612.5   |       -275.738   |   122:26:30   |   293:08:35   |
235750      |       -56900.4   |       -56621.3   |       -279.137   |   122:28:07   |   293:07:10   |
235800      |       -56862.9   |       -56604.3   |       -258.666   |   122:29:39   |   293:05:32   |
235850      |       -56879.8   |       -56615.9   |       -263.897   |   122:31:12   |   293:03:58   |
235900      |       -56892.1   |         -56620   |       -272.081   |   122:32:43   |   293:02:18   |
235950      |       -56851.5   |       -56607.7   |       -243.809   |   122:34:14   |   293:00:39   |


Iter        |      Posterior   |     Likelihood   |          Prior   |    elapsed   |        ETA   |
----------------------------------------------------------------------------------------------------
236000      |       -56864.5   |       -56607.4   |       -257.036   |   122:35:49   |   292:59:09   |
236050      |       -56870.1   |       -56614.2   |       -255.981   |   122:37:23   |   292:57:36   |
236100      |       -56856.3   |         -56620   |       -236.309   |   122:38:52   |   292:55:52   |
236150      |       -56846.8   |       -56606.6   |       -240.189   |   122:40:24   |   292:54:15   |
236200      |       -56808.7   |       -56608.4   |       -200.234   |   122:42:02   |   292:52:52   |
236250      |       -56812.1   |       -56611.8   |       -200.262   |   122:43:37   |   292:51:22   |
236300      |       -56843.2   |       -56620.8   |       -222.373   |   122:45:12   |   292:49:52   |
236350      |       -56826.7   |       -56624.2   |       -202.535   |   122:46:48   |   292:48:25   |
236400      |         -56824   |       -56618.8   |       -205.279   |   122:48:26   |   292:47:02   |
236450      |       -56875.8   |       -56630.8   |       -244.958   |   122:50:04   |   292:45:39   |
236500      |       -56814.4   |       -56600.7   |       -213.689   |   122:51:35   |   292:44:00   |
236550      |       -56822.3   |       -56611.4   |       -210.848   |   122:53:07   |   292:42:23   |
236600      |       -56912.6   |       -56619.4   |       -293.157   |   122:54:46   |   292:41:02   |
236650      |       -56907.8   |       -56616.9   |       -290.931   |   122:56:20   |   292:39:30   |
236700      |       -56869.9   |       -56619.3   |       -250.599   |   122:58:00   |   292:38:12   |
236750      |       -56870.3   |         -56614   |       -256.271   |   122:59:35   |   292:36:42   |
236800      |       -56840.3   |         -56616   |        -224.37   |   123:01:10   |   292:35:12   |
236850      |       -56863.7   |       -56630.6   |       -233.144   |   123:02:46   |   292:33:44   |
236900      |       -56836.6   |       -56618.5   |       -218.013   |   123:04:19   |   292:32:10   |
236950      |       -56908.8   |       -56629.2   |       -279.589   |   123:05:55   |   292:30:42   |


Iter        |      Posterior   |     Likelihood   |          Prior   |    elapsed   |        ETA   |
----------------------------------------------------------------------------------------------------
237000      |       -56856.3   |       -56633.2   |       -223.049   |   123:07:30   |   292:29:12   |
237050      |       -56873.9   |       -56638.4   |       -235.522   |   123:09:02   |   292:27:35   |
237100      |         -56846   |       -56620.3   |       -225.733   |   123:10:34   |   292:25:58   |
237150      |       -56877.9   |       -56630.2   |       -247.723   |   123:12:04   |   292:24:16   |
237200      |       -56904.8   |         -56643   |       -261.845   |   123:13:33   |   292:22:32   |
237250      |       -56869.3   |       -56636.1   |       -233.147   |   123:15:06   |   292:20:57   |
237300      |       -56856.6   |       -56610.4   |       -246.167   |   123:16:36   |   292:19:15   |
237350      |         -56859   |       -56640.5   |       -218.501   |   123:18:08   |   292:17:38   |
237400      |       -56867.6   |         -56629   |       -238.582   |   123:19:37   |   292:15:54   |
237450      |       -56833.2   |       -56619.3   |       -213.888   |   123:21:07   |   292:14:12   |
237500      |       -56835.7   |       -56621.6   |       -214.129   |   123:22:40   |   292:12:37   |
237550      |       -56885.1   |         -56636   |       -249.127   |   123:24:12   |   292:11:00   |
237600      |       -56889.6   |       -56637.2   |       -252.435   |   123:25:45   |   292:09:26   |
237650      |       -56888.6   |       -56627.6   |       -260.995   |   123:27:18   |   292:07:51   |
237700      |       -56855.3   |       -56631.5   |       -223.836   |   123:28:52   |   292:06:19   |
237750      |       -56878.9   |       -56633.2   |       -245.692   |   123:30:24   |   292:04:41   |
237800      |       -56880.3   |         -56611   |       -269.353   |   123:32:03   |   292:03:21   |
237850      |       -56855.4   |       -56619.2   |       -236.252   |   123:33:35   |   292:01:44   |
237900      |       -56850.8   |       -56606.1   |        -244.76   |   123:35:09   |   292:00:12   |
237950      |       -56863.4   |       -56603.8   |       -259.637   |   123:36:41   |   291:58:34   |


Iter        |      Posterior   |     Likelihood   |          Prior   |    elapsed   |        ETA   |
----------------------------------------------------------------------------------------------------
238000      |       -56857.5   |       -56620.7   |       -236.759   |   123:38:18   |   291:57:09   |
238050      |       -56878.6   |       -56621.4   |       -257.213   |   123:39:53   |   291:55:39   |
238100      |       -56883.3   |       -56616.7   |       -266.636   |   123:41:30   |   291:54:14   |
238150      |       -56849.3   |       -56601.1   |       -248.282   |   123:43:04   |   291:52:42   |
238200      |       -56868.1   |       -56599.4   |       -268.695   |   123:44:39   |   291:51:12   |
238250      |       -56857.6   |       -56611.6   |       -245.912   |   123:46:16   |   291:49:46   |
238300      |       -56856.2   |       -56611.9   |       -244.377   |   123:47:54   |   291:48:23   |
238350      |       -56870.6   |       -56611.8   |       -258.803   |   123:49:30   |   291:46:56   |
238400      |       -56824.6   |       -56603.6   |       -221.046   |   123:51:05   |   291:45:26   |
238450      |       -56844.3   |       -56607.3   |       -236.918   |   123:52:42   |   291:44:00   |
238500      |       -56833.3   |       -56607.9   |       -225.408   |   123:54:20   |   291:42:38   |
238550      |       -56885.8   |         -56607   |       -278.708   |   123:55:55   |   291:41:08   |
238600      |       -56855.6   |       -56603.9   |       -251.779   |   123:57:27   |   291:39:30   |
238650      |         -56865   |       -56611.6   |       -253.328   |   123:59:04   |   291:38:05   |
238700      |       -56852.6   |       -56610.2   |       -242.431   |   124:00:41   |   291:36:40   |
238750      |       -56860.4   |         -56603   |       -257.395   |   124:02:18   |   291:35:14   |
238800      |       -56859.8   |       -56609.3   |        -250.53   |   124:03:56   |   291:33:52   |
238850      |       -56829.2   |         -56610   |       -219.204   |   124:05:31   |   291:32:21   |
238900      |       -56859.8   |       -56600.9   |       -258.909   |   124:07:06   |   291:30:51   |
238950      |         -56846   |       -56604.4   |       -241.598   |   124:08:41   |   291:29:21   |


Iter        |      Posterior   |     Likelihood   |          Prior   |    elapsed   |        ETA   |
----------------------------------------------------------------------------------------------------
239000      |       -56879.1   |       -56603.4   |       -275.754   |   124:10:16   |   291:27:51   |
239050      |       -56832.8   |       -56605.3   |       -227.527   |   124:11:51   |   291:26:21   |
239100      |       -56865.5   |       -56596.4   |       -269.077   |   124:13:25   |   291:24:49   |
239150      |       -56858.3   |       -56592.3   |           -266   |   124:14:59   |   291:23:17   |
239200      |       -56885.8   |         -56599   |       -286.806   |   124:16:26   |   291:21:28   |
239250      |         -56829   |       -56598.8   |       -230.214   |   124:17:59   |   291:19:53   |
239300      |       -56862.3   |       -56610.8   |       -251.455   |   124:19:30   |   291:18:14   |
239350      |       -56824.7   |       -56622.2   |       -202.512   |   124:21:01   |   291:16:34   |
239400      |       -56826.6   |       -56615.9   |       -210.655   |   124:22:36   |   291:15:04   |
239450      |       -56910.2   |       -56619.8   |       -290.359   |   124:24:05   |   291:13:20   |
239500      |       -56844.2   |         -56589   |       -255.234   |   124:25:33   |   291:11:34   |
239550      |       -56856.3   |         -56607   |       -249.363   |   124:27:03   |   291:09:52   |
239600      |       -56898.6   |       -56601.8   |       -296.754   |   124:28:31   |   291:08:05   |
239650      |       -56852.1   |       -56609.5   |       -242.596   |   124:30:02   |   291:06:26   |
239700      |       -56874.9   |       -56609.1   |       -265.753   |   124:31:36   |   291:04:54   |
239750      |       -56876.1   |       -56611.1   |       -265.083   |   124:33:12   |   291:03:26   |
239800      |       -56870.9   |       -56611.4   |       -259.413   |   124:34:50   |   291:02:03   |
239850      |       -56870.6   |       -56615.2   |        -255.38   |   124:36:21   |   291:00:24   |
239900      |       -56854.9   |       -56618.6   |       -236.265   |   124:37:50   |   290:58:40   |
239950      |       -56868.2   |         -56610   |       -258.212   |   124:39:25   |   290:57:10   |


Iter        |      Posterior   |     Likelihood   |          Prior   |    elapsed   |        ETA   |
----------------------------------------------------------------------------------------------------
240000      |       -56864.8   |       -56605.2   |       -259.596   |   124:40:57   |   290:55:33   |
240050      |       -56824.4   |         -56604   |       -220.423   |   124:42:28   |   290:53:53   |
240100      |       -56880.5   |       -56604.9   |       -275.541   |   124:43:58   |   290:52:11   |
240150      |       -56851.5   |       -56616.8   |       -234.754   |   124:45:30   |   290:50:34   |
240200      |       -56867.2   |       -56611.7   |         -255.5   |   124:46:59   |   290:48:50   |
240250      |       -56822.8   |         -56590   |       -232.839   |   124:48:29   |   290:47:09   |
240300      |       -56810.3   |       -56590.6   |       -219.679   |   124:49:59   |   290:45:27   |
240350      |       -56879.2   |       -56603.1   |       -276.088   |   124:51:31   |   290:43:50   |
240400      |       -56844.9   |         -56612   |       -232.873   |   124:53:03   |   290:42:13   |
240450      |       -56848.4   |       -56593.7   |       -254.609   |   124:54:32   |   290:40:29   |
240500      |       -56864.3   |       -56598.6   |       -265.771   |   124:56:08   |   290:39:01   |
240550      |       -56877.1   |       -56613.9   |       -263.244   |   124:57:37   |   290:37:17   |
240600      |       -56839.6   |       -56605.5   |       -234.128   |   124:59:09   |   290:35:40   |
240650      |       -56833.6   |       -56604.7   |       -228.921   |   125:00:44   |   290:34:10   |
240700      |       -56841.6   |       -56600.2   |       -241.368   |   125:02:17   |   290:32:36   |
240750      |       -56854.9   |       -56618.7   |       -236.263   |   125:03:47   |   290:30:54   |
240800      |       -56835.6   |       -56620.4   |       -215.198   |   125:05:20   |   290:29:19   |
240850      |       -56836.6   |       -56593.7   |       -242.909   |   125:06:53   |   290:27:45   |
240900      |       -56842.4   |       -56608.6   |       -233.783   |   125:08:32   |   290:26:24   |
240950      |       -56881.9   |       -56599.8   |       -282.084   |   125:10:09   |   290:24:58   |


Iter        |      Posterior   |     Likelihood   |          Prior   |    elapsed   |        ETA   |
----------------------------------------------------------------------------------------------------
241000      |       -56790.4   |       -56595.5   |       -194.809   |   125:11:47   |   290:23:35   |
241050      |         -56856   |       -56605.8   |       -250.186   |   125:13:26   |   290:22:15   |
241100      |       -56849.5   |       -56605.9   |       -243.629   |   125:15:01   |   290:20:44   |
241150      |       -56847.8   |       -56604.1   |       -243.692   |   125:16:38   |   290:19:19   |
241200      |       -56855.8   |       -56615.7   |       -240.119   |   125:18:21   |   290:18:08   |
241250      |         -56858   |       -56589.8   |       -268.183   |   125:20:03   |   290:16:54   |
241300      |       -56866.9   |       -56612.2   |       -254.682   |   125:21:39   |   290:15:26   |
241350      |       -56838.4   |       -56598.3   |       -240.139   |   125:23:12   |   290:13:51   |
241400      |       -56862.3   |       -56598.3   |       -263.969   |   125:24:42   |   290:12:10   |
241450      |       -56876.5   |       -56610.8   |       -265.622   |   125:26:12   |   290:10:28   |
241500      |       -56885.8   |       -56605.6   |       -280.268   |   125:27:46   |   290:08:56   |
241550      |         -56865   |       -56603.4   |       -261.662   |   125:29:24   |   290:07:32   |
241600      |       -56915.7   |       -56594.7   |       -321.004   |   125:31:03   |   290:06:12   |
241650      |       -56854.7   |       -56598.4   |       -256.278   |   125:32:38   |   290:04:42   |
241700      |       -56820.2   |       -56606.1   |       -214.168   |   125:34:12   |   290:03:09   |
241750      |       -56862.1   |       -56609.7   |       -252.359   |   125:35:52   |   290:01:51   |
241800      |       -56877.8   |       -56599.1   |       -278.684   |   125:37:27   |   290:00:20   |
241850      |       -56903.1   |         -56614   |       -289.098   |   125:38:58   |   289:58:41   |
241900      |       -56871.4   |       -56606.4   |       -265.038   |   125:40:29   |   289:57:02   |
241950      |       -56865.8   |       -56598.2   |       -267.562   |   125:41:58   |   289:55:18   |


Iter        |      Posterior   |     Likelihood   |          Prior   |    elapsed   |        ETA   |
----------------------------------------------------------------------------------------------------
242000      |       -56862.1   |       -56614.5   |       -247.647   |   125:43:28   |   289:53:36   |
242050      |       -56866.9   |       -56615.6   |       -251.312   |   125:45:01   |   289:52:02   |
242100      |       -56883.2   |       -56610.7   |       -272.475   |   125:46:38   |   289:50:36   |
242150      |       -56835.3   |         -56602   |       -233.299   |   125:48:12   |   289:49:04   |
242200      |       -56849.6   |       -56610.1   |       -239.556   |   125:49:46   |   289:47:31   |
242250      |       -56903.6   |       -56612.8   |       -290.846   |   125:51:22   |   289:46:04   |
242300      |       -56865.6   |       -56606.1   |       -259.567   |   125:52:56   |   289:44:31   |
242350      |       -56862.3   |       -56611.7   |       -250.614   |   125:54:31   |   289:43:01   |
242400      |       -56847.3   |       -56611.4   |       -235.835   |   125:56:06   |   289:41:31   |
242450      |       -56852.5   |       -56606.1   |       -246.429   |   125:57:41   |   289:40:01   |
242500      |       -56851.5   |       -56611.2   |       -240.314   |   125:59:11   |   289:38:19   |
242550      |       -56824.1   |       -56609.1   |        -214.94   |   126:00:48   |   289:36:54   |
242600      |       -56885.2   |       -56615.5   |       -269.687   |   126:02:24   |   289:35:26   |
242650      |         -56839   |       -56606.9   |       -232.106   |   126:03:59   |   289:33:56   |
242700      |       -56881.5   |       -56615.7   |       -265.763   |   126:05:33   |   289:32:23   |
242750      |       -56841.1   |       -56618.2   |       -222.855   |   126:07:09   |   289:30:56   |
242800      |       -56835.5   |       -56616.7   |       -218.757   |   126:08:47   |   289:29:32   |
242850      |       -56863.9   |       -56623.4   |       -240.551   |   126:10:21   |   289:28:00   |
242900      |       -56878.3   |         -56625   |       -253.322   |   126:11:55   |   289:26:28   |
242950      |       -56849.2   |       -56621.4   |        -227.75   |   126:13:28   |   289:24:53   |


Iter        |      Posterior   |     Likelihood   |          Prior   |    elapsed   |        ETA   |
----------------------------------------------------------------------------------------------------
243000      |       -56885.4   |       -56608.4   |       -276.985   |   126:15:06   |   289:23:30   |
243050      |       -56878.5   |         -56628   |       -250.473   |   126:16:44   |   289:22:06   |
243100      |       -56881.7   |       -56628.2   |       -253.509   |   126:18:19   |   289:20:36   |
243150      |       -56849.5   |       -56605.9   |       -243.617   |   126:19:59   |   289:19:17   |
243200      |       -56866.3   |       -56611.5   |       -254.851   |   126:21:34   |   289:17:47   |
243250      |       -56876.8   |       -56614.3   |       -262.511   |   126:23:07   |   289:16:13   |
243300      |       -56849.3   |       -56636.8   |       -212.542   |   126:24:40   |   289:14:38   |
243350      |       -56855.5   |       -56623.8   |       -231.642   |   126:26:11   |   289:12:59   |
243400      |       -56890.6   |       -56617.6   |       -272.948   |   126:27:42   |   289:11:19   |
243450      |       -56922.9   |         -56635   |       -287.886   |   126:29:13   |   289:09:40   |
243500      |       -56918.5   |       -56633.6   |        -284.86   |   126:30:45   |   289:08:03   |
243550      |       -56891.6   |       -56618.3   |       -273.299   |   126:32:25   |   289:06:44   |
243600      |       -56906.5   |       -56618.1   |        -288.36   |   126:34:04   |   289:05:23   |
243650      |       -56896.1   |       -56622.5   |       -273.626   |   126:35:39   |   289:03:53   |
243700      |       -56876.2   |       -56618.9   |        -257.24   |   126:37:14   |   289:02:23   |
243750      |       -56867.4   |       -56618.9   |       -248.516   |   126:38:49   |   289:00:53   |
243800      |       -56873.5   |       -56609.3   |       -264.217   |   126:40:20   |   288:59:14   |
243850      |       -56816.4   |       -56604.6   |       -211.887   |   126:41:56   |   288:57:46   |
243900      |       -56866.4   |       -56610.6   |        -255.83   |   126:43:34   |   288:56:22   |
243950      |       -56857.8   |       -56612.2   |       -245.552   |   126:45:06   |   288:54:45   |


Iter        |      Posterior   |     Likelihood   |          Prior   |    elapsed   |        ETA   |
----------------------------------------------------------------------------------------------------
244000      |       -56838.3   |       -56613.6   |       -224.663   |   126:46:47   |   288:53:29   |
244050      |       -56877.3   |       -56620.5   |       -256.775   |   126:48:19   |   288:51:52   |
244100      |       -56869.7   |       -56637.4   |        -232.26   |   126:49:54   |   288:50:22   |
244150      |       -56876.5   |       -56623.5   |       -252.945   |   126:51:32   |   288:48:58   |
244200      |         -56862   |       -56619.6   |       -242.304   |   126:53:06   |   288:47:26   |
244250      |       -56857.5   |         -56642   |       -215.548   |   126:54:40   |   288:45:53   |
244300      |       -56906.7   |       -56633.2   |       -273.461   |   126:56:15   |   288:44:23   |
244350      |         -56877   |       -56625.7   |       -251.238   |   126:57:51   |   288:42:55   |
244400      |       -56882.4   |       -56624.9   |       -257.532   |   126:59:27   |   288:41:27   |
244450      |       -56881.4   |       -56624.3   |        -257.08   |   127:01:02   |   288:39:57   |
244500      |       -56870.1   |       -56627.5   |       -242.538   |   127:02:37   |   288:38:27   |
244550      |       -56832.1   |       -56621.1   |       -210.988   |   127:04:14   |   288:37:01   |
244600      |       -56835.2   |       -56631.3   |        -203.84   |   127:05:51   |   288:35:36   |
244650      |         -56846   |       -56621.8   |       -224.203   |   127:07:31   |   288:34:17   |
244700      |       -56863.3   |       -56639.2   |       -224.079   |   127:09:10   |   288:32:56   |
244750      |       -56856.7   |       -56621.4   |       -235.363   |   127:10:49   |   288:31:35   |
244800      |         -56890   |       -56647.6   |       -242.462   |   127:12:25   |   288:30:07   |
244850      |       -56851.6   |         -56621   |       -230.644   |   127:14:07   |   288:28:52   |
244900      |         -56826   |       -56631.4   |       -194.613   |   127:15:42   |   288:27:22   |
244950      |       -56881.6   |       -56621.9   |       -259.651   |   127:17:21   |   288:26:01   |


Iter        |      Posterior   |     Likelihood   |          Prior   |    elapsed   |        ETA   |
----------------------------------------------------------------------------------------------------
245000      |       -56867.7   |       -56633.9   |       -233.749   |   127:18:58   |   288:24:35   |
245050      |       -56890.6   |       -56622.2   |       -268.432   |   127:20:31   |   288:23:01   |
245100      |       -56882.4   |       -56634.3   |       -248.082   |   127:22:04   |   288:21:26   |
245150      |         -56853   |       -56627.3   |       -225.748   |   127:23:36   |   288:19:49   |
245200      |       -56874.7   |       -56642.4   |       -232.281   |   127:25:07   |   288:18:10   |
245250      |         -56869   |       -56624.2   |       -244.861   |   127:26:40   |   288:16:35   |
245300      |         -56869   |       -56625.8   |       -243.242   |   127:28:15   |   288:15:05   |
245350      |       -56874.7   |       -56611.9   |       -262.807   |   127:29:52   |   288:13:39   |
245400      |         -56876   |         -56625   |       -250.981   |   127:31:25   |   288:12:04   |
245450      |       -56894.5   |       -56616.2   |       -278.286   |   127:32:55   |   288:10:23   |
245500      |       -56912.6   |       -56630.5   |       -282.069   |   127:34:30   |   288:08:52   |
245550      |       -56888.3   |       -56622.1   |       -266.228   |   127:36:04   |   288:07:20   |
245600      |       -56870.1   |       -56618.2   |       -251.896   |   127:37:36   |   288:05:43   |
245650      |       -56883.3   |       -56626.4   |       -256.905   |   127:39:05   |   288:03:59   |
245700      |       -56834.2   |       -56616.5   |       -217.615   |   127:40:39   |   288:02:27   |
245750      |         -56819   |       -56633.2   |       -185.825   |   127:42:14   |   288:00:56   |
245800      |       -56833.7   |         -56614   |       -219.765   |   127:43:49   |   287:59:26   |
245850      |       -56855.8   |       -56621.2   |       -234.601   |   127:45:26   |   287:58:00   |
245900      |       -56887.3   |       -56621.5   |       -265.786   |   127:47:00   |   287:56:28   |
245950      |       -56843.8   |       -56609.2   |       -234.624   |   127:48:35   |   287:54:58   |


Iter        |      Posterior   |     Likelihood   |          Prior   |    elapsed   |        ETA   |
----------------------------------------------------------------------------------------------------
246000      |       -56898.9   |       -56614.8   |       -284.076   |   127:50:06   |   287:53:18   |
246050      |       -56851.9   |       -56611.1   |       -240.782   |   127:51:36   |   287:51:37   |
246100      |       -56897.5   |       -56604.1   |        -293.37   |   127:53:03   |   287:49:49   |
246150      |       -56862.9   |       -56608.9   |       -254.062   |   127:54:42   |   287:48:27   |
246200      |       -56831.9   |         -56610   |       -221.882   |   127:56:14   |   287:46:50   |
246250      |       -56847.8   |       -56615.1   |       -232.716   |   127:57:49   |   287:45:20   |
246300      |         -56861   |       -56605.6   |       -255.355   |   127:59:23   |   287:43:48   |
246350      |       -56830.2   |       -56609.2   |       -220.921   |   128:00:58   |   287:42:17   |
246400      |       -56852.9   |       -56605.9   |       -247.009   |   128:02:34   |   287:40:49   |
246450      |       -56855.3   |       -56607.2   |       -248.037   |   128:04:11   |   287:39:24   |
246500      |       -56882.2   |       -56621.3   |       -260.856   |   128:05:46   |   287:37:53   |
246550      |       -56855.6   |       -56618.5   |       -237.094   |   128:07:20   |   287:36:21   |
246600      |       -56858.2   |       -56608.4   |       -249.849   |   128:08:51   |   287:34:42   |
246650      |       -56857.1   |       -56600.4   |        -256.69   |   128:10:25   |   287:33:09   |
246700      |       -56846.2   |         -56607   |       -239.209   |   128:12:00   |   287:31:39   |
246750      |       -56929.7   |       -56602.5   |       -327.188   |   128:13:36   |   287:30:11   |
246800      |       -56878.8   |       -56606.1   |       -272.745   |   128:15:09   |   287:28:36   |
246850      |       -56877.7   |       -56619.6   |       -258.064   |   128:16:43   |   287:27:04   |
246900      |       -56844.7   |       -56613.2   |       -231.554   |   128:18:13   |   287:25:22   |
246950      |       -56860.9   |       -56604.8   |       -256.047   |   128:19:43   |   287:23:41   |


Iter        |      Posterior   |     Likelihood   |          Prior   |    elapsed   |        ETA   |
----------------------------------------------------------------------------------------------------
247000      |       -56847.8   |       -56608.9   |       -238.972   |   128:21:11   |   287:21:55   |
247050      |       -56880.6   |         -56598   |       -282.513   |   128:22:43   |   287:20:18   |
247100      |       -56844.1   |       -56610.9   |       -233.239   |   128:24:17   |   287:18:45   |
247150      |       -56824.7   |       -56597.1   |       -227.528   |   128:25:47   |   287:17:04   |
247200      |       -56826.1   |       -56611.9   |       -214.123   |   128:27:20   |   287:15:29   |
247250      |         -56857   |       -56605.4   |       -251.585   |   128:28:51   |   287:13:50   |
247300      |         -56843   |       -56610.2   |        -232.79   |   128:30:24   |   287:12:15   |
247350      |       -56868.9   |       -56617.4   |       -251.563   |   128:32:00   |   287:10:47   |
247400      |       -56837.1   |       -56602.3   |       -234.723   |   128:33:38   |   287:09:24   |
247450      |       -56874.9   |       -56614.5   |       -260.384   |   128:35:12   |   287:07:51   |
247500      |       -56882.3   |         -56622   |        -260.34   |   128:36:43   |   287:06:12   |
247550      |       -56864.6   |       -56626.8   |       -237.843   |   128:38:12   |   287:04:28   |
247600      |       -56848.9   |       -56614.8   |       -234.058   |   128:39:44   |   287:02:51   |
247650      |         -56835   |       -56603.9   |       -231.054   |   128:41:14   |   287:01:10   |
247700      |       -56896.3   |       -56608.9   |       -287.357   |   128:42:47   |   286:59:35   |
247750      |       -56872.1   |       -56616.2   |        -255.96   |   128:44:19   |   286:57:58   |
247800      |       -56887.6   |       -56634.7   |       -252.904   |   128:45:55   |   286:56:30   |
247850      |         -56888   |       -56606.1   |         -281.9   |   128:47:30   |   286:55:00   |
247900      |       -56867.5   |       -56626.9   |       -240.605   |   128:49:06   |   286:53:32   |
247950      |       -56928.2   |       -56614.9   |       -313.282   |   128:50:44   |   286:52:08   |


Iter        |      Posterior   |     Likelihood   |          Prior   |    elapsed   |        ETA   |
----------------------------------------------------------------------------------------------------
248000      |       -56869.8   |       -56625.8   |       -244.019   |   128:52:24   |   286:50:49   |
248050      |         -56821   |       -56605.5   |       -215.509   |   128:54:02   |   286:49:25   |
248100      |       -56820.9   |         -56607   |       -213.925   |   128:55:39   |   286:48:00   |
248150      |       -56829.3   |       -56614.1   |       -215.156   |   128:57:13   |   286:46:27   |
248200      |       -56872.2   |       -56626.9   |       -245.307   |   128:58:44   |   286:44:48   |
248250      |       -56875.4   |       -56620.2   |       -255.212   |   129:00:14   |   286:43:07   |
248300      |       -56868.4   |       -56604.3   |       -264.117   |   129:01:48   |   286:41:34   |
248350      |       -56840.4   |       -56617.4   |       -222.952   |   129:03:13   |   286:39:41   |
248400      |       -56863.7   |       -56629.8   |       -233.926   |   129:04:43   |   286:38:00   |
248450      |       -56841.1   |       -56622.9   |       -218.157   |   129:06:15   |   286:36:23   |
248500      |       -56838.7   |       -56616.8   |       -221.926   |   129:07:52   |   286:34:57   |
248550      |       -56884.3   |       -56622.7   |       -261.545   |   129:09:26   |   286:33:25   |
248600      |       -56915.5   |       -56630.7   |       -284.835   |   129:11:00   |   286:31:52   |
248650      |       -56878.1   |       -56639.4   |       -238.671   |   129:12:33   |   286:30:18   |
248700      |       -56843.6   |       -56614.9   |       -228.693   |   129:14:06   |   286:28:43   |
248750      |       -56914.1   |       -56623.5   |       -290.664   |   129:15:42   |   286:27:15   |
248800      |       -56829.8   |       -56620.2   |       -209.521   |   129:17:23   |   286:25:58   |
248850      |         -56862   |       -56630.3   |       -231.769   |   129:18:55   |   286:24:21   |
248900      |       -56901.1   |       -56637.1   |       -264.042   |   129:20:27   |   286:22:44   |
248950      |       -56844.9   |       -56629.6   |       -215.289   |   129:22:01   |   286:21:11   |


Iter        |      Posterior   |     Likelihood   |          Prior   |    elapsed   |        ETA   |
----------------------------------------------------------------------------------------------------
249000      |       -56855.9   |       -56627.9   |       -228.089   |   129:23:34   |   286:19:37   |
249050      |       -56933.9   |       -56641.7   |       -292.262   |   129:25:07   |   286:18:02   |
249100      |       -56836.6   |       -56611.8   |        -224.78   |   129:26:44   |   286:16:36   |
249150      |         -56911   |       -56634.2   |       -276.848   |   129:28:18   |   286:15:04   |
249200      |         -56853   |       -56614.6   |       -238.338   |   129:29:50   |   286:13:27   |
249250      |       -56851.2   |       -56600.6   |       -250.619   |   129:31:22   |   286:11:50   |
249300      |         -56844   |       -56609.9   |         -234.1   |   129:32:52   |   286:10:08   |
249350      |       -56856.8   |       -56621.7   |       -235.116   |   129:34:26   |   286:08:36   |
249400      |       -56821.6   |       -56628.4   |       -193.248   |   129:35:56   |   286:06:54   |
249450      |       -56856.5   |       -56629.9   |       -226.665   |   129:37:25   |   286:05:11   |
249500      |       -56866.7   |         -56624   |        -242.69   |   129:38:56   |   286:03:32   |
249550      |       -56851.5   |       -56636.7   |       -214.776   |   129:40:30   |   286:01:59   |
249600      |       -56848.7   |       -56622.4   |       -226.292   |   129:42:04   |   286:00:27   |
249650      |       -56855.4   |       -56618.2   |       -237.231   |   129:43:40   |   285:58:59   |
249700      |       -56863.8   |       -56617.9   |         -245.9   |   129:45:16   |   285:57:31   |
249750      |       -56864.6   |       -56625.3   |       -239.226   |   129:46:53   |   285:56:05   |
249800      |       -56873.6   |       -56620.6   |       -252.971   |   129:48:29   |   285:54:37   |
249850      |       -56842.7   |       -56621.9   |       -220.779   |   129:50:01   |   285:53:00   |
249900      |       -56871.7   |       -56619.2   |       -252.523   |   129:51:43   |   285:51:45   |
249950      |       -56882.5   |       -56626.2   |        -256.36   |   129:53:25   |   285:50:30   |


Iter        |      Posterior   |     Likelihood   |          Prior   |    elapsed   |        ETA   |
----------------------------------------------------------------------------------------------------
250000      |       -56838.1   |       -56622.6   |       -215.507   |   129:55:00   |   285:49:00   |
250050      |         -56876   |       -56626.4   |       -249.589   |   129:56:36   |   285:47:31   |
250100      |       -56870.7   |       -56626.7   |       -244.075   |   129:58:13   |   285:46:05   |
250150      |       -56885.6   |         -56639   |       -246.601   |   129:59:46   |   285:44:31   |
250200      |       -56883.6   |       -56626.9   |       -256.733   |   130:01:21   |   285:43:00   |
250250      |       -56898.3   |       -56626.5   |       -271.749   |   130:03:01   |   285:41:41   |
250300      |       -56870.8   |       -56634.9   |       -235.856   |   130:04:37   |   285:40:13   |
250350      |         -56881   |       -56622.8   |       -258.186   |   130:06:08   |   285:38:34   |
250400      |       -56895.5   |       -56631.6   |       -263.883   |   130:07:45   |   285:37:08   |
250450      |       -56877.2   |       -56638.6   |       -238.594   |   130:09:17   |   285:35:31   |
250500      |         -56884   |       -56649.1   |       -234.856   |   130:10:46   |   285:33:47   |
250550      |       -56871.3   |       -56622.9   |       -248.489   |   130:12:19   |   285:32:13   |
250600      |       -56859.1   |       -56633.2   |       -225.838   |   130:13:48   |   285:30:29   |
250650      |       -56880.7   |       -56622.7   |       -257.984   |   130:15:22   |   285:28:57   |
250700      |       -56829.3   |       -56618.3   |       -211.004   |   130:16:52   |   285:27:15   |
250750      |       -56864.6   |       -56629.6   |       -235.057   |   130:18:25   |   285:25:41   |
250800      |         -56894   |       -56631.7   |       -262.322   |   130:20:02   |   285:24:15   |
250850      |       -56848.3   |       -56628.7   |        -219.56   |   130:21:35   |   285:22:40   |
250900      |       -56887.1   |       -56627.9   |        -259.17   |   130:23:10   |   285:21:10   |
250950      |       -56864.6   |       -56633.7   |       -230.904   |   130:24:42   |   285:19:33   |


Iter        |      Posterior   |     Likelihood   |          Prior   |    elapsed   |        ETA   |
----------------------------------------------------------------------------------------------------
251000      |       -56847.7   |       -56637.2   |       -210.487   |   130:26:11   |   285:17:49   |
251050      |       -56861.2   |       -56630.9   |        -230.29   |   130:27:40   |   285:16:06   |
251100      |       -56839.6   |       -56625.1   |        -214.55   |   130:29:13   |   285:14:31   |
251150      |       -56862.6   |       -56630.7   |       -231.877   |   130:30:45   |   285:12:54   |
251200      |       -56875.7   |       -56643.4   |       -232.257   |   130:32:22   |   285:11:28   |
251250      |       -56896.8   |         -56620   |       -276.797   |   130:33:53   |   285:09:49   |
251300      |       -56858.9   |       -56630.7   |       -228.286   |   130:35:25   |   285:08:12   |
251350      |         -56847   |       -56618.4   |       -228.589   |   130:36:58   |   285:06:37   |
251400      |       -56864.3   |       -56639.3   |       -224.994   |   130:38:33   |   285:05:07   |
251450      |       -56844.5   |       -56606.1   |       -238.451   |   130:40:04   |   285:03:28   |
251500      |         -56855   |       -56611.3   |        -243.62   |   130:41:36   |   285:01:51   |
251550      |       -56845.7   |       -56629.4   |       -216.325   |   130:43:10   |   285:00:19   |
251600      |       -56881.1   |         -56624   |       -257.036   |   130:44:44   |   284:58:46   |
251650      |       -56880.4   |       -56602.7   |       -277.708   |   130:46:21   |   284:57:20   |
251700      |       -56840.4   |       -56607.1   |       -233.233   |   130:48:00   |   284:55:58   |
251750      |       -56898.2   |       -56614.8   |       -283.409   |   130:49:35   |   284:54:28   |
251800      |       -56847.4   |       -56609.2   |       -238.224   |   130:51:10   |   284:52:58   |
251850      |       -56877.3   |       -56615.5   |       -261.752   |   130:52:44   |   284:51:25   |
251900      |       -56870.4   |       -56608.1   |       -262.268   |   130:54:19   |   284:49:55   |
251950      |       -56889.2   |       -56612.6   |       -276.671   |   130:55:54   |   284:48:24   |


Iter        |      Posterior   |     Likelihood   |          Prior   |    elapsed   |        ETA   |
----------------------------------------------------------------------------------------------------
252000      |       -56868.8   |       -56602.8   |       -266.035   |   130:57:34   |   284:47:05   |
252050      |       -56885.3   |         -56622   |       -263.323   |   130:59:12   |   284:45:41   |
252100      |       -56886.2   |       -56618.4   |       -267.763   |   131:00:47   |   284:44:11   |
252150      |       -56856.3   |       -56619.8   |       -236.476   |   131:02:24   |   284:42:45   |
252200      |       -56853.8   |       -56628.8   |       -225.035   |   131:04:02   |   284:41:21   |
252250      |       -56860.4   |       -56635.4   |       -224.926   |   131:05:39   |   284:39:55   |
252300      |       -56828.7   |       -56622.1   |       -206.589   |   131:07:11   |   284:38:18   |
252350      |       -56871.6   |         -56634   |       -237.556   |   131:08:46   |   284:36:47   |
252400      |       -56849.3   |         -56615   |       -234.271   |   131:10:19   |   284:35:13   |
252450      |       -56853.1   |       -56619.8   |       -233.257   |   131:11:54   |   284:33:42   |
252500      |       -56877.4   |         -56624   |       -253.375   |   131:13:31   |   284:32:16   |
252550      |       -56872.1   |       -56631.5   |       -240.625   |   131:15:04   |   284:30:41   |
252600      |       -56843.3   |       -56619.3   |       -223.912   |   131:16:42   |   284:29:18   |
252650      |       -56901.9   |       -56611.6   |       -290.253   |   131:18:20   |   284:27:54   |
252700      |       -56873.7   |         -56622   |       -251.718   |   131:19:59   |   284:26:32   |
252750      |       -56874.9   |       -56618.4   |       -256.467   |   131:21:37   |   284:25:08   |
252800      |       -56879.8   |       -56619.3   |        -260.56   |   131:23:11   |   284:23:35   |
252850      |       -56857.9   |       -56624.5   |       -233.402   |   131:24:45   |   284:22:03   |
252900      |       -56842.9   |       -56622.2   |       -220.626   |   131:26:18   |   284:20:28   |
252950      |       -56891.3   |       -56624.1   |       -267.225   |   131:27:52   |   284:18:56   |


Iter        |      Posterior   |     Likelihood   |          Prior   |    elapsed   |        ETA   |
----------------------------------------------------------------------------------------------------
253000      |         -56899   |       -56639.3   |       -259.714   |   131:29:28   |   284:17:27   |
253050      |       -56858.5   |       -56613.8   |       -244.712   |   131:30:59   |   284:15:48   |
253100      |       -56890.9   |         -56628   |       -262.828   |   131:32:33   |   284:14:16   |
253150      |         -56843   |       -56617.2   |       -225.829   |   131:34:05   |   284:12:39   |
253200      |       -56858.3   |       -56622.2   |       -236.056   |   131:35:35   |   284:10:58   |
253250      |       -56905.1   |       -56636.6   |       -268.464   |   131:37:05   |   284:09:16   |
253300      |         -56925   |       -56648.8   |       -276.178   |   131:38:38   |   284:07:42   |
253350      |       -56876.6   |       -56621.1   |       -255.427   |   131:40:15   |   284:06:16   |
253400      |       -56858.8   |       -56629.6   |       -229.173   |   131:41:55   |   284:04:56   |
253450      |       -56864.1   |       -56623.9   |       -240.225   |   131:43:34   |   284:03:34   |
253500      |       -56831.9   |       -56619.2   |       -212.641   |   131:45:14   |   284:02:14   |
253550      |       -56861.6   |       -56618.4   |       -243.243   |   131:46:49   |   284:00:44   |
253600      |       -56841.5   |       -56628.6   |       -212.913   |   131:48:21   |   283:59:07   |
253650      |       -56881.1   |       -56622.2   |       -258.956   |   131:49:51   |   283:57:26   |
253700      |       -56847.3   |       -56621.8   |       -225.525   |   131:51:25   |   283:55:53   |
253750      |       -56903.9   |         -56619   |       -284.947   |   131:53:04   |   283:54:31   |
253800      |       -56864.6   |       -56610.3   |       -254.268   |   131:54:41   |   283:53:05   |
253850      |       -56860.7   |       -56614.1   |        -246.61   |   131:56:18   |   283:51:39   |
253900      |       -56868.6   |       -56599.2   |       -269.439   |   131:57:54   |   283:50:11   |
253950      |       -56907.7   |       -56605.1   |       -302.604   |   131:59:30   |   283:48:43   |


Iter        |      Posterior   |     Likelihood   |          Prior   |    elapsed   |        ETA   |
----------------------------------------------------------------------------------------------------
254000      |       -56846.1   |       -56626.4   |       -219.724   |   132:01:01   |   283:47:04   |
254050      |       -56850.7   |       -56615.5   |       -235.246   |   132:02:39   |   283:45:40   |
254100      |       -56829.5   |       -56617.2   |       -212.371   |   132:04:17   |   283:44:16   |
254150      |       -56867.2   |       -56616.4   |       -250.792   |   132:05:59   |   283:43:00   |
254200      |       -56828.6   |       -56594.1   |       -234.517   |   132:07:38   |   283:41:38   |
254250      |         -56873   |       -56626.6   |       -246.478   |   132:09:13   |   283:40:08   |
254300      |       -56858.4   |       -56605.1   |       -253.277   |   132:10:47   |   283:38:35   |
254350      |         -56862   |       -56608.2   |       -253.847   |   132:12:28   |   283:37:18   |
254400      |       -56843.7   |       -56605.3   |        -238.43   |   132:13:59   |   283:35:38   |
254450      |       -56827.8   |       -56605.7   |       -222.083   |   132:15:29   |   283:33:57   |
254500      |       -56858.5   |       -56612.3   |       -246.227   |   132:16:59   |   283:32:16   |
254550      |       -56872.5   |       -56613.5   |       -258.993   |   132:18:33   |   283:30:43   |
254600      |       -56880.6   |       -56609.3   |       -271.293   |   132:20:05   |   283:29:07   |
254650      |       -56888.4   |       -56625.9   |       -262.577   |   132:21:41   |   283:27:38   |
254700      |       -56838.9   |         -56599   |       -239.891   |   132:23:18   |   283:26:12   |
254750      |       -56845.3   |       -56616.3   |       -229.003   |   132:24:49   |   283:24:33   |
254800      |         -56859   |       -56619.3   |       -239.622   |   132:26:23   |   283:23:00   |
254850      |       -56864.9   |       -56623.2   |       -241.658   |   132:27:56   |   283:21:26   |
254900      |       -56867.7   |       -56624.5   |       -243.184   |   132:29:32   |   283:19:57   |
254950      |       -56855.5   |       -56607.6   |       -247.911   |   132:31:09   |   283:18:31   |


Iter        |      Posterior   |     Likelihood   |          Prior   |    elapsed   |        ETA   |
----------------------------------------------------------------------------------------------------
255000      |         -56883   |       -56633.2   |       -249.767   |   132:32:47   |   283:17:07   |
255050      |       -56882.8   |       -56626.6   |       -256.168   |   132:34:18   |   283:15:28   |
255100      |       -56873.2   |       -56640.1   |       -233.097   |   132:35:47   |   283:13:45   |
255150      |       -56881.4   |       -56622.9   |       -258.514   |   132:37:16   |   283:12:01   |
255200      |       -56892.4   |       -56613.9   |       -278.551   |   132:38:45   |   283:10:18   |
255250      |       -56891.4   |       -56623.7   |       -267.736   |   132:40:14   |   283:08:35   |
255300      |       -56810.2   |       -56614.1   |       -196.126   |   132:41:47   |   283:07:00   |
255350      |       -56883.2   |       -56629.2   |       -254.007   |   132:43:22   |   283:05:30   |
255400      |       -56851.9   |       -56608.6   |       -243.303   |   132:44:58   |   283:04:01   |
255450      |       -56856.7   |         -56612   |        -244.69   |   132:46:30   |   283:02:24   |
255500      |       -56867.6   |       -56616.3   |        -251.32   |   132:48:03   |   283:00:50   |
255550      |         -56872   |       -56622.4   |       -249.638   |   132:49:36   |   282:59:15   |
255600      |         -56864   |       -56608.2   |         -255.8   |   132:51:07   |   282:57:36   |
255650      |         -56861   |       -56620.4   |       -240.628   |   132:52:41   |   282:56:03   |
255700      |       -56876.9   |       -56631.6   |        -245.38   |   132:54:10   |   282:54:20   |
255750      |       -56852.9   |       -56622.2   |       -230.715   |   132:55:41   |   282:52:41   |
255800      |       -56916.2   |       -56629.7   |       -286.458   |   132:57:16   |   282:51:10   |
255850      |       -56877.1   |       -56623.3   |       -253.883   |   132:58:52   |   282:49:42   |
255900      |       -56903.6   |       -56627.3   |       -276.336   |   133:00:27   |   282:48:12   |
255950      |       -56836.3   |       -56605.5   |       -230.797   |   133:02:15   |   282:47:09   |


Iter        |      Posterior   |     Likelihood   |          Prior   |    elapsed   |        ETA   |
----------------------------------------------------------------------------------------------------
256000      |       -56848.1   |       -56622.4   |       -225.751   |   133:03:54   |   282:45:47   |
256050      |       -56857.4   |       -56605.5   |       -251.916   |   133:05:28   |   282:44:14   |
256100      |       -56875.7   |       -56611.9   |        -263.79   |   133:06:59   |   282:42:35   |
256150      |       -56882.9   |       -56618.7   |       -264.233   |   133:08:32   |   282:41:00   |
256200      |       -56902.7   |       -56614.8   |       -287.902   |   133:10:06   |   282:39:28   |
256250      |       -56819.5   |       -56610.1   |       -209.483   |   133:11:38   |   282:37:51   |
256300      |       -56884.5   |       -56625.9   |       -258.609   |   133:13:09   |   282:36:12   |
256350      |       -56929.1   |       -56637.8   |       -291.309   |   133:14:38   |   282:34:29   |
256400      |       -56895.2   |       -56622.8   |       -272.443   |   133:16:08   |   282:32:48   |
256450      |       -56861.7   |       -56608.4   |         -253.3   |   133:17:40   |   282:31:11   |
256500      |       -56849.2   |         -56616   |       -233.253   |   133:19:18   |   282:29:47   |
256550      |       -56916.4   |       -56615.7   |       -300.638   |   133:20:55   |   282:28:20   |
256600      |       -56921.8   |       -56605.5   |       -316.288   |   133:22:34   |   282:26:58   |
256650      |         -56932   |       -56615.1   |       -316.894   |   133:24:13   |   282:25:36   |
256700      |       -56896.2   |       -56626.4   |       -269.792   |   133:25:46   |   282:24:01   |
256750      |       -56828.5   |       -56612.9   |       -215.595   |   133:27:20   |   282:22:29   |
256800      |       -56916.5   |       -56621.8   |        -294.77   |   133:28:52   |   282:20:52   |
256850      |       -56835.2   |       -56605.7   |       -229.488   |   133:30:29   |   282:19:26   |
256900      |       -56863.7   |       -56608.4   |       -255.261   |   133:32:06   |   282:17:59   |
256950      |       -56880.7   |       -56617.5   |       -263.149   |   133:33:47   |   282:16:41   |


Iter        |      Posterior   |     Likelihood   |          Prior   |    elapsed   |        ETA   |
----------------------------------------------------------------------------------------------------
257000      |       -56854.8   |       -56623.7   |       -231.043   |   133:35:24   |   282:15:15   |
257050      |       -56898.5   |       -56623.8   |       -274.673   |   133:37:03   |   282:13:53   |
257100      |       -56874.9   |       -56608.9   |       -266.016   |   133:38:38   |   282:12:23   |
257150      |       -56838.1   |       -56604.1   |       -234.031   |   133:40:12   |   282:10:50   |
257200      |       -56864.3   |       -56614.6   |       -249.704   |   133:41:44   |   282:09:13   |
257250      |       -56849.5   |       -56617.5   |       -232.014   |   133:43:18   |   282:07:40   |
257300      |       -56910.4   |       -56620.8   |       -289.521   |   133:44:54   |   282:06:12   |
257350      |       -56829.1   |       -56623.3   |       -205.717   |   133:46:29   |   282:04:41   |
257400      |       -56847.5   |       -56597.5   |       -250.073   |   133:48:08   |   282:03:19   |
257450      |       -56850.8   |       -56612.5   |       -238.327   |   133:49:43   |   282:01:49   |
257500      |         -56869   |       -56613.9   |       -255.094   |   133:51:21   |   282:00:25   |
257550      |       -56904.1   |       -56611.7   |       -292.408   |   133:52:56   |   281:58:54   |
257600      |       -56839.9   |       -56602.2   |       -237.636   |   133:54:31   |   281:57:23   |
257650      |       -56879.9   |       -56614.5   |       -265.381   |   133:56:07   |   281:55:55   |
257700      |       -56868.9   |       -56628.2   |       -240.734   |   133:57:47   |   281:54:35   |
257750      |       -56846.4   |       -56619.6   |        -226.81   |   133:59:24   |   281:53:09   |
257800      |       -56924.8   |       -56617.6   |        -307.18   |   134:00:57   |   281:51:34   |
257850      |       -56848.1   |       -56617.5   |       -230.579   |   134:02:29   |   281:49:57   |
257900      |       -56883.8   |       -56630.4   |       -253.461   |   134:04:04   |   281:48:26   |
257950      |       -56883.4   |       -56621.3   |       -262.124   |   134:05:36   |   281:46:49   |


Iter        |      Posterior   |     Likelihood   |          Prior   |    elapsed   |        ETA   |
----------------------------------------------------------------------------------------------------
258000      |       -56837.1   |       -56623.5   |       -213.597   |   134:07:10   |   281:45:17   |
258050      |       -56866.2   |       -56612.2   |       -254.014   |   134:08:45   |   281:43:46   |
258100      |       -56839.9   |       -56605.3   |       -234.624   |   134:10:19   |   281:42:14   |
258150      |       -56939.6   |       -56629.9   |       -309.644   |   134:11:51   |   281:40:37   |
258200      |       -56918.6   |       -56631.6   |       -286.995   |   134:13:23   |   281:39:00   |
258250      |       -56864.5   |       -56621.1   |        -243.48   |   134:14:59   |   281:37:31   |
258300      |       -56887.1   |       -56603.3   |       -283.839   |   134:16:31   |   281:35:54   |
258350      |       -56831.6   |       -56615.1   |        -216.55   |   134:18:07   |   281:34:26   |
258400      |       -56854.4   |         -56608   |       -246.355   |   134:19:39   |   281:32:49   |
258450      |       -56878.5   |       -56614.6   |       -263.901   |   134:21:14   |   281:31:19   |
258500      |       -56896.7   |       -56610.4   |       -286.223   |   134:22:46   |   281:29:42   |
258550      |       -56855.6   |       -56622.5   |       -233.119   |   134:24:23   |   281:28:15   |
258600      |       -56882.6   |       -56614.5   |       -268.057   |   134:25:57   |   281:26:43   |
258650      |       -56897.6   |       -56617.1   |       -280.491   |   134:27:34   |   281:25:16   |
258700      |       -56837.8   |       -56600.3   |       -237.542   |   134:29:07   |   281:23:41   |
258750      |       -56812.8   |       -56622.3   |       -190.458   |   134:30:41   |   281:22:09   |
258800      |       -56899.6   |       -56641.2   |       -258.379   |   134:32:12   |   281:20:30   |
258850      |       -56883.7   |       -56623.4   |       -260.258   |   134:33:46   |   281:18:57   |
258900      |         -56893   |       -56616.4   |       -276.558   |   134:35:23   |   281:17:31   |
258950      |       -56823.8   |       -56619.6   |       -204.199   |   134:37:01   |   281:16:06   |


Iter        |      Posterior   |     Likelihood   |          Prior   |    elapsed   |        ETA   |
----------------------------------------------------------------------------------------------------
259000      |       -56859.5   |       -56612.9   |       -246.552   |   134:38:37   |   281:14:38   |
259050      |       -56842.1   |       -56619.8   |       -222.294   |   134:40:12   |   281:13:07   |
259100      |       -56834.7   |       -56615.3   |       -219.373   |   134:41:47   |   281:11:37   |
259150      |       -56865.2   |       -56621.5   |       -243.705   |   134:43:24   |   281:10:10   |
259200      |       -56868.2   |       -56605.5   |       -262.619   |   134:44:58   |   281:08:38   |
259250      |       -56862.4   |       -56612.2   |       -250.187   |   134:46:34   |   281:07:09   |
259300      |       -56825.5   |       -56612.5   |       -213.076   |   134:48:10   |   281:05:41   |
259350      |       -56871.7   |       -56621.2   |       -250.553   |   134:49:50   |   281:04:20   |
259400      |       -56871.5   |       -56604.6   |       -266.824   |   134:51:29   |   281:02:58   |
259450      |       -56868.1   |       -56613.8   |       -254.391   |   134:53:03   |   281:01:25   |
259500      |       -56843.1   |       -56601.8   |       -241.301   |   134:54:40   |   280:59:59   |
259550      |       -56932.9   |       -56612.7   |       -320.239   |   134:56:18   |   280:58:35   |
259600      |       -56845.4   |       -56611.7   |       -233.666   |   134:57:54   |   280:57:06   |
259650      |       -56847.1   |       -56628.8   |       -218.328   |   134:59:30   |   280:55:37   |
259700      |       -56874.7   |       -56638.9   |        -235.82   |   135:00:58   |   280:53:52   |
259750      |       -56848.2   |       -56610.3   |        -237.93   |   135:02:30   |   280:52:15   |
259800      |       -56815.6   |       -56636.3   |       -179.352   |   135:04:03   |   280:50:41   |
259850      |       -56834.4   |       -56612.1   |       -222.297   |   135:05:39   |   280:49:12   |
259900      |       -56839.4   |       -56624.6   |       -214.814   |   135:07:18   |   280:47:50   |
259950      |       -56854.9   |       -56610.7   |       -244.178   |   135:08:51   |   280:46:15   |


Iter        |      Posterior   |     Likelihood   |          Prior   |    elapsed   |        ETA   |
----------------------------------------------------------------------------------------------------
260000      |       -56843.4   |         -56610   |       -233.375   |   135:10:25   |   280:44:42   |
260050      |       -56862.4   |       -56627.9   |       -234.483   |   135:12:05   |   280:43:22   |
260100      |       -56864.3   |       -56615.7   |       -248.573   |   135:13:43   |   280:41:58   |
260150      |         -56869   |       -56616.3   |       -252.746   |   135:15:18   |   280:40:27   |
260200      |       -56870.4   |       -56633.2   |       -237.266   |   135:16:59   |   280:39:09   |
260250      |       -56855.1   |         -56620   |       -235.072   |   135:18:39   |   280:37:48   |
260300      |       -56835.1   |       -56635.8   |       -199.346   |   135:20:14   |   280:36:18   |
260350      |         -56862   |       -56617.5   |       -244.495   |   135:21:54   |   280:34:57   |
260400      |         -56882   |       -56613.3   |       -268.751   |   135:23:29   |   280:33:27   |
260450      |       -56904.2   |       -56616.5   |       -287.627   |   135:25:03   |   280:31:54   |
260500      |       -56924.2   |       -56638.8   |        -285.41   |   135:26:39   |   280:30:25   |
260550      |       -56909.4   |       -56647.8   |       -261.621   |   135:28:15   |   280:28:57   |
260600      |         -56880   |       -56619.6   |       -260.447   |   135:29:49   |   280:27:24   |
260650      |       -56854.5   |         -56623   |       -231.584   |   135:31:31   |   280:26:08   |
260700      |       -56824.4   |       -56623.8   |       -200.626   |   135:33:05   |   280:24:35   |
260750      |       -56893.3   |       -56617.2   |       -276.101   |   135:34:39   |   280:23:02   |
260800      |         -56836   |       -56608.9   |       -227.047   |   135:36:11   |   280:21:26   |
260850      |       -56850.6   |       -56615.9   |       -234.678   |   135:37:47   |   280:19:57   |
260900      |       -56871.8   |       -56613.2   |       -258.584   |   135:39:21   |   280:18:24   |
260950      |       -56887.8   |       -56612.3   |       -275.486   |   135:40:55   |   280:16:51   |


Iter        |      Posterior   |     Likelihood   |          Prior   |    elapsed   |        ETA   |
----------------------------------------------------------------------------------------------------
261000      |       -56889.7   |       -56631.3   |       -258.413   |   135:42:29   |   280:15:19   |
261050      |       -56889.5   |       -56628.1   |       -261.411   |   135:44:04   |   280:13:48   |
261100      |         -56891   |       -56629.3   |       -261.631   |   135:45:37   |   280:12:13   |
261150      |       -56877.3   |         -56632   |       -245.301   |   135:47:13   |   280:10:45   |
261200      |       -56855.9   |       -56609.9   |        -245.98   |   135:48:49   |   280:09:16   |
261250      |       -56876.4   |       -56627.4   |       -249.057   |   135:50:27   |   280:07:51   |
261300      |       -56929.7   |       -56635.4   |       -294.282   |   135:51:58   |   280:06:13   |
261350      |       -56899.6   |       -56624.7   |       -274.848   |   135:53:28   |   280:04:32   |
261400      |       -56907.8   |       -56622.8   |       -284.951   |   135:55:02   |   280:02:59   |
261450      |         -56891   |       -56613.1   |       -277.979   |   135:56:36   |   280:01:26   |
261500      |       -56848.9   |       -56612.4   |       -236.438   |   135:58:06   |   279:59:45   |
261550      |       -56817.6   |       -56612.7   |       -204.909   |   135:59:38   |   279:58:08   |
261600      |       -56854.5   |       -56625.2   |       -229.363   |   136:01:15   |   279:56:42   |
261650      |       -56888.4   |         -56628   |       -260.407   |   136:02:53   |   279:55:17   |
261700      |       -56896.5   |         -56630   |       -266.448   |   136:04:28   |   279:53:46   |
261750      |       -56880.5   |         -56623   |       -257.566   |   136:06:03   |   279:52:16   |
261800      |       -56899.5   |       -56641.5   |       -257.987   |   136:07:42   |   279:50:53   |
261850      |       -56878.3   |       -56624.1   |       -254.193   |   136:09:19   |   279:49:27   |
261900      |       -56869.2   |       -56624.3   |       -244.956   |   136:10:55   |   279:47:58   |
261950      |       -56848.1   |       -56614.6   |       -233.421   |   136:12:30   |   279:46:27   |


Iter        |      Posterior   |     Likelihood   |          Prior   |    elapsed   |        ETA   |
----------------------------------------------------------------------------------------------------
262000      |       -56866.3   |       -56613.2   |       -253.053   |   136:14:06   |   279:44:59   |
262050      |       -56870.8   |       -56612.1   |       -258.691   |   136:15:45   |   279:43:36   |
262100      |       -56836.8   |       -56611.4   |       -225.406   |   136:17:24   |   279:42:14   |
262150      |       -56886.3   |       -56609.5   |       -276.744   |   136:18:59   |   279:40:43   |
262200      |       -56831.8   |       -56615.5   |       -216.276   |   136:20:29   |   279:39:02   |
262250      |       -56837.7   |       -56617.8   |       -219.895   |   136:22:05   |   279:37:33   |
262300      |       -56874.8   |       -56628.7   |       -246.115   |   136:23:40   |   279:36:02   |
262350      |       -56858.5   |       -56626.8   |       -231.743   |   136:25:16   |   279:34:34   |
262400      |       -56880.9   |       -56622.4   |       -258.566   |   136:26:52   |   279:33:05   |
262450      |       -56872.5   |       -56615.9   |       -256.561   |   136:28:28   |   279:31:36   |
262500      |       -56863.2   |       -56606.2   |       -256.971   |   136:30:01   |   279:30:02   |
262550      |       -56859.4   |       -56620.1   |       -239.272   |   136:31:32   |   279:28:23   |
262600      |       -56875.4   |       -56618.7   |       -256.691   |   136:33:06   |   279:26:50   |
262650      |       -56872.3   |       -56613.8   |       -258.432   |   136:34:43   |   279:25:23   |
262700      |       -56840.8   |       -56628.5   |       -212.348   |   136:36:17   |   279:23:50   |
262750      |         -56861   |       -56640.2   |       -220.753   |   136:37:51   |   279:22:18   |
262800      |         -56910   |       -56626.9   |       -283.131   |   136:39:23   |   279:20:41   |
262850      |       -56878.6   |       -56606.4   |       -272.198   |   136:40:58   |   279:19:10   |
262900      |       -56853.2   |       -56608.8   |       -244.355   |   136:42:36   |   279:17:45   |
262950      |       -56915.4   |       -56622.1   |       -293.298   |   136:44:11   |   279:16:15   |


Iter        |      Posterior   |     Likelihood   |          Prior   |    elapsed   |        ETA   |
----------------------------------------------------------------------------------------------------
263000      |       -56872.6   |       -56620.6   |       -251.962   |   136:45:49   |   279:14:50   |
263050      |       -56891.8   |       -56629.3   |       -262.535   |   136:47:21   |   279:13:13   |
263100      |       -56880.1   |       -56632.4   |       -247.731   |   136:48:50   |   279:11:30   |
263150      |       -56906.9   |       -56615.2   |       -291.697   |   136:50:18   |   279:09:45   |
263200      |       -56870.8   |       -56616.7   |       -254.117   |   136:51:49   |   279:08:06   |
263250      |       -56858.4   |       -56600.7   |       -257.733   |   136:53:19   |   279:06:25   |
263300      |       -56870.2   |       -56620.9   |       -249.266   |   136:54:50   |   279:04:46   |
263350      |       -56884.8   |       -56609.1   |       -275.692   |   136:56:21   |   279:03:08   |
263400      |       -56892.4   |       -56610.4   |       -281.997   |   136:57:53   |   279:01:31   |
263450      |       -56869.9   |       -56610.9   |        -258.99   |   136:59:25   |   278:59:54   |
263500      |       -56841.4   |       -56598.4   |       -243.021   |   137:00:58   |   278:58:19   |
263550      |       -56887.5   |       -56612.1   |       -275.403   |   137:02:33   |   278:56:48   |
263600      |       -56848.5   |       -56600.8   |       -247.682   |   137:04:06   |   278:55:13   |
263650      |       -56865.4   |       -56601.4   |       -263.978   |   137:05:36   |   278:53:33   |
263700      |       -56799.4   |       -56604.6   |       -194.857   |   137:07:05   |   278:51:50   |
263750      |       -56842.5   |       -56611.1   |        -231.41   |   137:08:36   |   278:50:11   |
263800      |       -56878.8   |       -56614.1   |       -264.702   |   137:10:07   |   278:48:32   |
263850      |       -56824.9   |       -56616.7   |       -208.258   |   137:11:39   |   278:46:55   |
263900      |       -56837.8   |       -56634.1   |       -203.724   |   137:13:11   |   278:45:18   |
263950      |       -56857.9   |       -56653.1   |        -204.82   |   137:14:44   |   278:43:43   |


Iter        |      Posterior   |     Likelihood   |          Prior   |    elapsed   |        ETA   |
----------------------------------------------------------------------------------------------------
264000      |       -56878.1   |       -56629.4   |       -248.753   |   137:16:16   |   278:42:07   |
264050      |       -56864.7   |       -56629.2   |       -235.524   |   137:17:48   |   278:40:30   |
264100      |       -56846.5   |       -56642.2   |       -204.322   |   137:19:24   |   278:39:01   |
264150      |       -56863.7   |       -56623.4   |       -240.248   |   137:20:57   |   278:37:26   |
264200      |       -56848.4   |         -56615   |       -233.393   |   137:22:28   |   278:35:47   |
264250      |       -56843.3   |       -56612.9   |        -230.41   |   137:24:00   |   278:34:11   |
264300      |       -56838.9   |         -56628   |       -210.927   |   137:25:33   |   278:32:36   |
264350      |       -56846.4   |       -56618.6   |       -227.758   |   137:27:03   |   278:30:55   |
264400      |       -56849.9   |       -56633.8   |       -216.097   |   137:28:35   |   278:29:18   |
264450      |       -56865.2   |       -56634.5   |       -230.712   |   137:30:07   |   278:27:41   |
264500      |       -56880.4   |       -56631.6   |       -248.796   |   137:31:38   |   278:26:02   |
264550      |       -56846.3   |       -56627.2   |       -219.098   |   137:33:14   |   278:24:34   |
264600      |       -56861.3   |       -56602.3   |       -259.041   |   137:34:51   |   278:23:07   |
264650      |       -56836.4   |       -56609.7   |       -226.746   |   137:36:24   |   278:21:32   |
264700      |       -56836.3   |       -56612.1   |        -224.13   |   137:37:58   |   278:19:59   |
264750      |       -56853.6   |       -56618.8   |        -234.86   |   137:39:32   |   278:18:27   |
264800      |       -56872.5   |       -56604.5   |       -267.976   |   137:41:08   |   278:16:58   |
264850      |       -56851.5   |       -56609.8   |       -241.729   |   137:42:42   |   278:15:25   |
264900      |       -56859.5   |       -56615.8   |       -243.748   |   137:44:13   |   278:13:46   |
264950      |       -56866.1   |       -56632.3   |       -233.846   |   137:45:47   |   278:12:14   |


Iter        |      Posterior   |     Likelihood   |          Prior   |    elapsed   |        ETA   |
----------------------------------------------------------------------------------------------------
265000      |       -56896.9   |       -56634.1   |       -262.796   |   137:47:18   |   278:10:35   |
265050      |         -56838   |       -56607.3   |       -230.696   |   137:48:55   |   278:09:08   |
265100      |       -56847.4   |       -56616.1   |       -231.273   |   137:50:30   |   278:07:37   |
265150      |       -56895.8   |         -56635   |       -260.869   |   137:52:07   |   278:06:11   |
265200      |       -56857.8   |       -56626.5   |       -231.269   |   137:53:38   |   278:04:32   |
265250      |       -56838.7   |       -56623.1   |       -215.604   |   137:55:13   |   278:03:01   |
265300      |       -56854.9   |       -56631.7   |       -223.129   |   137:56:44   |   278:01:22   |
265350      |       -56863.7   |       -56634.4   |       -229.336   |   137:58:19   |   277:59:51   |
265400      |         -56895   |       -56632.4   |       -262.581   |   137:59:54   |   277:58:21   |
265450      |       -56906.9   |         -56644   |       -262.858   |   138:01:22   |   277:56:36   |
265500      |       -56871.7   |       -56634.8   |       -236.968   |   138:02:54   |   277:54:59   |
265550      |       -56895.3   |         -56626   |       -269.273   |   138:04:28   |   277:53:26   |
265600      |       -56927.9   |       -56632.5   |       -295.391   |   138:06:03   |   277:51:55   |
265650      |       -56882.6   |       -56614.8   |       -267.837   |   138:07:34   |   277:50:17   |
265700      |       -56858.5   |       -56629.6   |       -228.876   |   138:09:05   |   277:48:38   |
265750      |       -56880.5   |       -56638.3   |       -242.289   |   138:10:36   |   277:46:59   |
265800      |       -56869.5   |         -56619   |        -250.53   |   138:12:06   |   277:45:18   |
265850      |       -56876.1   |       -56621.3   |       -254.772   |   138:13:38   |   277:43:41   |
265900      |       -56840.3   |       -56611.6   |       -228.685   |   138:15:03   |   277:41:51   |
265950      |       -56821.3   |       -56624.2   |       -197.056   |   138:16:31   |   277:40:06   |


Iter        |      Posterior   |     Likelihood   |          Prior   |    elapsed   |        ETA   |
----------------------------------------------------------------------------------------------------
266000      |       -56841.4   |       -56619.6   |       -221.796   |   138:18:01   |   277:38:25   |
266050      |       -56918.7   |       -56623.5   |       -295.166   |   138:19:29   |   277:36:40   |
266100      |       -56891.3   |       -56624.6   |        -266.72   |   138:21:07   |   277:35:15   |
266150      |       -56881.3   |       -56618.7   |       -262.614   |   138:22:41   |   277:33:43   |
266200      |       -56910.3   |       -56635.3   |       -274.915   |   138:24:18   |   277:32:16   |
266250      |       -56889.5   |       -56632.2   |        -257.36   |   138:25:54   |   277:30:47   |
266300      |       -56889.7   |       -56660.4   |       -229.338   |   138:27:31   |   277:29:20   |
266350      |       -56895.7   |         -56625   |       -270.689   |   138:29:04   |   277:27:46   |
266400      |       -56895.3   |       -56641.4   |       -253.878   |   138:30:40   |   277:26:17   |
266450      |       -56852.6   |       -56619.1   |       -233.484   |   138:32:15   |   277:24:46   |
266500      |       -56879.9   |       -56626.3   |       -253.621   |   138:33:50   |   277:23:15   |
266550      |       -56917.9   |       -56649.4   |       -268.438   |   138:35:24   |   277:21:43   |
266600      |       -56883.5   |       -56635.6   |       -247.964   |   138:37:01   |   277:20:16   |
266650      |       -56873.2   |       -56634.3   |       -238.919   |   138:38:38   |   277:18:49   |
266700      |       -56892.5   |       -56629.7   |       -262.832   |   138:40:14   |   277:17:20   |
266750      |       -56947.4   |       -56632.3   |       -315.085   |   138:41:52   |   277:15:56   |
266800      |       -56871.5   |       -56630.3   |       -241.215   |   138:43:27   |   277:14:25   |
266850      |       -56868.9   |       -56623.7   |       -245.147   |   138:45:03   |   277:12:56   |
266900      |       -56867.8   |       -56623.9   |       -243.839   |   138:46:34   |   277:11:17   |
266950      |       -56930.9   |       -56626.3   |       -304.625   |   138:48:08   |   277:09:44   |


Iter        |      Posterior   |     Likelihood   |          Prior   |    elapsed   |        ETA   |
----------------------------------------------------------------------------------------------------
267000      |       -56909.5   |       -56641.7   |       -267.817   |   138:49:45   |   277:08:18   |
267050      |       -56904.3   |       -56641.3   |       -262.998   |   138:51:21   |   277:06:49   |
267100      |       -56889.3   |       -56628.1   |       -261.166   |   138:52:54   |   277:05:14   |
267150      |       -56887.9   |       -56627.7   |       -260.143   |   138:54:32   |   277:03:49   |
267200      |       -56852.4   |         -56624   |       -228.411   |   138:56:08   |   277:02:20   |
267250      |       -56903.7   |       -56639.5   |       -264.159   |   138:57:43   |   277:00:50   |
267300      |       -56875.1   |       -56634.3   |       -240.775   |   138:59:14   |   276:59:11   |
267350      |       -56879.3   |       -56646.5   |       -232.733   |   139:00:48   |   276:57:38   |
267400      |       -56936.9   |       -56651.1   |       -285.816   |   139:02:20   |   276:56:01   |
267450      |       -56880.2   |       -56636.7   |       -243.531   |   139:03:49   |   276:54:19   |
267500      |       -56857.6   |       -56632.4   |       -225.204   |   139:05:18   |   276:52:36   |
267550      |       -56893.7   |       -56627.3   |       -266.381   |   139:06:50   |   276:50:59   |
267600      |       -56849.3   |       -56617.4   |       -231.801   |   139:08:23   |   276:49:24   |
267650      |       -56873.3   |       -56642.2   |       -231.194   |   139:09:56   |   276:47:50   |
267700      |       -56873.4   |       -56644.2   |       -229.195   |   139:11:34   |   276:46:25   |
267750      |       -56907.1   |       -56635.4   |       -271.706   |   139:13:08   |   276:44:52   |
267800      |       -56845.8   |       -56635.5   |       -210.282   |   139:14:41   |   276:43:17   |
267850      |       -56881.3   |       -56621.4   |       -259.989   |   139:16:21   |   276:41:56   |
267900      |       -56912.1   |       -56621.4   |        -290.61   |   139:18:00   |   276:40:33   |
267950      |       -56872.8   |       -56624.9   |       -247.888   |   139:19:40   |   276:39:13   |


Iter        |      Posterior   |     Likelihood   |          Prior   |    elapsed   |        ETA   |
----------------------------------------------------------------------------------------------------
268000      |       -56874.5   |         -56647   |       -227.498   |   139:21:18   |   276:37:48   |
268050      |       -56871.5   |       -56625.4   |       -246.083   |   139:22:53   |   276:36:17   |
268100      |       -56864.6   |       -56624.1   |       -240.478   |   139:24:31   |   276:34:52   |
268150      |       -56853.1   |       -56612.8   |       -240.347   |   139:26:07   |   276:33:23   |
268200      |       -56848.6   |         -56622   |       -226.683   |   139:27:45   |   276:31:58   |
268250      |       -56866.3   |       -56624.2   |       -242.168   |   139:29:16   |   276:30:20   |
268300      |       -56859.6   |       -56618.6   |       -241.036   |   139:30:48   |   276:28:43   |
268350      |       -56832.3   |       -56608.8   |       -223.524   |   139:32:20   |   276:27:06   |
268400      |       -56848.1   |       -56617.3   |       -230.742   |   139:33:56   |   276:25:37   |
268450      |       -56844.8   |       -56616.1   |       -228.712   |   139:35:31   |   276:24:06   |
268500      |       -56846.2   |       -56607.5   |       -238.713   |   139:37:06   |   276:22:36   |
268550      |       -56849.7   |         -56612   |       -237.677   |   139:38:43   |   276:21:09   |
268600      |       -56889.2   |       -56612.5   |       -276.708   |   139:40:19   |   276:19:40   |
268650      |       -56865.3   |       -56611.9   |       -253.429   |   139:41:51   |   276:18:03   |
268700      |       -56904.8   |       -56620.9   |       -283.889   |   139:43:20   |   276:16:20   |
268750      |       -56916.8   |       -56626.5   |       -290.265   |   139:44:52   |   276:14:44   |
268800      |       -56897.8   |         -56609   |       -288.812   |   139:46:26   |   276:13:11   |
268850      |       -56852.7   |       -56606.1   |       -246.592   |   139:47:58   |   276:11:34   |
268900      |       -56857.6   |       -56619.5   |       -238.172   |   139:49:29   |   276:09:55   |
268950      |       -56852.9   |       -56600.7   |        -252.21   |   139:51:03   |   276:08:23   |


Iter        |      Posterior   |     Likelihood   |          Prior   |    elapsed   |        ETA   |
----------------------------------------------------------------------------------------------------
269000      |         -56836   |       -56600.8   |       -235.175   |   139:52:38   |   276:06:52   |
269050      |       -56851.3   |       -56605.4   |       -245.897   |   139:54:09   |   276:05:13   |
269100      |       -56875.5   |       -56601.9   |       -273.626   |   139:55:40   |   276:03:34   |
269150      |         -56877   |         -56613   |       -263.924   |   139:57:12   |   276:01:58   |
269200      |       -56863.4   |       -56615.4   |       -248.021   |   139:58:52   |   276:00:37   |
269250      |       -56844.1   |       -56611.9   |       -232.179   |   140:00:24   |   275:59:00   |
269300      |         -56869   |       -56615.2   |       -253.798   |   140:01:56   |   275:57:23   |
269350      |       -56877.6   |       -56618.6   |       -258.973   |   140:03:27   |   275:55:44   |
269400      |       -56884.4   |       -56616.9   |        -267.53   |   140:04:57   |   275:54:04   |
269450      |       -56884.1   |       -56626.9   |       -257.193   |   140:06:30   |   275:52:29   |
269500      |       -56868.1   |       -56606.2   |       -261.911   |   140:08:00   |   275:50:48   |
269550      |       -56881.9   |       -56632.9   |       -248.994   |   140:09:28   |   275:49:04   |
269600      |         -56872   |       -56601.3   |       -270.623   |   140:10:59   |   275:47:25   |
269650      |       -56871.7   |       -56617.2   |       -254.454   |   140:12:32   |   275:45:50   |
269700      |         -56886   |       -56614.3   |        -271.79   |   140:14:10   |   275:44:25   |
269750      |       -56864.3   |       -56627.8   |       -236.415   |   140:15:47   |   275:42:58   |
269800      |       -56854.9   |       -56622.4   |       -232.506   |   140:17:24   |   275:41:31   |
269850      |       -56877.8   |       -56629.5   |       -248.311   |   140:19:01   |   275:40:05   |
269900      |       -56846.3   |         -56618   |       -228.289   |   140:20:37   |   275:38:36   |
269950      |       -56851.2   |       -56625.2   |       -225.949   |   140:22:12   |   275:37:05   |


Iter        |      Posterior   |     Likelihood   |          Prior   |    elapsed   |        ETA   |
----------------------------------------------------------------------------------------------------
270000      |       -56841.4   |       -56628.5   |       -212.805   |   140:23:47   |   275:35:34   |
270050      |       -56887.2   |       -56636.3   |       -250.945   |   140:25:22   |   275:34:03   |
270100      |       -56886.8   |       -56620.2   |       -266.617   |   140:27:01   |   275:32:40   |
270150      |       -56847.2   |       -56624.9   |       -222.282   |   140:28:41   |   275:31:19   |
270200      |       -56865.1   |       -56627.9   |       -237.178   |   140:30:20   |   275:29:56   |
270250      |       -56920.7   |       -56641.8   |       -278.925   |   140:32:00   |   275:28:35   |
270300      |       -56898.3   |       -56623.7   |       -274.575   |   140:33:41   |   275:27:16   |
270350      |         -56850   |       -56621.9   |       -228.043   |   140:35:16   |   275:25:45   |
270400      |       -56860.9   |       -56620.3   |       -240.584   |   140:36:53   |   275:24:18   |
270450      |         -56897   |         -56632   |       -265.015   |   140:38:30   |   275:22:51   |
270500      |       -56874.3   |       -56620.5   |       -253.826   |   140:40:07   |   275:21:24   |
270550      |       -56894.2   |       -56634.5   |       -259.714   |   140:41:41   |   275:19:51   |
270600      |       -56846.7   |       -56605.2   |       -241.509   |   140:43:17   |   275:18:22   |
270650      |       -56821.6   |       -56606.8   |       -214.791   |   140:44:53   |   275:16:54   |
270700      |       -56863.5   |       -56627.8   |       -235.712   |   140:46:25   |   275:15:17   |
270750      |       -56913.9   |       -56619.4   |        -294.44   |   140:47:56   |   275:13:38   |
270800      |         -56859   |       -56603.6   |       -255.349   |   140:49:31   |   275:12:07   |
270850      |       -56873.9   |       -56602.6   |       -271.238   |   140:51:05   |   275:10:34   |
270900      |         -56888   |       -56604.3   |       -283.717   |   140:52:40   |   275:09:03   |
270950      |       -56842.9   |       -56607.5   |        -235.39   |   140:54:18   |   275:07:38   |


Iter        |      Posterior   |     Likelihood   |          Prior   |    elapsed   |        ETA   |
----------------------------------------------------------------------------------------------------
271000      |       -56819.8   |       -56626.9   |       -192.885   |   140:55:53   |   275:06:08   |
271050      |       -56873.5   |       -56624.3   |       -249.183   |   140:57:30   |   275:04:41   |
271100      |       -56893.2   |         -56618   |       -275.214   |   140:59:05   |   275:03:10   |
271150      |       -56887.7   |       -56625.2   |       -262.468   |   141:00:40   |   275:01:39   |
271200      |       -56872.9   |       -56620.7   |       -252.197   |   141:02:20   |   275:00:18   |
271250      |       -56929.7   |       -56633.6   |       -296.168   |   141:03:55   |   274:58:47   |
271300      |       -56899.7   |       -56631.9   |       -267.758   |   141:05:25   |   274:57:06   |
271350      |       -56889.4   |       -56635.5   |       -253.875   |   141:06:59   |   274:55:33   |
271400      |       -56824.9   |       -56624.8   |       -200.092   |   141:08:32   |   274:53:58   |
271450      |       -56873.6   |       -56653.4   |       -220.143   |   141:10:12   |   274:52:37   |
271500      |       -56910.2   |       -56633.6   |       -276.622   |   141:11:47   |   274:51:06   |
271550      |       -56898.9   |       -56640.3   |       -258.649   |   141:13:29   |   274:49:49   |
271600      |       -56907.8   |       -56649.1   |       -258.695   |   141:15:08   |   274:48:26   |
271650      |       -56901.9   |       -56620.8   |        -281.14   |   141:16:46   |   274:47:01   |
271700      |       -56832.6   |       -56636.2   |       -196.394   |   141:18:22   |   274:45:32   |
271750      |       -56881.7   |       -56628.5   |       -253.244   |   141:19:58   |   274:44:03   |
271800      |       -56833.9   |       -56632.6   |        -201.26   |   141:21:35   |   274:42:36   |
271850      |       -56845.5   |       -56617.9   |       -227.603   |   141:23:08   |   274:41:01   |
271900      |       -56859.8   |       -56611.6   |       -248.188   |   141:24:42   |   274:39:28   |
271950      |       -56904.3   |       -56616.7   |       -287.596   |   141:26:15   |   274:37:53   |


Iter        |      Posterior   |     Likelihood   |          Prior   |    elapsed   |        ETA   |
----------------------------------------------------------------------------------------------------
272000      |       -56895.9   |       -56614.4   |       -281.478   |   141:27:51   |   274:36:24   |
272050      |         -56859   |       -56628.2   |       -230.766   |   141:29:29   |   274:34:59   |
272100      |       -56870.1   |         -56619   |       -251.011   |   141:31:06   |   274:33:32   |
272150      |       -56874.3   |       -56632.8   |       -241.516   |   141:32:38   |   274:31:55   |
272200      |       -56848.6   |         -56622   |       -226.624   |   141:34:14   |   274:30:26   |
272250      |       -56853.3   |       -56620.2   |       -233.093   |   141:35:53   |   274:29:03   |
272300      |       -56891.1   |       -56626.1   |       -264.973   |   141:37:33   |   274:27:42   |
272350      |       -56837.9   |       -56631.4   |       -206.566   |   141:39:14   |   274:26:23   |
272400      |       -56885.4   |       -56618.4   |       -267.048   |   141:40:53   |   274:25:00   |
272450      |         -56851   |       -56622.6   |        -228.36   |   141:42:30   |   274:23:32   |
272500      |       -56857.3   |       -56604.9   |       -252.382   |   141:44:06   |   274:22:03   |
272550      |       -56871.6   |       -56613.9   |       -257.655   |   141:45:38   |   274:20:27   |
272600      |       -56882.4   |       -56624.8   |        -257.64   |   141:47:10   |   274:18:50   |
272650      |       -56863.3   |       -56620.9   |       -242.396   |   141:48:44   |   274:17:17   |
272700      |       -56863.1   |       -56624.4   |       -238.783   |   141:50:21   |   274:15:50   |
272750      |       -56824.1   |       -56637.4   |       -186.754   |   141:51:58   |   274:14:23   |
272800      |       -56861.6   |       -56617.8   |       -243.797   |   141:53:39   |   274:13:03   |
272850      |       -56823.7   |       -56618.7   |       -205.043   |   141:55:17   |   274:11:38   |
272900      |       -56848.5   |       -56619.3   |        -229.19   |   141:56:53   |   274:10:09   |
272950      |       -56851.1   |       -56609.6   |       -241.555   |   141:58:27   |   274:08:36   |


Iter        |      Posterior   |     Likelihood   |          Prior   |    elapsed   |        ETA   |
----------------------------------------------------------------------------------------------------
273000      |       -56843.2   |         -56619   |       -224.253   |   142:00:03   |   274:07:07   |
273050      |       -56856.1   |       -56625.7   |       -230.367   |   142:01:36   |   274:05:32   |
273100      |       -56869.8   |       -56627.2   |       -242.527   |   142:03:07   |   274:03:54   |
273150      |       -56891.4   |       -56606.5   |       -284.885   |   142:04:37   |   274:02:13   |
273200      |       -56898.9   |       -56614.8   |       -284.129   |   142:06:10   |   274:00:38   |
273250      |       -56875.3   |       -56622.9   |       -252.427   |   142:07:44   |   273:59:05   |
273300      |       -56838.2   |       -56617.7   |       -220.528   |   142:09:18   |   273:57:32   |
273350      |       -56911.4   |       -56632.5   |       -278.839   |   142:10:53   |   273:56:01   |
273400      |       -56902.1   |       -56616.3   |       -285.849   |   142:12:28   |   273:54:31   |
273450      |         -56916   |       -56639.4   |       -276.608   |   142:14:01   |   273:52:56   |
273500      |       -56884.4   |       -56626.2   |       -258.182   |   142:15:34   |   273:51:21   |
273550      |       -56874.9   |       -56619.2   |       -255.761   |   142:17:10   |   273:49:52   |
273600      |       -56862.8   |       -56609.5   |       -253.341   |   142:18:43   |   273:48:17   |
273650      |         -56866   |       -56615.8   |       -250.166   |   142:20:18   |   273:46:46   |
273700      |       -56839.2   |       -56611.7   |        -227.47   |   142:21:55   |   273:45:19   |
273750      |       -56886.8   |       -56619.1   |       -267.726   |   142:23:33   |   273:43:54   |
273800      |       -56859.2   |       -56624.2   |       -234.987   |   142:25:11   |   273:42:28   |
273850      |       -56850.7   |       -56616.7   |       -233.997   |   142:26:48   |   273:41:01   |
273900      |       -56876.3   |       -56623.3   |       -252.915   |   142:28:25   |   273:39:34   |
273950      |       -56884.4   |       -56633.7   |       -250.739   |   142:30:00   |   273:38:03   |


Iter        |      Posterior   |     Likelihood   |          Prior   |    elapsed   |        ETA   |
----------------------------------------------------------------------------------------------------
274000      |       -56887.9   |       -56637.8   |       -250.027   |   142:31:43   |   273:36:47   |
274050      |       -56872.1   |       -56613.3   |       -258.842   |   142:33:23   |   273:35:26   |
274100      |       -56876.9   |       -56613.5   |       -263.326   |   142:35:00   |   273:33:59   |
274150      |       -56870.5   |       -56621.9   |       -248.611   |   142:36:33   |   273:32:24   |
274200      |       -56915.1   |       -56618.5   |       -296.555   |   142:38:06   |   273:30:49   |
274250      |       -56843.7   |         -56615   |       -228.673   |   142:39:40   |   273:29:16   |
274300      |       -56891.9   |       -56632.1   |       -259.764   |   142:41:20   |   273:27:55   |
274350      |       -56880.3   |       -56640.7   |       -239.597   |   142:42:58   |   273:26:30   |
274400      |       -56875.9   |       -56615.1   |       -260.829   |   142:44:38   |   273:25:08   |
274450      |       -56900.6   |       -56624.3   |       -276.256   |   142:46:17   |   273:23:45   |
274500      |       -56895.5   |       -56619.4   |       -276.113   |   142:47:52   |   273:22:14   |
274550      |       -56859.6   |       -56617.2   |       -242.476   |   142:49:27   |   273:20:43   |
274600      |       -56842.9   |         -56601   |       -241.858   |   142:51:05   |   273:19:17   |
274650      |       -56869.7   |       -56621.3   |       -248.404   |   142:52:38   |   273:17:43   |
274700      |       -56890.8   |       -56604.2   |       -286.639   |   142:54:12   |   273:16:10   |
274750      |       -56868.1   |       -56615.8   |       -252.341   |   142:55:44   |   273:14:33   |
274800      |       -56866.1   |       -56601.8   |       -264.314   |   142:57:17   |   273:12:58   |
274850      |       -56841.5   |       -56611.2   |       -230.339   |   142:58:51   |   273:11:25   |
274900      |       -56876.1   |         -56623   |       -253.176   |   143:00:24   |   273:09:50   |
274950      |       -56861.8   |       -56610.8   |       -251.064   |   143:01:58   |   273:08:17   |


Iter        |      Posterior   |     Likelihood   |          Prior   |    elapsed   |        ETA   |
----------------------------------------------------------------------------------------------------
275000      |       -56867.3   |       -56609.7   |        -257.55   |   143:03:40   |   273:07:00   |
275050      |       -56919.8   |         -56619   |       -300.842   |   143:05:22   |   273:05:42   |
275100      |       -56872.5   |       -56613.8   |       -258.716   |   143:07:01   |   273:04:18   |
275150      |       -56839.8   |       -56613.2   |       -226.578   |   143:08:39   |   273:02:53   |
275200      |       -56825.3   |       -56612.7   |       -212.601   |   143:10:15   |   273:01:24   |
275250      |         -56844   |       -56603.2   |       -240.842   |   143:11:50   |   272:59:53   |
275300      |       -56875.6   |       -56607.5   |        -268.09   |   143:13:27   |   272:58:26   |
275350      |       -56846.6   |         -56613   |       -233.574   |   143:15:06   |   272:57:02   |
275400      |       -56879.1   |       -56612.6   |       -266.499   |   143:16:47   |   272:55:43   |
275450      |       -56909.8   |       -56624.7   |       -285.071   |   143:18:26   |   272:54:19   |
275500      |       -56864.4   |       -56609.3   |       -255.106   |   143:20:05   |   272:52:56   |
275550      |       -56868.9   |       -56610.3   |       -258.629   |   143:21:41   |   272:51:26   |
275600      |       -56857.3   |       -56616.3   |       -240.963   |   143:23:18   |   272:49:59   |
275650      |       -56901.2   |         -56602   |       -299.166   |   143:24:51   |   272:48:24   |
275700      |       -56902.8   |       -56604.3   |       -298.473   |   143:26:21   |   272:46:44   |
275750      |       -56885.9   |       -56614.6   |       -271.386   |   143:27:54   |   272:45:09   |
275800      |       -56856.2   |       -56611.1   |       -245.145   |   143:29:29   |   272:43:38   |
275850      |       -56865.5   |       -56627.5   |       -238.019   |   143:31:01   |   272:42:01   |
275900      |       -56866.9   |       -56611.1   |        -255.83   |   143:32:35   |   272:40:28   |
275950      |       -56857.5   |       -56619.2   |       -238.277   |   143:34:15   |   272:39:06   |


Iter        |      Posterior   |     Likelihood   |          Prior   |    elapsed   |        ETA   |
----------------------------------------------------------------------------------------------------
276000      |       -56821.5   |         -56610   |       -211.521   |   143:35:57   |   272:37:49   |
276050      |       -56835.5   |       -56613.4   |       -222.089   |   143:37:38   |   272:36:29   |
276100      |       -56855.3   |       -56619.1   |        -236.16   |   143:39:16   |   272:35:03   |
276150      |       -56869.3   |       -56608.3   |        -260.94   |   143:40:53   |   272:33:36   |
276200      |       -56893.8   |       -56605.4   |        -288.36   |   143:42:31   |   272:32:11   |
276250      |       -56821.1   |       -56613.4   |       -207.697   |   143:44:06   |   272:30:40   |
276300      |       -56845.8   |       -56602.9   |       -242.912   |   143:45:44   |   272:29:14   |
276350      |       -56907.6   |       -56625.8   |       -281.774   |   143:47:17   |   272:27:39   |
276400      |       -56849.3   |       -56597.6   |       -251.655   |   143:48:50   |   272:26:04   |
276450      |       -56854.1   |       -56624.2   |        -229.95   |   143:50:26   |   272:24:35   |
276500      |       -56834.1   |       -56596.4   |       -237.665   |   143:52:01   |   272:23:04   |
276550      |       -56876.1   |       -56613.9   |       -262.278   |   143:53:34   |   272:21:29   |
276600      |       -56866.3   |       -56621.6   |         -244.7   |   143:55:02   |   272:19:45   |
276650      |       -56908.6   |       -56624.7   |       -283.902   |   143:56:31   |   272:18:02   |
276700      |       -56837.4   |       -56613.2   |       -224.179   |   143:57:57   |   272:16:14   |
276750      |       -56848.1   |       -56612.8   |        -235.31   |   143:59:28   |   272:14:36   |
276800      |       -56845.9   |       -56613.8   |       -232.075   |   144:00:58   |   272:12:55   |
276850      |       -56871.7   |         -56622   |       -249.617   |   144:02:26   |   272:11:11   |
276900      |       -56875.6   |       -56625.2   |       -250.386   |   144:03:55   |   272:09:28   |
276950      |       -56838.6   |       -56626.5   |        -212.03   |   144:05:33   |   272:08:03   |


Iter        |      Posterior   |     Likelihood   |          Prior   |    elapsed   |        ETA   |
----------------------------------------------------------------------------------------------------
277000      |       -56867.1   |       -56624.9   |       -242.264   |   144:07:03   |   272:06:22   |
277050      |       -56862.3   |         -56616   |       -246.346   |   144:08:33   |   272:04:42   |
277100      |       -56863.1   |       -56621.8   |       -241.284   |   144:10:02   |   272:02:59   |
277150      |       -56847.8   |       -56614.5   |       -233.307   |   144:11:34   |   272:01:23   |
277200      |       -56880.5   |       -56628.8   |       -251.718   |   144:13:07   |   271:59:48   |
277250      |       -56892.1   |       -56623.6   |       -268.477   |   144:14:41   |   271:58:15   |
277300      |       -56833.4   |       -56619.1   |       -214.237   |   144:16:13   |   271:56:38   |
277350      |       -56909.8   |       -56619.8   |       -289.964   |   144:17:47   |   271:55:05   |
277400      |       -56847.7   |       -56616.8   |       -230.983   |   144:19:23   |   271:53:36   |
277450      |         -56838   |       -56618.3   |       -219.695   |   144:21:00   |   271:52:08   |
277500      |       -56905.1   |       -56620.5   |       -284.544   |   144:22:35   |   271:50:37   |
277550      |       -56902.2   |         -56615   |       -287.211   |   144:24:08   |   271:49:02   |
277600      |       -56872.9   |       -56624.1   |       -248.809   |   144:25:37   |   271:47:20   |
277650      |         -56937   |       -56647.1   |       -289.873   |   144:27:10   |   271:45:45   |
277700      |         -56870   |         -56634   |       -236.001   |   144:28:44   |   271:44:12   |
277750      |       -56861.1   |       -56639.3   |       -221.728   |   144:30:17   |   271:42:37   |
277800      |       -56931.1   |       -56638.7   |        -292.36   |   144:31:51   |   271:41:04   |
277850      |       -56898.5   |       -56635.5   |        -263.03   |   144:33:24   |   271:39:29   |
277900      |       -56909.9   |       -56623.4   |       -286.528   |   144:34:57   |   271:37:55   |
277950      |       -56878.2   |       -56618.2   |       -259.925   |   144:36:36   |   271:36:31   |


Iter        |      Posterior   |     Likelihood   |          Prior   |    elapsed   |        ETA   |
----------------------------------------------------------------------------------------------------
278000      |       -56861.2   |       -56621.8   |       -239.357   |   144:38:11   |   271:35:00   |
278050      |       -56807.4   |       -56640.9   |       -166.463   |   144:39:44   |   271:33:25   |
278100      |       -56845.8   |       -56648.3   |       -197.462   |   144:41:17   |   271:31:50   |
278150      |       -56867.4   |       -56652.4   |       -215.047   |   144:42:49   |   271:30:13   |
278200      |       -56867.2   |       -56642.4   |       -224.825   |   144:44:18   |   271:28:31   |
278250      |       -56856.9   |       -56641.5   |       -215.396   |   144:45:50   |   271:26:54   |
278300      |       -56883.9   |       -56634.2   |       -249.626   |   144:47:23   |   271:25:19   |
278350      |       -56857.4   |       -56638.4   |       -219.045   |   144:48:53   |   271:23:39   |
278400      |       -56894.5   |         -56618   |       -276.495   |   144:50:18   |   271:21:49   |
278450      |       -56847.9   |       -56626.3   |         -221.6   |   144:51:53   |   271:20:18   |
278500      |       -56844.7   |       -56615.6   |       -229.143   |   144:53:32   |   271:18:54   |
278550      |       -56848.2   |       -56616.6   |       -231.633   |   144:55:02   |   271:17:14   |
278600      |       -56879.5   |       -56619.4   |       -260.155   |   144:56:35   |   271:15:39   |
278650      |       -56885.4   |       -56622.4   |       -262.999   |   144:58:09   |   271:14:06   |
278700      |       -56861.4   |       -56623.2   |       -238.147   |   144:59:42   |   271:12:31   |
278750      |       -56853.5   |       -56615.7   |       -237.739   |   145:01:16   |   271:10:58   |
278800      |         -56840   |       -56619.1   |       -220.946   |   145:02:50   |   271:09:25   |
278850      |       -56869.9   |       -56633.9   |       -236.046   |   145:04:23   |   271:07:50   |
278900      |       -56850.8   |       -56614.8   |       -236.052   |   145:05:57   |   271:06:17   |
278950      |       -56867.6   |       -56616.2   |       -251.381   |   145:07:27   |   271:04:37   |


Iter        |      Posterior   |     Likelihood   |          Prior   |    elapsed   |        ETA   |
----------------------------------------------------------------------------------------------------
279000      |       -56868.8   |       -56624.3   |       -244.571   |   145:08:57   |   271:02:56   |
279050      |       -56898.8   |       -56615.5   |       -283.346   |   145:10:29   |   271:01:20   |
279100      |       -56894.6   |       -56611.6   |       -282.971   |   145:11:59   |   270:59:39   |
279150      |       -56900.6   |       -56627.5   |         -273.1   |   145:13:33   |   270:58:06   |
279200      |       -56881.5   |       -56636.6   |       -244.987   |   145:15:03   |   270:56:26   |
279250      |       -56843.5   |       -56644.9   |        -198.55   |   145:16:35   |   270:54:49   |
279300      |       -56895.4   |       -56636.4   |       -259.037   |   145:18:04   |   270:53:07   |
279350      |       -56898.8   |       -56647.2   |       -251.659   |   145:19:33   |   270:51:25   |
279400      |         -56865   |       -56627.7   |        -237.24   |   145:21:06   |   270:49:50   |
279450      |       -56929.3   |         -56648   |       -281.285   |   145:22:41   |   270:48:19   |
279500      |       -56873.6   |       -56639.9   |       -233.672   |   145:24:14   |   270:46:44   |
279550      |       -56845.3   |       -56635.8   |       -209.478   |   145:25:47   |   270:45:09   |
279600      |       -56836.7   |       -56622.7   |       -214.019   |   145:27:19   |   270:43:32   |
279650      |       -56869.8   |       -56613.7   |       -256.028   |   145:28:50   |   270:41:54   |
279700      |       -56937.4   |       -56628.2   |       -309.202   |   145:30:22   |   270:40:17   |
279750      |         -56852   |       -56626.7   |       -225.326   |   145:31:51   |   270:38:35   |
279800      |       -56843.8   |         -56627   |       -216.753   |   145:33:22   |   270:36:56   |
279850      |       -56886.8   |       -56632.2   |       -254.672   |   145:34:51   |   270:35:14   |
279900      |         -56892   |       -56626.4   |       -265.553   |   145:36:21   |   270:33:34   |
279950      |       -56859.4   |       -56620.2   |       -239.225   |   145:37:51   |   270:31:53   |


Iter        |      Posterior   |     Likelihood   |          Prior   |    elapsed   |        ETA   |
----------------------------------------------------------------------------------------------------
280000      |       -56894.9   |       -56619.8   |       -275.109   |   145:39:21   |   270:30:13   |
280050      |         -56870   |       -56630.2   |       -239.811   |   145:40:52   |   270:28:34   |
280100      |       -56861.4   |         -56624   |       -237.453   |   145:42:33   |   270:27:14   |
280150      |       -56893.1   |         -56632   |       -261.088   |   145:44:09   |   270:25:45   |
280200      |       -56899.3   |       -56629.6   |       -269.704   |   145:45:39   |   270:24:05   |
280250      |       -56853.1   |         -56628   |       -225.157   |   145:47:12   |   270:22:30   |
280300      |       -56889.7   |       -56625.7   |       -263.959   |   145:48:47   |   270:20:59   |
280350      |       -56866.6   |       -56621.8   |        -244.78   |   145:50:28   |   270:19:39   |
280400      |       -56904.7   |       -56623.6   |       -281.107   |   145:52:00   |   270:18:02   |
280450      |       -56850.2   |         -56632   |       -218.224   |   145:53:33   |   270:16:27   |
280500      |       -56858.6   |       -56626.1   |       -232.481   |   145:55:07   |   270:14:54   |
280550      |       -56869.6   |       -56627.7   |       -241.878   |   145:56:36   |   270:13:12   |
280600      |       -56891.6   |       -56635.8   |       -255.811   |   145:58:05   |   270:11:30   |
280650      |       -56859.2   |       -56611.6   |       -247.544   |   145:59:34   |   270:09:48   |
280700      |       -56879.8   |       -56647.4   |       -232.468   |   146:01:10   |   270:08:18   |
280750      |       -56921.8   |       -56627.4   |       -294.338   |   146:02:43   |   270:06:44   |
280800      |       -56913.5   |       -56623.7   |       -289.779   |   146:04:18   |   270:05:12   |
280850      |       -56855.3   |       -56619.5   |       -235.729   |   146:05:54   |   270:03:43   |
280900      |       -56868.5   |       -56625.2   |       -243.246   |   146:07:36   |   270:02:25   |
280950      |       -56858.7   |       -56619.8   |       -238.874   |   146:09:13   |   270:00:58   |


Iter        |      Posterior   |     Likelihood   |          Prior   |    elapsed   |        ETA   |
----------------------------------------------------------------------------------------------------
281000      |         -56881   |       -56621.8   |        -259.12   |   146:10:50   |   269:59:30   |
281050      |       -56902.8   |       -56634.3   |       -268.541   |   146:12:28   |   269:58:05   |
281100      |       -56883.6   |       -56631.4   |         -252.2   |   146:14:08   |   269:56:43   |
281150      |       -56901.7   |       -56630.2   |       -271.467   |   146:15:42   |   269:55:10   |
281200      |       -56888.7   |         -56622   |       -266.738   |   146:17:18   |   269:53:40   |
281250      |       -56881.3   |       -56638.4   |       -242.893   |   146:18:56   |   269:52:15   |
281300      |       -56929.3   |       -56629.5   |       -299.728   |   146:20:35   |   269:50:51   |
281350      |       -56896.5   |       -56630.4   |       -266.083   |   146:22:14   |   269:49:27   |
281400      |       -56849.3   |       -56621.2   |       -228.101   |   146:23:54   |   269:48:05   |
281450      |       -56862.7   |       -56624.3   |       -238.341   |   146:25:29   |   269:46:34   |
281500      |       -56859.2   |       -56610.8   |       -248.398   |   146:27:05   |   269:45:05   |
281550      |       -56881.2   |         -56620   |       -261.156   |   146:28:42   |   269:43:37   |
281600      |       -56874.6   |       -56623.5   |       -251.105   |   146:30:22   |   269:42:15   |
281650      |       -56839.5   |       -56613.4   |       -226.076   |   146:31:56   |   269:40:42   |
281700      |       -56882.9   |       -56623.9   |       -259.042   |   146:33:35   |   269:39:19   |
281750      |         -56863   |       -56655.8   |       -207.243   |   146:35:18   |   269:38:02   |
281800      |       -56837.1   |       -56630.1   |       -207.048   |   146:37:00   |   269:36:44   |
281850      |       -56835.7   |       -56613.1   |       -222.578   |   146:38:40   |   269:35:22   |
281900      |       -56858.9   |       -56626.2   |       -232.676   |   146:40:18   |   269:33:56   |
281950      |       -56838.8   |       -56624.5   |       -214.299   |   146:41:53   |   269:32:25   |


Iter        |      Posterior   |     Likelihood   |          Prior   |    elapsed   |        ETA   |
----------------------------------------------------------------------------------------------------
282000      |       -56875.1   |       -56612.8   |       -262.284   |   146:43:29   |   269:30:56   |
282050      |       -56899.9   |       -56611.8   |       -288.113   |   146:45:09   |   269:29:34   |
282100      |         -56928   |       -56622.9   |       -305.119   |   146:46:50   |   269:28:14   |
282150      |       -56867.8   |       -56629.9   |       -237.939   |   146:48:32   |   269:26:55   |
282200      |       -56928.9   |       -56635.3   |       -293.569   |   146:50:12   |   269:25:33   |
282250      |       -56862.8   |       -56615.4   |       -247.407   |   146:51:50   |   269:24:08   |
282300      |       -56913.4   |       -56629.1   |       -284.304   |   146:53:28   |   269:22:42   |
282350      |         -56892   |       -56632.7   |       -259.287   |   146:55:08   |   269:21:20   |
282400      |       -56872.7   |       -56640.6   |       -232.138   |   146:56:48   |   269:19:58   |
282450      |       -56895.1   |       -56645.4   |       -249.711   |   146:58:26   |   269:18:32   |
282500      |       -56889.9   |       -56641.1   |       -248.765   |   147:00:02   |   269:17:03   |
282550      |       -56875.7   |       -56617.5   |       -258.283   |   147:01:46   |   269:15:48   |
282600      |       -56899.3   |       -56639.5   |       -259.766   |   147:03:22   |   269:14:19   |
282650      |       -56897.4   |       -56636.4   |       -260.952   |   147:05:05   |   269:13:02   |
282700      |       -56867.7   |       -56630.4   |       -237.344   |   147:06:45   |   269:11:40   |
282750      |       -56877.2   |       -56629.2   |       -248.057   |   147:08:26   |   269:10:20   |
282800      |       -56865.5   |       -56629.6   |       -235.923   |   147:10:03   |   269:08:52   |
282850      |         -56886   |       -56628.3   |       -257.739   |   147:11:37   |   269:07:19   |
282900      |       -56869.9   |       -56625.7   |       -244.194   |   147:13:14   |   269:05:51   |
282950      |       -56863.2   |       -56630.4   |       -232.748   |   147:14:56   |   269:04:33   |


Iter        |      Posterior   |     Likelihood   |          Prior   |    elapsed   |        ETA   |
----------------------------------------------------------------------------------------------------
283000      |       -56890.3   |       -56638.4   |        -251.82   |   147:16:36   |   269:03:11   |
283050      |       -56882.4   |       -56625.5   |         -256.9   |   147:18:11   |   269:01:40   |
283100      |       -56861.2   |       -56643.5   |       -217.727   |   147:19:48   |   269:00:12   |
283150      |       -56912.4   |       -56639.5   |       -272.884   |   147:21:26   |   268:58:46   |
283200      |       -56853.4   |       -56628.4   |       -225.022   |   147:23:03   |   268:57:19   |
283250      |       -56886.4   |       -56621.7   |        -264.76   |   147:24:42   |   268:55:55   |
283300      |       -56864.3   |       -56632.9   |       -231.397   |   147:26:20   |   268:54:29   |
283350      |       -56889.7   |       -56645.7   |       -244.057   |   147:27:57   |   268:53:01   |
283400      |       -56884.1   |       -56631.3   |       -252.836   |   147:29:36   |   268:51:37   |
283450      |       -56857.7   |       -56637.5   |       -220.167   |   147:31:13   |   268:50:10   |
283500      |       -56923.5   |       -56631.6   |       -291.943   |   147:32:49   |   268:48:40   |
283550      |         -56886   |       -56628.1   |       -257.818   |   147:34:26   |   268:47:12   |
283600      |       -56901.2   |         -56625   |       -276.176   |   147:36:04   |   268:45:47   |
283650      |       -56870.8   |       -56641.5   |       -229.374   |   147:37:45   |   268:44:26   |
283700      |       -56872.6   |       -56639.3   |       -233.297   |   147:39:23   |   268:43:00   |
283750      |       -56895.8   |       -56617.1   |       -278.681   |   147:40:59   |   268:41:31   |
283800      |         -56856   |       -56637.5   |       -218.543   |   147:42:38   |   268:40:07   |
283850      |       -56861.8   |       -56622.1   |       -239.745   |   147:44:19   |   268:38:47   |
283900      |       -56888.5   |         -56641   |        -247.49   |   147:46:02   |   268:37:30   |
283950      |       -56875.2   |       -56640.4   |       -234.788   |   147:47:46   |   268:36:15   |


Iter        |      Posterior   |     Likelihood   |          Prior   |    elapsed   |        ETA   |
----------------------------------------------------------------------------------------------------
284000      |         -56918   |       -56630.1   |       -287.912   |   147:49:23   |   268:34:47   |
284050      |       -56888.4   |       -56631.8   |       -256.586   |   147:51:05   |   268:33:29   |
284100      |       -56897.5   |       -56617.5   |       -280.038   |   147:52:41   |   268:31:59   |
284150      |       -56844.4   |       -56626.3   |       -218.147   |   147:54:17   |   268:30:30   |
284200      |       -56891.2   |       -56614.2   |       -277.015   |   147:55:56   |   268:29:06   |
284250      |       -56857.8   |       -56617.4   |       -240.388   |   147:57:33   |   268:27:38   |
284300      |       -56865.9   |       -56611.6   |       -254.361   |   147:59:11   |   268:26:12   |
284350      |       -56875.1   |       -56616.9   |       -258.155   |   148:00:54   |   268:24:55   |
284400      |       -56880.8   |       -56619.1   |       -261.678   |   148:02:35   |   268:23:35   |
284450      |       -56880.5   |         -56613   |       -267.491   |   148:04:16   |   268:22:14   |
284500      |       -56883.2   |       -56627.4   |       -255.802   |   148:05:56   |   268:20:52   |
284550      |       -56859.3   |       -56611.6   |       -247.702   |   148:07:36   |   268:19:30   |
284600      |       -56864.1   |       -56617.3   |       -246.753   |   148:09:09   |   268:17:55   |
284650      |       -56834.2   |         -56623   |       -211.145   |   148:10:42   |   268:16:20   |
284700      |       -56886.1   |       -56621.2   |       -264.908   |   148:12:21   |   268:14:56   |
284750      |       -56860.2   |       -56610.9   |       -249.314   |   148:13:57   |   268:13:26   |
284800      |       -56886.5   |       -56634.5   |       -252.006   |   148:15:34   |   268:11:58   |
284850      |       -56821.7   |       -56611.9   |       -209.765   |   148:17:15   |   268:10:38   |
284900      |       -56889.2   |       -56623.4   |       -265.881   |   148:18:54   |   268:09:14   |
284950      |       -56861.9   |       -56629.1   |       -232.736   |   148:20:34   |   268:07:51   |


Iter        |      Posterior   |     Likelihood   |          Prior   |    elapsed   |        ETA   |
----------------------------------------------------------------------------------------------------
285000      |       -56839.6   |       -56624.7   |       -214.954   |   148:22:16   |   268:06:33   |
285050      |       -56877.4   |       -56614.1   |       -263.281   |   148:23:51   |   268:05:01   |
285100      |       -56850.1   |       -56605.3   |       -244.772   |   148:25:26   |   268:03:30   |
285150      |         -56839   |       -56606.8   |       -232.143   |   148:26:59   |   268:01:55   |
285200      |       -56878.2   |       -56624.1   |       -254.146   |   148:28:39   |   268:00:33   |
285250      |       -56857.3   |       -56607.5   |       -249.836   |   148:30:19   |   267:59:10   |
285300      |       -56879.2   |       -56608.4   |       -270.775   |   148:31:55   |   267:57:41   |
285350      |       -56862.8   |       -56613.6   |       -249.245   |   148:33:33   |   267:56:15   |
285400      |       -56870.5   |       -56617.9   |        -252.56   |   148:35:05   |   267:54:38   |
285450      |       -56864.5   |       -56618.3   |        -246.22   |   148:36:37   |   267:53:01   |
285500      |       -56875.8   |       -56615.6   |       -260.189   |   148:38:15   |   267:51:35   |
285550      |       -56900.4   |       -56641.6   |       -258.792   |   148:39:52   |   267:50:07   |
285600      |       -56850.7   |       -56621.7   |       -228.931   |   148:41:28   |   267:48:38   |
285650      |       -56879.6   |       -56625.6   |       -253.981   |   148:43:04   |   267:47:08   |
285700      |       -56861.1   |       -56617.3   |       -243.813   |   148:44:46   |   267:45:49   |
285750      |       -56904.1   |       -56623.1   |       -280.966   |   148:46:23   |   267:44:21   |
285800      |       -56855.4   |       -56623.5   |       -231.934   |   148:48:00   |   267:42:54   |
285850      |       -56874.5   |       -56629.4   |       -245.136   |   148:49:40   |   267:41:31   |
285900      |       -56878.8   |       -56632.1   |        -246.76   |   148:51:23   |   267:40:14   |
285950      |       -56885.6   |       -56623.6   |       -261.909   |   148:53:06   |   267:38:57   |


Iter        |      Posterior   |     Likelihood   |          Prior   |    elapsed   |        ETA   |
----------------------------------------------------------------------------------------------------
286000      |       -56903.1   |       -56630.2   |       -272.907   |   148:54:47   |   267:37:37   |
286050      |       -56839.2   |       -56623.3   |       -215.808   |   148:56:30   |   267:36:20   |
286100      |       -56898.5   |       -56618.9   |       -279.603   |   148:58:10   |   267:34:57   |
286150      |       -56873.8   |       -56625.7   |       -248.074   |   148:59:54   |   267:33:42   |
286200      |       -56927.5   |       -56633.6   |       -293.916   |   149:01:33   |   267:32:18   |
286250      |       -56915.3   |       -56632.5   |       -282.862   |   149:03:10   |   267:30:50   |
286300      |       -56893.9   |       -56636.9   |       -256.916   |   149:04:48   |   267:29:24   |
286350      |       -56877.6   |       -56624.1   |       -253.581   |   149:06:23   |   267:27:52   |
286400      |       -56799.9   |       -56607.9   |       -192.056   |   149:08:02   |   267:26:28   |
286450      |       -56845.6   |       -56620.5   |        -225.08   |   149:09:39   |   267:25:00   |
286500      |       -56840.2   |       -56627.8   |       -212.354   |   149:11:18   |   267:23:36   |
286550      |       -56853.4   |       -56624.9   |       -228.468   |   149:12:56   |   267:22:10   |
286600      |       -56840.2   |         -56621   |       -219.139   |   149:14:37   |   267:20:49   |
286650      |       -56851.3   |         -56622   |       -229.325   |   149:16:19   |   267:19:30   |
286700      |       -56884.2   |       -56636.5   |       -247.721   |   149:17:56   |   267:18:02   |
286750      |       -56880.9   |       -56625.7   |       -255.198   |   149:19:36   |   267:16:40   |
286800      |       -56874.1   |       -56626.7   |       -247.345   |   149:21:12   |   267:15:10   |
286850      |       -56919.1   |       -56618.1   |       -300.992   |   149:22:51   |   267:13:46   |
286900      |       -56894.9   |       -56618.5   |       -276.328   |   149:24:26   |   267:12:14   |
286950      |       -56870.8   |       -56606.4   |       -264.424   |   149:26:01   |   267:10:43   |


Iter        |      Posterior   |     Likelihood   |          Prior   |    elapsed   |        ETA   |
----------------------------------------------------------------------------------------------------
287000      |       -56860.2   |       -56628.1   |       -232.046   |   149:27:38   |   267:09:15   |
287050      |       -56860.5   |       -56612.7   |       -247.805   |   149:29:18   |   267:07:52   |
287100      |       -56862.9   |       -56618.1   |       -244.822   |   149:30:57   |   267:06:28   |
287150      |       -56869.9   |       -56629.2   |       -240.721   |   149:32:38   |   267:05:07   |
287200      |       -56861.3   |       -56619.7   |       -241.615   |   149:34:16   |   267:03:41   |
287250      |       -56860.9   |       -56633.2   |       -227.656   |   149:35:55   |   267:02:17   |
287300      |         -56841   |       -56622.4   |       -218.603   |   149:37:39   |   267:01:01   |
287350      |         -56900   |         -56631   |       -268.988   |   149:39:24   |   266:59:47   |
287400      |       -56893.3   |       -56615.4   |        -277.87   |   149:41:06   |   266:58:28   |
287450      |       -56868.8   |       -56611.2   |       -257.614   |   149:42:48   |   266:57:09   |
287500      |       -56829.8   |       -56616.6   |       -213.179   |   149:44:29   |   266:55:49   |
287550      |       -56855.9   |       -56627.1   |       -228.765   |   149:46:05   |   266:54:19   |
287600      |       -56875.6   |         -56633   |       -242.621   |   149:47:45   |   266:52:56   |
287650      |       -56900.9   |       -56632.8   |       -268.099   |   149:49:28   |   266:51:39   |
287700      |       -56874.4   |       -56618.7   |       -255.732   |   149:51:08   |   266:50:16   |
287750      |       -56841.2   |       -56623.5   |       -217.709   |   149:52:46   |   266:48:50   |
287800      |         -56849   |       -56611.7   |       -237.287   |   149:54:25   |   266:47:26   |
287850      |       -56876.4   |       -56628.6   |       -247.805   |   149:56:05   |   266:46:03   |
287900      |       -56863.7   |       -56624.9   |       -238.793   |   149:57:47   |   266:44:44   |
287950      |       -56902.2   |       -56619.2   |       -282.949   |   149:59:27   |   266:43:21   |


Iter        |      Posterior   |     Likelihood   |          Prior   |    elapsed   |        ETA   |
----------------------------------------------------------------------------------------------------
288000      |         -56862   |       -56613.1   |       -248.871   |   150:01:07   |   266:41:59   |
288050      |       -56865.1   |       -56618.8   |       -246.336   |   150:02:45   |   266:40:32   |
288100      |       -56856.5   |       -56619.3   |       -237.241   |   150:04:22   |   266:39:04   |
288150      |       -56865.9   |       -56627.1   |       -238.794   |   150:06:01   |   266:37:40   |
288200      |       -56871.1   |       -56635.2   |       -235.921   |   150:07:36   |   266:36:08   |
288250      |       -56885.7   |       -56623.3   |       -262.374   |   150:09:15   |   266:34:44   |
288300      |       -56860.2   |       -56624.7   |       -235.538   |   150:10:53   |   266:33:18   |
288350      |       -56886.2   |       -56615.5   |       -270.714   |   150:12:33   |   266:31:55   |
288400      |       -56877.5   |       -56619.8   |        -257.68   |   150:14:15   |   266:30:36   |
288450      |       -56861.9   |         -56615   |       -246.912   |   150:15:53   |   266:29:09   |
288500      |       -56854.8   |       -56630.1   |       -224.667   |   150:17:33   |   266:27:47   |
288550      |         -56852   |       -56617.4   |       -234.547   |   150:19:14   |   266:26:26   |
288600      |       -56863.8   |       -56620.7   |       -243.191   |   150:20:57   |   266:25:08   |
288650      |       -56849.7   |       -56617.1   |       -232.602   |   150:22:41   |   266:23:53   |
288700      |       -56841.9   |       -56613.6   |       -228.299   |   150:24:23   |   266:22:34   |
288750      |       -56848.2   |       -56631.5   |       -216.701   |   150:26:02   |   266:21:09   |
288800      |       -56807.6   |       -56614.1   |       -193.414   |   150:27:40   |   266:19:43   |
288850      |       -56863.5   |       -56615.9   |       -247.645   |   150:29:21   |   266:18:22   |
288900      |       -56893.1   |       -56612.4   |       -280.777   |   150:31:00   |   266:16:57   |
288950      |       -56887.6   |         -56624   |       -263.615   |   150:32:41   |   266:15:36   |


Iter        |      Posterior   |     Likelihood   |          Prior   |    elapsed   |        ETA   |
----------------------------------------------------------------------------------------------------
289000      |       -56882.7   |       -56625.9   |       -256.757   |   150:34:19   |   266:14:10   |
289050      |       -56874.4   |       -56610.1   |       -264.345   |   150:35:56   |   266:12:42   |
289100      |       -56834.5   |         -56621   |       -213.454   |   150:37:36   |   266:11:19   |
289150      |       -56866.9   |       -56600.5   |       -266.408   |   150:39:15   |   266:09:54   |
289200      |       -56840.4   |       -56615.1   |        -225.21   |   150:40:52   |   266:08:26   |
289250      |       -56879.6   |       -56617.8   |       -261.817   |   150:42:32   |   266:07:03   |
289300      |       -56879.1   |       -56624.4   |       -254.774   |   150:44:10   |   266:05:37   |
289350      |         -56879   |       -56632.6   |       -246.423   |   150:45:49   |   266:04:13   |
289400      |       -56881.3   |       -56636.4   |       -244.802   |   150:47:25   |   266:02:43   |
289450      |       -56832.9   |       -56618.4   |        -214.56   |   150:49:05   |   266:01:20   |
289500      |       -56869.2   |       -56628.2   |       -241.056   |   150:50:41   |   265:59:50   |
289550      |       -56878.9   |       -56625.6   |       -253.285   |   150:52:25   |   265:58:34   |
289600      |       -56938.1   |       -56629.1   |       -308.907   |   150:54:09   |   265:57:18   |
289650      |       -56846.2   |       -56622.1   |       -224.126   |   150:55:54   |   265:56:04   |
289700      |       -56848.4   |       -56623.1   |       -225.291   |   150:57:36   |   265:54:45   |
289750      |       -56845.2   |       -56616.1   |       -229.128   |   150:59:13   |   265:53:17   |
289800      |       -56862.3   |       -56617.8   |       -244.477   |   151:00:49   |   265:51:47   |
289850      |         -56842   |       -56601.3   |       -240.717   |   151:02:28   |   265:50:22   |
289900      |       -56859.7   |       -56605.2   |       -254.478   |   151:04:09   |   265:49:01   |
289950      |       -56870.3   |       -56606.8   |       -263.483   |   151:05:47   |   265:47:35   |


Iter        |      Posterior   |     Likelihood   |          Prior   |    elapsed   |        ETA   |
----------------------------------------------------------------------------------------------------
290000      |       -56846.9   |       -56612.8   |       -234.141   |   151:07:23   |   265:46:05   |
290050      |       -56848.7   |       -56602.9   |       -245.866   |   151:09:02   |   265:44:40   |
290100      |       -56903.7   |       -56640.6   |       -263.119   |   151:10:39   |   265:43:12   |
290150      |       -56810.6   |       -56595.1   |       -215.507   |   151:12:12   |   265:41:37   |
290200      |       -56865.6   |       -56603.3   |       -262.303   |   151:13:44   |   265:40:00   |
290250      |       -56853.7   |       -56611.6   |       -242.102   |   151:15:20   |   265:38:30   |
290300      |       -56856.8   |       -56617.6   |       -239.235   |   151:16:57   |   265:37:02   |
290350      |       -56840.4   |       -56622.2   |        -218.11   |   151:18:38   |   265:35:40   |
290400      |       -56865.1   |       -56606.3   |       -258.851   |   151:20:16   |   265:34:14   |
290450      |       -56883.5   |       -56611.9   |       -271.614   |   151:21:55   |   265:32:49   |
290500      |       -56818.9   |       -56600.7   |       -218.206   |   151:23:34   |   265:31:25   |
290550      |       -56802.8   |       -56600.1   |       -202.729   |   151:25:16   |   265:30:05   |
290600      |       -56850.3   |       -56615.4   |       -234.877   |   151:26:55   |   265:28:40   |
290650      |       -56884.9   |       -56601.2   |        -283.68   |   151:28:30   |   265:27:09   |
290700      |       -56873.5   |       -56610.6   |       -262.875   |   151:30:06   |   265:25:39   |
290750      |       -56880.3   |       -56614.9   |         -265.4   |   151:31:42   |   265:24:09   |
290800      |       -56876.6   |       -56607.5   |       -269.047   |   151:33:18   |   265:22:39   |
290850      |         -56846   |       -56599.6   |        -246.42   |   151:34:57   |   265:21:14   |
290900      |         -56864   |       -56600.6   |       -263.421   |   151:36:39   |   265:19:55   |
290950      |       -56907.6   |         -56613   |       -294.619   |   151:38:19   |   265:18:32   |


Iter        |      Posterior   |     Likelihood   |          Prior   |    elapsed   |        ETA   |
----------------------------------------------------------------------------------------------------
291000      |       -56842.8   |       -56604.5   |       -238.358   |   151:39:56   |   265:17:03   |
291050      |       -56832.7   |       -56612.2   |       -220.483   |   151:41:35   |   265:15:39   |
291100      |       -56826.2   |       -56606.4   |       -219.819   |   151:43:12   |   265:14:10   |
291150      |       -56842.7   |       -56625.1   |       -217.584   |   151:44:51   |   265:12:46   |
291200      |       -56881.8   |       -56616.3   |       -265.521   |   151:46:26   |   265:11:14   |
291250      |       -56831.8   |       -56610.1   |       -221.729   |   151:48:04   |   265:09:47   |
291300      |       -56861.2   |       -56611.6   |       -249.603   |   151:49:40   |   265:08:17   |
291350      |       -56869.7   |       -56595.5   |       -274.247   |   151:51:16   |   265:06:47   |
291400      |       -56868.8   |       -56610.5   |       -258.351   |   151:52:55   |   265:05:23   |
291450      |       -56863.5   |       -56610.8   |       -252.688   |   151:54:36   |   265:04:01   |
291500      |         -56874   |       -56610.3   |        -263.69   |   151:56:19   |   265:02:44   |
291550      |       -56827.1   |       -56612.9   |       -214.211   |   151:58:00   |   265:01:22   |
291600      |       -56873.2   |       -56616.8   |         -256.4   |   151:59:47   |   265:00:11   |
291650      |       -56885.2   |         -56607   |       -278.164   |   152:01:31   |   264:58:55   |
291700      |       -56896.2   |       -56611.8   |       -284.437   |   152:03:09   |   264:57:29   |
291750      |         -56852   |       -56619.3   |       -232.638   |   152:04:52   |   264:56:11   |
291800      |       -56849.8   |         -56612   |       -237.848   |   152:06:35   |   264:54:53   |
291850      |       -56882.2   |       -56619.3   |       -262.944   |   152:08:15   |   264:53:30   |
291900      |       -56863.1   |       -56628.6   |       -234.506   |   152:09:53   |   264:52:03   |
291950      |       -56863.7   |       -56616.4   |       -247.274   |   152:11:31   |   264:50:37   |


Iter        |      Posterior   |     Likelihood   |          Prior   |    elapsed   |        ETA   |
----------------------------------------------------------------------------------------------------
292000      |       -56872.9   |       -56619.2   |       -253.614   |   152:13:12   |   264:49:15   |
292050      |       -56909.7   |         -56631   |       -278.618   |   152:14:52   |   264:47:52   |
292100      |       -56882.2   |       -56631.9   |       -250.223   |   152:16:35   |   264:46:34   |
292150      |       -56835.2   |       -56615.9   |       -219.355   |   152:18:16   |   264:45:13   |
292200      |       -56856.3   |       -56614.8   |       -241.466   |   152:19:55   |   264:43:48   |
292250      |       -56890.4   |       -56629.6   |       -260.839   |   152:21:36   |   264:42:27   |
292300      |       -56868.3   |       -56620.6   |       -247.699   |   152:23:15   |   264:41:02   |
292350      |       -56847.5   |       -56606.7   |       -240.773   |   152:24:53   |   264:39:35   |
292400      |       -56853.1   |       -56633.7   |       -219.418   |   152:26:30   |   264:38:07   |
292450      |         -56845   |       -56609.1   |       -235.963   |   152:28:04   |   264:36:33   |
292500      |       -56860.2   |       -56610.4   |       -249.833   |   152:29:38   |   264:35:00   |
292550      |       -56873.8   |       -56621.1   |       -252.686   |   152:31:21   |   264:33:42   |
292600      |         -56873   |       -56622.8   |       -250.189   |   152:33:04   |   264:32:24   |
292650      |       -56852.3   |       -56632.3   |       -220.029   |   152:34:44   |   264:31:01   |
292700      |       -56870.3   |       -56649.4   |       -220.866   |   152:36:23   |   264:29:36   |
292750      |       -56858.4   |       -56619.9   |       -238.545   |   152:38:06   |   264:28:18   |
292800      |       -56834.9   |       -56634.6   |       -200.286   |   152:39:52   |   264:27:05   |
292850      |       -56873.8   |       -56639.3   |       -234.552   |   152:41:36   |   264:25:49   |
292900      |       -56850.8   |       -56632.4   |       -218.413   |   152:43:19   |   264:24:31   |
292950      |       -56887.3   |       -56628.2   |       -259.147   |   152:45:03   |   264:23:14   |


Iter        |      Posterior   |     Likelihood   |          Prior   |    elapsed   |        ETA   |
----------------------------------------------------------------------------------------------------
293000      |       -56874.2   |       -56639.1   |       -235.131   |   152:46:47   |   264:21:58   |
293050      |       -56873.2   |       -56650.9   |       -222.269   |   152:48:26   |   264:20:33   |
293100      |       -56823.1   |       -56622.1   |       -201.004   |   152:50:04   |   264:19:06   |
293150      |       -56857.6   |       -56626.3   |        -231.37   |   152:51:40   |   264:17:36   |
293200      |       -56879.4   |         -56631   |       -248.385   |   152:53:17   |   264:16:08   |
293250      |       -56868.6   |       -56628.4   |       -240.238   |   152:54:55   |   264:14:41   |
293300      |       -56855.6   |         -56634   |       -221.609   |   152:56:36   |   264:13:20   |
293350      |       -56858.1   |       -56631.3   |       -226.788   |   152:58:17   |   264:11:58   |
293400      |       -56881.7   |         -56634   |       -247.686   |   153:00:04   |   264:10:47   |
293450      |       -56831.3   |       -56626.8   |       -204.485   |   153:01:47   |   264:09:29   |
293500      |       -56830.9   |       -56619.9   |       -210.977   |   153:03:25   |   264:08:02   |
293550      |       -56869.4   |       -56624.9   |       -244.507   |   153:05:02   |   264:06:34   |
293600      |       -56898.1   |         -56642   |       -256.169   |   153:06:42   |   264:05:10   |
293650      |       -56858.6   |       -56633.1   |       -225.539   |   153:08:18   |   264:03:40   |
293700      |       -56865.6   |       -56629.9   |       -235.708   |   153:09:55   |   264:02:12   |
293750      |       -56864.2   |       -56610.8   |       -253.388   |   153:11:30   |   264:00:40   |
293800      |       -56873.5   |       -56621.4   |       -252.152   |   153:13:07   |   263:59:11   |
293850      |       -56816.6   |       -56616.2   |       -200.355   |   153:14:47   |   263:57:48   |
293900      |       -56844.8   |       -56614.6   |       -230.201   |   153:16:25   |   263:56:21   |
293950      |       -56898.5   |       -56644.5   |           -254   |   153:18:04   |   263:54:56   |


Iter        |      Posterior   |     Likelihood   |          Prior   |    elapsed   |        ETA   |
----------------------------------------------------------------------------------------------------
294000      |       -56880.1   |       -56625.8   |       -254.253   |   153:19:40   |   263:53:26   |
294050      |       -56858.4   |       -56621.6   |       -236.823   |   153:21:20   |   263:52:03   |
294100      |       -56848.1   |       -56621.4   |        -226.75   |   153:22:53   |   263:50:27   |
294150      |         -56849   |       -56635.3   |       -213.709   |   153:24:30   |   263:48:59   |
294200      |       -56899.9   |       -56644.6   |       -255.263   |   153:26:10   |   263:47:35   |
294250      |       -56864.1   |       -56614.2   |       -249.866   |   153:27:52   |   263:46:15   |
294300      |       -56870.1   |       -56637.3   |       -232.857   |   153:29:30   |   263:44:49   |
294350      |       -56845.6   |       -56633.3   |       -212.303   |   153:31:10   |   263:43:25   |
294400      |       -56845.6   |       -56635.9   |       -209.739   |   153:32:51   |   263:42:04   |
294450      |       -56850.5   |       -56627.7   |       -222.821   |   153:34:32   |   263:40:42   |
294500      |       -56892.5   |       -56635.9   |       -256.549   |   153:36:09   |   263:39:13   |
294550      |       -56863.6   |       -56634.8   |       -228.844   |   153:37:44   |   263:37:41   |
294600      |       -56850.7   |       -56622.6   |        -228.11   |   153:39:23   |   263:36:16   |
294650      |       -56883.1   |         -56642   |       -241.075   |   153:41:01   |   263:34:50   |
294700      |       -56898.6   |       -56640.8   |       -257.763   |   153:42:39   |   263:33:23   |
294750      |       -56842.7   |       -56627.4   |       -215.326   |   153:44:15   |   263:31:52   |
294800      |       -56898.3   |       -56628.2   |       -270.165   |   153:45:53   |   263:30:26   |
294850      |       -56860.4   |       -56624.2   |       -236.241   |   153:47:35   |   263:29:06   |
294900      |       -56914.6   |       -56627.1   |       -287.486   |   153:49:13   |   263:27:39   |
294950      |       -56898.8   |       -56625.3   |       -273.494   |   153:50:50   |   263:26:10   |


Iter        |      Posterior   |     Likelihood   |          Prior   |    elapsed   |        ETA   |
----------------------------------------------------------------------------------------------------
295000      |       -56895.2   |       -56624.6   |       -270.566   |   153:52:29   |   263:24:45   |
295050      |       -56889.3   |       -56635.7   |       -253.568   |   153:54:09   |   263:23:22   |
295100      |       -56909.9   |       -56629.8   |       -280.125   |   153:55:50   |   263:22:00   |
295150      |       -56877.5   |         -56611   |       -266.463   |   153:57:22   |   263:20:23   |
295200      |       -56926.7   |       -56630.9   |       -295.732   |   153:58:57   |   263:18:51   |
295250      |       -56865.8   |       -56633.3   |       -232.531   |   154:00:35   |   263:17:24   |
295300      |       -56872.9   |       -56626.5   |        -246.47   |   154:02:16   |   263:16:02   |
295350      |       -56873.4   |       -56622.3   |       -251.094   |   154:03:55   |   263:14:37   |
295400      |       -56850.5   |         -56612   |       -238.573   |   154:05:32   |   263:13:08   |
295450      |       -56850.6   |       -56626.2   |       -224.382   |   154:07:10   |   263:11:42   |
295500      |       -56900.3   |       -56634.6   |       -265.775   |   154:08:46   |   263:10:11   |
295550      |       -56858.8   |       -56615.3   |       -243.453   |   154:10:24   |   263:08:44   |
295600      |       -56860.8   |       -56609.1   |       -251.732   |   154:12:03   |   263:07:19   |
